sample_id,model,question,technique,generated_answer,latency_sec,tokens,ground_truth,quality_score
0,llama-3.1-8b-instant,"Sir, Bharat ke panchayati raj vyavastha ka uddeshya kya hai?",zero_shot,"Bhai, Bharat ke panchayati raj vyavastha ka uddeshya ye hai ki gram sabha, panchayat samiti aur janpad panchayat ki sahayata se gram kshetra ke vikas aur samasyaon ka hal ho sake. Ye vyavastha gram ki swashaktata aur sashaktikaran ko badhane ki koshish karti hai.",0.576,163,"Bharat ke panchayati raj vyavastha ka uddeshya gram sarkar ko majboot banana aur gaon ke vikas ke liye jimmedari dena hai, jisse gram vikas aur swaraj ka sapna poora ho sake.",8.5
0,llama-3.1-8b-instant,"Sir, Bharat ke panchayati raj vyavastha ka uddeshya kya hai?",few_shot,"Bhaiya, Bharat ke panchayati raj vyavastha ka uddeshya hai ki gram sabha, gram panchayat, zila parishad aadi ke madhyam se praja ki aawaaz suni ja sake aur unki samasyaon ka hal kiya ja sake. Ismein logon ko apne gaon ki nigrani mein saksham banaya jaata hai, aur unhein apne samasyaon ka samadhan karne ke liye paryaapt shakti di jaati hai.",0.414,219,"Bharat ke panchayati raj vyavastha ka uddeshya gram sarkar ko majboot banana aur gaon ke vikas ke liye jimmedari dena hai, jisse gram vikas aur swaraj ka sapna poora ho sake.",8.5
0,llama-3.1-8b-instant,"Sir, Bharat ke panchayati raj vyavastha ka uddeshya kya hai?",chain_of_thought,"Arre bhai, Bharat ke panchayati raj vyavastha ka uddeshya samajhne ke liye humein kuch chhote chhote steps mein vichar karna hoga.

Step 1: Pehle, humein panchayati raj vyavastha ki visheshtaon ko samajhna hoga. Panchayati raj vyavastha ek loktantrik vyavastha hai jismein gram sabha, panchayat samiti, aur zila parishad jaise vyaktiyo ki bhoomika hoti hai.

Step 2: Ab, humein is vyavastha ki uddeshyon ko samajhna hoga. Panchayati raj vyavastha ka mukhya uddeshya gram sabha ke madhyam se nijiyeen ",3.146,604,"Bharat ke panchayati raj vyavastha ka uddeshya gram sarkar ko majboot banana aur gaon ke vikas ke liye jimmedari dena hai, jisse gram vikas aur swaraj ka sapna poora ho sake.",8.5
0,llama-3.1-8b-instant,"Sir, Bharat ke panchayati raj vyavastha ka uddeshya kya hai?",structured_context,"{""answer"": ""Bharat ke panchayati raj vyavastha ka uddeshya gram sabhaon ko shaktishali banane aur gram vikas ke liye panchayaton ko samriddh karna hai."", ""explanation"": ""Yeh vyavastha panchayaton ko gram ki sarkar ke roop mein dhang se kaam karne ki shakti pradan karti hai. Panchayati raj vyavastha ke maamle mein gram sabhaon ko shamil kiya jaata hai, jo niji panchayaton ke roop mein kaam karte hain. Isse gram ki sarkar aur logon ke beech mein sampark badhta hai aur gram ki sarkar ko apne logon ",5.736,279,"Bharat ke panchayati raj vyavastha ka uddeshya gram sarkar ko majboot banana aur gaon ke vikas ke liye jimmedari dena hai, jisse gram vikas aur swaraj ka sapna poora ho sake.",8.5
0,llama-3.1-8b-instant,"Sir, Bharat ke panchayati raj vyavastha ka uddeshya kya hai?",hierarchical_context,"Bhai, panchayati raj vyavastha Bharat ke desh me ek bahut hi mahatvapurna vyavastha hai. Iski paheli Bharat ke rashtrapita Mahatma Gandhi ne kee thee, aur 1959 mein Rajiv Gandhi ke netritva me isey aayojit kiya gaya tha.

Panchayati raj ka uddeshya hai ki gram sabha, jis me sabhi naagrik shaamil hote hain, desh ke vikas aur vikas ki yojana banayein. Ye gram sabha panchayat ke roop me kaam karti hai, jismein gram pradhaan, up-pradhaan, aur anya memba hote hain.

Panchayati raj vyavastha ke tathya",1.025,510,"Bharat ke panchayati raj vyavastha ka uddeshya gram sarkar ko majboot banana aur gaon ke vikas ke liye jimmedari dena hai, jisse gram vikas aur swaraj ka sapna poora ho sake.",8.5
0,llama-3.1-8b-instant,"Sir, Bharat ke panchayati raj vyavastha ka uddeshya kya hai?",rag_style,"Sir, Bharat ke panchayati raj vyavastha ka uddeshya yeh hai ki graam sabhyata ko sudharne aur graameen sansadhanon ko swatantra roop se prapt karne ke liye. Iske madhyam se, gram sabhaon ko sashan aur vikas ke karyon mein hissa lene ki anumati di jaati hai.",6.452,181,"Bharat ke panchayati raj vyavastha ka uddeshya gram sarkar ko majboot banana aur gaon ke vikas ke liye jimmedari dena hai, jisse gram vikas aur swaraj ka sapna poora ho sake.",8.5
0,llama-3.1-8b-instant,"Sir, Bharat ke panchayati raj vyavastha ka uddeshya kya hai?",tree_of_thought,"Ek vichar hai: 
Panchayati raj vyavastha ka uddeshya hai Bharat mein gram-swaraj aur gram-samasyaon ka samadhan karna. Yeh vyavastha gram panchayaton ko sashakt banana aur unhein niji swaraj aur swatantrata dilana hai.

Dusra vichar hai: 
Panchayati raj vyavastha ka uddeshya hai paryaapt shiksha, swasthya, aur aarthik vikas pradaan karna. Yeh vyavastha gram panchayaton ko shiksha, swasthya, aur aarthik vikas ke kshetron mein karya karna hai.

Tisra vichar hai: 
Panchayati raj vyavastha ka uddesh",2.763,397,"Bharat ke panchayati raj vyavastha ka uddeshya gram sarkar ko majboot banana aur gaon ke vikas ke liye jimmedari dena hai, jisse gram vikas aur swaraj ka sapna poora ho sake.",8.5
0,llama-3.1-8b-instant,"Sir, Bharat ke panchayati raj vyavastha ka uddeshya kya hai?",agentic_context,"Arre, sabse pehle samajh lete hain. Question kah rha hai Bharat ke panchayati raj vyavastha ka uddeshya kya hai. Toh ab soch lete hain...

Panchayati raj vyavastha Bharat mein gram panchayat, jila parishad aur vidhan sabha ki vyavastha hai. Yeh vyavastha logon ke beech shakti ke vitaran aur unki bhagidari ko badhawa dene ke liye hai. 

Ab, is uddeshya ko yeh khatra hai:

- Gram panchayat ke dwara gram samasyaon ka hal
- Panchayat ki shakti aur aadhikar badhawa
- Loktantra aur shasan ki sakriya b",3.788,389,"Bharat ke panchayati raj vyavastha ka uddeshya gram sarkar ko majboot banana aur gaon ke vikas ke liye jimmedari dena hai, jisse gram vikas aur swaraj ka sapna poora ho sake.",8.5
1,llama-3.1-8b-instant,"Pehli baar insaani itihaas mein kaun si 'transcending concern' saamne aayi hai? Jab pehli baar hum insaani itihaas mein dekhte hain ki ek aisi chintaa saamne aayi hai jo ki sirf logon ki nahin, balki poore grah ki suraksha ki baat kar rahi hai. Humne apni maujoodgi ke buniyadi pehluon par ek holistic nazarandaaz shuru kiya hai. Environmental samasya humari mrityu ka sanket nahin hai, yeh humari bhavishya ki passport hai. Naye duniya drishtikon ka uday hua hai",zero_shot,"Arre, yeh kya hai! Pehli baar insaani itihaas mein humne ""Climate Change"" naam ki ek badi-badi chintaa saamne aayi hai. Yeh kuch bhi nahin hai, balki poore grah ki suraksha ke liye ek bahut badi chunauti hai. Pehle hum sirf apni maujoodgi ke liye chintate the, lekin ab humne apni maujoodgi ke buniyadi pehluon par ek holistic nazarandaaz shuru kiya hai.

Ab hum jaante hain ki humari maujoodgi sirf humari hawa, paani, aur mitti par nahin, balki poore grah ke liye bhi mahatvapoorn hai. Yeh ek bahut",4.025,673,"Pehli baar insaani itihaas mein saamne aayi 'transcending concern' sirf insaan ki nahin, balki poore grah ki suraksha ki baat kar rahi hai. Yeh ek holistic nazarandaaz ki or badhne ka sanket hai, jismein environmental samasya ko humari mrityu ka sanket nahin, balki bhavishya ki passport maana ja rah",8.5
1,llama-3.1-8b-instant,"Pehli baar insaani itihaas mein kaun si 'transcending concern' saamne aayi hai? Jab pehli baar hum insaani itihaas mein dekhte hain ki ek aisi chintaa saamne aayi hai jo ki sirf logon ki nahin, balki poore grah ki suraksha ki baat kar rahi hai. Humne apni maujoodgi ke buniyadi pehluon par ek holistic nazarandaaz shuru kiya hai. Environmental samasya humari mrityu ka sanket nahin hai, yeh humari bhavishya ki passport hai. Naye duniya drishtikon ka uday hua hai",few_shot,"Bhaiya, yeh ek bahut hi nai chunauti hai. Yeh kaha jata hai ki pahli baar hum insaani itihaas mein ek aisi chintaa saamne aayi hai jo ki poore grah ki suraksha ki baat kar rahi hai. Ye ek transcendental chintaa hai, jo ki sirf humari nahin, balki sabhi jivon ki aur sambhavnaon ki baat kar rahi hai. Humne apni maujoodgi ke alag-alag pehluon par nazar daali hai aur dekha hai ki humari environmental samasyaon se nipatne ke liye sabhi ko mil kar kaam karna hoga. Yeh ek naya drishtikon hai, jismein h",6.692,444,"Pehli baar insaani itihaas mein saamne aayi 'transcending concern' sirf insaan ki nahin, balki poore grah ki suraksha ki baat kar rahi hai. Yeh ek holistic nazarandaaz ki or badhne ka sanket hai, jismein environmental samasya ko humari mrityu ka sanket nahin, balki bhavishya ki passport maana ja rah",5.0
1,llama-3.1-8b-instant,"Pehli baar insaani itihaas mein kaun si 'transcending concern' saamne aayi hai? Jab pehli baar hum insaani itihaas mein dekhte hain ki ek aisi chintaa saamne aayi hai jo ki sirf logon ki nahin, balki poore grah ki suraksha ki baat kar rahi hai. Humne apni maujoodgi ke buniyadi pehluon par ek holistic nazarandaaz shuru kiya hai. Environmental samasya humari mrityu ka sanket nahin hai, yeh humari bhavishya ki passport hai. Naye duniya drishtikon ka uday hua hai",chain_of_thought,"Mujhe lagta hai ki is sawaal ka jawab pata karna hoga. Mujhe samajh aaya ki hum insaani itihaas mein ek nayi aur adhik vyaapak chintaa ka saamna kar rahe hain.

1. Sabse pehle, humein sochne ka prayaas karna hoga ki kya aisi chintaa jo sirf logon ki nahin balki poore grah ki suraksha ki baat kar rahi hai, insaani itihaas mein pehle baar aayi hai. Ismein humein grah ki suraksha aur humari maujoodgi ka sambandh sochna hoga.

2. Is baat ko dhyan mein rakhte hue, humein yeh sochna hoga ki kya aisi c",4.922,672,"Pehli baar insaani itihaas mein saamne aayi 'transcending concern' sirf insaan ki nahin, balki poore grah ki suraksha ki baat kar rahi hai. Yeh ek holistic nazarandaaz ki or badhne ka sanket hai, jismein environmental samasya ko humari mrityu ka sanket nahin, balki bhavishya ki passport maana ja rah",8.5
1,llama-3.1-8b-instant,"Pehli baar insaani itihaas mein kaun si 'transcending concern' saamne aayi hai? Jab pehli baar hum insaani itihaas mein dekhte hain ki ek aisi chintaa saamne aayi hai jo ki sirf logon ki nahin, balki poore grah ki suraksha ki baat kar rahi hai. Humne apni maujoodgi ke buniyadi pehluon par ek holistic nazarandaaz shuru kiya hai. Environmental samasya humari mrityu ka sanket nahin hai, yeh humari bhavishya ki passport hai. Naye duniya drishtikon ka uday hua hai",structured_context,"{""answer"": ""Insani itihaas mein pehli baar climate change (uttararth pradushan) ki samasya saamne aayi hai"", ""explanation"": ""Yeh samasya sirf hum insaano ki nahin, balki poore grah ki suraksha ke liye ek bada uddghatan hai. Humne apni maujoodgi ke buniyadi pehluon par ek holistic nazarandaaz shuru kiya hai, jisme humne apni garmi se pradoot ki ghatai, jalvayu parivartan, aur anya parivartan ke prabhaav kee visheshtagta se baat kahi hai. Yeh samasya humari mrityu ka sanket nahin hai, balki humari",5.795,495,"Pehli baar insaani itihaas mein saamne aayi 'transcending concern' sirf insaan ki nahin, balki poore grah ki suraksha ki baat kar rahi hai. Yeh ek holistic nazarandaaz ki or badhne ka sanket hai, jismein environmental samasya ko humari mrityu ka sanket nahin, balki bhavishya ki passport maana ja rah",8.5
1,llama-3.1-8b-instant,"Pehli baar insaani itihaas mein kaun si 'transcending concern' saamne aayi hai? Jab pehli baar hum insaani itihaas mein dekhte hain ki ek aisi chintaa saamne aayi hai jo ki sirf logon ki nahin, balki poore grah ki suraksha ki baat kar rahi hai. Humne apni maujoodgi ke buniyadi pehluon par ek holistic nazarandaaz shuru kiya hai. Environmental samasya humari mrityu ka sanket nahin hai, yeh humari bhavishya ki passport hai. Naye duniya drishtikon ka uday hua hai",hierarchical_context,"Arre, yeh sawaal bahut aasaan hai, lekin yeh bhi bahut jaroori hai. Pehli baar insaani itihaas mein, jo transcending concern saamne aayi hai, yeh hai Climate Change ya jalvaayu parivartan. 

Aapne yeh suna hoga ki humari zameen par temperature badh rahi hai, glaashiyar baarish hote rahi hain, aur antariksh mein carbon dioxide ki maatra badh rahi hai. Yeh sab climate change ke kaaran hua hai. Climate change ek woh chamatkaar hai jismein jalvaayu mein lagatari aur parivartan ho raha hai, jo kaee p",6.206,667,"Pehli baar insaani itihaas mein saamne aayi 'transcending concern' sirf insaan ki nahin, balki poore grah ki suraksha ki baat kar rahi hai. Yeh ek holistic nazarandaaz ki or badhne ka sanket hai, jismein environmental samasya ko humari mrityu ka sanket nahin, balki bhavishya ki passport maana ja rah",8.5
1,llama-3.1-8b-instant,"Pehli baar insaani itihaas mein kaun si 'transcending concern' saamne aayi hai? Jab pehli baar hum insaani itihaas mein dekhte hain ki ek aisi chintaa saamne aayi hai jo ki sirf logon ki nahin, balki poore grah ki suraksha ki baat kar rahi hai. Humne apni maujoodgi ke buniyadi pehluon par ek holistic nazarandaaz shuru kiya hai. Environmental samasya humari mrityu ka sanket nahin hai, yeh humari bhavishya ki passport hai. Naye duniya drishtikon ka uday hua hai",rag_style,"Bhaai, aaj hum sabki samajh mein ek naya vichar utpann hua hai. Pehli baar insaani itihaas mein humne dekha hai ki humari chinta sirf apni azaadi, khushiyon aur samriddhi ke liye nahin, balki poore grah ki suraksha ke liye bhi hai.

Isse humein pata chala hai ki humari maujoodgi ki kai cheezein hain jo humein ek holistic nazar se dhyan mein leni chahiye. Humne samajha hai ki prakriti aur humari maujoodgi ek doosre ke beech mein kai sambandh hain aur humein inhein samajhna aur samajhna hoga.

Ab ",5.958,573,"Pehli baar insaani itihaas mein saamne aayi 'transcending concern' sirf insaan ki nahin, balki poore grah ki suraksha ki baat kar rahi hai. Yeh ek holistic nazarandaaz ki or badhne ka sanket hai, jismein environmental samasya ko humari mrityu ka sanket nahin, balki bhavishya ki passport maana ja rah",8.5
1,llama-3.1-8b-instant,"Pehli baar insaani itihaas mein kaun si 'transcending concern' saamne aayi hai? Jab pehli baar hum insaani itihaas mein dekhte hain ki ek aisi chintaa saamne aayi hai jo ki sirf logon ki nahin, balki poore grah ki suraksha ki baat kar rahi hai. Humne apni maujoodgi ke buniyadi pehluon par ek holistic nazarandaaz shuru kiya hai. Environmental samasya humari mrityu ka sanket nahin hai, yeh humari bhavishya ki passport hai. Naye duniya drishtikon ka uday hua hai",tree_of_thought,"Pehli baar insaani itihaas mein 'transcending concern' saamne aayi hai, jo ki ek aisi chintaa hai jo ki sirf logon ki nahin, balki poore grah ki suraksha ki baat kar rahi hai. 

Pehli soch: Yeh chintaa pehle bhi thi, lekin humne isey samajhne ke liye kabhi nahi paye. Humne sirf apne aap ko hi dekha, apne aap ke liye socha, aur apne aap ki chinta kiye.

Dusri soch: Lekin ab humne apni maujoodgi ke buniyadi pehluon par ek holistic nazarandaaz shuru kiya hai. Humne dekha hai ki hamari maujoodgi sir",5.996,705,"Pehli baar insaani itihaas mein saamne aayi 'transcending concern' sirf insaan ki nahin, balki poore grah ki suraksha ki baat kar rahi hai. Yeh ek holistic nazarandaaz ki or badhne ka sanket hai, jismein environmental samasya ko humari mrityu ka sanket nahin, balki bhavishya ki passport maana ja rah",8.5
1,llama-3.1-8b-instant,"Pehli baar insaani itihaas mein kaun si 'transcending concern' saamne aayi hai? Jab pehli baar hum insaani itihaas mein dekhte hain ki ek aisi chintaa saamne aayi hai jo ki sirf logon ki nahin, balki poore grah ki suraksha ki baat kar rahi hai. Humne apni maujoodgi ke buniyadi pehluon par ek holistic nazarandaaz shuru kiya hai. Environmental samasya humari mrityu ka sanket nahin hai, yeh humari bhavishya ki passport hai. Naye duniya drishtikon ka uday hua hai",agentic_context,"Yeh sawaal to ek bahut hi mahatvapoorn aur nai cheez hai. Yeh kaha raha hai ki insaani itihaas mein pehle baar ek aisa 'transcending concern' aaya hai jo sabhi logon, na ki sirf humare samuday ya desh ke liye, balki poore grah ki suraksha ke liye hai. Yeh ek bahut hi nai aur bahut hi mahatvapoorn cheez hai.

Maine iske baare mein socha hai, aur main samajhta hoon ki yeh ek naye duniya drishtikon ka uday hai. Yeh ek holistic nazarandaaz hai, jisme hum apni maujoodgi ke buniyadi pehluon par dhyan ",7.029,665,"Pehli baar insaani itihaas mein saamne aayi 'transcending concern' sirf insaan ki nahin, balki poore grah ki suraksha ki baat kar rahi hai. Yeh ek holistic nazarandaaz ki or badhne ka sanket hai, jismein environmental samasya ko humari mrityu ka sanket nahin, balki bhavishya ki passport maana ja rah",8.5
2,llama-3.1-8b-instant,"Sir, kya aap bata sakte hain ki Mughal empire ka itihaas kya hai?",zero_shot,"Mughal sultanate ka itihaas bahut majedaar hai. Yeh ek aisa samay tha jab Bharat mein ek bahut bada aur samriddh rajaatva tha, jiska mukhya kendr Agra aur Delhi tha.

Mughal sultanate ka shuruaat 1526 mein hua tha, jab Babur ne Humayun ko haraakar Bharat par aakraman kiya tha. Babur ne Hindustani sultanate ko haraakar ek naya rajaatva sthapit kiya tha.

Babur ka beta Humayun ne apne baap ke baad sultanate ki baadshah bana, lekin woh kuch samay ke liye sultanate ka mukhya kendr ghar jabarjasti me",4.426,772,"Mughal empire ka itihaas 1526 se 1857 tak ka hai. Iska sansthaapak Babur tha, jo ek turk shaasak tha. Unke baad, Humayun, Akbar, Jahangir, Shahjahan, aur Aurangzeb jaise maharath shaasak huye.",8.5
2,llama-3.1-8b-instant,"Sir, kya aap bata sakte hain ki Mughal empire ka itihaas kya hai?",few_shot,"Bhaiya, Mughal empire ka itihaas bahut hi pyara aur aisa hai jo humein ek saal mein jaanne ke liye kafi hai. Mughal empire 1526 mein Babur naamak shahiye ne banaya tha. Vah ek Turkistan se aaya tha aur Bharat mein aaya aur Humayun naamak apne beta ke saath Mughal throne par baith gaya.

Lekin Humayun ko Akbar naamak apne beta ne haraaya aur akbar ne Mughal empire ko aisa bana diya ki woh Bharat ka sabse bada empire tha. Akbar ne apne shahiye ke liye ek aisa system banaya jo logon ko sahi rahein ",5.33,709,"Mughal empire ka itihaas 1526 se 1857 tak ka hai. Iska sansthaapak Babur tha, jo ek turk shaasak tha. Unke baad, Humayun, Akbar, Jahangir, Shahjahan, aur Aurangzeb jaise maharath shaasak huye.",8.5
2,llama-3.1-8b-instant,"Sir, kya aap bata sakte hain ki Mughal empire ka itihaas kya hai?",chain_of_thought,"Mujhe yah puchha gaya hai ki Mughal Samrajya ka itihaas kya hai. Main ab iske bare mein aapko jankari dena shuru karunga.

**Step 1: Mughal Samrajya ka utpaadan**

Mughal Samrajya ka utpadan 1526 mein hua tha jab Babur, ek Turk-Turkman sultan, Bharat mein aaya aur Delhi ki jang mein Sher Shah Suri ko haraya. Babur ne apne vijay ke baad Delhi ka sultan ban gaya. 

**Step 2: Akbar ki shuruaat**

Babur ke baad, uske putra Akbar ne Mughal Samrajya ko badhaya aur isko ek mahanta samrajya banaya. Akba",9.552,781,"Mughal empire ka itihaas 1526 se 1857 tak ka hai. Iska sansthaapak Babur tha, jo ek turk shaasak tha. Unke baad, Humayun, Akbar, Jahangir, Shahjahan, aur Aurangzeb jaise maharath shaasak huye.",8.5
2,llama-3.1-8b-instant,"Sir, kya aap bata sakte hain ki Mughal empire ka itihaas kya hai?",structured_context,"{""answer"": ""Mughal empire ka itihaas ek bahut hi adbhut aur mahatvapoorn hissa hai Bharat ki itihaas mein. Isne 1526 se 1756 tak Bharat par shasan kiya tha. Ise Babur ne sthaapit kiya tha, jo ek timuri sultan tha. Unhone Akbar, Jahangir, Shahjahan, aur Aurangzeb jaisi prasidh shasakon ka aayojan kiya tha, jo Bharat ki itihaas mein apne aap mein bhut prabhav daalne wale the. Mughal shasan ke dauraan, Bharat mein kalaa, sanskriti, aur vikaas ka ek aur bada suraj aaya tha. Iske alawa, Mughalon ne B",6.935,509,"Mughal empire ka itihaas 1526 se 1857 tak ka hai. Iska sansthaapak Babur tha, jo ek turk shaasak tha. Unke baad, Humayun, Akbar, Jahangir, Shahjahan, aur Aurangzeb jaise maharath shaasak huye.",8.5
2,llama-3.1-8b-instant,"Sir, kya aap bata sakte hain ki Mughal empire ka itihaas kya hai?",hierarchical_context,"Beta, Mughal empire ka itihaas bahut hi majedaar hai. Mughal empire Bharat mein 1526 se 1756 tak chala. Yeh ek bahut hi bada aur prasiddh empire tha, jo apne samay mein Bharat ki sabse badi aur samriddh empire the.

Mughal empire ka uddeshya tha, Bharat ko ek ekikrit aur samriddh desh banane ka. Unhone apne raajya mein adhikar, nyay, aur vibhinn kshetro ke logon ko samman diya. Unhone ek bahut hi sunder aur sophisticated sanskriti ko viksit kiya, jo abhi bhi aaj tak hamare desh ki sanskriti ka e",6.347,635,"Mughal empire ka itihaas 1526 se 1857 tak ka hai. Iska sansthaapak Babur tha, jo ek turk shaasak tha. Unke baad, Humayun, Akbar, Jahangir, Shahjahan, aur Aurangzeb jaise maharath shaasak huye.",8.5
2,llama-3.1-8b-instant,"Sir, kya aap bata sakte hain ki Mughal empire ka itihaas kya hai?",rag_style,"Sir, Mughal empire ka itihaas bahut hi mahatvapoorn hai. Yeh ek bahut hi bada aur samriddh sashan tha, jo Bharat mein 1526 se 1756 tak reha tha. Mughal sultanate ka shuruaat Babar ne kiya tha, jo ek afghani shahi tha. 

Babar ne 1526 mein panipat ki ladai mein Ibrahim Lodhi ko haraya aur Bharat par azaadi pa li. Uske baad, unke poat Mughal sultanate ko bahut hi badha, aur unhone Bharat mein ek samriddh sashan banaya. 

Mughal sultanate ka sabse bada samay Akbar ke shashan ka tha, jinhone 1556 se",5.835,421,"Mughal empire ka itihaas 1526 se 1857 tak ka hai. Iska sansthaapak Babur tha, jo ek turk shaasak tha. Unke baad, Humayun, Akbar, Jahangir, Shahjahan, aur Aurangzeb jaise maharath shaasak huye.",8.5
2,llama-3.1-8b-instant,"Sir, kya aap bata sakte hain ki Mughal empire ka itihaas kya hai?",tree_of_thought,"Mujhe kai tarah sochna hua hai:

1. Mughal empire ka itihaas ek bahut hi mahatvapurn aur samriddh samrajya ka hai. Yah samrajya 1526 mein Babar ne sthapit kiya tha aur 1858 tak chalta raha. Mughal samrajya ka shasan kai mahatvapurn shasakon ne kiya, jaise ki Akbar, Jahangir, Shahjahan aur Aurangzeb.

2. Mughal samrajya ki sthapana ki ghoshna 1526 mein Babar ke dwara ki gai thi jab unhone Delhi par vijay prapt ki. Iske baad, Mughal samrajya ne Bharat mein ek bahut hi mahatvapurn bhoomika nibhaya,",3.896,555,"Mughal empire ka itihaas 1526 se 1857 tak ka hai. Iska sansthaapak Babur tha, jo ek turk shaasak tha. Unke baad, Humayun, Akbar, Jahangir, Shahjahan, aur Aurangzeb jaise maharath shaasak huye.",8.5
2,llama-3.1-8b-instant,"Sir, kya aap bata sakte hain ki Mughal empire ka itihaas kya hai?",agentic_context,"Mughal empire ka itihaas kya hai? Yeh ek bahut hi prasiddh vishvavidyalaya hai jo 16vi shatabdi mein shuru hua tha. 

Mughal sultanate ka gathan Babur ne 1526 mein kiyaa tha, jinhonne Delhi par vijay praapt ki thi. Unke putra Humayun ne bhi apne dada ke baad shasak kiya. Lekin unki aag laagu rahne ke baad, Akbar ne 1556 mein Mughal sultanate ko apne haath mein laaya.

Akbar ek bahut hi shaktishali sultan tha, jinhonne apne rajya ko ekjut karna shuru kiya. Unhone apne rajya mein dharmik samanata ",6.138,615,"Mughal empire ka itihaas 1526 se 1857 tak ka hai. Iska sansthaapak Babur tha, jo ek turk shaasak tha. Unke baad, Humayun, Akbar, Jahangir, Shahjahan, aur Aurangzeb jaise maharath shaasak huye.",8.5
3,llama-3.1-8b-instant,"Ma'am, mitosis kya hota hai, isme kitne phases hote hain?",zero_shot,"Arre, mitosis ek prakriya hai jismein ek jaanvar ke sharir ki cell ka vivaah hone wala hai. Ismein do types ke mitosis hote hain - somatic mitosis aur gametic mitosis.

Somatic mitosis ko hum aam taur par somatic cell division kehte hain, jismein shuruaat mein ek cell mein do cells ban jaati hain. Yah prakriya 4 phases meh hoti hai:

1. Interphase: Ismein cell DNA ka replication hota hai aur cell ki aavashyakataon ke liye sambandhit koshikaaen banati hain.
2. Prophase: Ismein chromatin ki koshik",4.027,526,"Mitosis ek tarah ka cell division process hai, isme 4 phases hote hain - prophase, metaphase, anaphase, aur telophase.",8.5
3,llama-3.1-8b-instant,"Ma'am, mitosis kya hota hai, isme kitne phases hote hain?",few_shot,"Betaa, mitosis yah kuchh aisa hai jo cell ki doubling hoti hai. Ismein aasani se, chaar phases hote hain: Interphase, Prophase, Metaphase, aur Anaphase.

Interphase mein, cell DNA ko prepare karti hai mitosis ke liye. 

Phir, Prophase mein, chromatin threads apne center mein aakar chromosom ban jaate hain. 

Iske baad, Metaphase mein, chromosom centromere ke aas-paas plate par arrange ho jaate hain.

Anaphase mein, chromosom do alag-alag cell mein bante hain. 

Aur phir, telophase aur cytokinesi",5.527,270,"Mitosis ek tarah ka cell division process hai, isme 4 phases hote hain - prophase, metaphase, anaphase, aur telophase.",8.5
3,llama-3.1-8b-instant,"Ma'am, mitosis kya hota hai, isme kitne phases hote hain?",chain_of_thought,"Mitosis kya hota hai?

- Mitosis ek prakaar ka cell division hota hai, jismein ek cell mein dui jagah mein dui aalag cells banate hain.
- Yeh prakriya DNA replication ke baad hoti hai, jab DNA kopaayi ek se do hogi.
- Mitosis ki madad se organism ko apni growth aur repair karne ke liye nayi cells milte hain.

Mitosis mein kitne phases hote hain?

- Mitosis mein 4 phases hote hain: prophase, metaphase, anaphase aur telophase.
- Prophase mein chromosomes banate hain aur nucleolus ko nucleus se ala",2.658,312,"Mitosis ek tarah ka cell division process hai, isme 4 phases hote hain - prophase, metaphase, anaphase, aur telophase.",8.5
3,llama-3.1-8b-instant,"Ma'am, mitosis kya hota hai, isme kitne phases hote hain?",structured_context,"{""answer"": ""Mitosis ek prakaar ka koshikaa upakram hai jo aamtaur par koshikaaon mein hotta hai, jismein vah koshikaa aamtaur par do bade koshikaon mein tod jati hai. Yah prakriya iske liye mahatvapoorn hai kyunki isse koshikaon ko apne aap se alag-alag koshikaon mein badalne aur unke vikas ko badhane mein madad milti hai. Mitosis mein kuchh mahatvapoorn charanon hote hain: "",
""explanation"": ""Mitosis ke charanon mein shaamil hain: "",
""phases"": [
{""name"": ""Prophase"", ""description"": ""Ismein koshik",2.054,513,"Mitosis ek tarah ka cell division process hai, isme 4 phases hote hain - prophase, metaphase, anaphase, aur telophase.",8.5
3,llama-3.1-8b-instant,"Ma'am, mitosis kya hota hai, isme kitne phases hote hain?",hierarchical_context,"Beta, mitosis ek prakriya hai jisme se ek cell duniya ki sabse badi aur sabse zaroori cells banati hai - gamet cells (yoni aur shukra cells) aur somatik cells (jaise ki skin cells aur muscle cells).

Mitosis mein kai phases hote hain, jaise ki:

1. **Prophase**: Is phase mein, DNA apne chromosomes mein badal jaata hai aur mitotic spindle ka nirman hota hai, jo chromosomes ko divide karne ke liye zaroori hai.
2. **Metaphase**: Is phase mein, chromosomes mitotic spindle ke madhyam se center mein a",5.94,429,"Mitosis ek tarah ka cell division process hai, isme 4 phases hote hain - prophase, metaphase, anaphase, aur telophase.",8.5
3,llama-3.1-8b-instant,"Ma'am, mitosis kya hota hai, isme kitne phases hote hain?",rag_style,"Ma'am, mitosis ek prakaar ki prakriya hai jisme ek jeevik sella do jeevik sellon mein badal jata hai. Ye prakriya do phases mein hoti hai - Interphase aur M-phase.

Interphase mein, sella apne DNA ko dubara seedha karta hai aur apni vikas ki taiyaari karti hai. Iske baad M-phase hota hai, jisme sella do jeevik sellon mein badal jata hai. M-phase mein do phases hote hain - Prophase, Metaphase, Anaphase aur Telophase.

- Prophase mein, sella apne DNA ko guthne lagta hai aur centrioles banate hain.",4.709,327,"Mitosis ek tarah ka cell division process hai, isme 4 phases hote hain - prophase, metaphase, anaphase, aur telophase.",8.5
3,llama-3.1-8b-instant,"Ma'am, mitosis kya hota hai, isme kitne phases hote hain?",tree_of_thought,"Mitosis ka vishleshan karein:

1. **Mitosis ek prakriya hai jo sharir mein anya cellon ke binaa naya cell banane mein madad karta hai.**
2. **Is prakriya mein, cell ka DNA duplicate hokar naya cell banata hai.**
3. **Mitosis ka mukhya uddeshya cellon ki sankhya badhane ke liye hai, jaise ki bachchon ki paidaish mein.**

Mitosis ke phases:

1. **Prophase:** Is phase mein, DNA duplicate ho jata hai aur spindle fibers ban jate hain.
2. **Metaphase:** Is phase mein, DNA ke chromatids ke beech mein s",2.864,438,"Mitosis ek tarah ka cell division process hai, isme 4 phases hote hain - prophase, metaphase, anaphase, aur telophase.",8.5
3,llama-3.1-8b-instant,"Ma'am, mitosis kya hota hai, isme kitne phases hote hain?",agentic_context,"Bilkul, main samajh gaya. 

Step 1: Understand question 
Question ka matlab yeh hai ki mitosis ke bare mein puchha gaya hai. Mitosis ek prakriya hai jismein sari cells apni saamagri ko barabar kiya jaata hai. 

Step 2: Recall knowledge 
Maine yeh jaanna hai ki mitosis mein 4 phases hote hain: Interphase, Prophase, Metaphase, Aur Anaphase. Iske baad, phir cell division hoti hai.

Step 3: Give accurate answer
Mitosis ek prakriya hai jo sari cells mein saamagri ko barabar karegi, ismein 4 phases ho",4.701,393,"Mitosis ek tarah ka cell division process hai, isme 4 phases hote hain - prophase, metaphase, anaphase, aur telophase.",8.5
4,llama-3.1-8b-instant,Jab bachcha paida hota hai toh uski kya condition hoti hai?,zero_shot,"Bachche paida hone se pehle, uski condition bahut achhi hoti hai.

Usski immunity system bahut majboot hota hai, aur wo bimariyon se lagatar bachta hai. 

Lekin jab bachcha paida hota hai, toh uski condition thoda kamjor ho jaati hai, kyunki uski immunity system abhi viksit nahin hota hai. 

Isliye, bachche ko kai bimariyon se bachana padta hai, jaise ki jaundice, pneumonia, diarrhea, etc.

Lekin aajkal, doctoron ne bahut se tarike se bachche ki immunity system ko majboot karne ke liye tareeke e",0.654,236,Bachcha lifeless paida hota hai,8.5
4,llama-3.1-8b-instant,Jab bachcha paida hota hai toh uski kya condition hoti hai?,few_shot,"Bhaiya, jab bachcha paida hota hai toh uski ek aisi condition hoti hai jise hum 'zero immunity' kahaate hain. Ismein unke shareer mein woh immunity system nahi hai jiske wajah se ve kai tarah ke bacteria aur virus se affected ho sakte hain. Lekin dono maa aur bachcha ko is condition se niptane ke liye doctor se guidance lena aur unki bhi aapko kuch niyam apnane hote hain, jaise ki pehli 6 mahine tak bachche ko koi bhi vaccine nahi di jati hai.",4.703,237,Bachcha lifeless paida hota hai,8.5
4,llama-3.1-8b-instant,Jab bachcha paida hota hai toh uski kya condition hoti hai?,chain_of_thought,"Arre yeh sawaal bahut achha hai. Main iske jawab ka step by step anuvaad karta hoon:

1. Jab bachcha paida hota hai, toh uski prathamik condition yeh hoti hai ki vah zinda aur swasth ho.
2. Ismein vah bachcha apne aap ko jante huye paida hota hai, jisse vah apne aap ko samajhne ka avsar milta hai.
3. Bachchon ke janan ke baad, vah apne maan aur paap ko samajhne lagte hain, jisse vah apne aap ko behtar se samajhne lagte hain.
4. Bachchon ko apne aap ko jante ke liye samay aur samarthan ki aavashy",0.824,403,Bachcha lifeless paida hota hai,8.5
4,llama-3.1-8b-instant,Jab bachcha paida hota hai toh uski kya condition hoti hai?,structured_context,"{""answer"": ""Bachcha paida hone ke baad uski condition lambi samay tak vulnerable rehti hai, uske liye proper dawaa aur nuskhe ki aavashyakta hoti hai."", ""explanation"": ""Jab bachcha paida hota hai, toh uske liye ek vaccine ki aavashyakta hoti hai jo unhein bache sakti hai. Iske alawa, bachche ko proper dawaa aur nuskhe ki aavashyakta hoti hai taaki vah healthy rehte hain. Iske alawa, bachche ki ma aur pita donon ko proper jankari aur nuskhe ki aavashyakta hoti hai taaki ve apne bachche ko proper ",3.497,252,Bachcha lifeless paida hota hai,6.0
4,llama-3.1-8b-instant,Jab bachcha paida hota hai toh uski kya condition hoti hai?,hierarchical_context,"Bachcha paida hone par uski ek vishisht sthiti hoti hai, jise hum 'Svatantrta' kehte hai. 

Svatantrta ka matlab yeh hai ki baccha apne aap par nirbhar nahi hota, aur apni khaan-pechan, aapne aap ko pehle se hi nirdhaarit hota hai. 

Lekin, Jab bachcha paida hota hai, to uske liye ek vishisht prakriya hoti hai, jise hum 'Sukanya' kehte hai. Sukanya ka matlab yeh hai ki baccha apne maa-pita, aapne aap ke liye, nirdharit hota hai. 

Is prakriya mein, baccha apne maa-pita ke garm pashine mein 8 mah",4.901,417,Bachcha lifeless paida hota hai,2.0
4,llama-3.1-8b-instant,Jab bachcha paida hota hai toh uski kya condition hoti hai?,rag_style,"Bachchon ki paidaish ke samay unki condition bahut kamzor hoti hai. Unka dil, lung, aur anya vital organs thode hi viksit hote hain. Inki temperature normal se zyada hoti hai, aur ve bahut kam vajan ki taakat se jude hote hain.",3.378,159,Bachcha lifeless paida hota hai,8.5
4,llama-3.1-8b-instant,Jab bachcha paida hota hai toh uski kya condition hoti hai?,tree_of_thought,"Meri charcha mein teen tahrik hain:

1. **Santulit vishvaas**: Jab bachcha paida hota hai, to uski condition mein sabse pehle vishvaas hota hai. Uska mana ki uski maata aur pita uske liye hamesha upar honge, chahiye koi bhi halat ho. 

2. **Nirodhak shakti**: Bachche ki condition mein aise bhi vishay hain ki unki nirodhak shakti bhi nahi hoti. Unka mana hai ki agar unki zaroorat padegi to uske pita ya maata uske liye upar honge. 

3. **Nishkriyta ki samasya**: Bachche ki condition mein is baat k",1.742,314,Bachcha lifeless paida hota hai,1.0
4,llama-3.1-8b-instant,Jab bachcha paida hota hai toh uski kya condition hoti hai?,agentic_context,"Sabse pehle, main samajh raha hoon ki aapne puchha hai ki jab bachcha paida hota hai toh uski kya condition hoti hai. 

Toh, main yeh soch raha hoon ki paida hona ka matlab hai ki bachcha aam taur par aapke sharir se bahar nikalta hai. 

Iske baad, main yaad kar raha hoon ki paida hone ka process kitna mahatvapurn hai. Jab bachcha paida hota hai, toh uska sharir aapke uterus (garbhshayya) se bahar nikalta hai. 

Ab, main yeh keh sakta hoon ki paida hone ke baad, bachcha aapke dar se bahar nikalt",3.685,360,Bachcha lifeless paida hota hai,8.5
5,llama-3.1-8b-instant,"Khan Azam Khan ke claims ko landlord, moneylender aur priest kaise dekhte hain?",zero_shot,"Bhai, yeh sawaal bahut interesting hai! Khan Azam Khan ke claims ko landlord, moneylender aur priest alag-alag tareeke se dekhte hain. 

Landlord: Voh kheenchta hai ki Khan Azam Khan ne unke ghar par koi bhi nahi karvaaya hai. Voh kehate hain ki unka ghar toota hai, par woh kuch bhi nahi de raha hai. Voh yeh bhi kehate hain ki unke ghar ka koi bhi maal khada nahin hai, toh kaise yeh pata chalega ki woh kuch bhi nahi de raha hai?

Moneylender: Voh kheenchta hai ki Khan Azam Khan ne unse koi bhi l",1.869,438,"Unhein irihaas aur shakki nazron se dekhte hain, kuch usse nakli kehte hain aur kuch kehte hain ki uske purvaj Mughal darbar mein safai karne wale the",8.5
5,llama-3.1-8b-instant,"Khan Azam Khan ke claims ko landlord, moneylender aur priest kaise dekhte hain?",few_shot,"Bhai, landlord Khan Azam Khan ke claims se jyada worried hote hain ki ve apne property ke ownership ka claim karte hain. Veh kehengi, ""Khan Azam Khan ne kya diya hai? Humne unhe property ki rent di thi aur unka kharcha kiya tha, lekin ve kaise yeh claim kar sakte hain ki ve malik hain?""

Moneylender Khan Azam Khan ke claims ko bechare ki tarah dekhte hain. Ve kehengi, ""Khan Azam Khan ne humein kya diya hai? Unhone humein paisa loan kiya tha, lekin ve kaise yeh claim kar sakte hain ki ve paisa va",5.123,361,"Unhein irihaas aur shakki nazron se dekhte hain, kuch usse nakli kehte hain aur kuch kehte hain ki uske purvaj Mughal darbar mein safai karne wale the",8.5
5,llama-3.1-8b-instant,"Khan Azam Khan ke claims ko landlord, moneylender aur priest kaise dekhte hain?",chain_of_thought,"Arre, yeh sawal bahut accha hai! Main aapko Khan Azam Khan ke claims ko landlord, moneylender aur priest kaise dekhten hain, iske liye step by step solution dena hoga.

**Step 1: Landlord ka perspective**
Ek landlord kehte hain, ""Khan Azam Khan ka claim to kisi bhi property ke liye hai, lekin humein koi proof nahi diya gaya hai. Wo kehte hain ki unki property ki raazdhaani hai, lekin humein koi document nahi diya gaya hai. Hum toh unki property ko rent pr lete hain, toh humein lagta hai ki unki ",3.479,656,"Unhein irihaas aur shakki nazron se dekhte hain, kuch usse nakli kehte hain aur kuch kehte hain ki uske purvaj Mughal darbar mein safai karne wale the",8.5
5,llama-3.1-8b-instant,"Khan Azam Khan ke claims ko landlord, moneylender aur priest kaise dekhte hain?",structured_context,"{""answer"": ""Khan Sahab ke claims ko landlord, moneylender aur priest is tarah dekhte hain:\n\n
- Landlord: Yeh kehenge ki woh ek bada property owner hain, aur unhone Khan Sahab ko apne ghar par rakhna hoga. Ve unki property ki value ko zyada karne ke liye unke claims ko support karenge.
- Moneylender: Ye kehenge ki woh ek bada businessman hain, aur unhone Khan Sahab se paisa loan liya hai. Ve unki financial transactions ko investigate karenge aur unke claims ko validate karenge.
- Priest: Ye keh",5.94,453,"Unhein irihaas aur shakki nazron se dekhte hain, kuch usse nakli kehte hain aur kuch kehte hain ki uske purvaj Mughal darbar mein safai karne wale the",8.5
5,llama-3.1-8b-instant,"Khan Azam Khan ke claims ko landlord, moneylender aur priest kaise dekhte hain?",hierarchical_context,"Kya aap sabhi jaante hain ki Khan Azam Khan ek videshi company hai jo Indian gaaon-mazdooron ko loan deti hai. Ab, hum dusre logon ke point of view se dekhte hain ki vah aapko loan kyon deti hai aur iske liye aapko kya deta hai.

**Landlord ka point of view:**
Ek landlord ka kya hoga? Vah apne ghar aur jameen se paise kamaata hai. Lekin, agar aapko khada rahe hain to aapko paise kamana hoga. Iske liye, aapko koi bhi tareeka upyogi lagta hoga. To, yeh landlord ka point of view hoga ki Khan Azam K",5.527,728,"Unhein irihaas aur shakki nazron se dekhte hain, kuch usse nakli kehte hain aur kuch kehte hain ki uske purvaj Mughal darbar mein safai karne wale the",8.5
5,llama-3.1-8b-instant,"Khan Azam Khan ke claims ko landlord, moneylender aur priest kaise dekhte hain?",rag_style,"Khan Azam Khan ke claims ko landlord, moneylender, aur priest aisa dekhte hain:

- Landlord: Khan Azam Khan ke claims ko landlord lagta hai ki vah ek aisi baat ke liye jhelta hai, jo ki unhein pasand nahi hai. Vah sochta hai ki Khan Azam Khan ne kuch galat kya hoga, jo unke claims ko sahi nahi karta.

- Moneylender: Moneylender ko Khan Azam Khan ke claims lagta hai ki vah ek financial transaction ke liye jhel raha hai. Vah sochta hai ki Khan Azam Khan ne kuch amount ka claim kiya hai, jo ki unhe",6.761,323,"Unhein irihaas aur shakki nazron se dekhte hain, kuch usse nakli kehte hain aur kuch kehte hain ki uske purvaj Mughal darbar mein safai karne wale the",8.5
5,llama-3.1-8b-instant,"Khan Azam Khan ke claims ko landlord, moneylender aur priest kaise dekhte hain?",tree_of_thought,"Mujhe Khan Azam Khan ke claims ko landlord, moneylender aur priest ke perspective se dekhne ke liye kuch vichar aaye hain:

1. **Landlord:** Landlord ko Khan Azam Khan ke claims ek chunauti ki dikhayi dega. Vah apne ghar aur jameen ke liye paani aur bijli ki chayan karta hai. Agar vah apne ghar ko rent se bharega, to vah Khan Azam Khan ke claims ko apne ghar ka majboot karne ke liye upyogi maanta hai, lekin agar vah apne ghar ko kharidne ki koshish karta hai, to vah Khan Azam Khan ke claims ko e",3.273,641,"Unhein irihaas aur shakki nazron se dekhte hain, kuch usse nakli kehte hain aur kuch kehte hain ki uske purvaj Mughal darbar mein safai karne wale the",7.5
5,llama-3.1-8b-instant,"Khan Azam Khan ke claims ko landlord, moneylender aur priest kaise dekhte hain?",agentic_context,"Arre yeh question bahut hi interesting hai. 

Step 1: Understand question
Question ka matlab yeh hai ki Khan Azam Khan ke claims ko kaise dekhenge. Wo kya hai jisse landlord, moneylender aur priest use accept karte hain.

Step 2: Recall knowledge
Ab hum yeh sochenge ki Khan Azam Khan kaun hai aur uske claims kitne majboot hain.

Khan Azam Khan ek siyasi neta hai. Unka claim yeh hai ki ve Bharat mein ek naya samajik nyay system chahiye. Unhe yeh lagta hai ki vartmaan system se log behatar nahi ha",6.149,478,"Unhein irihaas aur shakki nazron se dekhte hain, kuch usse nakli kehte hain aur kuch kehte hain ki uske purvaj Mughal darbar mein safai karne wale the",8.5
6,llama-3.1-8b-instant,The Tale of Melon City mein jab king ne guilt ko postpone karne ka decision liya toh crowd ki kya reaction thi?,zero_shot,"Arre, bhai! The Tale of Melon City mein jab king ne guilt ko postpone karne ka decision liya toh crowd bahut hi gussa ho gayi thi. Unhone king ka vishwas kharab kar diya aur unke khilaf protest shuru kar diya. Unhone yeh kehkar apne pradarshan ko juda diya ki king ne guilt ko postpone karne ka faisla badla diya hai, jisse unke liye zyada mushkil ho jayega.",3.396,188,Crowd restless ho gayi aur log jor jor se bolne lage,8.5
6,llama-3.1-8b-instant,The Tale of Melon City mein jab king ne guilt ko postpone karne ka decision liya toh crowd ki kya reaction thi?,few_shot,"Bhaiya, The Tale of Melon City mein jab king ne guilt ko postpone karne ka decision liya toh crowd bahut gussa ho gayi. Logon ne king ke khilaaf protest kiya aur unhonein slogan chuna, ""Guilt ko postpone nahin kar sakte hain, king!""",1.271,169,Crowd restless ho gayi aur log jor jor se bolne lage,8.5
6,llama-3.1-8b-instant,The Tale of Melon City mein jab king ne guilt ko postpone karne ka decision liya toh crowd ki kya reaction thi?,chain_of_thought,"Arre, yeh sawal theek-seemit hai. Main iske liye step-by-step solution deta hoon:

1. Sabse pehle, ham jaante hain ki Melon City ka king ek decision liya hai. 
2. Is decision ko postpone karne ka naam diya gaya hai. 
3. Jab yeh decision saabit hota hai, toh crowd ki reaction kya hoti hai, yeh question hai.
4. Maine socha ki agar koi king ek mudda ka decision postpone karta hai, toh crowd uske khilaf ho sakta hai. 
5. Agar king ne apne logon ke liye kuch achha karna chaha hota, toh unhone postpon",2.82,423,Crowd restless ho gayi aur log jor jor se bolne lage,8.5
6,llama-3.1-8b-instant,The Tale of Melon City mein jab king ne guilt ko postpone karne ka decision liya toh crowd ki kya reaction thi?,structured_context,"{""answer"": ""Crowd ne king ki decision ko reject kiya aur protest kiya"", ""explanation"": ""The Tale of Melon City mein king ne guilt ko postpone karne ka decision liya tab king ki popularity badh gayi aur public ne king ki decision ko reject kar diya aur city mein protest shuru hua.""}",2.37,155,Crowd restless ho gayi aur log jor jor se bolne lage,2.0
6,llama-3.1-8b-instant,The Tale of Melon City mein jab king ne guilt ko postpone karne ka decision liya toh crowd ki kya reaction thi?,hierarchical_context,"Arre bhai, kya pata hai tumhare paas yeh kahani hai kya? Chalo main aapko batata hoon. 

The Tale of Melon City ek purani kahani hai. Ismein ek king hai jo apne rajya ka raja hai. Ek din, king ki sair karte samay, usne ek adhikari ko apne saath lekar chalna hai. Phir unhone ek ladki ko bhi apne saath lekar chalne ka faisla kiya, jo ki king ka putra tha. 

Ab, jab king ne yeh decision liya, toh logon ko yeh pata chala ki king ki putri ko apne saath lekar chalne ka faisla kiya hai. Logon mein ek s",1.841,345,Crowd restless ho gayi aur log jor jor se bolne lage,1.0
6,llama-3.1-8b-instant,The Tale of Melon City mein jab king ne guilt ko postpone karne ka decision liya toh crowd ki kya reaction thi?,rag_style,"Arre, yeh question toh bahut hi sahi hai! Tumne puchha hai The Tale of Melon City mein jab king ne guilt ko postpone karne ka decision liya toh crowd ki kya reaction thi?

Mujhe lagta hai ki is question ka jawaab hoga, ""Crowd ne king ki is decision se khush nahi hui. Ve probably unke khilaf naara lagaane lage aur unke khilaf beech beech protest kiye.""",4.443,201,Crowd restless ho gayi aur log jor jor se bolne lage,8.5
6,llama-3.1-8b-instant,The Tale of Melon City mein jab king ne guilt ko postpone karne ka decision liya toh crowd ki kya reaction thi?,tree_of_thought,"Mujhe 3 tarah se sochna hai: 

1. **Public ka gussa**: King ne guilt ko postpone karne ka decision liya, toh public ka gussa badh jayega. Ve apne haqon ke liye aazadi ki maang karenge aur dharna karenge.
2. **Public ka shaant**: King ne guilt ko postpone karne ka decision liya, toh public ka shaant ho jayega. Ve samajh jayenge ki king ne unke haqon ki raksha ki hai aur unke liye kuch naya lekar aaya hai.
3. **Public ka aakrosh**: King ne guilt ko postpone karne ka decision liya, toh public ka aa",1.747,405,Crowd restless ho gayi aur log jor jor se bolne lage,8.5
6,llama-3.1-8b-instant,The Tale of Melon City mein jab king ne guilt ko postpone karne ka decision liya toh crowd ki kya reaction thi?,agentic_context,"Bhai, main samajh chuka hoon question. 

Step 1: Understand question
Question hai, The Tale of Melon City mein king ne guilt ko postpone karne ka decision liya, toh crowd ki reaction kya thi?

Step 2: Recall knowledge
Meri yaad mein ek shayad hai, lekin main sure nahi hoon. Kisi bhi novel or story mein king ki suchna nahi hui hai.

Step 3: Provide answer
Bhai, main kuch bhi nahi jaanta. Main sure nahi hoon ki The Tale of Melon City koi real story hai ya koi novel. Agar aap mujhe more details de ",5.017,270,Crowd restless ho gayi aur log jor jor se bolne lage,8.5
7,llama-3.1-8b-instant,"Formal aur informal letters me kaun si difference hai unke purpose ke basis par? Aam taur par do tarah ke letters hote hai, formal jo official business aur information ke liye likhe jate hai aur informal jo personal letters hote hai apne friends aur family se communicate karne ke liye",zero_shot,"Arre, formal aur informal letters ke beech ek badi difference hai. 

Formal letter ka purpose hai official business aur information share karne ka, jaise ki job application, complain file karna, ya official koi bhi information share karna. Isme language formal hota hai, aur writer ka naam aur address shamil hota hai. Formal letters ke liye time bhi lagta hai, aur unhein properly proofread kiya jata hai.

Dusri or, informal letter ka purpose hai apne friends aur family se communicate karna. Isme ",0.492,309,"Formal letters official business aur information convey karne ke liye likhe jate hai, jo ki civic life me requirements ke liye ya public bodies ke liye hote hai. Informal letters, dusri taraf, personal letters hote hai jo friends aur family se communicate karne ke liye use hote hai",8.5
7,llama-3.1-8b-instant,"Formal aur informal letters me kaun si difference hai unke purpose ke basis par? Aam taur par do tarah ke letters hote hai, formal jo official business aur information ke liye likhe jate hai aur informal jo personal letters hote hai apne friends aur family se communicate karne ke liye",few_shot,"Bhaiya, formal aur informal letters mein bahut bada farak hai purpose ke basis par. Formal letters official business aur information ke liye likhe jate hain, jaise ki job ke liye apply karne ka application form, company ke head office se information mangne ke liye, ya kisi official notice ke liye. Ismein language formal aur professional hota hai, aur writer ka naam aur address zaroor mention kiya jata hai.

Jabki informal letters personal hai, jaise ki apne friends ya family se communicate karne",3.788,382,"Formal letters official business aur information convey karne ke liye likhe jate hai, jo ki civic life me requirements ke liye ya public bodies ke liye hote hai. Informal letters, dusri taraf, personal letters hote hai jo friends aur family se communicate karne ke liye use hote hai",8.5
7,llama-3.1-8b-instant,"Formal aur informal letters me kaun si difference hai unke purpose ke basis par? Aam taur par do tarah ke letters hote hai, formal jo official business aur information ke liye likhe jate hai aur informal jo personal letters hote hai apne friends aur family se communicate karne ke liye",chain_of_thought,"Arre yaar, main aapko is prashn ka samadhan dene ke liye charan-charan batata hoon.

Step 1: Sabse pehle, hum formal aur informal letters ke beech ki difference samajhne ki zaroorat hai. Formal letters official business aur information ke liye likhe jaate hai, jabki informal letters personal purposes ke liye likhe jaate hai, jaise ki apne friends ke saath baat karna ya family ke saath saath kaam karna.

Step 2: Formal letters me language aur tone kaafi serious aur formal hota hai. Ismein proper ",4.403,658,"Formal letters official business aur information convey karne ke liye likhe jate hai, jo ki civic life me requirements ke liye ya public bodies ke liye hote hai. Informal letters, dusri taraf, personal letters hote hai jo friends aur family se communicate karne ke liye use hote hai",8.5
7,llama-3.1-8b-instant,"Formal aur informal letters me kaun si difference hai unke purpose ke basis par? Aam taur par do tarah ke letters hote hai, formal jo official business aur information ke liye likhe jate hai aur informal jo personal letters hote hai apne friends aur family se communicate karne ke liye",structured_context,"{""answer"": ""Formal aur informal letters ke purpose ke basis par ek bada farq hai, kyonki formal letters official business aur information ke liye likhe jate hain, jabki informal letters personal relationships aur friends/family ke saath communicate karne ke liye likhe jate hain."", ""explanation"": ""Formal letters mein shuruat mein aapke naam, address, aadhaar aur date ke saath saath saath samay ke liye aapke signature ke saath hote hai. Ismein aapko aapke vichar aur vishay shuddh aur samvedansheel",4.911,461,"Formal letters official business aur information convey karne ke liye likhe jate hai, jo ki civic life me requirements ke liye ya public bodies ke liye hote hai. Informal letters, dusri taraf, personal letters hote hai jo friends aur family se communicate karne ke liye use hote hai",8.5
7,llama-3.1-8b-instant,"Formal aur informal letters me kaun si difference hai unke purpose ke basis par? Aam taur par do tarah ke letters hote hai, formal jo official business aur information ke liye likhe jate hai aur informal jo personal letters hote hai apne friends aur family se communicate karne ke liye",hierarchical_context,"Arre bhai, main aapko is sawal ka jawab dena pasand karta hoon. Formal aur informal letters mein bahut saari difference hain, lekin ham aaj unki purpose ke basis par baat karenge.

Formal letters, jaise ki aapke pita ko likhne wale letters, official business aur information ke liye likhe jate hain. Ye letters office ke documents jaise ki job ke liye cv, aavedan karne ke liye, ya company ke liye proposal likhne ke liye hoti hain. Formal letters mein aapko apne naam, address, date aur samay sabhi ",6.148,593,"Formal letters official business aur information convey karne ke liye likhe jate hai, jo ki civic life me requirements ke liye ya public bodies ke liye hote hai. Informal letters, dusri taraf, personal letters hote hai jo friends aur family se communicate karne ke liye use hote hai",8.5
7,llama-3.1-8b-instant,"Formal aur informal letters me kaun si difference hai unke purpose ke basis par? Aam taur par do tarah ke letters hote hai, formal jo official business aur information ke liye likhe jate hai aur informal jo personal letters hote hai apne friends aur family se communicate karne ke liye",rag_style,"Arre, main aapko batata hoon. Formal aur informal letters me ek badi difference hai unke purpose ke basis par. 

Formal letters official business aur information ke liye likhe jate hai. Yeh letters office work, business meeting, job application, aur koi bhi official matter ke liye likhe jate hai. Formal letters mein aapko proper language, vocabulary, aur grammar ka upyog karna hota hai. Yeh letters official tone me likhe jate hai, jismein koi bhi personal matter ya emotion nahin hota hai.

Dusri",5.645,382,"Formal letters official business aur information convey karne ke liye likhe jate hai, jo ki civic life me requirements ke liye ya public bodies ke liye hote hai. Informal letters, dusri taraf, personal letters hote hai jo friends aur family se communicate karne ke liye use hote hai",8.5
7,llama-3.1-8b-instant,"Formal aur informal letters me kaun si difference hai unke purpose ke basis par? Aam taur par do tarah ke letters hote hai, formal jo official business aur information ke liye likhe jate hai aur informal jo personal letters hote hai apne friends aur family se communicate karne ke liye",tree_of_thought,"Mujhe kai tareekon se sochne ki zarurat hai:

**1. Purpose ke basis par:**
- Formal letters hote hain official business, information, aur professional communication ke liye. Unmein formal language aur structure ka upyog hota hai.
- Informal letters hote hain personal communication, friends, aur family ke saath connection banane ke liye. Unmein casual language aur structure ka upyog hota hai.

**2. Audience ke basis par:**
- Formal letters hote hain official audience ke liye, jaise ki office, com",3.773,506,"Formal letters official business aur information convey karne ke liye likhe jate hai, jo ki civic life me requirements ke liye ya public bodies ke liye hote hai. Informal letters, dusri taraf, personal letters hote hai jo friends aur family se communicate karne ke liye use hote hai",8.5
7,llama-3.1-8b-instant,"Formal aur informal letters me kaun si difference hai unke purpose ke basis par? Aam taur par do tarah ke letters hote hai, formal jo official business aur information ke liye likhe jate hai aur informal jo personal letters hote hai apne friends aur family se communicate karne ke liye",agentic_context,"Arre bhai, to main samajh gaya hai question. Formal aur informal letters ke beech ki difference ka kya hai. 

Step 2: Recall knowledge
Main jaanta hoon ki formal letters official business aur information ke liye likhe jate hain, jaise ki office mein letter, company ke notice, ya kisi government department se information. Jabki informal letters personal hote hain, jaise ki apne friends aur family se communicate karne ke liye, ya kisi aise situation mein jab aap koi personal message dena chahte ha",3.996,540,"Formal letters official business aur information convey karne ke liye likhe jate hai, jo ki civic life me requirements ke liye ya public bodies ke liye hote hai. Informal letters, dusri taraf, personal letters hote hai jo friends aur family se communicate karne ke liye use hote hai",8.5
8,llama-3.1-8b-instant,"Sir, kya humne Chandrayaan mission ke baare me padha tha, isme kaun se instruments use hue?",zero_shot,"Arre, bhai, Chandrayaan mission ke baare mein humne bahut kaam padha hai. Yeh mission ISRO (Indian Space Research Organisation) ke dwara banaya gaya tha. Is mission mein kai instruments use huye, jaise ki:

- Orbiter: Yeh Chandrayaan ke orbit mein chanda ki talash karta tha.
- Vikram Lander: Yeh orbiter se neeche girta tha aur chand ke peechhe ka ek kshetra talash karta tha.
- Pragyan Rover: Yeh Vikram Lander se neeche girta tha aur chand ke peechhe ka ek kshetra ghoomta tha.
- Laser Altimeter: ",4.834,357,"Haan, humne Chandrayaan mission ke baare me padha tha, isme many instruments use hue jaise ki terrain mapping camera, lunar laser ranging instrument, aur X-ray spectrometer.",8.5
8,llama-3.1-8b-instant,"Sir, kya humne Chandrayaan mission ke baare me padha tha, isme kaun se instruments use hue?",few_shot,"Bhaiya, Chandrayaan mission ke baare me humne padha tha. Is mission mein kai instruments use hue the. 

Chandrayaan-1 mission mein Lunar Reconnaissance Orbiter (LRO), Moon Impact Probe, Lunar Laser Ranging Retroreflector, Solar X-Ray Monitor, Terrain Mapping Camera, High Energy X-Ray Spectrometer, etc. instruments use hue the.

Chandrayaan-2 mission mein Vikram lunar lander, Pragyan rover, Laser Induced Breakdown Spectroscopy (LIBS), Radar for IONospheric Studies and Altimetry (RISA), Terrain Ma",3.53,314,"Haan, humne Chandrayaan mission ke baare me padha tha, isme many instruments use hue jaise ki terrain mapping camera, lunar laser ranging instrument, aur X-ray spectrometer.",8.5
8,llama-3.1-8b-instant,"Sir, kya humne Chandrayaan mission ke baare me padha tha, isme kaun se instruments use hue?",chain_of_thought,"Chandrayaan mission ke baare me padha ke liye, humein pahle iske vishay ka dhyan dena hoga. Chandrayaan mission Bharat ke lunar mission ke under ek space mission tha, jo 2008 mein launch kiya gaya tha.

Step 1: Chandrayaan mission ke instruments ke baare me padhne ke liye, humein pahle is mission ke objectives ka dhyan dena hoga. Chandrayaan mission ka main object moon ki sthiti aur uske chandrama ke baare me jaankari prapt karna tha.

Step 2: Chandrayaan mission me kaun se instruments use hue t",2.419,605,"Haan, humne Chandrayaan mission ke baare me padha tha, isme many instruments use hue jaise ki terrain mapping camera, lunar laser ranging instrument, aur X-ray spectrometer.",8.5
8,llama-3.1-8b-instant,"Sir, kya humne Chandrayaan mission ke baare me padha tha, isme kaun se instruments use hue?",structured_context,"{""answer"": ""Chandrayaan mission mein bahut se instruments use huye the, jaise ki:

* Hi-Resolution Camera (HRC)
* Lunar Laser Ranging Instrument (LLRI)
* Lunar X-Ray Spectrometer (LXS)
* Alpha Particle X-Ray Spectrometer (APXS)
* Moon Impact Probe (MIP)
* Lunar Surface Magnetic Field Sensor (LSMFS)

Iske alawa, Chandrayaan-1 mission mein 11 instruments the, jinhone chandramaa ki khubsurti, composition, aur properties ko samjhne mein madad ki.

Yeh instruments chandramaa ki khubsurti, composition",6.855,334,"Haan, humne Chandrayaan mission ke baare me padha tha, isme many instruments use hue jaise ki terrain mapping camera, lunar laser ranging instrument, aur X-ray spectrometer.",8.5
8,llama-3.1-8b-instant,"Sir, kya humne Chandrayaan mission ke baare me padha tha, isme kaun se instruments use hue?",hierarchical_context,"Chandrayaan mission ka topic bahut hi interesting aur important hai. 

Chandrayaan mission ka pehla hissa Chandrayaan-1 tha, jo 22 October 2008 ko launch hua tha. Yeh mission India ki pehli lunar mission thi. 

Yeh mission ka aim lunar surface ka mapping, mineralogy, composition aur topography ke baare mein jaanne ka tha. 

Chandrayaan-1 mein kai instruments use kiye gaye the, jaise:

1. **Moon Impact Probe (MIP)**: Yah ek small probe tha jo lunar surface par impact hua tha. Yeh probe lunar surf",2.971,485,"Haan, humne Chandrayaan mission ke baare me padha tha, isme many instruments use hue jaise ki terrain mapping camera, lunar laser ranging instrument, aur X-ray spectrometer.",8.5
8,llama-3.1-8b-instant,"Sir, kya humne Chandrayaan mission ke baare me padha tha, isme kaun se instruments use hue?",rag_style,"Bhai, Chandrayaan mission ke baare mein padhne par humne jaanna seekh liya ki usmein kai instruments use huye the. 

Yeh hain kuch instruments jo humne use dikhne padhe the:

1. Orbiter Camera: Yeh ek camera tha jo chandrama ki tasveeren le raha tha.
2. Terrain Mapping Camera: Yeh camera chandrama ki dharti ki map bana raha tha.
3. High Energy X-ray Spectrometer (HEX): Yeh instrument chandrama ke tatvon ko dekhne ke liye use hua tha.
4. Alpha Particle X-ray Spectrometer (APXS): Yeh instrument ch",5.624,320,"Haan, humne Chandrayaan mission ke baare me padha tha, isme many instruments use hue jaise ki terrain mapping camera, lunar laser ranging instrument, aur X-ray spectrometer.",8.5
8,llama-3.1-8b-instant,"Sir, kya humne Chandrayaan mission ke baare me padha tha, isme kaun se instruments use hue?",tree_of_thought,"Meri soch mein ye vichar aate hain:

1. Chandrayaan mission mein vibhinn instruments use kiye gaye the, jaise ki Orbiter, Lander, Rover, aur Vikram. 
2. Orbiter mein Moon Impact Probe, Laser Altimeter aur High Energy X-ray Transient Experiment (HEX) instrument shamil hain.
3. Lander mein alpha particle X-ray spectrometer (APXS) aur Radiation Dose Monitor (RDM) instrument hain.

Best answer in Hinglish: 

""Sir, Chandrayaan mission mein bahut se instruments use hue hain. Orbiter mein Moon Impact P",2.774,302,"Haan, humne Chandrayaan mission ke baare me padha tha, isme many instruments use hue jaise ki terrain mapping camera, lunar laser ranging instrument, aur X-ray spectrometer.",8.5
8,llama-3.1-8b-instant,"Sir, kya humne Chandrayaan mission ke baare me padha tha, isme kaun se instruments use hue?",agentic_context,"Arre, main soch raha hoon... (Step 1: Understand question)

Chandrayaan mission ek bahut hi badi karya thi, jismein humne Moon ki or tak jaakar uski chhutiyon, pahadiyon, aur anya sthalon ki jaankari prapt ki.

Ab, main soch raha hoon... (Step 2: Recall knowledge)

Chandrayaan-1 mission mein kai instruments the, joonki kaam karke humne Moon ki jaankari prapt ki thi. Yah instruments hain:

- M3 (Moon Impact Probe): yeh probe Moon ki or tak gai thi aur uski chhutiyon ki jaankari prapt ki.
- MIP (M",3.991,489,"Haan, humne Chandrayaan mission ke baare me padha tha, isme many instruments use hue jaise ki terrain mapping camera, lunar laser ranging instrument, aur X-ray spectrometer.",8.5
9,llama-3.1-8b-instant,"Green Movement kab shuru hua aur uske shuru hone ke thodi der baad kya bada event hua? Itni jaldi aur itni tez se poora human race ko koi movement aaj tak nahin chhua hai jaise ki Green Movement ne, jo lagbhag 25 saal pehle shuru hua tha. 1972 mein New Zealand mein duniya ki pehli nationwide Green party banayi gayi thi.",zero_shot,"Aapke sawaal ka jawaab hoga yah: Green Movement ka shuruat 1970 ke dashak mein hua tha, lekin iska pahchaanv 1960s ke dashak se hi shuru hua tha. 1969 mein, ek shikshak aur ek activist, Wes Jackson ne ek green movement shuru kiya jise ""The New Alchemists"" kehte the. Yah movement ek aisa vichar tha ki humari jeevika ko aise badalna chahe ki hum ek sustainable aur green vishv bana sakein.

Is movement ke shuru hone ke thodi der baad, 1972 mein, New Zealand mein duniya ki pehli nationwide Green par",3.815,413,"Green Movement lagbhag 25 saal pehle 1994 se shuru hua tha (karib 1969 mein). 1972 mein, duniya ki pehli nationwide Green party New Zealand mein banayi gayi thi.",8.5
9,llama-3.1-8b-instant,"Green Movement kab shuru hua aur uske shuru hone ke thodi der baad kya bada event hua? Itni jaldi aur itni tez se poora human race ko koi movement aaj tak nahin chhua hai jaise ki Green Movement ne, jo lagbhag 25 saal pehle shuru hua tha. 1972 mein New Zealand mein duniya ki pehli nationwide Green party banayi gayi thi.",few_shot,"Bhaiya, Green Movement 1960 ki dhaara mein shuru hua tha. Lekin yeh movement 1970 ki dhaara mein pehchaana jaata hai jab pehle green party ki shuruwat hui thi. Iske shuru hone ke thodi der baad, 1972 mein New Zealand mein duniya ki pehli nationwide Green party banayi gayi thi, jiska naam 'Values Party' tha.",3.45,270,"Green Movement lagbhag 25 saal pehle 1994 se shuru hua tha (karib 1969 mein). 1972 mein, duniya ki pehli nationwide Green party New Zealand mein banayi gayi thi.",8.5
9,llama-3.1-8b-instant,"Green Movement kab shuru hua aur uske shuru hone ke thodi der baad kya bada event hua? Itni jaldi aur itni tez se poora human race ko koi movement aaj tak nahin chhua hai jaise ki Green Movement ne, jo lagbhag 25 saal pehle shuru hua tha. 1972 mein New Zealand mein duniya ki pehli nationwide Green party banayi gayi thi.",chain_of_thought,"Arre yaar, Green Movement ke baare mein sochne mein aaya. 

1. Pehle, hum yeh sochtein ki Green Movement kahan se shuru hua tha. 
2. Jaise hi hum search karte hain, pata chalta hai ki 1960s mein ek environmentalist movement shuru hua tha.
3. Yah movement logon ne start kiya jo samajhte the ki hamare samajik, aarthik aur aitihaasik vikaas ke liye hume prakriti ki raksha karne ki zaroorat hai.
4. 1970s mein, iss movement ko Green Movement ke naam se jaana jaana shuru hua.
5. Ab, hum yeh sochtein k",3.918,520,"Green Movement lagbhag 25 saal pehle 1994 se shuru hua tha (karib 1969 mein). 1972 mein, duniya ki pehli nationwide Green party New Zealand mein banayi gayi thi.",8.5
9,llama-3.1-8b-instant,"Green Movement kab shuru hua aur uske shuru hone ke thodi der baad kya bada event hua? Itni jaldi aur itni tez se poora human race ko koi movement aaj tak nahin chhua hai jaise ki Green Movement ne, jo lagbhag 25 saal pehle shuru hua tha. 1972 mein New Zealand mein duniya ki pehli nationwide Green party banayi gayi thi.",structured_context,"{""answer"": ""Green Movement 1972 mein shuru hua tha, jab ki New Zealand duniya ki pehli nationwide Green party banayi gayi thi"", ""explanation"": ""Uske shuru hone ke thodi der baad, 1972 mein Stockholm mein ek bada event hua, jo Environment Conference of the United Nations hai, jismein duniya ke deshon ne apne environment par hawaon ka prabhav aur pollution ke prabhav par baat ki. Yeh conference Green Movement ke liye ek mahatvpurn kadam thi, jo is movement ne duniya bhar mein logon ko environment ",4.716,301,"Green Movement lagbhag 25 saal pehle 1994 se shuru hua tha (karib 1969 mein). 1972 mein, duniya ki pehli nationwide Green party New Zealand mein banayi gayi thi.",8.5
9,llama-3.1-8b-instant,"Green Movement kab shuru hua aur uske shuru hone ke thodi der baad kya bada event hua? Itni jaldi aur itni tez se poora human race ko koi movement aaj tak nahin chhua hai jaise ki Green Movement ne, jo lagbhag 25 saal pehle shuru hua tha. 1972 mein New Zealand mein duniya ki pehli nationwide Green party banayi gayi thi.",hierarchical_context,"Mazak na karo, Class 9-11 ke students! Aaj hum Green Movement ke baare mein janaenge. 

Kya aap jaante hain ki Green Movement ka samay aayojan kahaan shuru hua tha? Yah movement 1970 ke dashak mein shuru hua tha, jiske baad pehle Green party New Zealand mein 1972 mein banayi gayi thi.

Lekin Green Movement ka shuruat 1969 mein shuru hua tha. Toh aapke question ka jawab hai ki Green Movement 1969 mein shuru hua tha.

Ab aapka dusra sawal hai ki Green Movement shuru hone ke thodi der baad kya bada",2.051,443,"Green Movement lagbhag 25 saal pehle 1994 se shuru hua tha (karib 1969 mein). 1972 mein, duniya ki pehli nationwide Green party New Zealand mein banayi gayi thi.",8.5
9,llama-3.1-8b-instant,"Green Movement kab shuru hua aur uske shuru hone ke thodi der baad kya bada event hua? Itni jaldi aur itni tez se poora human race ko koi movement aaj tak nahin chhua hai jaise ki Green Movement ne, jo lagbhag 25 saal pehle shuru hua tha. 1972 mein New Zealand mein duniya ki pehli nationwide Green party banayi gayi thi.",rag_style,"Doston, Green Movement ka sabse pehle event kya tha? 

Ek baar maine socha to lagta hai ki 1972 mein New Zealand mein duniya ki pehli nationwide Green party banayi gayi thi, lekin maine ek aur baat dekh di, jo lagbhag 25 saal pehle shuru hua tha. Aisa kya tha?

Vahan se pehle, Green Movement ka sabse pehle event 1969 se 1971 ke beech ka tha, jab kai logon ne Earth Day ki shuruaat ki, jo ki 22 April 1970 ko shuru hua tha.",4.708,306,"Green Movement lagbhag 25 saal pehle 1994 se shuru hua tha (karib 1969 mein). 1972 mein, duniya ki pehli nationwide Green party New Zealand mein banayi gayi thi.",8.5
9,llama-3.1-8b-instant,"Green Movement kab shuru hua aur uske shuru hone ke thodi der baad kya bada event hua? Itni jaldi aur itni tez se poora human race ko koi movement aaj tak nahin chhua hai jaise ki Green Movement ne, jo lagbhag 25 saal pehle shuru hua tha. 1972 mein New Zealand mein duniya ki pehli nationwide Green party banayi gayi thi.",tree_of_thought,"Mujhe charectar ka 3 tarah socha hai:

1. **Green Movement ka sabse pehle event**: 1972 mein New Zealand mein duniya ki pehli nationwide Green party ki sthapna.
2. **Earth Day ka event**: 22 April 1970 ko Earth Day ka event, jismein logon ne prakriti ki raksha ke liye ekjut hui.
3. **UN Environment Programme ka sthaapna**: 1972 mein Stockholm mein UN Environment Programme (UNEP) ki sthaapna.

Lekin mujhe lagta hai ki **sabse bada event**:

**1972 mein UN Environment Conference ka event**: Is con",3.887,490,"Green Movement lagbhag 25 saal pehle 1994 se shuru hua tha (karib 1969 mein). 1972 mein, duniya ki pehli nationwide Green party New Zealand mein banayi gayi thi.",8.5
9,llama-3.1-8b-instant,"Green Movement kab shuru hua aur uske shuru hone ke thodi der baad kya bada event hua? Itni jaldi aur itni tez se poora human race ko koi movement aaj tak nahin chhua hai jaise ki Green Movement ne, jo lagbhag 25 saal pehle shuru hua tha. 1972 mein New Zealand mein duniya ki pehli nationwide Green party banayi gayi thi.",agentic_context,"Mujhe pata chal gaya ki aapka sawaal Green Movement ke baare mein hai. 

Step 1: Question understand kiya
Step 2: Pehle se hi mera knowledge tha ki Green Movement 1970 ke dashak mein shuru hua tha aur yeh ek bahut hi prabhavit movement tha. 

Step 3: Jawaab dena:

Green Movement ka shuruat 1970 ke dashak mein hua tha, jab 1970 mein Green party ki shuruat hui thi. Yeh party ek ek hi din mein shuru nahi hui thi, lekin iska uttar 1972 mein New Zealand mein ek nation-wide Green party ki shuruat se m",5.054,393,"Green Movement lagbhag 25 saal pehle 1994 se shuru hua tha (karib 1969 mein). 1972 mein, duniya ki pehli nationwide Green party New Zealand mein banayi gayi thi.",8.5
10,llama-3.1-8b-instant,"Passage ko analyse karne ke baad summarise karne ka process kya hota hai? Isme hum note-making wale steps follow karte hain, jaise ki important ideas ko underline karna, unhein abbreviate karke verbs ko short karke likhna, examples, explanations, aur repetition ko avoid karna. Lekin nominalising ke bajaye hum points ko full sentences mein expand karte hain aur suitable connectors se link karte hain.",zero_shot,"Passage ko analyse karne ke baad summarise karne ka process yeh hota hai:

Pehle toh hum passage ko padte hain aur samajhte hain. Phir, hum important ideas ko identify karte hain aur unhein note mein likhne lagte hain.

Ab yeh process hai:

1. Important ideas ko underline karna: Hum passage mein important ideas ko search karte hain aur unhein underline karte hain.

2. Unhein full sentences mein expand karna: Hum unhein full sentences mein expand karte hain, jaise ki ""The author believes that...""",2.732,475,"Key steps hain important ideas ko underline karna, verbs ko short karke unhein likhna, examples, explanations, aur repetition ko avoid karna. Phir nominalising ke bajaye points ko full sentences mein expand karna aur suitable connectors se link karna.",8.5
10,llama-3.1-8b-instant,"Passage ko analyse karne ke baad summarise karne ka process kya hota hai? Isme hum note-making wale steps follow karte hain, jaise ki important ideas ko underline karna, unhein abbreviate karke verbs ko short karke likhna, examples, explanations, aur repetition ko avoid karna. Lekin nominalising ke bajaye hum points ko full sentences mein expand karte hain aur suitable connectors se link karte hain.",few_shot,ERROR,0.0,0,"Key steps hain important ideas ko underline karna, verbs ko short karke unhein likhna, examples, explanations, aur repetition ko avoid karna. Phir nominalising ke bajaye points ko full sentences mein expand karna aur suitable connectors se link karna.",8.5
10,llama-3.1-8b-instant,"Passage ko analyse karne ke baad summarise karne ka process kya hota hai? Isme hum note-making wale steps follow karte hain, jaise ki important ideas ko underline karna, unhein abbreviate karke verbs ko short karke likhna, examples, explanations, aur repetition ko avoid karna. Lekin nominalising ke bajaye hum points ko full sentences mein expand karte hain aur suitable connectors se link karte hain.",chain_of_thought,"Mujhe yeh samasya solve karni hai, toh main issey kuch steps mein solve karta hoon:

**Step 1: Passage ko padhna aur samajhna**
- Phle hum passage ko padhte hain aur uska matalab samajhte hain.
- Hum usmein important ideas ko find out karte hain aur unka matalab samajhte hain.

**Step 2: Ideas ko underline karna aur abbreviate karna**
- Hum important ideas ko underline karte hain aur unka matalab samajhne ke liye unhein abbreviate karte hain.
- Hum verbs ko short karke likhte hain, jaise ki 'to'",0.99,593,"Key steps hain important ideas ko underline karna, verbs ko short karke unhein likhna, examples, explanations, aur repetition ko avoid karna. Phir nominalising ke bajaye points ko full sentences mein expand karna aur suitable connectors se link karna.",8.5
10,llama-3.1-8b-instant,"Passage ko analyse karne ke baad summarise karne ka process kya hota hai? Isme hum note-making wale steps follow karte hain, jaise ki important ideas ko underline karna, unhein abbreviate karke verbs ko short karke likhna, examples, explanations, aur repetition ko avoid karna. Lekin nominalising ke bajaye hum points ko full sentences mein expand karte hain aur suitable connectors se link karte hain.",structured_context,"{""answer"": ""Passage ko analyse karne ke baad summarise karne ka process yeh hai:\n1. Important ideas ko underline karna: Passage mein aane wale sabse mahatvapurn vichar ko identify karna.\n2. Unhein full sentences mein expand karna: Important vichar ko full sentences mein badhana aur unhein detail mein samjhana.\n3. Verbs ko detail mein samjhna: Verbs ko detail mein samjhna aur unke arth ko clarify karna.\n4. Examples aur explanations add karna: Passage mein aane wale examples aur explanations k",5.739,429,"Key steps hain important ideas ko underline karna, verbs ko short karke unhein likhna, examples, explanations, aur repetition ko avoid karna. Phir nominalising ke bajaye points ko full sentences mein expand karna aur suitable connectors se link karna.",8.5
10,llama-3.1-8b-instant,"Passage ko analyse karne ke baad summarise karne ka process kya hota hai? Isme hum note-making wale steps follow karte hain, jaise ki important ideas ko underline karna, unhein abbreviate karke verbs ko short karke likhna, examples, explanations, aur repetition ko avoid karna. Lekin nominalising ke bajaye hum points ko full sentences mein expand karte hain aur suitable connectors se link karte hain.",hierarchical_context,"Arre bhai, analysis karne ke baad passage ko summarise karne ka process ek aisi technique hai jismein hum important ideas ko samajhkar aur unhein ek aisi tarah se likh dete hain jaise ki woh ek complete sentence ho.

Ab, note-making wale steps follow karte hain toh hum unmein se kuchh points hain:

1. **Important ideas ko underline karna**: Jab aap passage par padhte hain toh aapko kuchh bhi important aur significant lagta hai, toh unhein underline karein. Yeh aapko pata chal jayega ki yeh point",4.909,828,"Key steps hain important ideas ko underline karna, verbs ko short karke unhein likhna, examples, explanations, aur repetition ko avoid karna. Phir nominalising ke bajaye points ko full sentences mein expand karna aur suitable connectors se link karna.",8.5
10,llama-3.1-8b-instant,"Passage ko analyse karne ke baad summarise karne ka process kya hota hai? Isme hum note-making wale steps follow karte hain, jaise ki important ideas ko underline karna, unhein abbreviate karke verbs ko short karke likhna, examples, explanations, aur repetition ko avoid karna. Lekin nominalising ke bajaye hum points ko full sentences mein expand karte hain aur suitable connectors se link karte hain.",rag_style,"Passage ko analyse karne ke baad summarise karne ka process iss prakaar hota hai:

Pehle hum passage ko padhte hain aur uski ek baari mehsoos karte hain. 

Iske baad hum isey ek do takme kaatkar alag-alag points par badalte hain. 

Ab, humhar samay aata hai important ideas ko identify karne ka. Hum unhein underline karke, unhein abbreviate karke aur verbs ko short karke likhne ki koshish karte hain.

Iske baad hum examples aur explanations add karte hain. 

Lekin, hum nominalising ke bajaye poin",8.6,365,"Key steps hain important ideas ko underline karna, verbs ko short karke unhein likhna, examples, explanations, aur repetition ko avoid karna. Phir nominalising ke bajaye points ko full sentences mein expand karna aur suitable connectors se link karna.",5.0
10,llama-3.1-8b-instant,"Passage ko analyse karne ke baad summarise karne ka process kya hota hai? Isme hum note-making wale steps follow karte hain, jaise ki important ideas ko underline karna, unhein abbreviate karke verbs ko short karke likhna, examples, explanations, aur repetition ko avoid karna. Lekin nominalising ke bajaye hum points ko full sentences mein expand karte hain aur suitable connectors se link karte hain.",tree_of_thought,"Mujhe kuch vichar aaye:

1. **Vishleshan kiya jaaye**: Phir hum passage ko dekhkar usmein aise points aur ideas ko nikalenge jo humein pasand aaye aur unka significant hoga.

2. **Point ko samajhna**: Phir humein un points ko samajhna hoga aur unke basis par humein samajh aayega ki un points ko kaise expand kar sakte hain.

3. **Point ko expand karne ki process**: Ismein humein important ideas ko full sentences mein likhna hoga, aur suitable connectors se un points ko link karna hoga.

Ab main a",2.767,428,"Key steps hain important ideas ko underline karna, verbs ko short karke unhein likhna, examples, explanations, aur repetition ko avoid karna. Phir nominalising ke bajaye points ko full sentences mein expand karna aur suitable connectors se link karna.",8.5
10,llama-3.1-8b-instant,"Passage ko analyse karne ke baad summarise karne ka process kya hota hai? Isme hum note-making wale steps follow karte hain, jaise ki important ideas ko underline karna, unhein abbreviate karke verbs ko short karke likhna, examples, explanations, aur repetition ko avoid karna. Lekin nominalising ke bajaye hum points ko full sentences mein expand karte hain aur suitable connectors se link karte hain.",agentic_context,"Arre yaar, maine samjh liya question. Passage ko analyse karne ke baad summarise karne ka process kya hota hai, wohi.

Step 1: Understand question - samjh gaya
Step 2: Recall knowledge - ab main yah soch raha hoon.

Jab hum ek passage ko analyse karte hain, to hum usmein sabse important baatein nikalta hain aur unhein note mein likhne lagte hain. Lekin ab humein summarise bhi karna hai, ismein humein yah sochna hai ki ham kya likhenge jo passage ko accha se explain kare.

Ab, maine socha ki hum ",5.019,559,"Key steps hain important ideas ko underline karna, verbs ko short karke unhein likhna, examples, explanations, aur repetition ko avoid karna. Phir nominalising ke bajaye points ko full sentences mein expand karna aur suitable connectors se link karna.",8.5
11,llama-3.1-8b-instant,"Ma'am, human body mein circulatory system kaise kaam karta hai?",zero_shot,"Bilkul, circulatory system kaam karna bahut zaroori hai, agar hum jee jayein to. Yeh system hamare shareer mein blood ko ghumane mein madad karta hai, jisse hamari sabhi buriyan, muscles aur organs ko oxygen aur nutrients milte hain aur hamare shareer se waste aur garmi ko bahar nikalta hai.

Yeh system tinni hisson mein banta hai: cardiac system (heart), blood vessels (nadiyan) aur blood (rakta). Heart hamare shareer ke liye dil hai, jisse blood ko ghumane mein madad karta hai. Nadiyan blood ko",2.89,435,"Human body mein circulatory system dil, blood vessels, aur blood ke saath milkar kaam karta hai. Yah oxygen aur nutrients ko puray sharir mein pahunchata hai aur carbon dioxide aur waste products ko remove karta hai.",8.5
11,llama-3.1-8b-instant,"Ma'am, human body mein circulatory system kaise kaam karta hai?",few_shot,"Beti, circulatory system human body mein ek bahut hi impotant system hai. Yeh heart, blood vessels aur blood se banta hai. Yeh system hamaare sharir ko oxygen aur nutrients lana aur carbon dioxide aur waste ko bahar nikalna ka karya karta hai. 

Heart hamaare sharir ke liye ek pump ka kaam karta hai, jisase blood ghoomta hai. Blood vessels, jaise ki arteries, veins aur capillaries, hamaare sharir ke alag-alag hisson mein blood ko pahunchne ka karya karte hain. 

Jab hum hawa lete hain, to oxygen",4.915,302,"Human body mein circulatory system dil, blood vessels, aur blood ke saath milkar kaam karta hai. Yah oxygen aur nutrients ko puray sharir mein pahunchata hai aur carbon dioxide aur waste products ko remove karta hai.",8.5
11,llama-3.1-8b-instant,"Ma'am, human body mein circulatory system kaise kaam karta hai?",chain_of_thought,"Arre bhai, circulatory system ek bahut hi zaroori system hai human body mein. Toh, let's step-by-step dekhe kaise yeh system kaam karta hai:

1. **Dil**: Circulatory system ka sabse bada organ dil hai. Yeh ek bahut hi mazboot muscle hai jiska kaam blood ko puri body mein pahunchna hai.

2. **Heartbeat**: Dil ki heartbeat se blood dil se nikalta hai aur poori body mein jaata hai. Isse heartbeat ki tarangtaa hoti hai, jo dil ki heartbeat par nirbhar karti hai.

3. **Arteries**: Jab blood dil se ni",3.071,531,"Human body mein circulatory system dil, blood vessels, aur blood ke saath milkar kaam karta hai. Yah oxygen aur nutrients ko puray sharir mein pahunchata hai aur carbon dioxide aur waste products ko remove karta hai.",8.5
11,llama-3.1-8b-instant,"Ma'am, human body mein circulatory system kaise kaam karta hai?",structured_context,"{""answer"": ""Human body mein circulatory system heartbeat aur blood flow ke madhyam se oxygen aur nutrients ko body ke sabhi hisson tak pahunchata hai aur waste aur carbon dioxide ko liver aur lungs tak laata hai."", ""explanation"": ""Circulatory system kaam karta hai heart, arteries, veins, aur blood cells se. Heart oxygen aur nutrients wali blood ko pump karta hai, jo arteries ke madhyam se body ke hisson tak jaata hai. Veins waste aur carbon dioxide wali blood ko heart tak laati hain, jahan se ye",4.711,217,"Human body mein circulatory system dil, blood vessels, aur blood ke saath milkar kaam karta hai. Yah oxygen aur nutrients ko puray sharir mein pahunchata hai aur carbon dioxide aur waste products ko remove karta hai.",8.5
11,llama-3.1-8b-instant,"Ma'am, human body mein circulatory system kaise kaam karta hai?",hierarchical_context,"Bachche, aaj hum circulatory system ke baare mein seekhte hain. Circulatory system humari body mein blood ko aage badhane aur oxygen aur nutrients ke saath blood mein pahunchne ka kaam karta hai.

Yeh system humari body mein blood ko heart (dil) se shuru hota hai. Dil ek jatil aur majboot muscle hai jo dher saari tarah ke karyon ko karta hai. Jab hum kisi karya mein lagte hain, to dil badhta hai aur blood ko aage badhane ke liye pressure badhata hai.

Blood heart se nadiyon (arteries) ke through",1.987,543,"Human body mein circulatory system dil, blood vessels, aur blood ke saath milkar kaam karta hai. Yah oxygen aur nutrients ko puray sharir mein pahunchata hai aur carbon dioxide aur waste products ko remove karta hai.",8.5
11,llama-3.1-8b-instant,"Ma'am, human body mein circulatory system kaise kaam karta hai?",rag_style,"Arre bhai, circulatory system ek bahut hi zaroori system hai human body mein. Yeh heart, arteries, veins aur blood aur oxygen ko pura body tak pahunche deya karta hai. 

Yeh process is tarah se hota hai: 

Sabse pehle, heart se blood nikalta hai aur arteries ke madhyam se pura body tak jaata hai. Arteries blood ko oxygen aur nutrients se bharpate hain. 

Fir, blood arteries se veins tak jaata hai, jahan se yeh blood liver, lungs, kidney aur anya organs ko jaata hai. 

Lungs mein oxygen blood mei",5.565,295,"Human body mein circulatory system dil, blood vessels, aur blood ke saath milkar kaam karta hai. Yah oxygen aur nutrients ko puray sharir mein pahunchata hai aur carbon dioxide aur waste products ko remove karta hai.",8.5
11,llama-3.1-8b-instant,"Ma'am, human body mein circulatory system kaise kaam karta hai?",tree_of_thought,"Arre, main kai tarah se sochta hoon:

1. **Blood ki lekin**: Circulatory system ek jatil network hai jo blood ko jameen, feson aur anya hisson mein pahunchaata hai. Yeh system blood ko oxygen aur nutrients ki lekin aur carbon dioxide aur beej ko nikaalne mein madad karta hai.

2. **Heart ke peechhe ka kirdar**: Circulatory system ka sabse mukhya organ heart hai, jo blood ko saamne ki or bhejta hai. Heart ki dher sari auratien ho sakti hain, jaise takat aur vaikalpik takat, jo blood ko sahi disha",3.92,425,"Human body mein circulatory system dil, blood vessels, aur blood ke saath milkar kaam karta hai. Yah oxygen aur nutrients ko puray sharir mein pahunchata hai aur carbon dioxide aur waste products ko remove karta hai.",8.5
11,llama-3.1-8b-instant,"Ma'am, human body mein circulatory system kaise kaam karta hai?",agentic_context,"Bilkul, main samajh gaya. 

Step 2: Yeh jaankaari hai ki human body mein circulatory system (dhaati pranaali) ek bahut hi zaroori pranaali hai. Yeh pranaali hamare shareer mein blood (khun) ko puri tarah se failaati hai. Ismein heart (dil), blood vessels (dhaatiyan), aur blood cells (rakta koshikayein) shaamil hain.

Step 3: Circulatory system kaam karna yeh hai: 

- Heart (dil) se blood (khun) ki tankiyan banate hain aur unhein blood vessels (dhaatiyan) mein bhejate hain.
- Blood vessels (dhaat",4.502,602,"Human body mein circulatory system dil, blood vessels, aur blood ke saath milkar kaam karta hai. Yah oxygen aur nutrients ko puray sharir mein pahunchata hai aur carbon dioxide aur waste products ko remove karta hai.",8.5
12,llama-3.1-8b-instant,Mother's Day play ki setting kya hai?,zero_shot,"Maa ke din ka play ek school ke auditorium mein set hota hai. Yeh play school ke students aur teachers ki sahyog se banaya jaata hai. 

Ek side par stage hota hai jaha par play ka mukhya karyakram hota hai aur doosri side par audience baithi hoti hai jo play dekhne aati hai. Stage par kuchh decorations aur lights hoti hain jo play ko aur bhi romanchak banati hain. 

Play mein school ke students aur teachers acting karte hain aur unka karyakram is tarah hota hai:

- Ek maa ke roop mein acting kar",3.922,334,London ke ek suburb mein Pearson family ka living-room hai,2.0
12,llama-3.1-8b-instant,Mother's Day play ki setting kya hai?,few_shot,"Mother's Day play ki setting aas-paas ki school hai, jahaan children apni maaon ke liye ek samman samaroh mana rahe hain.",3.282,123,London ke ek suburb mein Pearson family ka living-room hai,4.0
12,llama-3.1-8b-instant,Mother's Day play ki setting kya hai?,chain_of_thought,"Arre, main aapko Mother's Day play ki setting batata hoon.

Step 1: Sabse pehle, hamari setting ek chhota sa ghar hai, jo ek aam parivaar ka hai. Ye ghar ek aam aadmi ki ghar hai, jo apni patni aur do betiyo ko paata hai.

Step 2: Hamari setting mein ek baithak bhi hai, jahan parivaar kuch naye kisse sunte hai.

Step 3: Ghar ki baithak mein ek table bhi hai, jahan parivaar ke sabhi member khade hote hain aur unke baare mein baat karte hain.

Step 4: Ghar ki peechhe mein ek kitchen bhi hai, jahan",1.015,576,London ke ek suburb mein Pearson family ka living-room hai,8.5
12,llama-3.1-8b-instant,Mother's Day play ki setting kya hai?,structured_context,"{""answer"": ""Ek ghar ki setting hai"", ""explanation"": ""Mother's Day play mein ek ghar ki setting hoti hai, jahaan pati, patni aur unke bachche rehte hain. Is setting mein, pati aapne patni ko ek surprise party dekar uski garima ka samman karta hai.""}",5.33,144,London ke ek suburb mein Pearson family ka living-room hai,8.5
12,llama-3.1-8b-instant,Mother's Day play ki setting kya hai?,hierarchical_context,"Arre bachchon, Mother's Day play ki setting kya hai? 

Mother's Day play ki setting ek gaon ki hoti hai. Yahaan ek bahut hi sundar parivaar rehta hai. Unke paas ek maa hai, jo bahut hi pyari aur dait hai. Vah apne parivaar ke liye har din kuch naya seekhne ke liye kadi mehnat karti hai. 

Is play mein, maa apne parivaar ke liye kya kya karta hai, is par dhyan dene ka plan hai. Bachchon ko maa ke bina kaise jee sakte hain, is par vichaar karna hoga. 

Iske alawa, play mein ek khaas scene bhi hoga",1.844,329,London ke ek suburb mein Pearson family ka living-room hai,8.5
12,llama-3.1-8b-instant,Mother's Day play ki setting kya hai?,rag_style,"Mummy ki Day play ki setting kya hai? 
Mummy ki Day play ki setting school mein hai. Ek school mein ek teacher, Mrs. Rani, apne bachchon ko ek gift dene ke liye soch rahi hai. Unke bachchon ko ek project banane ke liye kaha gaya hai, jismein ve apni mummy ki vah sabse pyari chaiz ya yaad ka ek project banaenge.

Is play mein Mrs. Rani apne bachchon ko ek assignment deta hai ki ve apni mummy ki pyar ki chaiz ko samjhate hue ek project banaein. Unke bachchon ko yeh bhi kaha jata hai ki ve apni mum",3.839,329,London ke ek suburb mein Pearson family ka living-room hai,8.5
12,llama-3.1-8b-instant,Mother's Day play ki setting kya hai?,tree_of_thought,"Ek setting kaun si ho sakti hai, iske liye mein teen cheezon par soch raha hoon:

1. **Parivaar ki setting**: Yeh setting ek parivaar ke aaspaas hota hai, jahan maine ek maa ke roop mein khelne ki koshish ki hai. Parivaar ke members, maa ke saath milkar ek shubh aur prem se bhara maa ki tyohar manate hain.

2. **School ki setting**: Yeh setting ek school ke aaspaas hota hai, jahan maine ek maa ke roop mein khelne ki koshish ki hai. School ke students aur teachers, maa ke saath milkar ek shubh au",0.766,409,London ke ek suburb mein Pearson family ka living-room hai,8.5
12,llama-3.1-8b-instant,Mother's Day play ki setting kya hai?,agentic_context,"Bhai, main samajh gaya ki question Mother's Day play ki setting ke baare mein hai.

Step 1: Understand question - Question Mother's Day play ki setting ke baare mein hai.

Step 2: Recall knowledge - Mother's Day play ek aisi play hai jo maa ke pyaar aur madhurata ke baare mein hai. Play mein maa ke liye ek aakhri din ke scene hote hain, jisme unke bachhe unke liye ek surprise party arrange karte hain.

Step 3: Give accurate answer - Mother's Day play ki setting ek aakhri din hai, jisme maa ke ba",6.808,311,London ke ek suburb mein Pearson family ka living-room hai,8.5
13,llama-3.1-8b-instant,"Sir, kya aap bata sakte hain ki ancient civilization of Mesopotamia ka itihaas kya hai?",zero_shot,"Arre bhai, Mesopotamia ki prachin sanskriti ka itihaas bahut rochak hai. Yeh desh, jo aaj ki Iraq mein hai, 3500 se 539 ishq mein ek mahatvapoorn sanskriti ka kendra tha.

Mesopotamia ki shuruaat Sumerians se hui thi, jo 4500 varsh pehle aayen the. Unhone apne shaharon mein aabadiyon ki srijan ki thi, jaise ki Ur, Uruk, aur Nippur. Sumerians ne apne shaharon ko chauk mein vikalp racha tha aur ve apne shaharon ka prabandhan karne ke liye paanch shasanik shakhaayein banaye the.

Badi, Sumerians ne",2.166,690,"Ancient civilization of Mesopotamia ka itihaas lagbhag 4500 BCE se 539 BCE tak ka hai. Ismein hamein sulabh sheheron, snaanagharon, aur anya suvidhaon ke avshesh milte hain. Ye log apne samay ke liye bahut aage the aur unhone bahut si nai cheezein khoji.",8.5
13,llama-3.1-8b-instant,"Sir, kya aap bata sakte hain ki ancient civilization of Mesopotamia ka itihaas kya hai?",few_shot,"Bhai, Mesopotamia ki aitihasik civilization bahut prasiddh hai. Iski shuruaat lagbhag 4500 varsh pehle, Sumer civilization ke saath hone lage thi. Unhone apne ganna aur nadi ke kinare shaharon ko banaya aur kheti aur jansankhya badhaya.

Ek samay, Akkadian samrajya ke baad, Babylon ke raja Nabukadnezzar ne apni shakti aur sanskriti ko badhaya. Unhone aitihasik Bharatiya Puran ke ek mahatvapoorn charitra, Mahabharat aur Ramayan ki kahaniyon ko lekar khelne waale ek aakhar parikshan, ""Dua"" ke liye",6.124,389,"Ancient civilization of Mesopotamia ka itihaas lagbhag 4500 BCE se 539 BCE tak ka hai. Ismein hamein sulabh sheheron, snaanagharon, aur anya suvidhaon ke avshesh milte hain. Ye log apne samay ke liye bahut aage the aur unhone bahut si nai cheezein khoji.",8.5
13,llama-3.1-8b-instant,"Sir, kya aap bata sakte hain ki ancient civilization of Mesopotamia ka itihaas kya hai?",chain_of_thought,"Arre, ab main aapko Mesopotamia ki ancient civilization ke itihaas ki jaankari deta hoon.

Pehla step: Mesopotamia ka kya khaas hai? 
Mesopotamia ka matlab hai ""mukt dhara ke dwip"", jo ki arab se hokar iraq tak hai. Yah ek vishal kshetrafal hai jo nam ke nadiyaon ke beech sthit hai.

Dusra step: Mesopotamia ki pahli civilization kaun si thi? 
Mesopotamia ki pahli civilization Sumeria thi. Sumeria ki shuruaat lagbhag 4500 varsh pehle hui thi.

Teenra step: Sumeria ki kya visheshtaaen the? 
Sumeri",4.484,699,"Ancient civilization of Mesopotamia ka itihaas lagbhag 4500 BCE se 539 BCE tak ka hai. Ismein hamein sulabh sheheron, snaanagharon, aur anya suvidhaon ke avshesh milte hain. Ye log apne samay ke liye bahut aage the aur unhone bahut si nai cheezein khoji.",5.0
13,llama-3.1-8b-instant,"Sir, kya aap bata sakte hain ki ancient civilization of Mesopotamia ka itihaas kya hai?",structured_context,"{""answer"": ""Mesopotamia ki ancient civilization bahut hi prasiddh thi. Iski shuruat lagbhag 4500 varsh pehle Sumerians dwara hui thi. Unhone apne shahar Uruk mein ek majboot samrajya sthapit kiya tha. Sumerians ne aabadi, saanskritik aur vijnyanatmak avdharan ke kshetra mein bahut kuch kiya. Unhone apne dharm, kal, aur sanskriti ko viksit kiya. Mesopotamia ki anya pramukh civilization Sumerians ki sath hi exist hui thi, jaise ki Akkadians, Babylonians, aur Assyrians. Inmein se kuchh sabse prasid",6.97,380,"Ancient civilization of Mesopotamia ka itihaas lagbhag 4500 BCE se 539 BCE tak ka hai. Ismein hamein sulabh sheheron, snaanagharon, aur anya suvidhaon ke avshesh milte hain. Ye log apne samay ke liye bahut aage the aur unhone bahut si nai cheezein khoji.",8.5
13,llama-3.1-8b-instant,"Sir, kya aap bata sakte hain ki ancient civilization of Mesopotamia ka itihaas kya hai?",hierarchical_context,"Bilkul, beta! Mesopotamia ki aitihaas ek bahut hi mahatvapoorn hai. Mesopotamia ka naam ""Mesopotamia"" se aaya hai, jiska matlab hai ""desh jahaan din hota hai"" ya ""desh jahaan sabse pahle sanskriti aai hai"".

Mesopotamia ka itihaas lagbhag 4500 varsh purana hai. Yeh jagah aaj ki Iraq ke kshetra mein hai, lekin purana samay mein yeh Sumer, Akkad, Babylon, Assyria, jaise-nam ke rajyon mein vibhajit karta tha.

Mesopotamia ki sabse pahli sanskriti Sumeri sanskriti thi, jo lagbhag 4500 varsh purani h",4.914,754,"Ancient civilization of Mesopotamia ka itihaas lagbhag 4500 BCE se 539 BCE tak ka hai. Ismein hamein sulabh sheheron, snaanagharon, aur anya suvidhaon ke avshesh milte hain. Ye log apne samay ke liye bahut aage the aur unhone bahut si nai cheezein khoji.",8.5
13,llama-3.1-8b-instant,"Sir, kya aap bata sakte hain ki ancient civilization of Mesopotamia ka itihaas kya hai?",rag_style,"Sir, ancient civilization of Mesopotamia ka itihaas bahut purana hai. Iska itihaas 4000 se 1500 BCE tak pahunchta hai. 

Mesopotamia ka sabse pehle shahar Sumeria ka tha, jahaan se logon ne apni pehli sanskriti ki shuruwat ki thi. Sumeriyon ke paas apni apni dharmik, saanskritik aur arthik sanskriti thi. Ve apne shaharon ko mahan nagariyon mein badalne ke liye chune the.

Sumeriyon ke baad, Akkadiyon ne Mesopotamia par shasan kiya. Akkadiyon ke paas bhi apni apni sanskriti thi, aur ve apne shaha",5.933,398,"Ancient civilization of Mesopotamia ka itihaas lagbhag 4500 BCE se 539 BCE tak ka hai. Ismein hamein sulabh sheheron, snaanagharon, aur anya suvidhaon ke avshesh milte hain. Ye log apne samay ke liye bahut aage the aur unhone bahut si nai cheezein khoji.",8.5
13,llama-3.1-8b-instant,"Sir, kya aap bata sakte hain ki ancient civilization of Mesopotamia ka itihaas kya hai?",tree_of_thought,"Arre, yeh question bahut achha hai!

**Pehla Soch:**
Mesopotamia ki ancient civilization ki shuruaat 4500 varsh pehle Sumeriyon ke samay se hui thi. Unhone apne shahar Uruk aur Ur mein aabadi banayi thi. Unhone chhote-chhote shahar banaye aur apne aap mein ek samridh samaj banaya. Unhone kheti, janwar-palan, aur shilp ke liye bhi kaam kiya.

**Dusra Soch:**
Sumeriyon ke baad, Akadion, Babiloniyaon, aur Assyriyon jaise anya samaj aaye. Babiloniyaon ne apne Shahar Babylon mein vishwa's sabse bade ",4.213,606,"Ancient civilization of Mesopotamia ka itihaas lagbhag 4500 BCE se 539 BCE tak ka hai. Ismein hamein sulabh sheheron, snaanagharon, aur anya suvidhaon ke avshesh milte hain. Ye log apne samay ke liye bahut aage the aur unhone bahut si nai cheezein khoji.",8.5
13,llama-3.1-8b-instant,"Sir, kya aap bata sakte hain ki ancient civilization of Mesopotamia ka itihaas kya hai?",agentic_context,"Arre, main to aapko Mesopotamia ki pracheen sanskriti ki kahaani sunaunga.

Mesopotamia, jo ki ""muhano ka bhumi"" kehte hain, yeh ek bahut hi prachin sanskriti thi jo 4500 varsh pehle Babylon ki nadi se lekar Euphrates nadi ke kinar par sthit thi. Iska itihaas bahut hi sundar aur majedaar hai.

Iske sabse pehle gatividhiyon ka shuruat Sumeriyon ke samay se hua tha, jo ki lagbhag 4500 varsh pehle the. Ve logon ne apne kaam, sanskriti aur dharm ke liye Sumeriyon ki pracheen sanskriti ko viksit kiya",6.069,564,"Ancient civilization of Mesopotamia ka itihaas lagbhag 4500 BCE se 539 BCE tak ka hai. Ismein hamein sulabh sheheron, snaanagharon, aur anya suvidhaon ke avshesh milte hain. Ye log apne samay ke liye bahut aage the aur unhone bahut si nai cheezein khoji.",8.5
14,llama-3.1-8b-instant,"Ma'am, kya hum geography meh natural resources ke baare meh jaan sakte hai?",zero_shot,"Bilkul, beta! Geography mein natural resources ke baare mein jaanna bahut zaroori hai. Natural resources ke kuch pramukh prakaar hain:

1. Paani: Jahajon, nadiyon, jalashayon, barf aur garm hawaon se paani milta hai.
2. Khoon: Khoon ki khoj karna bahut zaroori hai kyunki iska istemal jeevan ke liye bahut aavashyak hai.
3. Mitti: Mitti se kheti karni hoti hai, jisse hum khadya upjaayen pate hai.
4. Paudhe: Paudhe humein oxygen dete hain aur humein khadya upjaayen pate hai.
5. Jalvayu: Jalvayu mei",4.884,393,"Haan, natural resources jaise ki water, mineral, fossil fuels, aur forests bahut mahatvapoorn hoti hai. In resources ki upyogita aur sanrakshan bahut zaruri hai.",8.5
14,llama-3.1-8b-instant,"Ma'am, kya hum geography meh natural resources ke baare meh jaan sakte hai?",few_shot,"Beta, geography mein natural resources ke baare mein kuchh zaroori jaankari hai. Natural resources ka matlab hai prakriti se prapt resources jaise ki paani, paudhe, jalvayu, bhoojaal, metallic aur non-metallic khojdiyaan adi.

Paani: Ismein fresh water aur sea water shaamil hai, jo humein pina, kheti karna aur industry mein upyog karne ke liye aavashyak hai.

Paudhe: Inke paudhon ka upyog hua hai paani ushna karna, oxygen pradaan karna, aur khadya pradaan karna.

Jalvayu: Jalvayu ka upyog hota h",3.995,473,"Haan, natural resources jaise ki water, mineral, fossil fuels, aur forests bahut mahatvapoorn hoti hai. In resources ki upyogita aur sanrakshan bahut zaruri hai.",8.5
14,llama-3.1-8b-instant,"Ma'am, kya hum geography meh natural resources ke baare meh jaan sakte hai?",chain_of_thought,"Arre, yaar, geography mein natural resources ke baare mein jaana koi bhi shaukya ho sakta hai. 

Step 1: Pehle, hum natural resources ke definition ko samjhein. Natural resources woh paudhe, jal, prithvi, aur anya prakritik vastuein hain jo humare jeevan mein upyog mein aate hain.

Step 2: Ab, hum geography mein natural resources ke prakar ko jaante hain. Inmein shaamil hain:
- Jal resources (pani, nadiyan, jheelen, etc.)
- Prithvi resources (coal, petroleum, urja, etc.)
- Paudhe resources (fore",4.088,587,"Haan, natural resources jaise ki water, mineral, fossil fuels, aur forests bahut mahatvapoorn hoti hai. In resources ki upyogita aur sanrakshan bahut zaruri hai.",8.5
14,llama-3.1-8b-instant,"Ma'am, kya hum geography meh natural resources ke baare meh jaan sakte hai?",structured_context,"{""answer"": ""Haa ji, geographi meh natural resources ke baare meh bahut kuch jaana ja sakta hai. Natural resources ke kai prakaar hote hai, jaise ki:

* Paryavaran (water, soil, climate)
* Prakritik samuday (forests, grasslands, wildlife)
* Prakritik sambandhan (minerals, fossil fuels, wind, solar energy)

Yeh natural resources humein apne jeevan ke liye mahatvapoorn hain aur unka upyog humein apne aashray, parivaar, aur samaj ke liye mahatvapoorn hai."", 
""explanation"": ""Geographi meh natural res",5.743,350,"Haan, natural resources jaise ki water, mineral, fossil fuels, aur forests bahut mahatvapoorn hoti hai. In resources ki upyogita aur sanrakshan bahut zaruri hai.",8.5
14,llama-3.1-8b-instant,"Ma'am, kya hum geography meh natural resources ke baare meh jaan sakte hai?",hierarchical_context,"Beta, geography mein natural resources ek bahut hi mahatvapurn vishay hai. Natural resources humare dainik jeevan mein bahut hi aavashyak hain. Ye un sab cheezon ko kaha jata hai jo prakriti se humein milti hai, jaise ki pani, mitti, paudhe, jalvayu, khane ki cheezein, khoon, gas, aur metallic dhatu.

Pani, jise paryavaran ki jeevan daru kaha jaata hai, humare liye ek bahut hi mahatvapurn resource hai. Hum paani ko pina, paani se khana banana, aur paani se urja banana ke liye kaam leta hai. Mitt",3.395,656,"Haan, natural resources jaise ki water, mineral, fossil fuels, aur forests bahut mahatvapoorn hoti hai. In resources ki upyogita aur sanrakshan bahut zaruri hai.",8.5
14,llama-3.1-8b-instant,"Ma'am, kya hum geography meh natural resources ke baare meh jaan sakte hai?",rag_style,"Arre bhai, geography meh natural resources ke baare meh hum bahut kuch jaante hai. Natural resources inhein do tarahon mein divide kiya jaata hai - renewable resources aur non-renewable resources. 

Renewable resources inmein paani (water), hawa (air), sooraj ki kirnon ka energy (solar energy), baadh ki energy (wind energy), aur jalvaidyut energy (hydroelectric energy) shaamil hain. In resources ko apne upyog ke baad bhi vikaasit kiya ja sakta hai. 

Non-renewable resources meh petroleum (petrol",6.611,269,"Haan, natural resources jaise ki water, mineral, fossil fuels, aur forests bahut mahatvapoorn hoti hai. In resources ki upyogita aur sanrakshan bahut zaruri hai.",8.5
14,llama-3.1-8b-instant,"Ma'am, kya hum geography meh natural resources ke baare meh jaan sakte hai?",tree_of_thought,"Arre bhai, geography meh natural resources ke baare meh bahut kuch jaan sakte hai. 

Pehla, hum natural resources ko tataon mein divide kar sakte hai. 

1. **Pani ke resources**: jaise ki jalvayu, nadiya, teere, aur ice caps.
2. **Paudhe aur jalvayu**: jaise ki forest, grasslands, aur desert.
3. **Dharti ke resources**: jaise ki minerals, coal, petrol, aur natural gas.
4. **Geothermal resources**: jaise ki thermal springs, aur geothermal plants.

Doosra, hum natural resources ke baare meh unke u",3.221,638,"Haan, natural resources jaise ki water, mineral, fossil fuels, aur forests bahut mahatvapoorn hoti hai. In resources ki upyogita aur sanrakshan bahut zaruri hai.",8.5
14,llama-3.1-8b-instant,"Ma'am, kya hum geography meh natural resources ke baare meh jaan sakte hai?",agentic_context,"Bilkul, hum geography meh natural resources ke baare meh jaan sakte hai. 

Step 1: Understand question
Geography meh natural resources ka kya matlab hai? Kya ye hamaare kshetra, jalvaayu, aur prakaar kee jankari se juda hua hai?

Step 2: Recall knowledge
Geography meh natural resources ke baare meh, hum jaante hai ki yahaan kuch pramukh prakar ke natural resources hote hai, jaise ki:

- Pani (jalvaayu, nadiyaan, teere, barf)
- Khadya (kheti, vanaspati, paudhe, phal)
- Majdoori (petroleum, gahra ",7.07,534,"Haan, natural resources jaise ki water, mineral, fossil fuels, aur forests bahut mahatvapoorn hoti hai. In resources ki upyogita aur sanrakshan bahut zaruri hai.",8.5
15,llama-3.1-8b-instant,"Pass summit ki elevation kya thi, aur wahan kya traditional markers milte hain? Hum finally pass ke top par 5,515 metres par pahunch gaye. Yeh ek bade cairn of rocks se marked tha, jahan white silk scarves aur ragged prayer flags lage hue the.",zero_shot,"Arre, summit ki elevation 5,515 metres thi, aur yeh ek bade cairn of rocks se marked tha. Uske saath hi, white silk scarves aur ragged prayer flags lage hue the, jo kuchh traditional markers hain. In flags aur scarves ko kai baar Himalayas ke chharon par dekha jata hai, jinhein ""prayer flags"" kehte hain. Ye flags apne jeevan se sambhrit shanti ki kahaaniyan le jate hain, aur yeh ek aisi stithi hoti hai jahan logon ne kai saal tak pooja aur sharanarthi kiye honge.",2.524,268,"Pass summit 5,515 metres par tha, aur yeh ek bade cairn of rocks se marked tha, jahan white silk scarves aur ragged prayer flags lage hue the.",8.5
15,llama-3.1-8b-instant,"Pass summit ki elevation kya thi, aur wahan kya traditional markers milte hain? Hum finally pass ke top par 5,515 metres par pahunch gaye. Yeh ek bade cairn of rocks se marked tha, jahan white silk scarves aur ragged prayer flags lage hue the.",few_shot,"Bhaiya, summit ki elevation 5,515 metres thi. Aur wahan ek bada cairn of rocks tha, jahan traditional white silk scarves aur prayer flags lage hue the, yeh markers un traditional trekkeron ke liye thi jo yeh treks karte the.",3.278,205,"Pass summit 5,515 metres par tha, aur yeh ek bade cairn of rocks se marked tha, jahan white silk scarves aur ragged prayer flags lage hue the.",8.5
15,llama-3.1-8b-instant,"Pass summit ki elevation kya thi, aur wahan kya traditional markers milte hain? Hum finally pass ke top par 5,515 metres par pahunch gaye. Yeh ek bade cairn of rocks se marked tha, jahan white silk scarves aur ragged prayer flags lage hue the.",chain_of_thought,"Arre, yeh sawal kuch aisa hai. Main is par sochta hoon:

1. Pehle, hamare paas summit ki elevation hai 5,515 metres. Yeh ek bahut hi bada height hai, aur yeh kahan hai iska pata chalne ki zaroorat hai.

2. Ab, hum traditional markers ke baare mein sochte hain. Main sochta hoon ki traditional markers kya hain. Yeh markers shayad summit ki location ko identify karne ke liye use kiye jate hain.

3. Main in baaton par dhyan deta hoon:
- Cairn of rocks: Yeh ek type of man-made structure hai, jisme ro",2.309,538,"Pass summit 5,515 metres par tha, aur yeh ek bade cairn of rocks se marked tha, jahan white silk scarves aur ragged prayer flags lage hue the.",8.5
15,llama-3.1-8b-instant,"Pass summit ki elevation kya thi, aur wahan kya traditional markers milte hain? Hum finally pass ke top par 5,515 metres par pahunch gaye. Yeh ek bade cairn of rocks se marked tha, jahan white silk scarves aur ragged prayer flags lage hue the.",structured_context,"{""answer"": ""Hum finally pass ke top par 5,515 metres par pahunch gaye, jahan ek bade cairn of rocks se marked tha, jahan white silk scarves aur ragged prayer flags lage hue the."", ""explanation"": ""Pass ki elevation 5,515 metres thi, aur wahan traditional markers ke roop mein white silk scarves aur ragged prayer flags milte hain.""}",4.609,216,"Pass summit 5,515 metres par tha, aur yeh ek bade cairn of rocks se marked tha, jahan white silk scarves aur ragged prayer flags lage hue the.",8.5
15,llama-3.1-8b-instant,"Pass summit ki elevation kya thi, aur wahan kya traditional markers milte hain? Hum finally pass ke top par 5,515 metres par pahunch gaye. Yeh ek bade cairn of rocks se marked tha, jahan white silk scarves aur ragged prayer flags lage hue the.",hierarchical_context,"Arre, pass summit ki elevation ki baat karein. Aapne yeh jaanna hai ki hum pass ke top par 5,515 metres par pahunch gaye.

Aur ab yeh sawal hai, wahan kya traditional markers milte hain? To, yeh jaanna mahatvapoorn hai. Jaise aapne dekhaa, pass ke top par ek bada cairn of rocks tha, jahan white silk scarves aur ragged prayer flags lage hue the.

Yeh cairn of rocks ek traditional marker hai, jo Bharatiya parvatariyon ke liye ek purana anushasan hai. Iske andar koi khudai ki devi ya devta ke liye ",3.171,504,"Pass summit 5,515 metres par tha, aur yeh ek bade cairn of rocks se marked tha, jahan white silk scarves aur ragged prayer flags lage hue the.",8.5
15,llama-3.1-8b-instant,"Pass summit ki elevation kya thi, aur wahan kya traditional markers milte hain? Hum finally pass ke top par 5,515 metres par pahunch gaye. Yeh ek bade cairn of rocks se marked tha, jahan white silk scarves aur ragged prayer flags lage hue the.",rag_style,"Aapke question ke uttar mein kha, pass ke top par 5,515 metres ki elevation thi, aur yeh ek bade cairn of rocks se marked tha. Yahan white silk scarves aur ragged prayer flags lagaye hue the.",4.302,189,"Pass summit 5,515 metres par tha, aur yeh ek bade cairn of rocks se marked tha, jahan white silk scarves aur ragged prayer flags lage hue the.",8.5
15,llama-3.1-8b-instant,"Pass summit ki elevation kya thi, aur wahan kya traditional markers milte hain? Hum finally pass ke top par 5,515 metres par pahunch gaye. Yeh ek bade cairn of rocks se marked tha, jahan white silk scarves aur ragged prayer flags lage hue the.",tree_of_thought,"Mujhe 3 cheezon par sochna hai:

1. **Geographical Information**: Pass ke summit ki elevation kya hoti hai, aur uske aas-paas kya mountains hote hain.
2. **Cultural Significance**: Wahan kya traditional markers hote hain, aur unki kya mahatva hota hai?
3. **Physical Experience**: Hum pass ke top par kab pahunch gaye, aur wahan kya dekha aur suna?

Ab main apne answers ko Hindi aur English dono mein express karunga:

**Answer**: 
Hum finaly pass ke top par 5,515 metres ki elevation par pahunch ga",2.869,328,"Pass summit 5,515 metres par tha, aur yeh ek bade cairn of rocks se marked tha, jahan white silk scarves aur ragged prayer flags lage hue the.",8.5
15,llama-3.1-8b-instant,"Pass summit ki elevation kya thi, aur wahan kya traditional markers milte hain? Hum finally pass ke top par 5,515 metres par pahunch gaye. Yeh ek bade cairn of rocks se marked tha, jahan white silk scarves aur ragged prayer flags lage hue the.",agentic_context,"Arre, pass summit ki elevation 5,515 metres thi, aur yahan par humne ek bade cairn of rocks ke saath white silk scarves aur ragged prayer flags dekhne ko milte hain. 

(Explanation)
Yeh cairn of rocks, pass summit ko identify karne aur unhein mark karne ke liye upyukt hota hai. Yeh typically ek bade group of rocks ke roop mein hota hai, jismein white silk scarves aur ragged prayer flags lage hue hote hain. Yeh markers trekkeron aur yatriyon ko pass summit ki jagah ko identify karne aur unhein un",2.705,442,"Pass summit 5,515 metres par tha, aur yeh ek bade cairn of rocks se marked tha, jahan white silk scarves aur ragged prayer flags lage hue the.",8.5
16,llama-3.1-8b-instant,"The Tale of Melon City mein arch ke baare mein conflict kyu hua, King ne plans mein kya change kiya tha?",zero_shot,"Arre, Melon City ki kahani mein arch ke baare mein conflict hua kyunki King ne plans mein ek change kiya tha. Woh change yeh tha ki King ne arch ko zyada seedon waalon ke liye banane ka faisla kiya tha, jisse seedon waalon ki sankhya badh jaye aur unki aadaton ko bachaya ja sake.

Lekin yah change seedon waalo ke liye bahut bura tha kyunki ve apne aapko khud ko seedon waalon ke roop mein dekhte the, aur unhe apne aapko seedon waalon ke liye nahin banaya ja sakta tha. To, seedon waalon ne King ke",3.059,468,Jab architect ne plans king ko dikhaye toh usne kuch changes kiye,8.5
16,llama-3.1-8b-instant,"The Tale of Melon City mein arch ke baare mein conflict kyu hua, King ne plans mein kya change kiya tha?",few_shot,"The Tale of Melon City mein, arch ke baare mein conflict kyunki hua tha kyunki King ne ek naya rule lagaya tha jo shohar ke keemat badha deta tha, jisse logon ko difficulty ho rahi thi apne melon ki keemat kam karne mein. King ne yeh rule lagaya tha taaki uske pocket mein paisa bacha sake, lekin logon ne isse pichhe kar diya aur King ko apne man mein change karne padaa.",4.502,216,Jab architect ne plans king ko dikhaye toh usne kuch changes kiye,6.0
16,llama-3.1-8b-instant,"The Tale of Melon City mein arch ke baare mein conflict kyu hua, King ne plans mein kya change kiya tha?",chain_of_thought,"Chaltein hain, ek step-by-step approach se. 

Step 1: Sabse pehle, humko pata chahiye ki Tale of Melon City ki kahaani kya hai. Yeh ek story hai jismein ek maharaja (King) hai, jo apne darbar mein ek arch (Tower) banwana chahta hai.

Step 2: Ab, humko pata chahiye ki king ne arch ke liye kya plans banaye the. Shayad woh ek bahut hi bada aur sundar arch banwana chahta tha, jo sabke liye darshaneye ho.

Step 3: Lekin, kuch logon ne king se poochha ki yeh arch kya karan banaya jaa raha hai. Shayad ",3.275,588,Jab architect ne plans king ko dikhaye toh usne kuch changes kiye,8.5
16,llama-3.1-8b-instant,"The Tale of Melon City mein arch ke baare mein conflict kyu hua, King ne plans mein kya change kiya tha?",structured_context,"{""answer"": ""King ne plans mein change kiya tha ki arch ko melon city ka centre banaya jaye, jisse melon ki kheti ko nuksan pahunchega."", ""explanation"": ""Tale of Melon City mein conflict yeh tha ki king ne ek naya arch banwana decide kiya tha. Lekin yeh arch melon city ka centre banega, aur yeh melon ki kheti ko nuksan pahunchega. Isliye, melon farmers aur logon ne king se arch ki jagah pehli jagah par banane ki request ki, lekin king ne inki suni nahi aur apne plans ka palan rakh diya.""}",5.023,243,Jab architect ne plans king ko dikhaye toh usne kuch changes kiye,8.5
16,llama-3.1-8b-instant,"The Tale of Melon City mein arch ke baare mein conflict kyu hua, King ne plans mein kya change kiya tha?",hierarchical_context,"Arre, Class 9-11 ke students, aaj hum The Tale of Melon City mein ek zaroori poora dekhein. Aap sabhi jaante hain ki Melon City mein ek bada conflict tha, jismein arch ka baap aur unki family ka admi, dono ki baaton mein ladai ho gayi thi.

King, jo ki ek adhikarik tha, ne ek plan banaya tha ki arch ka baap aur unki family ko jail mein daalna hai. Lekin, yeh plan sabse bade adhikarikon ko pasand nahi aya tha. 

King ne socha ki agar woh arch ka baap ko jail mein daal dega, to ve apne melon ki ja",3.119,490,Jab architect ne plans king ko dikhaye toh usne kuch changes kiye,6.5
16,llama-3.1-8b-instant,"The Tale of Melon City mein arch ke baare mein conflict kyu hua, King ne plans mein kya change kiya tha?",rag_style,"Kya pata, maine is knowledge ko samajh liya hai, lekin mujhe pata nahi ki yeh kya hai. 

Aur phir bhi, main aapko kuchh jankari dena chahta hoon. 

Aapne puchha hai The Tale of Melon City mein arch ke baare mein conflict kyu hua, aur King ne plans mein kya change kiya tha? 

Lekin mujhe pata nahi ki yeh kya hai. To main aapko kuchh sahi jankari de sakta hoon? Plz apne question ko pahle clear karein.",4.966,240,Jab architect ne plans king ko dikhaye toh usne kuch changes kiye,8.5
16,llama-3.1-8b-instant,"The Tale of Melon City mein arch ke baare mein conflict kyu hua, King ne plans mein kya change kiya tha?",tree_of_thought,"Arre bhai, let me sochna aayein:

1. Shuruat mein, King ne apne arch ke liye ek bahut hi badi aur shaktishali design banaaya tha. Is design ko banane ke liye, unhein bahut se adhik samay aur paisa lag gaya tha. Lekin jab ve is design ko complete karne ki koshish kar rahe the, ve samajh gaye ki yeh design Melon City ke liye bahut hi asani se tod sakta hai.

2. King ke paas pata chala ki Melon City ke log apne city ke liye ek naya aur adhik strong design chaahte hain. Isliye, King ne apne original",1.856,428,Jab architect ne plans king ko dikhaye toh usne kuch changes kiye,8.5
16,llama-3.1-8b-instant,"The Tale of Melon City mein arch ke baare mein conflict kyu hua, King ne plans mein kya change kiya tha?",agentic_context,"Sab kuch samajhne ke baad, main answer deta hun.

Step 1: Understand question
Question: The Tale of Melon City mein arch ke baare mein conflict kyu hua, King ne plans mein kya change kiya tha?

Is sawal ka matalab yeh hai ki The Tale of Melon City mein, king ne ek arch banane ka plan banaya jo ki ek conflict mein phans gaya. 

Step 2: Recall knowledge
Maine yeh padha hai ki The Tale of Melon City ek purani kahaani hai jismein king ne ek mewa ka darwaza banane ka plan banaya tha. Lekin, woh darwa",4.902,488,Jab architect ne plans king ko dikhaye toh usne kuch changes kiye,8.5
17,llama-3.1-8b-instant,What is the process of eutrophication?,zero_shot,"Arre, eutrophication ka process hai jahaan ek paani ka strot vibhinn prakaar ke khadakshetraon aur uchch-dravyaon se bhara jata hai. Ismein uchch-matra mein nitrogen aur phosphorous jaise khadakshetraaankit dravya shamil hote hain. Jab in dravyaon ka strot mein upyog hota hai, to ye paani mein uchch-dravyaon ki matri jama hone lagta hai.

Yeh uchch-dravya paani ke jaljivanon ko badhne ke liye protsadit karti hai, aur yeh vibhinn prakaar ke jaljivanon ko badhne ka karan ban jata hai. Jaise-jaise ",2.9,355,"Eutrophication is the process by which a body of water becomes enriched with excess nutrients, such as nitrogen and phosphorus. This can lead to an overgrowth of algae, which can deplete the oxygen in the water and harm aquatic life. Eutrophication can be caused by human activities such as agricultu",8.5
17,llama-3.1-8b-instant,What is the process of eutrophication?,few_shot,"Bhai, eutrophication ek prakriya hai jismein jal mein phasal aur khaadak pani jod jaata hai aur iske kaaran jal mein kharaab paani aata hai. Is prakriya mein kharaab paani ka pani jhamaak jata hai aur iska parivahan aaspaas ke jeev kaam karne lagta hai. Iske parinaamswaroop jeev khaali ho jaate hain aur jal ka swachchhata band ho jaati hai.",3.68,208,"Eutrophication is the process by which a body of water becomes enriched with excess nutrients, such as nitrogen and phosphorus. This can lead to an overgrowth of algae, which can deplete the oxygen in the water and harm aquatic life. Eutrophication can be caused by human activities such as agricultu",8.5
17,llama-3.1-8b-instant,What is the process of eutrophication?,chain_of_thought,"Arre, let's break down eutrophication ke process ko step by step:

1. **Pahla Step: Excess Nutrient Input** - Eutrophication ka process shuru hota hai jab koi bhi source, jaise ki industrial waste, agricultural runoff, ya human activity, se excess nutrients jaise nitrogen aur phosphorus ko paani mein daal dete hain.

2. **Dusra Step: Paani ki Quality Badhti Hai** - Jab paani mein excess nutrients hote hain, to algae ke growth ko badhava milta hai. Algae ek prakaar ki green, slimy organism hote h",1.081,536,"Eutrophication is the process by which a body of water becomes enriched with excess nutrients, such as nitrogen and phosphorus. This can lead to an overgrowth of algae, which can deplete the oxygen in the water and harm aquatic life. Eutrophication can be caused by human activities such as agricultu",8.5
17,llama-3.1-8b-instant,What is the process of eutrophication?,structured_context,"{""answer"": ""Eutrophication hai ek prakriya jo pani ke stharn mein hui gandagi aur upajanak padarthon ka samavesh se hoti hai"", ""explanation"": ""Eutrophication ka arth hai 'bhari krantiya' ya 'bhari sthirta'. Ismein pani ke stharn mein oksiji ke sanchay ka badhna hota hai, jisse vivahik praniyon aur anya jeev jaanvaron ki maut hoti hai. Is prakriya ka karan hain gandagi aur upajanak padarth jaise nitrogen aur phosphorus, jo pani ke stharn mein jama hote hain aur uske sthirta ko badhate hain.""}",6.914,244,"Eutrophication is the process by which a body of water becomes enriched with excess nutrients, such as nitrogen and phosphorus. This can lead to an overgrowth of algae, which can deplete the oxygen in the water and harm aquatic life. Eutrophication can be caused by human activities such as agricultu",8.5
17,llama-3.1-8b-instant,What is the process of eutrophication?,hierarchical_context,"Namaste, students! Aaj hum ek bahut hi important topic ke bare mein baat karenge, jiska naam hai eutrophication. Yeh ek prakriya hai jo humari paryavaran ko khatre mein padh sakti hai.

Eutrophication kya hai?

Eutrophication ek prakriya hai jismein kuchh maanspad pradushan ke karan jal mein phalak aur kharaabiyon ki kami ho jati hai. Yeh phalak aur kharaabiyon jaise hai nitrogen aur phosphorus jinka upyog hamaare gharon mein khaane ko banane ke liye kiya jata hai.

Eutrophication ke process mei",1.842,771,"Eutrophication is the process by which a body of water becomes enriched with excess nutrients, such as nitrogen and phosphorus. This can lead to an overgrowth of algae, which can deplete the oxygen in the water and harm aquatic life. Eutrophication can be caused by human activities such as agricultu",8.5
17,llama-3.1-8b-instant,What is the process of eutrophication?,rag_style,"Kya aap jante hain ki eutrophication ka process kya hai? 

Eutrophication ek prakriya hai jisme paani mein khadakar kee matra badhti hai, jo paani ke jeev jantuon ka vikaas aur vikas ko badhava deta hai, lekin iske saath hi iska pachhnna bhi mushkil ho jata hai. 

Is prakriya ke dauraan, khadakar aamtaur par paani mein pahunchti hai aur paani ke jeev jantuon ke liye ek aavashyak tatva ke roop mein kaam karti hai. Lekin jab khadakar kee matra bahut jyada ho jati hai, to yah paani ke jeev jantuon ",7.167,544,"Eutrophication is the process by which a body of water becomes enriched with excess nutrients, such as nitrogen and phosphorus. This can lead to an overgrowth of algae, which can deplete the oxygen in the water and harm aquatic life. Eutrophication can be caused by human activities such as agricultu",8.5
17,llama-3.1-8b-instant,What is the process of eutrophication?,tree_of_thought,"**Sab Kuch Sochta Hoon (Thinking in 3 ways)**

1. **Pani ki Ghatna (Water Event)**: Eutrophication ek pani ki ghatna hai jahan maanspatri, phaf, aur anya jeev jantuon ka upyog hokar paani mein nitraten aur fosfatein jaise kharbon ka upyog hota hai. Is prakriya mein, paani mein khaadakshamta badh jaati hai, jo paani ki ghatna ko badhava deta hai aur paani mein jeev jantuon ki sankhya badh jaati hai.

2. **Paryavaran ki Ghatna (Environmental Event)**: Eutrophication ek paryavaran ki ghatna hai jah",6.143,649,"Eutrophication is the process by which a body of water becomes enriched with excess nutrients, such as nitrogen and phosphorus. This can lead to an overgrowth of algae, which can deplete the oxygen in the water and harm aquatic life. Eutrophication can be caused by human activities such as agricultu",8.5
17,llama-3.1-8b-instant,What is the process of eutrophication?,agentic_context,"Arre, eutrophication ka process yeh hai:

Step 1: Pehle to main samajh raha hoon ki eutrophication kaunsa process hai.
Step 2: Ab main apne pasandida knowledge se talaash raha hoon. Jiske anusaar, eutrophication ek prakriya hai jismein jal mein utpaadak koshikayein (phytoplankton) aur jal ke charonot ke beech ek adhika utpaadak srot jod jata hai. Yeh utpaadak koshikayein utpadan karke jal ke utpadakta mein vridhi karti hain, jo phir se jal ke samudra jaise jal ke liye hawa mein nitrate or phosph",7.165,473,"Eutrophication is the process by which a body of water becomes enriched with excess nutrients, such as nitrogen and phosphorus. This can lead to an overgrowth of algae, which can deplete the oxygen in the water and harm aquatic life. Eutrophication can be caused by human activities such as agricultu",8.5
18,llama-3.1-8b-instant,"Ma'am, mineral kya hota hai?",zero_shot,"Bhai, mineral kuch woh cheez hai jo prakriti ne banayi, aur ismein koi jeevit dhara nahi hoti. Yeh prithvi ke antriksh mein paya jata hai, aur ismein hamesha ki tarah ki naye cheezein hoti hain. Mineral kaa upyog hamaare aapne jeevan ke liye bahut mahatvapoorn hai, kyunki humein isse hamein apne shareer mein zaroorat ke anusaar kee cheezein milti hain, jaise ki calcium, iron, aur vitamin.

Udaharan ke liye, hamaare shareer mein calcium kee aavshyakta hoti hai, aur iske liye hamein dudh aur dahee",1.971,399,Mineral ek aisi vastu hoti hai jo prakriti mein paayi jaati hai aur jiske gunon ko hum upyog mein laate hain. Mineral ki aavashyakata humari jeevan shaili ko banaye rakhne ke liye hoti hai.,8.5
18,llama-3.1-8b-instant,"Ma'am, mineral kya hota hai?",few_shot,"Arre beta, mineral prakriti ke vibhinn tatvon se nikle hue dhatiya upkarn hote hain. Yeh dharti ki choti choti cheezon mein paida hote hain, jaise ki patthar, metal, aur anya khane kaaj ke tatva.",4.403,154,Mineral ek aisi vastu hoti hai jo prakriti mein paayi jaati hai aur jiske gunon ko hum upyog mein laate hain. Mineral ki aavashyakata humari jeevan shaili ko banaye rakhne ke liye hoti hai.,8.5
18,llama-3.1-8b-instant,"Ma'am, mineral kya hota hai?",chain_of_thought,"Arre, mineral kya hota hai? 

Step 1: Mineral ek prakritik sthul hai jo prakriti mein paida hota hai.

Step 2: Yah prakritik sthul ek khad hai jo kai prakaar ke upyogon mein aata hai, jaise ki chehre ke dard ka ilaj, kaan ke dard ka ilaj aur garmi se bachne ka upyog.

Step 3: Mineral inki gunvatta ke liye jaane jaate hain, jaise ki prabhav shakti, dhruvataa aur upyogita.

Step 4: Mineral prakriti mein paida hone ke baad, ve prakriti ke alag-alag sthalon par uplabdh hote hain, jaise ki khan, jal ",1.844,333,Mineral ek aisi vastu hoti hai jo prakriti mein paayi jaati hai aur jiske gunon ko hum upyog mein laate hain. Mineral ki aavashyakata humari jeevan shaili ko banaye rakhne ke liye hoti hai.,8.5
18,llama-3.1-8b-instant,"Ma'am, mineral kya hota hai?",structured_context,"{""answer"": ""Paudhe aur dharti ke andar paane jate hain chotay-chotay tatva jo kai kshamtaon wale hote hain, jaise ki prakash, garmi, dhairya aur vishay."", ""explanation"": ""In tatvon ko mineral kehte hain aur ve hamare jeevan ke liye bahut zaroori hote hain.""}",3.373,162,Mineral ek aisi vastu hoti hai jo prakriti mein paayi jaati hai aur jiske gunon ko hum upyog mein laate hain. Mineral ki aavashyakata humari jeevan shaili ko banaye rakhne ke liye hoti hai.,8.5
18,llama-3.1-8b-instant,"Ma'am, mineral kya hota hai?",hierarchical_context,"Beta, mineral ek prakritik vastu hai jo prithvi ke chhedan mein pade hue hota hai. Ye prithvi ke shareer mein upasthit vastuein hain jo kisi bhi vastu ke roop mein uplabdh hoti hain. Mineral prakritik roop se nahin, balki any prakritik vastuon ke upar vridhi hone se bante hain. 

Jaise, haathon par aapko rangin patte milte hain, woh bhi mineral ho sakte hain. Ismein khane ka tel, pasina, aur pani bhi shamil hai. Sabhi mineral prakritik roop se nirmaan hote hain aur humein inki avashyakta hoti ha",0.744,380,Mineral ek aisi vastu hoti hai jo prakriti mein paayi jaati hai aur jiske gunon ko hum upyog mein laate hain. Mineral ki aavashyakata humari jeevan shaili ko banaye rakhne ke liye hoti hai.,6.5
18,llama-3.1-8b-instant,"Ma'am, mineral kya hota hai?",rag_style,"Arre bhai, mineral ek prakritik dravya hota hai jo prithvi ke garbh mein paaya jata hai aur jo kisi bhi vividhata mein pahunch jata hai. Yeh prithvi ke garbh se nikal kar humein upyog mein aate hain aur yeh hamaare shareer ke liye mahatvapoorn hote hain.",4.486,167,Mineral ek aisi vastu hoti hai jo prakriti mein paayi jaati hai aur jiske gunon ko hum upyog mein laate hain. Mineral ki aavashyakata humari jeevan shaili ko banaye rakhne ke liye hoti hai.,8.5
18,llama-3.1-8b-instant,"Ma'am, mineral kya hota hai?",tree_of_thought,"Arre, let me think karta hoon...

Ek pehla vichar yeh hai ki mineral koi bhi prakritik tatva ho sakta hai jo hamaare shareer mein maansik aur shareerik lakshanon ko banaye rakhta hai. Jaise ki calcium, iron, vitamin D, etc.

Dusra vichar yeh hai ki mineral prakritik tatvon ka ek prakaar hai jo hamaare shareer mein maansik aur shareerik lakshanon ko banaye rakhta hai, lekin yeh tatva hamaare shareer ke bahar milte hain. Jaise ki pani, khane ka pani, etc.

Teesra vichar yeh hai ki mineral prakriti",1.843,403,Mineral ek aisi vastu hoti hai jo prakriti mein paayi jaati hai aur jiske gunon ko hum upyog mein laate hain. Mineral ki aavashyakata humari jeevan shaili ko banaye rakhne ke liye hoti hai.,8.5
18,llama-3.1-8b-instant,"Ma'am, mineral kya hota hai?",agentic_context,"Arre, sabse pehle to humein pata hai ki mineral kya hota hai. 

Step 1: Understand question - Mineral kya hota hai? Is question se pata chalta hai ki aapko mineral ki definition aur yaad hai ya nahin.

Step 2: Recall knowledge - Mineral ek prakritik tatva hai jo Prithvi ke garbh mein utpann hota hai. Yeh tatva Prithvi ke garbh mein vibhinn prakriyaon se utpann hota hai, jaise ki bhoo-jal, bhoo-gas, aur bhoo-jala. Mineral Prithvi ke garbh mein vibhinn tatvon se mil kar bante hain, jaise ki loha, ",2.668,342,Mineral ek aisi vastu hoti hai jo prakriti mein paayi jaati hai aur jiske gunon ko hum upyog mein laate hain. Mineral ki aavashyakata humari jeevan shaili ko banaye rakhne ke liye hoti hai.,8.5
19,llama-3.1-8b-instant,1994 mein kaun si ghatna thi jisne India ke shehri girawat ko global taur par ujagar kiya?,zero_shot,"1994 mein, Aasmani Girawat - Indian Airlines ka Flight 814 - hijaak kiya gaya tha. Yah ghatna ne India ke shehri girawat ko global taur par ujagar kiya.",2.256,131,1994 mein Surat mein pneumonic plague ne India ke shehri girawat ko global taur par ujagar kiya,2.0
19,llama-3.1-8b-instant,1994 mein kaun si ghatna thi jisne India ke shehri girawat ko global taur par ujagar kiya?,few_shot,"Bhaiya, 1994 mein Mumbai mein ek bahut bada aparaadha hua tha. Ek 7.7 magnitude ki bhujal Mumbai mein aayi thi, jisne bahut saare logon ka jeevan barbaad kar diya. Yeh ghatna Mumbai ki shehri girawat ko global taur par ujagar ki.",2.374,189,1994 mein Surat mein pneumonic plague ne India ke shehri girawat ko global taur par ujagar kiya,0.0
19,llama-3.1-8b-instant,1994 mein kaun si ghatna thi jisne India ke shehri girawat ko global taur par ujagar kiya?,chain_of_thought,"Arre, yeh sawaal bahut achha hai. Main iska jawab yehan deta hoon:

1. **Step 1:** Sabse pehle, hume 1994 ki ghatna ko identify karna hai jo India ki shehri girawat ko global level par ujagar kiya.
2. **Step 2:** 1994 mein ek bahut bada event hua tha jo India ki shehri girawat ko global level par le gaya.
3. **Step 3:** Yeh event tha ki Mumbai mein ek bus ne railway station par aadmiyon ko ghirakar mare. Iska naam tha 1994 Bombay local train bombings.
4. **Step 4:** Yeh attack ek bahut bada dham",2.678,373,1994 mein Surat mein pneumonic plague ne India ke shehri girawat ko global taur par ujagar kiya,8.5
19,llama-3.1-8b-instant,1994 mein kaun si ghatna thi jisne India ke shehri girawat ko global taur par ujagar kiya?,structured_context,"{""answer"": ""Bombay ka bomb blast"", ""explanation"": ""Bombay ka 1993 ka bomb blast India ke shehri girawat ko global taur par ujagar kiya, jisse duniya ne India ki samasyaon ko dhyan se dekha.""}",2.339,153,1994 mein Surat mein pneumonic plague ne India ke shehri girawat ko global taur par ujagar kiya,8.5
19,llama-3.1-8b-instant,1994 mein kaun si ghatna thi jisne India ke shehri girawat ko global taur par ujagar kiya?,hierarchical_context,"Beta, aapko pata hai ki 1994 mein ek bahut bada uddharan hua tha jisne India ki shehri girawat ko vishwa bhar mein ujagar kiya. Yah uddharan tha Aamir Khan ke film ""Dil"" ki release ka.

Haan, aapko pata hai ki Aamir Khan ne bahut se filmen di hui hain, lekin ""Dil"" uske sabse prabhavshali filmen me se ek thi. Yah film ek shehri ladke ki kahaani thi jisne apne pyar ko jeetne ke liye kai chunautiyan ka saamna kiya.

Lekin aapko pata hai ki is film ne India ki shehri girawat ko global taur par ujaga",1.947,503,1994 mein Surat mein pneumonic plague ne India ke shehri girawat ko global taur par ujagar kiya,2.0
19,llama-3.1-8b-instant,1994 mein kaun si ghatna thi jisne India ke shehri girawat ko global taur par ujagar kiya?,rag_style,1994 mein Aarushi ghatna thi jisne India ke shehri girawat ko global taur par ujagar kiya.,5.325,131,1994 mein Surat mein pneumonic plague ne India ke shehri girawat ko global taur par ujagar kiya,0.0
19,llama-3.1-8b-instant,1994 mein kaun si ghatna thi jisne India ke shehri girawat ko global taur par ujagar kiya?,tree_of_thought,"Mujhe 3-4 tarah se sochna chahiye:

1. **Sarjanaatmak kshetra se**: Is samay mein koi khubsoorat shodh ya avishkar hoga jo shehri girawat ko ujagar karne ke liye jadaa janaamaya jaana jaata hoga.

2. **Samajik kshetra se**: Is samay mein koi social movement ya mudda hoga jo shehri girawat ko ujagar karne ke liye prabhavshaali tha.

3. **Political kshetra se**: Is samay mein koi neta ya sarkari nirnay hoga jo shehri girawat ko ujagar karne ke liye jadaa prabhavshaali tha.

Ab, main apne vichar ko",1.956,433,1994 mein Surat mein pneumonic plague ne India ke shehri girawat ko global taur par ujagar kiya,8.5
19,llama-3.1-8b-instant,1994 mein kaun si ghatna thi jisne India ke shehri girawat ko global taur par ujagar kiya?,agentic_context,"Bhai, sabse pehle toh main samajhne ki koshish karta hoon. Question ka matlab yeh hai ki 1994 mein kya ghatna hui jo ne India ke shehri girawat ko global taur par ujagar kiya.

Ab, main apni yaad mein jhankta hoon. Aisa kya hai jisse India ka shehri girawat global taur par ujagar ho gaya.

Aur, main ek cheez ko yaad karta hoon. 1994 mein Mumbai mein ek bada train accident hua tha. Isse logon mein bahut charcha hui thi aur yeh news global media mein bhi aayi thi.

Toh, main yeh janta hoon ki 1994",4.702,339,1994 mein Surat mein pneumonic plague ne India ke shehri girawat ko global taur par ujagar kiya,8.5
20,llama-3.1-8b-instant,"Kya saboot hai ki Sahara desert 6000 saal pehle ek 'green' aur 'perfectly liveable' jagah tha? 6000 saal pehle, Sahara ek alag jagah tha, wo green tha. Sahara mein prehistoric rock art mein kuchh aisa dikhaya gaya hai jo hairan kar dene wala hai: hippopotamuses, jo saal bhar paani ki zaroorat hai.",zero_shot,"Bhai, Sahara desert ki ye baat bahut interesting hai. Saboot yeh hai ki Sahara 6000 saal pehle ek green aur perfectly liveable jagah tha. Yeh patthar ke kalaa hai jo is baat ka saboot dilata hai. Sahara mein prehistoric rock art mein hippopotamuses ka dikhaya gaya hai, jo saal bhar paani ki zaroorat hota hai. Lekin yeh aise hippopotamuses dikhai deta hai jo jungle mein rehte hain, jo Sahara mein paani ki zaroorat nahin karte hain. Isse yeh lagta hai ki Sahara 6000 saal pehle jungle jaisa tha.

I",2.28,564,"6000 saal pehle Sahara green tha, aur prehistoric rock art mein hippopotamuses dikhaye gaye hain, jo saal bhar paani ki zaroorat hai, isse pata chalta hai ki wo ek 'perfectly liveable' environment tha.",8.5
20,llama-3.1-8b-instant,"Kya saboot hai ki Sahara desert 6000 saal pehle ek 'green' aur 'perfectly liveable' jagah tha? 6000 saal pehle, Sahara ek alag jagah tha, wo green tha. Sahara mein prehistoric rock art mein kuchh aisa dikhaya gaya hai jo hairan kar dene wala hai: hippopotamuses, jo saal bhar paani ki zaroorat hai.",few_shot,"Bhaiya Sahara desert ke bare mein ek bahut hi interesting baat hai. 6000 saal pehle, Sahara ek alag jagah thi, jo green aur perfectly liveable thi. Is baat ka saboot prehistoric rock art mein milta hai. Yeh art Sahara mein paayi gayi hain, jo aisa dikhate hain jaise ki wahan hippopotamuses, jo saal bhar paani ki zaroorat hoti hai, aati thi.

Yeh dikhata hai ki 6000 saal pehle, Sahara mein bahut si jangaliya jeevan thi, jaise ki hippopotamuses, crocodiles aur sair bhi. Yeh sab jeevan paani ke liy",5.937,459,"6000 saal pehle Sahara green tha, aur prehistoric rock art mein hippopotamuses dikhaye gaye hain, jo saal bhar paani ki zaroorat hai, isse pata chalta hai ki wo ek 'perfectly liveable' environment tha.",8.5
20,llama-3.1-8b-instant,"Kya saboot hai ki Sahara desert 6000 saal pehle ek 'green' aur 'perfectly liveable' jagah tha? 6000 saal pehle, Sahara ek alag jagah tha, wo green tha. Sahara mein prehistoric rock art mein kuchh aisa dikhaya gaya hai jo hairan kar dene wala hai: hippopotamuses, jo saal bhar paani ki zaroorat hai.",chain_of_thought,"Arre, yeh sawaal bahut hi rochak hai. Toh, hum iski jaanch karenge.

Saboot 1: Sahara ek alag jagah tha. 
- Yeh baat sach hai ki Sahara 6000 saal pehle ek alag jagah thi. Is samay, Sahara ka climate thoda alag tha, jisse yeh ek green aur liveable jagah tha.

Saboot 2: Sahara mein prehistoric rock art hai. 
- Yeh baat bhi sach hai ki Sahara mein prehistoric rock art hai, jo bahut hi purane samay se hi hai. Yeh art bahut hi mahatvapoorn hai, kyonki yeh humein purane samay ke baare mein jaankari de",3.79,533,"6000 saal pehle Sahara green tha, aur prehistoric rock art mein hippopotamuses dikhaye gaye hain, jo saal bhar paani ki zaroorat hai, isse pata chalta hai ki wo ek 'perfectly liveable' environment tha.",8.5
20,llama-3.1-8b-instant,"Kya saboot hai ki Sahara desert 6000 saal pehle ek 'green' aur 'perfectly liveable' jagah tha? 6000 saal pehle, Sahara ek alag jagah tha, wo green tha. Sahara mein prehistoric rock art mein kuchh aisa dikhaya gaya hai jo hairan kar dene wala hai: hippopotamuses, jo saal bhar paani ki zaroorat hai.",structured_context,"{""answer"": ""Sahara desert 6000 saal pehle ek 'green' aur 'perfectly liveable' jagah tha, iska saboot prehistoric rock art aur Sahara ke aas-paas ke sthaan ki geological history hai."", 
""explanation"": ""Sahara desert 6000 saal pehle ek alag jagah tha, jahan par paani aur jungle thi. Yah saboot prehistoric rock art mein dikhaya gaya hai, jahan par hippopotamuses, giraffes aur anya paani ke jeev jee rahe the. Sahara ke aas-paas ke sthaan ki geological history bhi ye baat dikhati hai ki Sahara 6000 s",5.832,354,"6000 saal pehle Sahara green tha, aur prehistoric rock art mein hippopotamuses dikhaye gaye hain, jo saal bhar paani ki zaroorat hai, isse pata chalta hai ki wo ek 'perfectly liveable' environment tha.",8.5
20,llama-3.1-8b-instant,"Kya saboot hai ki Sahara desert 6000 saal pehle ek 'green' aur 'perfectly liveable' jagah tha? 6000 saal pehle, Sahara ek alag jagah tha, wo green tha. Sahara mein prehistoric rock art mein kuchh aisa dikhaya gaya hai jo hairan kar dene wala hai: hippopotamuses, jo saal bhar paani ki zaroorat hai.",hierarchical_context,"Bachchon, aaj hum Sahara desert ki ek aisi baat par sochenge jo logon ko bahut hi interesting lag sakti hai. 6000 saal pehle, Sahara ek alag jagah thi, jo green aur perfectly liveable the thi. Is baat ka kya saboot hai?

Saboot yeh hai ki Sahara mein prehistoric rock art mein, jise hum 'prehistoric art' khte hain, hippopotamuses, jo saal bhar paani ki zaroorat karte hain, dikhaye gaye hain. Ye to darshata hai ki 6000 saal pehle Sahara mein paani ki suchi thi, jiske karan log aur janwar bhi vahan",3.28,608,"6000 saal pehle Sahara green tha, aur prehistoric rock art mein hippopotamuses dikhaye gaye hain, jo saal bhar paani ki zaroorat hai, isse pata chalta hai ki wo ek 'perfectly liveable' environment tha.",8.5
20,llama-3.1-8b-instant,"Kya saboot hai ki Sahara desert 6000 saal pehle ek 'green' aur 'perfectly liveable' jagah tha? 6000 saal pehle, Sahara ek alag jagah tha, wo green tha. Sahara mein prehistoric rock art mein kuchh aisa dikhaya gaya hai jo hairan kar dene wala hai: hippopotamuses, jo saal bhar paani ki zaroorat hai.",rag_style,"Arre, Sahara desert ki kahaani bahut rochak hai. 6000 saal pehle, yeh ek green aur perfectly liveable jagah thi. Lekin kya saboot hai? Saboot yeh hai ki prehistoric rock art mein hippopotamuses ki tasveerein hain. Ye hippopotamuses paani ki zaroorat se pehle saal bhar chalti the, aur Sahara mein paani ki zaroorat hoti thi. Yeh sachhai hai ki Sahara ek alag jagah thi, aur yeh green tha.",5.527,286,"6000 saal pehle Sahara green tha, aur prehistoric rock art mein hippopotamuses dikhaye gaye hain, jo saal bhar paani ki zaroorat hai, isse pata chalta hai ki wo ek 'perfectly liveable' environment tha.",8.5
20,llama-3.1-8b-instant,"Kya saboot hai ki Sahara desert 6000 saal pehle ek 'green' aur 'perfectly liveable' jagah tha? 6000 saal pehle, Sahara ek alag jagah tha, wo green tha. Sahara mein prehistoric rock art mein kuchh aisa dikhaya gaya hai jo hairan kar dene wala hai: hippopotamuses, jo saal bhar paani ki zaroorat hai.",tree_of_thought,"Arre yaar, mujhe 3 tarah se sochne ka mauka mila hai:

1. **Prehistoric Rock Art**: Sahara mein ek naya prehistoric rock art mila hai, jismein hippopotamuses aur anya jungle jeevon ka darshan hua hai. Ye sochne ki koshishein karti hain ki Sahara 6000 saal pehle ek jungle jaisi jagah thi, jo paani aur greenery se bhara hua tha.

2. **Climate Change**: 6000 saal pehle Sahara ki climate thodi alag thi. Vahan ki temperature kam thi aur paani ki maang kam thi. Isse lagta hai ki Sahara 6000 saal pehle",3.8,512,"6000 saal pehle Sahara green tha, aur prehistoric rock art mein hippopotamuses dikhaye gaye hain, jo saal bhar paani ki zaroorat hai, isse pata chalta hai ki wo ek 'perfectly liveable' environment tha.",8.5
20,llama-3.1-8b-instant,"Kya saboot hai ki Sahara desert 6000 saal pehle ek 'green' aur 'perfectly liveable' jagah tha? 6000 saal pehle, Sahara ek alag jagah tha, wo green tha. Sahara mein prehistoric rock art mein kuchh aisa dikhaya gaya hai jo hairan kar dene wala hai: hippopotamuses, jo saal bhar paani ki zaroorat hai.",agentic_context,"Bahut hi darr ke saboot hai ki Sahara desert 6000 saal pehle ek 'green' aur 'perfectly liveable' jagah tha. Is baat ka saboot prehistoric rock art mein milta hai, jismein hippopotamuses, jo saal bhar paani ki zaroorat hai, daikhne ko milte hain. 

Yaani, 6000 saal pehle Sahara mein paani ka chakkar theek se chalta tha aur wahaan ki jagah bahut hi surajmukhi aur green thi. Iske alawa, Sahara mein paani ki bheed ke liye saavdhaani se jagah chuna gaya tha, isse bhi is baat ka pata chalta hai ki 600",5.008,623,"6000 saal pehle Sahara green tha, aur prehistoric rock art mein hippopotamuses dikhaye gaye hain, jo saal bhar paani ki zaroorat hai, isse pata chalta hai ki wo ek 'perfectly liveable' environment tha.",8.5
21,llama-3.1-8b-instant,"When Mourad usko uthata hai, narrator ko kya dikhta hai?",zero_shot,"Mourad usko uthata hai, toh narrator ko ek aisa scene dikhta hai jahaan Mourad aur woh ladke baith ke kuchh baate kar rahe hain. Mourad ke haath mein ek glass aur woh ladke ke paas ek bottle hai.",3.304,129,Mourad ek sundar safed ghode par baitha hua,8.5
21,llama-3.1-8b-instant,"When Mourad usko uthata hai, narrator ko kya dikhta hai?",few_shot,"Bhaiya, Mourad usko uthata hai, toh narrator ko uski gehraai aur asli roop dikhta hai.",1.228,123,Mourad ek sundar safed ghode par baitha hua,0.0
21,llama-3.1-8b-instant,"When Mourad usko uthata hai, narrator ko kya dikhta hai?",chain_of_thought,"Arre, chalo hum is samasya ko step by step solve karte hain:

1. Mourad usko uthata hai, yeh kya kah raha hai? Isse yeh pata chalta hai ki Mourad ek aadmi hai jo koi cheez uthata hai.
2. Ab, narrator ka kya role hai? Narrator jo cheez dikhta hai, usse kya pata chalta hai ki Mourad ka uthne wala cheez kya hai?
3. Agar Mourad ek chamach uthata hai, toh narrator ko chamach dikhta hai. Agar Mourad ek kheti ki cheez uthata hai, toh narrator ko us cheez ki tarah dikhta hai.
4. Isliye, Mourad usko kya ",1.592,317,Mourad ek sundar safed ghode par baitha hua,8.5
21,llama-3.1-8b-instant,"When Mourad usko uthata hai, narrator ko kya dikhta hai?",structured_context,"{""answer"": ""Narrator ko Mourad uske paas baitha hua dikhta hai, lekin vah thoda aaram se so raha hai aur apne paas ke kuch cheezein utha raha hai."", ""explanation"": """"}",3.428,135,Mourad ek sundar safed ghode par baitha hua,8.5
21,llama-3.1-8b-instant,"When Mourad usko uthata hai, narrator ko kya dikhta hai?",hierarchical_context,"Bachcho, aaj hum ek bahut hi rochak kahani padh rahe hain. Mourad use uthata hai, lekin kya hota hai? 

Okay, so Mourad use uthata hai, aur narrater ko ek bahut hi sundar dharat mein dekhta hai. Vah dharitaa mein ek bahut hi sundar jungle hai, jismein bahut se peedhe ke pataalo ka ek chhota sa hissa hai. 

Narrater ko vah jungle dekhkar bahut hi prasann hota hai, aur vah sochta hai ki yeh kya hai? Vah sochta hai ki yeh ek pracheen dharat hai, jismein bahut se rahasya hain.

Toh, narrater ko Mour",0.716,303,Mourad ek sundar safed ghode par baitha hua,2.5
21,llama-3.1-8b-instant,"When Mourad usko uthata hai, narrator ko kya dikhta hai?",rag_style,"Mourad usko uthata hai, toh narrator ko koi baat nahin dikhti, kyunki Mourad sabhi kaun se baaton ko chhupa raha hai.",2.347,126,Mourad ek sundar safed ghode par baitha hua,1.0
21,llama-3.1-8b-instant,"When Mourad usko uthata hai, narrator ko kya dikhta hai?",tree_of_thought,"Mujhe kai vichar aate hain:

1. Narrator Mourad ko uthate samay apne aas-paas ki jagah dekh sakta hai, jaise ki aapke aas-paas wale khade log, ghar, ya koi anya vastu.
2. Narrator Mourad ko uthate samay apne aas-paas ki jagah mein koi anokha ya rahasyamay baatcheet ya event dekh sakta hai.
3. Narrator Mourad ko uthate samay apne aas-paas ki jagah mein saamanya vyavhaar dekh sakta hai, jaise ki Mourad ko uthane ke baad woh apne kaam par jaata hai ya kuch aur karne jaata hai.

Lekin main samajhta ",2.979,356,Mourad ek sundar safed ghode par baitha hua,8.5
21,llama-3.1-8b-instant,"When Mourad usko uthata hai, narrator ko kya dikhta hai?",agentic_context,"Arre, yeh question kaisi hai, ek scene ya scene se pehle kya hota hai... 

Step 1: Understand question
Question kaha hai ki Mourad usko uthata hai aur main kya dekh raha hoon. Isme kuch scene ya scene se pehle ki koi baat nahi hai, lagta hai ki yeh ek scene ki shuruat hai.

Step 2: Recall knowledge
Mujhe kuch nahi aata, ab kuch recall karna hai... Mourad usko uthata hai, isme kya hota hai? 
Toh, mujhe lagta hai ki Mourad usko kuch utha raha hai aur main ek scene se pehle dekh raha hoon, lekin ye",2.866,315,Mourad ek sundar safed ghode par baitha hua,8.5
22,llama-3.1-8b-instant,What did Satyajit used to enjoy about his success in the village?,zero_shot,"Arre bhai, Satyajit (I think you're referring to Satyajit Ray, the legendary Indian filmmaker) use to enjoy bahut khushi (great happiness) when he would visit his village. 

You see, he was a Bengali, and he used to love his roots. He'd go back to his village, and people would call him 'Rayda' (a term of respect). They'd say, 'Satyajit, aapki filmein bahut achhi hain!' (Your films are very good!) 

He'd be so happy to see that his filmein (films) had touched the people's hearts. He'd listen to t",0.669,245,He enjoyed the wide-eyed wonder and eager homage of people like Uncle Srinath who had use and longing for his money.,8.5
22,llama-3.1-8b-instant,What did Satyajit used to enjoy about his success in the village?,few_shot,"Bhaiya, Satyajit ka kahaani suno. Woh apne gaon mein bahut hi popular tha. Lekin uska pasandida cheez yeh tha ki jab woh gaon mein aata tha, to sab log unke liye aate the aur unke saath khana khaate, gaate, aur nashele khelte. Unka pasandida cheez yeh bhi thi ki log unki film ki kahaaniyon ko sunkar khush hote the aur unki tarah se khush hote the.",3.491,216,He enjoyed the wide-eyed wonder and eager homage of people like Uncle Srinath who had use and longing for his money.,8.5
22,llama-3.1-8b-instant,What did Satyajit used to enjoy about his success in the village?,chain_of_thought,"Arre, let's break it down step by step. 

1. Satyajit kaun tha? - Satyajit was a famous Indian film director. 
2. Uska kaunsa film tha jo vishwasamaya gaya? - He was famous for his film 'Pather Panchali'.
3. Film ki kahaani kaunsi thi? - The story of the film was set in a small village in Bengal.
4. Village me kya hota tha jo usse pasand aaya? - In the village, he must have seen that people were poor, simple, and happy with their simple life.
5. To, usne apni suksaas me village ke logon kee jeev",1.862,363,He enjoyed the wide-eyed wonder and eager homage of people like Uncle Srinath who had use and longing for his money.,8.5
22,llama-3.1-8b-instant,What did Satyajit used to enjoy about his success in the village?,structured_context,"{""answer"": ""uske gharwaalon ke saath khushi manaane ke liye"", ""explanation"": ""Satyajit apne film ka success dekhte hue apne gharwaalon ke saath khushi manaate the, yeh unke liye ek badi cheez thi.""}",4.374,140,He enjoyed the wide-eyed wonder and eager homage of people like Uncle Srinath who had use and longing for his money.,8.5
22,llama-3.1-8b-instant,What did Satyajit used to enjoy about his success in the village?,hierarchical_context,"Bilkul, ab aap sabko pata hai ki Satyajit Ray ek bada mahaan film nirdeshak the. Lekin aapko pata hai ki woh kahaan se aaye the? Woh Bengal ke Khulna jile se aaye the. Ab, main aapko ek cheez batata hoon, jiska woh bahut khush the.

Satyajit Ray ko apni filmen mein village life ka bahut shauk tha. Vah usi cheez ko apni filmein mein dikhana chahat the. To, jab woh apni film Shatranj Ke Khilari mein success hua, to usne apne village ke logon se milne ki khushi hui.

Wahin, uske village ke log unke",0.89,373,He enjoyed the wide-eyed wonder and eager homage of people like Uncle Srinath who had use and longing for his money.,8.5
22,llama-3.1-8b-instant,What did Satyajit used to enjoy about his success in the village?,rag_style,"Arre bhai, Satyajit ne kya khubsurat khyaal kiya tha apni village mein success ke baare mein? 

Inka matlab hai, Satyajit ne apni village mein success ke baare mein khubsurat tareeke se khayaal kiya tha, jaise ki inka grahakon ne bahut accha response diya tha, logein unki film dekhne aate the.",4.393,179,He enjoyed the wide-eyed wonder and eager homage of people like Uncle Srinath who had use and longing for his money.,8.5
22,llama-3.1-8b-instant,What did Satyajit used to enjoy about his success in the village?,tree_of_thought,"Arre, main sochta hoon:

1. Satyajit ka aisa kehna tha ki uski film 'Pather Panchali' ki kaamyaabi ke baad, uske gaon walon ne unhein aaram se chalne ke liye ek vastu di thi. Woh sochta tha ki yeh unki film ki kaamyaabi ke liye ek aisa prateek hai.

2. Satyajit uske gaon ke logon ke saath bahut achhi tarah se juda hua tha. Unhone socha hoga ki unke film ki kaamyaabi ne unhein apne gaon ke logon ke samman mein unki pasand ki filmein banane ka mauka diya hai.

3. Satyajit ne uske safar ke dauraan ",0.677,312,He enjoyed the wide-eyed wonder and eager homage of people like Uncle Srinath who had use and longing for his money.,8.5
22,llama-3.1-8b-instant,What did Satyajit used to enjoy about his success in the village?,agentic_context,"Arre, first main point, main question kya hai, Satyajit ka kya hua tha. To phir main sochu ki wo Satyajit kaun the. Ab main yaad kar raha hoon, Satyajit Ray ek bada filmmaker the, unki film ""Pather Panchali"" bahut hit hui thi. 

Ab main sochu ki Satyajit Ray ne village mein apni kya pasand ki thi. Main sochu raha hoon ki kya wo apne village mein logon ka saath manana pasand karte the, ya phir apne film ke charecter ki woh pasand karte the. Ab main yaad kar raha hoon, Satyajit Ray ne apne film me",2.914,372,He enjoyed the wide-eyed wonder and eager homage of people like Uncle Srinath who had use and longing for his money.,8.5
23,llama-3.1-8b-instant,Thomas Gray ke 'An Elegy Written in a Country Churchyard' se diya gaya stanza ka core message ya simple statement kya hai? Full many a gem of purest ray serene The dark unfathom’d caves of ocean bear Full many a flower is born to blush unseen And waste its fragrance in the desert air. Is stanza ka simple statement kya hai: kayi log apne outstanding qualities ke saath jeete hain aur duniya ki nazar mein aane ke bina mar jaate hain.,zero_shot,"Bilkul sahi! Thomas Gray ke 'An Elegy Written in a Country Churchyard' se diya gaya yeh stanza ek bahut hi vishisht sandesh deta hai. Yeh sandesh yeh hai ki kayi log apne outstanding qualities ke saath jeete hain, lekin duniya ki nazar mein aane ke bina mar jaate hain. Ye log, jaise ki bahut sari gem, flowers, aur jeevan ke anya sundar aur mahatvapurn astitva, apne astitva ko puri tarah se vyakt nahi kar paate hain. Yeh sabhi astitva, jo apni visheshta ke sath jeevit hain, duniya ki nazar se gha",3.623,349,Yeh stanza yeh simple statement deta hai ki kayi log apne outstanding qualities ke saath jeete hain aur duniya ki nazar mein aane ke bina mar jaate hain.,8.5
23,llama-3.1-8b-instant,Thomas Gray ke 'An Elegy Written in a Country Churchyard' se diya gaya stanza ka core message ya simple statement kya hai? Full many a gem of purest ray serene The dark unfathom’d caves of ocean bear Full many a flower is born to blush unseen And waste its fragrance in the desert air. Is stanza ka simple statement kya hai: kayi log apne outstanding qualities ke saath jeete hain aur duniya ki nazar mein aane ke bina mar jaate hain.,few_shot,"Bhaiya, aapka sawaal bahut accha hai. Thomas Gray ke 'An Elegy Written in a Country Churchyard' se diya gaya yeh stanza bahut khoobsurat hai aur iska core message yeh hai ki kayi log apne vyaaktitv aur shakti ke saath jeete hain lekin duniya ki nazar mein aane ke bina unke jeevan ki kahaani bit gayi rehti hai. Yeh shabdon ka ek bahut hi sundar aur sachchai se bhara message hai.",4.468,308,Yeh stanza yeh simple statement deta hai ki kayi log apne outstanding qualities ke saath jeete hain aur duniya ki nazar mein aane ke bina mar jaate hain.,8.5
23,llama-3.1-8b-instant,Thomas Gray ke 'An Elegy Written in a Country Churchyard' se diya gaya stanza ka core message ya simple statement kya hai? Full many a gem of purest ray serene The dark unfathom’d caves of ocean bear Full many a flower is born to blush unseen And waste its fragrance in the desert air. Is stanza ka simple statement kya hai: kayi log apne outstanding qualities ke saath jeete hain aur duniya ki nazar mein aane ke bina mar jaate hain.,chain_of_thought,"Arre yeh question bahut hi achcha hai. Let's step by step kaam karte hain:

1. Pehle, hamaare paas ek stanza hai:
Full many a gem of purest ray serene
The dark unfathom’d caves of ocean bear
Full many a flower is born to blush unseen
And waste its fragrance in the desert air.

2. Ab, humein ye pata hona chahiye ki is stanza ka core message kya hai. Ye kuch alag-alag tareeke se seekh sakte hain, jaise ki:
- Kya ye stanza kisi khubsurat cheez ko darsha raha hai?
- Kya yeh kisi shairi ya gawahi ka ",3.108,641,Yeh stanza yeh simple statement deta hai ki kayi log apne outstanding qualities ke saath jeete hain aur duniya ki nazar mein aane ke bina mar jaate hain.,8.5
23,llama-3.1-8b-instant,Thomas Gray ke 'An Elegy Written in a Country Churchyard' se diya gaya stanza ka core message ya simple statement kya hai? Full many a gem of purest ray serene The dark unfathom’d caves of ocean bear Full many a flower is born to blush unseen And waste its fragrance in the desert air. Is stanza ka simple statement kya hai: kayi log apne outstanding qualities ke saath jeete hain aur duniya ki nazar mein aane ke bina mar jaate hain.,structured_context,"{""answer"": ""Haan, aapka statement sahi hai"", ""explanation"": ""Ye stanza Thomas Gray ke 'An Elegy Written in a Country Churchyard' se hai, jisme ek country churchyard mein ghumne ke baad vichar kiya gaya hai. Ye stanza akele shabdon ka ek samajhdaar aur aakarshak joda hai jo logon ke jeevan aur unke outstanding qualities ke baare mein baat karti hai. Unhone apne jeevan mein achha kiya hai, lekin duniya ki nazar mein aane ke bina mar gaye. Ye stanza hamaare jeevan aur maut ke baare mein sochne ke l",6.643,393,Yeh stanza yeh simple statement deta hai ki kayi log apne outstanding qualities ke saath jeete hain aur duniya ki nazar mein aane ke bina mar jaate hain.,8.5
23,llama-3.1-8b-instant,Thomas Gray ke 'An Elegy Written in a Country Churchyard' se diya gaya stanza ka core message ya simple statement kya hai? Full many a gem of purest ray serene The dark unfathom’d caves of ocean bear Full many a flower is born to blush unseen And waste its fragrance in the desert air. Is stanza ka simple statement kya hai: kayi log apne outstanding qualities ke saath jeete hain aur duniya ki nazar mein aane ke bina mar jaate hain.,hierarchical_context,"Bachcho, aaj humne Thomas Gray ke ek prasiddh shloka se ek chhoti si padhai ki hai. Yeh shloka hai:

""Full many a gem of purest ray serene
The dark unfathom’d caves of ocean bear
Full many a flower is born to blush unseen
And waste its fragrance in the desert air.""

Is shloka ka core message kya hai? Ye yeh hai ki kayi log apne outstanding qualities ke saath jeete hain, lekin duniya ki nazar mein aane ke bina unka ant ho jaata hai. Ye shloka humein yeh sikhata hai ki kuch log apne visheshtiyon k",3.872,540,Yeh stanza yeh simple statement deta hai ki kayi log apne outstanding qualities ke saath jeete hain aur duniya ki nazar mein aane ke bina mar jaate hain.,8.5
23,llama-3.1-8b-instant,Thomas Gray ke 'An Elegy Written in a Country Churchyard' se diya gaya stanza ka core message ya simple statement kya hai? Full many a gem of purest ray serene The dark unfathom’d caves of ocean bear Full many a flower is born to blush unseen And waste its fragrance in the desert air. Is stanza ka simple statement kya hai: kayi log apne outstanding qualities ke saath jeete hain aur duniya ki nazar mein aane ke bina mar jaate hain.,rag_style,"Yeh poonch hai: kayi log apne outstanding qualities ke saath jeete hain aur duniya ki nazar mein aane ke bina mar jaate hain.

Mujhe lagta hai, is question ka jawab hai: Haan, yeh theek hai.",5.404,238,Yeh stanza yeh simple statement deta hai ki kayi log apne outstanding qualities ke saath jeete hain aur duniya ki nazar mein aane ke bina mar jaate hain.,8.5
23,llama-3.1-8b-instant,Thomas Gray ke 'An Elegy Written in a Country Churchyard' se diya gaya stanza ka core message ya simple statement kya hai? Full many a gem of purest ray serene The dark unfathom’d caves of ocean bear Full many a flower is born to blush unseen And waste its fragrance in the desert air. Is stanza ka simple statement kya hai: kayi log apne outstanding qualities ke saath jeete hain aur duniya ki nazar mein aane ke bina mar jaate hain.,tree_of_thought,"Arre yeh question bahut mushkil hai, lekin main 3 tarah se sochta hoon:

1. **Apni yaadon mein rehna**: Yeh stanza aakarshak yaadon aur unki samriddhi ke baare mein hai. Yeh kahaani hai ki kai logon ne apne jeevan mein aakarshak yaadon paida ki hain, lekin ve aaj bhi apni yaadon mein reh jaate hain. Unki yaadon ko hum apne samman aur shakti ke prati sammanit karte hain.

2. **Unseen talents**: Yeh stanza un logon ke baare mein hai jo apne outstanding qualities ke saath jeete hain, lekin unhein d",0.829,552,Yeh stanza yeh simple statement deta hai ki kayi log apne outstanding qualities ke saath jeete hain aur duniya ki nazar mein aane ke bina mar jaate hain.,8.5
23,llama-3.1-8b-instant,Thomas Gray ke 'An Elegy Written in a Country Churchyard' se diya gaya stanza ka core message ya simple statement kya hai? Full many a gem of purest ray serene The dark unfathom’d caves of ocean bear Full many a flower is born to blush unseen And waste its fragrance in the desert air. Is stanza ka simple statement kya hai: kayi log apne outstanding qualities ke saath jeete hain aur duniya ki nazar mein aane ke bina mar jaate hain.,agentic_context,"Aapne question bahut acha seekha hai. 

Step 1: Question ko samjha hai. Pata hai ki Thomas Gray ki kahaani ke baare mein puchha ja raha hai.

Step 2: Ab yeh sochna hai ki kya Thomas Gray ke 'An Elegy Written in a Country Churchyard' mein aisi kahaani hai jo is baat ke bare mein bataati hai ki kayi log apne outstanding qualities ke saath jeete hain aur duniya ki nazar mein aane ke bina mar jaate hain.

Step 3: Ab yeh soch leta hoon ki kya Thomas Gray ne apne shabd se is baat kaafi sahi tarah se v",7.037,572,Yeh stanza yeh simple statement deta hai ki kayi log apne outstanding qualities ke saath jeete hain aur duniya ki nazar mein aane ke bina mar jaate hain.,8.5
24,llama-3.1-8b-instant,What did Paul's mother mean by 'luck'?,zero_shot,"Arre, yeh sawaal bahut hi interesting hai! 
Paul ka maa ne 'luck' ke bare mein kya keha? 

To, usne yeh keha tha ki 'luck' ki zaroorat nahi hai, bas kamyabi ke liye mehnat karna hoga. Yeh uska matlab tha ki kabhi bhi koi cheez aapke saath hoti hai, yeh uske haath mein nahi hai, balki yeh uska kaam hai jo usne kiya hai.",3.502,176,It's what causes you to have money.,8.5
24,llama-3.1-8b-instant,What did Paul's mother mean by 'luck'?,few_shot,"Bhai, Paul ki ma kehti thi ki 'luck' woh cheez hai jo aapke sapne poore hote hain, jaise aapko koi achha kaam mil jaye ya aapke paas paise aa jaye. Yeh woh feeling hai jo aapko khush aur utsahit rekhne mein madad karta hai.",1.326,169,It's what causes you to have money.,8.5
24,llama-3.1-8b-instant,What did Paul's mother mean by 'luck'?,chain_of_thought,"Arre, let's break it down step by step in Hinglish:

1. Kya hai question? - What's the question?
 - What did Paul's mother mean by 'luck'?

2. Ab kya hai situation? - What's the situation?
 - Humne koi baat nahi suni hai ki Paul ki ma ki kya baat thi, lekin kya hai possible?
 - Possible hai ki Paul ki ma ne kuchh aisa kaha jo 'luck' ka matlab hai.

3. Ab kya hai options? - What are the options?
 - Options hai ki Paul ki ma ne 'luck' ka matlab kya hai:
  - 1. Shubh kaam karne se luck badh jaati h",0.713,394,It's what causes you to have money.,8.5
24,llama-3.1-8b-instant,What did Paul's mother mean by 'luck'?,structured_context,"{""answer"": ""Dua"", ""explanation"": ""Paul ka maa ne 'luck' ko kaha, jo kuchh logon mein 'dua' ya 'prarthana' ke roop mein jaana jaata hai. Ismein unhone kiya ki Paul ko aisi cheezon ka labh hona chahiye jisse vah apne lakshyon ko poora kar sake.""}",5.351,158,It's what causes you to have money.,8.5
24,llama-3.1-8b-instant,What did Paul's mother mean by 'luck'?,hierarchical_context,"Arre, bachchon! Aaj hum ek interesting story sunenge. Ismein ek boy naamdaar Paul hai, jo ek basketball khiladi hai. Lekin yeh sawal hai ki Paul ki maa ne 'luck' ka matlab kya kehaya?

Toh, bachchon, aapko pata hai na ki basketball khelne se pehle, players ko lagta hai ki unke paas kuch nahin hai, kuch naya nahin ho raha hai. Ismein sirf ek cheez hai, jiske andar ve vishwas rakhenge - unki maa ki kahaani.

Paul ki maa ne unhein kaha tha ki 'luck' sirf yehi hai ki aap apne passion par vishwas rak",1.873,434,It's what causes you to have money.,8.5
24,llama-3.1-8b-instant,What did Paul's mother mean by 'luck'?,rag_style,Aapne puchha ki Paul ki ma kya kaha hai 'luck'. Mujhe lagta hai unhone kaha hoga ki 'luck' ka matlab hai 'kaam chal raha hai'.,3.328,121,It's what causes you to have money.,2.0
24,llama-3.1-8b-instant,What did Paul's mother mean by 'luck'?,tree_of_thought,"Mujhe 3 tarah se sochne ka mauka hai, aur main aapko sabse achhi jaankari diungi.

Pehla soch: Paul's mother ne 'luck' ko khaane ka maqsad keh sakti hai. Woh khaane ke liye lucky charms ya tona ke liye paise deti hai, aur yeh uske liye ek aisa tarika hai.

Dusra soch: Doosra soch hai ki Paul's mother ne 'luck' ko ek tarah ke nishkarsh ko darshaya hai. Jaise, agar aap kuch karte samay aapko kuch achha hota hai, to yeh lucky moment hota hai.

Teesra soch: Teesra soch hai ki Paul's mother ne 'luck'",0.831,405,It's what causes you to have money.,8.5
24,llama-3.1-8b-instant,What did Paul's mother mean by 'luck'?,agentic_context,"Maine samajha, question hai ki Paul ki maa ne 'luck' ke bare mein kya kehne the. 

Ab main sochta hoon, kya luck ka matlab hai. Luck ka matlab hai ki kabhi-kabhi cheezen aati hain jo hamara niyamit prabandhan se bahar hai. 

Ismein main yeh soch raha hoon, kya Paul ki maa ne kaha ki unki saari sukh-dukh luck ke saath aati aur jati hai.

Toh main jawab dega, Paul ki maa ne 'luck' se kahe ki unki zindagi ki cheezein luck ke saath aati aur jati hain.",4.64,251,It's what causes you to have money.,8.5
25,llama-3.1-8b-instant,"Ma'am, kya humne Rani Lakshmibai ke baare me padha tha, unka role freedom fight me kya tha?",zero_shot,"Bhai, haan bhai, Rani Lakshmibai ek bahut hi badi shaktishali aur swatantra ke liye ladne wali mahila theen. Ve Jhansi ki rani theen aur British sarkar ke khilaf ladne ke liye prasiddh theen.

Unka role freedom fight me yeh tha ki ve British sarkar ke dhandaagariyon se ladhne ke liye taiyar thi. Ve Jhansi ko British sarkar se aazad karne ke liye ladne gayi. Unhone apne putra Damodar Rao ko British sarkar ke samne rakha aur apne desh ke liye ladne ke liye taiyar kar diya.

Rani Lakshmibai ne apne",0.562,331,"Haan, humne Rani Lakshmibai ke baare me padha tha, unka role freedom fight me bahut bada tha, unhone Britishers ke khilaf ladai ladi aur apne desh ki azadi ke liye sangharsh kiya.",8.5
25,llama-3.1-8b-instant,"Ma'am, kya humne Rani Lakshmibai ke baare me padha tha, unka role freedom fight me kya tha?",few_shot,"Arre bhai, haan bhai, Rani Lakshmibai ki baat toh sabne suni hogi. Vah ki Jhansi ki rani thi, unka role freedom fight me bahut bada tha. Unhone British sultanat ke khilaf ladai ladi thi, jisse humein aazadi milegi. Unka kirdar bahut bada hai, unhone apne jeevan ko desh ke liye khatra karke laga diya. Unka ek ladki se hero ki tarah ka yatra hai, jo sabko prerit karti hai.",4.576,239,"Haan, humne Rani Lakshmibai ke baare me padha tha, unka role freedom fight me bahut bada tha, unhone Britishers ke khilaf ladai ladi aur apne desh ki azadi ke liye sangharsh kiya.",8.5
25,llama-3.1-8b-instant,"Ma'am, kya humne Rani Lakshmibai ke baare me padha tha, unka role freedom fight me kya tha?",chain_of_thought,"Arre yaar, ek baar se pata lagaaya jaaye to yeh khasam dekhne mein asaan ho jaata hai.

Sapta step me hum Rani Lakshmibai ke baare me jante hain:

1. Rani Lakshmibai ka naam aata hai jiska vartmaan Bharat ke ek mahila shakti ka prateek maana jata hai. Vah ek maharani the jo Bharat ki azadi ladaai mein shamil hui thi.

2. Rani Lakshmibai ke kaal ka naam aata hai Jhansi, jo vah shahar thi jahan unki rajdhani thi.

3. Rani Lakshmibai ko aate hain British sarkar ke khilaf ladne ke liye jana jata hai",1.139,643,"Haan, humne Rani Lakshmibai ke baare me padha tha, unka role freedom fight me bahut bada tha, unhone Britishers ke khilaf ladai ladi aur apne desh ki azadi ke liye sangharsh kiya.",8.5
25,llama-3.1-8b-instant,"Ma'am, kya humne Rani Lakshmibai ke baare me padha tha, unka role freedom fight me kya tha?",structured_context,"{""answer"": ""Haan, humne Rani Lakshmibai ke baare mein padha tha, unka role freedom fight mein bahut mahatvapoorn tha."", ""explanation"": ""Rani Lakshmibai Bharat ki azadi ki ladai mein ek mahaan nayak thi. Vah Jhansi ki rani the aur unhone British sarkar ke khilaf ladai ladi. Unhone apne desh ki azadi ke liye sajag kiya aur apne janon ko azadi ki or le gayi. Unka role freedom fight mein bahut prabhavshaali raha aur unhe Bharat ki itihaas mein ek mahaan shakti ke roop mein yaad kiya jata hai.""}",7.587,256,"Haan, humne Rani Lakshmibai ke baare me padha tha, unka role freedom fight me bahut bada tha, unhone Britishers ke khilaf ladai ladi aur apne desh ki azadi ke liye sangharsh kiya.",8.5
25,llama-3.1-8b-instant,"Ma'am, kya humne Rani Lakshmibai ke baare me padha tha, unka role freedom fight me kya tha?",hierarchical_context,"Beta, Rani Lakshmibai ki kahaani bahut prasiddh hai. Humne unki kahaani padhi hai ki ve Jhansi ki rani thein, aur unhone Bharatiya swatantrata sangram mein bahut mahatvapoorn bhoomika nibhayi thi.

Rani Lakshmibai ki umar lagbhag 18-20 saal thi jab ve Jhansi ki rani ban gayin thi. Ve ek shaktishali aur sahasi rani thein, jinhone apne pati, Maharaja Gangadhar Rao ki mrityu ke baad Jhansi ki rajdhani ki raksha ke liye ladai ladayi.

Yeh samay Bharat par Angrezon ki shasan the, aur ve humari aazaad",3.052,538,"Haan, humne Rani Lakshmibai ke baare me padha tha, unka role freedom fight me bahut bada tha, unhone Britishers ke khilaf ladai ladi aur apne desh ki azadi ke liye sangharsh kiya.",8.5
25,llama-3.1-8b-instant,"Ma'am, kya humne Rani Lakshmibai ke baare me padha tha, unka role freedom fight me kya tha?",rag_style,"Ma'am, haan humne Rani Lakshmibai ke baare me padha tha. Vah Bharatiya azadi ladhayee ke ek mahaan nayika thein. Unka role freedom fight me yeh tha ki vah British sarakaron ko Bharat se nikalne ke liye ladti rahi thi. Woh Jhansi ki rani thein aur unhone apne rajya ke prati bahut bada yatra kiya tha.",3.421,201,"Haan, humne Rani Lakshmibai ke baare me padha tha, unka role freedom fight me bahut bada tha, unhone Britishers ke khilaf ladai ladi aur apne desh ki azadi ke liye sangharsh kiya.",8.5
25,llama-3.1-8b-instant,"Ma'am, kya humne Rani Lakshmibai ke baare me padha tha, unka role freedom fight me kya tha?",tree_of_thought,"Maine kai cheezein sochi hain. 

Pehla vichar yeh hai ki Rani Lakshmibai ki bhumika aazadi ki ladai mein bahut badi thi. Vah Jhansi ki rani thein, jise British sarkar ne Jhansi ke throne se 1857 me hataya tha. Isse gusse hokar vah aazadi ki ladai mein shamil hui aur British sarkar ke khilaf ladai ladi.

Dusra vichar yeh hai ki Rani Lakshmibai ne apne pootre Bharat ki aazadi ke liye ladayi. Unhone British sarkar ke khilaf kai ladaiyon mein bharat ke senaon ke saath jude hue the. Unhone apne pootr",4.749,469,"Haan, humne Rani Lakshmibai ke baare me padha tha, unka role freedom fight me bahut bada tha, unhone Britishers ke khilaf ladai ladi aur apne desh ki azadi ke liye sangharsh kiya.",8.5
25,llama-3.1-8b-instant,"Ma'am, kya humne Rani Lakshmibai ke baare me padha tha, unka role freedom fight me kya tha?",agentic_context,"Arre, woh pata hai ki humne Rani Lakshmibai ke baare mein padha tha. 

Step 1: Understand question - Thoda confuse hua, lekin aise hi pucha gaya hai: kya Rani Lakshmibai ne azadi ki ladai mein kya role kiya tha?

Step 2: Recall knowledge - Rani Lakshmibai ko hum Bharat ki azadi ki ladai mein ek bahadur aur sahayog karne wali lekhika kehte hain. Vah Jhansi ke raja Gangadhar Rao ki patni thi aur unka role azadi ki ladai mein bahut hi mahatvapoorn tha.

Step 3: Give accurate answer - Rani Lakshmiba",3.721,387,"Haan, humne Rani Lakshmibai ke baare me padha tha, unka role freedom fight me bahut bada tha, unhone Britishers ke khilaf ladai ladi aur apne desh ki azadi ke liye sangharsh kiya.",8.5
26,llama-3.1-8b-instant,"Sahara ke context mein 'fossil water' kya hai aur iske kya characteristics hain? Sahara ke neeche toh bahut saare fresh water ke aquifers hain, itne paani ki agar hum ek chhota sa samundar bhar dein toh woh bhi kam pad jayega. Yeh fossil water hai, jo pehle se hi treasure ki tarah rakha hua hai, aur shayad usme se kuch paani toh lakhon saal purana bhi ho sakta hai.",zero_shot,"Arre, Sahara ke context mein 'fossil water' kya hai, wo toh ek bahut hi interesting vishay hai. Fossil water ek prakaar ka paani hai jo bahut pahale se hi underground me store kiya gaya hai.

Iske characteristics yeh hain:

1. **Bahut Pahale Se Hi Store Kiya Gaya** - Fossil water ka matlab hai ki yeh paani bahut pahale se hi underground me store kiya gaya hai, jo kai lakhon varshon se pehle ki baat hai.
2. **Neeche Hui Bhoomi Se Milta Hai** - Fossil water neeche hui bhoomi se milta hai, jaise ki",3.824,512,"Fossil water se hum sahara ke neeche ke wo bade aquifers samajhte hain jinke andar fresh water hai, jo pehle se hi prehistoric times mein rakha hua hai aur jiske baare mein kahte hain ki wo lakhon saal purana hai. Is water ko clean, refreshing mineral water bola jaata hai.",8.5
26,llama-3.1-8b-instant,"Sahara ke context mein 'fossil water' kya hai aur iske kya characteristics hain? Sahara ke neeche toh bahut saare fresh water ke aquifers hain, itne paani ki agar hum ek chhota sa samundar bhar dein toh woh bhi kam pad jayega. Yeh fossil water hai, jo pehle se hi treasure ki tarah rakha hua hai, aur shayad usme se kuch paani toh lakhon saal purana bhi ho sakta hai.",few_shot,"Bhaiya, Sahara ke context mein 'fossil water' kya hai? Fossil water Sahara ke neeche sthit underground aquifers mein sthit fresh water hai, jo pehle ki tarah hi sthit hai. Yeh paani lakho saalon se takra gaya hai, phir bhi usey khoon ki tarah hi rakha hai aur ab bhi usey hum pa rahe hain.

Iske kya characteristics hain? Fossil water ke kai characteristics hain, bhaiya. Pehla, yeh paani bahut purana hai, jo ki lakho saalon se takra gaya hai. Dusra, yeh paani bahut pehla ki tarah hi hai, jo ki abh",4.645,409,"Fossil water se hum sahara ke neeche ke wo bade aquifers samajhte hain jinke andar fresh water hai, jo pehle se hi prehistoric times mein rakha hua hai aur jiske baare mein kahte hain ki wo lakhon saal purana hai. Is water ko clean, refreshing mineral water bola jaata hai.",8.5
26,llama-3.1-8b-instant,"Sahara ke context mein 'fossil water' kya hai aur iske kya characteristics hain? Sahara ke neeche toh bahut saare fresh water ke aquifers hain, itne paani ki agar hum ek chhota sa samundar bhar dein toh woh bhi kam pad jayega. Yeh fossil water hai, jo pehle se hi treasure ki tarah rakha hua hai, aur shayad usme se kuch paani toh lakhon saal purana bhi ho sakta hai.",chain_of_thought,"Mujhe Sahara ke context mein 'fossil water' ke baare mein socha jaye.

1. Fossil water kya hai: Fossil water ek prakaar ki purani paryavaran mein sthit jal hai. Yah paani bahut se saal pehle nikalta tha aur phir uss paani ke sanchayansheela sthalon mein sthanantaran kar ke rakha gaya hai. Is tarah, yah paani bahut saal pehle ki jalvayu aur paryavaran ke anukool hai.

2. Fossil water ke characteristics: Fossil water ke kai characteristics hain.
   - Yah bahut saal pehle ki jalvayu aur paryavaran ",5.023,633,"Fossil water se hum sahara ke neeche ke wo bade aquifers samajhte hain jinke andar fresh water hai, jo pehle se hi prehistoric times mein rakha hua hai aur jiske baare mein kahte hain ki wo lakhon saal purana hai. Is water ko clean, refreshing mineral water bola jaata hai.",8.5
26,llama-3.1-8b-instant,"Sahara ke context mein 'fossil water' kya hai aur iske kya characteristics hain? Sahara ke neeche toh bahut saare fresh water ke aquifers hain, itne paani ki agar hum ek chhota sa samundar bhar dein toh woh bhi kam pad jayega. Yeh fossil water hai, jo pehle se hi treasure ki tarah rakha hua hai, aur shayad usme se kuch paani toh lakhon saal purana bhi ho sakta hai.",structured_context,"{""answer"": ""Fossil water, Sahara mein paeen paani ke aquifers ko kaha jata hai, jo bahut purani hai aur ismein pehle se hi paani rakha gaya hai. Iske characteristics hain:

* Bahut purani - yeh paani lakhon saal purana ho sakta hai.
* Treasure ki tarah - yeh paani pehle se hi treasure ki tarah rakha gaya hai.
* Bahut kam aata hai - agar hum ismein se ek chhota sa samundar bhar dein toh woh bhi kam pad jayega.

Iske liye explanation hai ki Sahara ke neeche bahut saare fresh water ke aquifers hain",5.72,382,"Fossil water se hum sahara ke neeche ke wo bade aquifers samajhte hain jinke andar fresh water hai, jo pehle se hi prehistoric times mein rakha hua hai aur jiske baare mein kahte hain ki wo lakhon saal purana hai. Is water ko clean, refreshing mineral water bola jaata hai.",8.5
26,llama-3.1-8b-instant,"Sahara ke context mein 'fossil water' kya hai aur iske kya characteristics hain? Sahara ke neeche toh bahut saare fresh water ke aquifers hain, itne paani ki agar hum ek chhota sa samundar bhar dein toh woh bhi kam pad jayega. Yeh fossil water hai, jo pehle se hi treasure ki tarah rakha hua hai, aur shayad usme se kuch paani toh lakhon saal purana bhi ho sakta hai.",hierarchical_context,"Sahara ke context mein 'fossil water' ek bahut hi mahatvapoorn concept hai. Toh hum isey samajhne ki koshish karenge.

Fossil water, jiska anya naam 'groundwater' bhi hai, yeh pehli jagah se hi humein paani pradan karta hai. Yah paani jo khoon ke saman nadiyon, nadiyon, aur jhilon ke zariye samudra mein jaata hai, vah paani jiske baad pehle hi samudra mein chhodna padta hai, vah paani yeh underground tanks ya reservoirs mein jama ho jata hai. Yeh tanks ya reservoirs jese hi pehle se hi nadiyon, ",3.03,668,"Fossil water se hum sahara ke neeche ke wo bade aquifers samajhte hain jinke andar fresh water hai, jo pehle se hi prehistoric times mein rakha hua hai aur jiske baare mein kahte hain ki wo lakhon saal purana hai. Is water ko clean, refreshing mineral water bola jaata hai.",8.5
26,llama-3.1-8b-instant,"Sahara ke context mein 'fossil water' kya hai aur iske kya characteristics hain? Sahara ke neeche toh bahut saare fresh water ke aquifers hain, itne paani ki agar hum ek chhota sa samundar bhar dein toh woh bhi kam pad jayega. Yeh fossil water hai, jo pehle se hi treasure ki tarah rakha hua hai, aur shayad usme se kuch paani toh lakhon saal purana bhi ho sakta hai.",rag_style,"Yeh to pata chal gaya hai ki Sahara mein kya hai. Toh let's answer the question:

Sahara ke context mein 'fossil water' kya hai?

Fossil water Sahara ke neeche wale fresh water ke aquifers se milta hai, jo pehle se hi treasure ki tarah rakha hua hai. Iska matlab hai ki yeh paani pehle se hi sthir aur thakan se bacha hua hai, jisse ismein koi bhi nuksaan nahin hua hai.

Iske characteristics kya hain?

Iske characteristics yeh hain:

- Yeh paani pehle se hi treasure ki tarah rakha hua hai, jisse i",7.791,432,"Fossil water se hum sahara ke neeche ke wo bade aquifers samajhte hain jinke andar fresh water hai, jo pehle se hi prehistoric times mein rakha hua hai aur jiske baare mein kahte hain ki wo lakhon saal purana hai. Is water ko clean, refreshing mineral water bola jaata hai.",8.5
26,llama-3.1-8b-instant,"Sahara ke context mein 'fossil water' kya hai aur iske kya characteristics hain? Sahara ke neeche toh bahut saare fresh water ke aquifers hain, itne paani ki agar hum ek chhota sa samundar bhar dein toh woh bhi kam pad jayega. Yeh fossil water hai, jo pehle se hi treasure ki tarah rakha hua hai, aur shayad usme se kuch paani toh lakhon saal purana bhi ho sakta hai.",tree_of_thought,"**Pehla Soch:**

Fossil water ka matlab hai jo pehle ke samay mein paani ki chhap ban gayi hai aur ab isse hum use nikal rahe hain. Iske characteristics hain:

- Ye paani bahut purana hota hai, jo kai lakh saal se bhi purana ho sakta hai.
- Ye paani abhi bhi treasure ki tarah rakha hua hai, jab ki hum use nikal rahe hain.
- Ye paani Sahara ke neeche ki fresh water ke aquifers se aata hai.

**Dusra Soch:**

Fossil water ka matlab hai jo pehle ke samay mein paani ki chhap ban gayi hai aur ab isse ",4.014,777,"Fossil water se hum sahara ke neeche ke wo bade aquifers samajhte hain jinke andar fresh water hai, jo pehle se hi prehistoric times mein rakha hua hai aur jiske baare mein kahte hain ki wo lakhon saal purana hai. Is water ko clean, refreshing mineral water bola jaata hai.",8.5
26,llama-3.1-8b-instant,"Sahara ke context mein 'fossil water' kya hai aur iske kya characteristics hain? Sahara ke neeche toh bahut saare fresh water ke aquifers hain, itne paani ki agar hum ek chhota sa samundar bhar dein toh woh bhi kam pad jayega. Yeh fossil water hai, jo pehle se hi treasure ki tarah rakha hua hai, aur shayad usme se kuch paani toh lakhon saal purana bhi ho sakta hai.",agentic_context,"Arre bhai, maine samaj liya hai question. 

Step 1: Understand question
Question Sahara ke context mein 'fossil water' ko seekhte hain. Fossil water ke characteristics aur Sahara ke neeche sthit fresh water ke aquifers ke baare mein puchha gaya hai.

Step 2: Recall knowledge
Mujhe pata hai ki Sahara ek vasta vasta desert hai, jahaan bahut saare fresh water ke aquifers hain. Ye aquifers jo Sahara ke neeche hain, woh pehle se hi sthit hain aur ismein paani ka sthaan kuch lakhs saal purana ho sakta",7.028,538,"Fossil water se hum sahara ke neeche ke wo bade aquifers samajhte hain jinke andar fresh water hai, jo pehle se hi prehistoric times mein rakha hua hai aur jiske baare mein kahte hain ki wo lakhon saal purana hai. Is water ko clean, refreshing mineral water bola jaata hai.",8.5
27,llama-3.1-8b-instant,"Sir, what is biodiversity?",zero_shot,"Arre, biodiversity toh ek bahut hi zaroori cheez hai. Yeh hai kuchh is tarah, jahaan humein prakritik duniya ki vishishtata aur vivaaditata dekhne mein madad milti hai. 

Biodiversity ka matlab hai prani jeevan ka vishisht roop aur anokhapan. Ismein pahadon ke jangal se lekar samudr ke jeev, sabhi ke madhyam se humein prakritik duniya ki vivaaditata dekhne mein madad milti hai.

Ismein hawaat ke jeev, jaise ki phool, patte, aur pedh bhi shamil hote hain. Jeev ke alawa, hamaare paani ke jeev bhi ",4.644,358,Biodiversity ek aisa vishay hai jismein hum dharti par maujood jeev-jantuon ki vividhata ke bare mein padhte hain. Ismein hum yeh jaante hain ki kaise hum jeev-jantuon ki raksha kar sakte hain.,8.5
27,llama-3.1-8b-instant,"Sir, what is biodiversity?",few_shot,"Beta, biodiversity zameen ke vibhinn jeevon kee vyapakta hai. Yeh is baat ko kahaata hai ki humare samudra, jungle, jungle kee jangal, haddi, paani kee dhar, aur hamaare aaspaas kee dharati par kitne bhed-bhag ke jeevon rehte hain. Yeh iske jeevan kee vyapakta ko darshata hai, jismein vibhinn prakaar ke jeevon, pankh, janwar, patthar, aur jeevita jeevon shaamil hain.",2.513,225,Biodiversity ek aisa vishay hai jismein hum dharti par maujood jeev-jantuon ki vividhata ke bare mein padhte hain. Ismein hum yeh jaante hain ki kaise hum jeev-jantuon ki raksha kar sakte hain.,8.5
27,llama-3.1-8b-instant,"Sir, what is biodiversity?",chain_of_thought,"Arre, let me break it down for you:

1. Biodiversity ka matlab kya hai? Biodiversity ka matlab hai kai prakaar ke jeev aur unke aas-paas ke vaastavik sthaan kee vaastaviktaa. 

2. Jeev aur vaastavik sthaan kee vaastaviktaa se kya lagta hai? Jeev aur vaastavik sthaan ka maana hai jeev, jeev sthitiyaan, paudhe, jameen, paani, hawa, aur unke beech ke tanaav aur sahaaytaa.

3. Biodiversity kee mahtvapurnataa kya hai? Biodiversity hai humaare jeevan kee aadhaarshila. Yah humaare khana, pahachaan, aur",3.139,548,Biodiversity ek aisa vishay hai jismein hum dharti par maujood jeev-jantuon ki vividhata ke bare mein padhte hain. Ismein hum yeh jaante hain ki kaise hum jeev-jantuon ki raksha kar sakte hain.,8.5
27,llama-3.1-8b-instant,"Sir, what is biodiversity?",structured_context,"{""answer"": ""Biodiversity hai ek bahut hi zaroori cheez jo prakriti mein hamesha chalti rahi hai."", ""explanation"": ""Biodiversity ka matlab hai jeevan ke sabhi roop, jaise ki ped, prani, paudhe, jeev, aur unke aas-paas ke vatan, jo sab ek dusre ke saath judhe hue hain aur ek doosre par aadharit hain. Yeh prakriti ke saath hamari ekta ko dikhata hai aur humein yeh yaad dilata hai ki hum prakriti ka hissa hain aur usse bachana hain.""}",4.501,218,Biodiversity ek aisa vishay hai jismein hum dharti par maujood jeev-jantuon ki vividhata ke bare mein padhte hain. Ismein hum yeh jaante hain ki kaise hum jeev-jantuon ki raksha kar sakte hain.,8.5
27,llama-3.1-8b-instant,"Sir, what is biodiversity?",hierarchical_context,"Bhai, biodiversity ka matlab hai apne paryavaran mein vishisht jatiyon, prajaatiyon aur paudhon ki vistrittaan. Yeh kuch is tarah hai:

- Prani jatiyon ki vistritta: Apne paryavaran mein, hum kai prani jatiyon ko pate hain, jaise ki ped, janwar, phool, patthar, samudra jeevon, aadi.
- Prani prajaatiyon ki vistritta: Har prani jati mein kai prajaatiyon ka vistritta hota hai. Jaise ki hamaare desh mein, pedon ki kai prajaatiyaan hain, jaise ki mango, banana, amla, aadi.
- Aneekatmak prajaatiyon ki",2.298,604,Biodiversity ek aisa vishay hai jismein hum dharti par maujood jeev-jantuon ki vividhata ke bare mein padhte hain. Ismein hum yeh jaante hain ki kaise hum jeev-jantuon ki raksha kar sakte hain.,8.5
27,llama-3.1-8b-instant,"Sir, what is biodiversity?",rag_style,"Arre bhai, biodiversity ka matlab hai bahut se prakaar ke jeev-jaivik visheshataon ka samagri. Yeh pradushan, jeevaniyeekaran aur paristhitiya parivartan se bachane ke liye jaroori hai.",5.305,140,Biodiversity ek aisa vishay hai jismein hum dharti par maujood jeev-jantuon ki vividhata ke bare mein padhte hain. Ismein hum yeh jaante hain ki kaise hum jeev-jantuon ki raksha kar sakte hain.,8.5
27,llama-3.1-8b-instant,"Sir, what is biodiversity?",tree_of_thought,"Bhai, maine socha hai:

1. Biodiversity ke bare mein ek cheez hai ki jab hum hamesha ek hi tareeke se khate hain, phir humare aaspaas ke paudhe, jeevan aur pradushan mein kuch bhi badlaav nahin aata. Lekin jab hum apne khane ko theek se balance rakhte hain, toh paudhe, jeevan aur paani mein bhi balance hota hai. Isse humein ek acchi tarah se sahi jeevan jeevan ka moka milta hai.

2. Biodiversity ke bare mein ek aur cheez hai ki jab hum apne aas-paas ke jeevan ko bachaate hain, toh humein unke sa",1.779,451,Biodiversity ek aisa vishay hai jismein hum dharti par maujood jeev-jantuon ki vividhata ke bare mein padhte hain. Ismein hum yeh jaante hain ki kaise hum jeev-jantuon ki raksha kar sakte hain.,8.5
27,llama-3.1-8b-instant,"Sir, what is biodiversity?",agentic_context,"Sahib, main samajh chuka hoon. Biodiversity ka matlab hai logon ke beech jald se jald badhti jaanwaron, patjhadon, jeevon aur anya prakaar ke jeev ke visheshagatata. Yeh kuch aur bhi hai, jaise ki prakritik aaspaas ke visheshagatata, jaise ki prakaar ke phool, patjhad, paani, prithvi aur hawa ke visheshagatata.

Step 2: Yaad karne ki koshish kar raha hoon.
Biodiversity ka mukhya uddeshya hai prakritik samasyaon ko kam karne ke liye, jaise ki jalvayu parivartan, paudhon ke vinas, jaivik asman ka ",5.901,422,Biodiversity ek aisa vishay hai jismein hum dharti par maujood jeev-jantuon ki vividhata ke bare mein padhte hain. Ismein hum yeh jaante hain ki kaise hum jeev-jantuon ki raksha kar sakte hain.,8.5
28,llama-3.1-8b-instant,Riwaj ke hisab se dadi ji ki death ke baad unka body kya kiya gaya tha? Humne unhe bed se uthaya aur riwaj ke mutabik zameen par leta kar laal kapde se dhak diya.,zero_shot,"Riwaj ke hisab se dadi ji ki death ke baad unka body ko saaf karna aur zameen par letna ek mahatvapurn kadam tha. Humne unhe bed se uthaya aur zameen par let kar, unka janaazaa ek aisa prakriya tha jo unki mritak prithvi par aane ke baad unke shareer ko sambhavit bimariyon se bachne ke liye kiya gaya tha.

Is prakriya ke dauraan, humne unhe laal kapde se dhak diya taaki unka shareer surya ke ultraviolet ki krantiyon se bach sakhe. Is prakriya ko 'laash letna' ya 'laash saaf karna' kaha jata hai,",2.682,337,Riwaj ke hisab se dadi ji ki death ke baad unka body bed se uthakar zameen par laya gaya aur laal kapde se dhak diya gaya.,8.5
28,llama-3.1-8b-instant,Riwaj ke hisab se dadi ji ki death ke baad unka body kya kiya gaya tha? Humne unhe bed se uthaya aur riwaj ke mutabik zameen par leta kar laal kapde se dhak diya.,few_shot,"Bhaiya, yeh to bahut hi achha aadmi the dadi ji. Unki death ke baad humne isse is tarah se sammanit kiya tha. Unki body ko pahle hi bed se uthaya aur phir laal kapde se dhak diya, isse unka sharifanaam aur samman ka prateek raha.

Yeh ek aadiwasi riwaj hai jo kai parivaaron mein dekha gaya hai, jahan log unke pyaare parivaar ke liye marne ke baad unki body ko laal kapde se dhakkar zameen par leta hai. Yeh ek samman ki baat hai, jahan log unke pyaare ko apne aaspaas khelne aur unse judne ki ichch",2.716,380,Riwaj ke hisab se dadi ji ki death ke baad unka body bed se uthakar zameen par laya gaya aur laal kapde se dhak diya gaya.,8.5
28,llama-3.1-8b-instant,Riwaj ke hisab se dadi ji ki death ke baad unka body kya kiya gaya tha? Humne unhe bed se uthaya aur riwaj ke mutabik zameen par leta kar laal kapde se dhak diya.,chain_of_thought,"Arre bhai, yeh sawal bahut hi ghatiya hai, magar hum yeh bhi jaante hain ki dadi ji ki death ke baad unka body kaise kiya gaya tha. Toh, ek-ek karke dekhte hain:

1. Dadi ji ki death ke baad unka body bed se uthaya gaya aur unhe ek saaf aur sukhaya hua sthal par rakh diya gaya.
2. Yeh sthal aamtaur par zameen par leta hua hota hai, jisse unke body ko thanda kiya ja sakta hai.
3. Zameen par letane ke baad, unke body ko laal kapde se dhak diya gaya hoga, jisse unki identity aur samman ko samajhaya",3.711,410,Riwaj ke hisab se dadi ji ki death ke baad unka body bed se uthakar zameen par laya gaya aur laal kapde se dhak diya gaya.,8.5
28,llama-3.1-8b-instant,Riwaj ke hisab se dadi ji ki death ke baad unka body kya kiya gaya tha? Humne unhe bed se uthaya aur riwaj ke mutabik zameen par leta kar laal kapde se dhak diya.,structured_context,"{""answer"": ""Aapne dadi ji ki death ke baad unka body zameen par leta kar laal kapde se dhak diya hai, jo ke riwaj ke hisab se ek sadqah-i-janazah ke roop mein kiyaa gaya hai."", ""explanation"": ""Aapne dadi ji ki death ke baad unka body bed se uthaakar zameen par leta kar unka shuddhikaran kar diya hai. Isse unki aatma ko azaadi aur shanti mil jaayegi. Laal kapde se dhakne ke liye aapne ek sadqah-i-janazah ke roop mein kiyaa hai, jo ke ek saadharan riwaj hai. Isse unki death ko ek saathik aur samma",4.616,317,Riwaj ke hisab se dadi ji ki death ke baad unka body bed se uthakar zameen par laya gaya aur laal kapde se dhak diya gaya.,8.5
28,llama-3.1-8b-instant,Riwaj ke hisab se dadi ji ki death ke baad unka body kya kiya gaya tha? Humne unhe bed se uthaya aur riwaj ke mutabik zameen par leta kar laal kapde se dhak diya.,hierarchical_context,"Beta, aaj humne ek bahut hi aachha karya kiya hai. Dadi ji ki maut ke baad unke shareer ke saath kya kiya jaata hai, iske liye humne ek aisa karya kiya hai jiska uttar ham aapko dene wale hain.

Jab koi vishvaasit vyakti (jaise ki dadi ji) mar jaata hai, toh unke shareer ko ghar se bahar le jana jaata hai. Isse hum unke shareer ke liye ek sahi jagah pradaan kar rahe hain jahan ve shant ho saken.

Ab, humne unhe bed se uthaya aur zameen par leta kar laal kapde se dhak diya. Iske peeche kya hai? L",2.973,535,Riwaj ke hisab se dadi ji ki death ke baad unka body bed se uthakar zameen par laya gaya aur laal kapde se dhak diya gaya.,8.5
28,llama-3.1-8b-instant,Riwaj ke hisab se dadi ji ki death ke baad unka body kya kiya gaya tha? Humne unhe bed se uthaya aur riwaj ke mutabik zameen par leta kar laal kapde se dhak diya.,rag_style,"Arre, dadi ji ki death ke baad unka body zameen par leta kar laal kapde se dhak diya gaya tha.",5.2,160,Riwaj ke hisab se dadi ji ki death ke baad unka body bed se uthakar zameen par laya gaya aur laal kapde se dhak diya gaya.,8.5
28,llama-3.1-8b-instant,Riwaj ke hisab se dadi ji ki death ke baad unka body kya kiya gaya tha? Humne unhe bed se uthaya aur riwaj ke mutabik zameen par leta kar laal kapde se dhak diya.,tree_of_thought,"Arre bhai, yeh sawaal bahut badaa hai. Maine iske liye teen tarah se socha hai:

1. **Purane Riwaj ke Anusaar**: Pehle, humein aisa lagta hai ki dadi ji ki death ke baad unka body zameen par leta kar ek laal kapde se dhak diya jata hai. Yah Hindu aur kuchh anya dharmo ke riwaaj ke anusaar hota hai, jisse logon ko pata lagta hai ki unki death hui hai.

2. **Shodh Aur Anusandhan ke Daata**: Doosra, hum shodh aur anusandhan ke daataa hain, toh humein is vishay par vishesh dhyan dena chahiye. Hum ch",2.956,566,Riwaj ke hisab se dadi ji ki death ke baad unka body bed se uthakar zameen par laya gaya aur laal kapde se dhak diya gaya.,8.5
28,llama-3.1-8b-instant,Riwaj ke hisab se dadi ji ki death ke baad unka body kya kiya gaya tha? Humne unhe bed se uthaya aur riwaj ke mutabik zameen par leta kar laal kapde se dhak diya.,agentic_context,"Arre, yeh sawaal bahut hi achha hai. 

Step 1: Pehle, humne question padha hai. Dadi ji ki death ke baad unke body ke saath kya kiya gaya tha, woh pata lagana hai.

Step 2: Ab, humne apne gyaan ko yaad kiya hai. Hindu rewaaj ke mutabik, jab koi vardhman ya vaani hota hai, tab unke sharir ke saath kuchh hi kadam uthaye jaate hain. 

Step 3: Ab, hum answer dengay.

Agar hum zameen par leta kar laal kapde se dhak diya hai, to yeh ek galti hai. Hindu rewaaj ke mutabik, jab koi vardhman ya vaani hota",5.696,440,Riwaj ke hisab se dadi ji ki death ke baad unka body bed se uthakar zameen par laya gaya aur laal kapde se dhak diya gaya.,5.0
29,llama-3.1-8b-instant,"Sir, climate change ke bare mein batayein, yeh kya hota hai?",zero_shot,"Arre bhai, climate change ek bahut hi bada samasya hai, jiska matlab hai aasman mein temperature badh rahi hai. Yeh aapke ghar ke andar se lagaai tak sabhi cheeazon par prabhav daal rahi hai. 

Jaise, pani ka sanchaar badal raha hai, aapke kheton mein khadya utpadan kam ho raha hai, aur aapke shaharon mein aasman mein garm ho raha hai. Ise rokne ke liye humein sabhi ke saath milti hui, kuch cheezein karein hain jo humein climate change se bacha sakti hai. 

Jaise, aap solar energy ka upyog karei",1.663,309,"Climate change ek prakar ki process hai jo ki earth ke climate ko badal rahi hai. Ye process mein global warming, sea level rise, aur extreme weather events shamil hote hain, jo ki human activities ke karan ho rahe hain aur jinke karan earth ka climate badal raha hai.",8.5
29,llama-3.1-8b-instant,"Sir, climate change ke bare mein batayein, yeh kya hota hai?",few_shot,"Bhai, climate change ek bahut bada issue hai. Yeh yeh hota hai ki prithvi ki tezi badh rahi hai, jo ki hawa mein carbon dioxide jaisi gason ka utsarjan karan hai. Isse prithvi ki temperature badh rahi hai, jisse pani ke glaciers aur ice caps thande rehte hain, aur unki sankhya kam ho rahi hai.

Iske saath hi, prithvi ki temperature badhne se barishon ka pattern bhi badal raha hai. Kabhi kabhi bahut adhik barish hoti hai, jabki kabhi kabhi bahut si dino mein barish hi nahin hoti. Yeh sab jatil ha",3.685,348,"Climate change ek prakar ki process hai jo ki earth ke climate ko badal rahi hai. Ye process mein global warming, sea level rise, aur extreme weather events shamil hote hain, jo ki human activities ke karan ho rahe hain aur jinke karan earth ka climate badal raha hai.",8.5
29,llama-3.1-8b-instant,"Sir, climate change ke bare mein batayein, yeh kya hota hai?",chain_of_thought,"Arre, climate change ke bare mein batane ja raha hoon. 

Step 1: Climate change ek mahatvapoorn vishay hai, jo humare Bharat ki jameen aur paani ke sath-sath jeevan ko prabhavit karta hai. 

Step 2: Yeh vishay ek prakaar ke jalvayu parivartan ke saath saath jude jata hai, jismein jalvayu ki temperature badhti hai aur jalvayu ke prakaar mein parivartan aata hai. 

Step 3: Climate change ke karan se jalvayu ki temperature badh rahi hai, jisse jalvayu ke prakaar mein parivartan aata hai, jaise ki g",3.717,445,"Climate change ek prakar ki process hai jo ki earth ke climate ko badal rahi hai. Ye process mein global warming, sea level rise, aur extreme weather events shamil hote hain, jo ki human activities ke karan ho rahe hain aur jinke karan earth ka climate badal raha hai.",8.5
29,llama-3.1-8b-instant,"Sir, climate change ke bare mein batayein, yeh kya hota hai?",structured_context,"{""answer"": ""Climate change ek bahut bada samasya hai jismein prithvi ki garmi badh rahi hai aur iska parinaam ek bahut bada prabhav pad raha hai."", ""explanation"": ""Yeh samasya humari kriyaon ke kaaran hai, jaise ki vahan chalane, industrial factoryon se gandagi nikalana aur vanaspatiyon ki katai. Isse prithvi ki temperature badh rahi hai, jisse baarishon mein badlaav ho raha hai, aur jal vibhajan bhi badh raha hai. Iske karan, kai jeevon ke liye life banne mein mushkil ho rahi hai.""}",3.499,240,"Climate change ek prakar ki process hai jo ki earth ke climate ko badal rahi hai. Ye process mein global warming, sea level rise, aur extreme weather events shamil hote hain, jo ki human activities ke karan ho rahe hain aur jinke karan earth ka climate badal raha hai.",8.5
29,llama-3.1-8b-instant,"Sir, climate change ke bare mein batayein, yeh kya hota hai?",hierarchical_context,"Beta, climate change ek bahut bada samasya hai jiska asar hamare Bharat ki vistrit jameen par hai. Climate change kya hota hai, yeh yeh hai: 

Jab hamari duniya mein thanda ya garam hona hota hai, to yeh ek naitik gun hai jise hum 'climate' kehte hain. Climate ka matlab hai ki kitna time pe kitna thanda ya garam hota hai. Jaise ki hum jante hain, thanda ya garam hona hota hai, to iska asar hamaare saamanya jeevan par hota hai.

Ab climate change ke bare mein, yeh yeh hai: yadi hamari duniya mein",3.839,774,"Climate change ek prakar ki process hai jo ki earth ke climate ko badal rahi hai. Ye process mein global warming, sea level rise, aur extreme weather events shamil hote hain, jo ki human activities ke karan ho rahe hain aur jinke karan earth ka climate badal raha hai.",8.5
29,llama-3.1-8b-instant,"Sir, climate change ke bare mein batayein, yeh kya hota hai?",rag_style,"Arre bhai, climate change to ek bahut bada issue hai. Yeh voh parivartan hai jo paryavaran mein hota hai jab humari kriyaon ka prabhav prithvi par aata hai. Ismein jalvayu ki tarah, jameen ki tarah, paani ki tarah aur hawa ki tarah sab kuchh shaamil hai.

Jab hum garmi karne ke liye fossil fuel ka upyog karte hain, to yeh garmi ko badhata hai aur paryavaran ko bura karta hai. Iske alawa, hum apne kachre aur kachra ko theek se nahin nikalte hain, jisse pollution hota hai aur hawa, paani aur jamee",6.787,383,"Climate change ek prakar ki process hai jo ki earth ke climate ko badal rahi hai. Ye process mein global warming, sea level rise, aur extreme weather events shamil hote hain, jo ki human activities ke karan ho rahe hain aur jinke karan earth ka climate badal raha hai.",5.0
29,llama-3.1-8b-instant,"Sir, climate change ke bare mein batayein, yeh kya hota hai?",tree_of_thought,"**Pehla Soch:**
Climate change ek bada issue hai jo puri duniya ko prabhavit karta hai. Yeh hamaare duniya ko prabhavit karta hai, jismein tappmaan, barf ghumne ki dar aur jeev-jantuon ki sankat shaamil hai.

**Dusra Soch:**
Climate change ek jatil prakriya hai jismein hamaare garmi karne vaale gasebhi aur paani ke sthiti mein badlav aata hai. Yeh hamaare aarthik, soochi aur sashakti ko prabhavit karta hai, aur hamein isey rokne ke liye kadam uthane hote hain.

**Teenvi Soch:**
Climate change ek",3.961,538,"Climate change ek prakar ki process hai jo ki earth ke climate ko badal rahi hai. Ye process mein global warming, sea level rise, aur extreme weather events shamil hote hain, jo ki human activities ke karan ho rahe hain aur jinke karan earth ka climate badal raha hai.",8.5
29,llama-3.1-8b-instant,"Sir, climate change ke bare mein batayein, yeh kya hota hai?",agentic_context,"Bilkul, climate change ke bare mein batata hoon. Climate change ek prakriyaa hai jismein prithvi ke aakaar, temperature, aur mhaazon mein bahut bada badlav ho raha hai. Iske karan hain, hamaare samudraon, vaayumandal, aur prithvi ke daab mein ho raha change.

Yeh change hamaare kartaavon ke karan ho raha hai, jaise ki hamaare carbon footprint ko badhane ke karan. Hamaare gareeb, paani, aur urja ke upyog mein bhi badlav aaya hai, jisse prakriti par bada bada prabhaav pad raha hai.

Climate change",4.786,428,"Climate change ek prakar ki process hai jo ki earth ke climate ko badal rahi hai. Ye process mein global warming, sea level rise, aur extreme weather events shamil hote hain, jo ki human activities ke karan ho rahe hain aur jinke karan earth ka climate badal raha hai.",8.5
30,llama-3.1-8b-instant,"Ma'am, cell cycle ke bare mein batayein, yeh kya hota hai?",zero_shot,"Cell cycle... yeh bahut hi important topic hai biology mein. Cell cycle ek prakriya hai jiska matlab hai cell ki pahal banane aur badhane ka process. Yeh shuru hota hai DNA replication se, jahain cell ka DNA ek duplicate hota hai.

Iske baad, yeh cell division ke dauraan hota hai, jisme cell do bade bache hote hain, ek mitosis aur ek meiosis. Mitosis se new cell banate hain jo same genetic material ke sath hota hai, jabki meiosis se new cells banate hain jo genetic variation ke sath hota hai.

C",2.747,408,"Cell cycle ek process hai jismein cell grow, replicate, aur divide hota hai. Ismein interphase, mitosis, aur cytokinesis stages hote hain, jismein cell apne DNA ko replicate karta hai aur do identical daughter cells banata hai.",8.5
30,llama-3.1-8b-instant,"Ma'am, cell cycle ke bare mein batayein, yeh kya hota hai?",few_shot,"Beta, cell cycle ek bahut hi zaroori process hai jo cells ko grow, divide aur renew karne mein madad karta hai. Yeh cycle ke teen main stages mein hua jata hai: G1 phase, S phase aur G2 phase. 

G1 phase mein, cell grow aur prepare hoti hai apne DNA ko replicate karne ke liye. S phase mein, cell apne DNA ko replicate karta hai. Aur G2 phase mein, cell phir se grow aur prepare hoti hai apne DNA ko divide karne ke liye.

Iske baad, cell mitosis ke through me divide hoti hai, jo ek main phase hai j",4.587,312,"Cell cycle ek process hai jismein cell grow, replicate, aur divide hota hai. Ismein interphase, mitosis, aur cytokinesis stages hote hain, jismein cell apne DNA ko replicate karta hai aur do identical daughter cells banata hai.",8.5
30,llama-3.1-8b-instant,"Ma'am, cell cycle ke bare mein batayein, yeh kya hota hai?",chain_of_thought,"Aapko cell cycle ke bare mein jaankari chahiye? Thoda sochta hoon...

Step 1: Cell cycle ek prakriya hai jo ek jeevakaallon ki jeevan mein hoti hai. Iska mukhya udeshya cell ki vrikshaa (division) ko svikarta hai.

Step 2: Cell cycle mein chaar mukhya charan hote hain: G1 phase, S phase, G2 phase aur M phase.

Step 3: G1 phase ka mukhya udeshya cell ko vrikshaa ke liye taiyaar karne ke liye samsyaan (genetic material) ka nirmaan karna hai.

Step 4: S phase mein, samsyaan (DNA) ka nirmaan hota ha",2.769,421,"Cell cycle ek process hai jismein cell grow, replicate, aur divide hota hai. Ismein interphase, mitosis, aur cytokinesis stages hote hain, jismein cell apne DNA ko replicate karta hai aur do identical daughter cells banata hai.",8.5
30,llama-3.1-8b-instant,"Ma'am, cell cycle ke bare mein batayein, yeh kya hota hai?",structured_context,"{""answer"": ""Cell cycle ek prakriya hai jismein kisi bhi janwar ki koshikaa apne vikas ko aage badhaati hai. Yah prakriya do hathon mein hui jati hai: interphase aur mitosis."", ""explanation"": ""Interphase mein, koshikaa apne vikas ko badhate hue apne jeevan ke liye sambhavit baaton ko taiyaari karti hai. Mitosis mein, koshikaa apne jeevan kee ek aisi nai koshikaa banati hai jo iske pita pita kee tarah hee hotee hai. Yah prakriya do tarah ke hotee hai: mitosis aur meiosis.""}",4.548,248,"Cell cycle ek process hai jismein cell grow, replicate, aur divide hota hai. Ismein interphase, mitosis, aur cytokinesis stages hote hain, jismein cell apne DNA ko replicate karta hai aur do identical daughter cells banata hai.",8.5
30,llama-3.1-8b-instant,"Ma'am, cell cycle ke bare mein batayein, yeh kya hota hai?",hierarchical_context,"Beta, cell cycle ek bahut hi important concept hai biology mein. Toh main isse aapko samajhne ki koshish karoonga.

Cell cycle ek process hai jismein cell ki growth, division aur reproduction hoti hai. Yeh process cell ko naya jeevan dene ke liye zaroori hai.

Cell cycle ko hummein do hisson mein baant sakte hain: Interphase aur M phase.

1. **Interphase**: Yeh phase cell ki growth aur preparation ke liye hoti hai. Ismein DNA replication hoti hai, jisse cell ko naya DNA milta hai. Interphase mei",2.845,489,"Cell cycle ek process hai jismein cell grow, replicate, aur divide hota hai. Ismein interphase, mitosis, aur cytokinesis stages hote hain, jismein cell apne DNA ko replicate karta hai aur do identical daughter cells banata hai.",8.5
30,llama-3.1-8b-instant,"Ma'am, cell cycle ke bare mein batayein, yeh kya hota hai?",rag_style,"Beta, cell cycle ek prakriya hai jismein cell kai sthitiyon se guzarti hai. Yeh cycle do prakar ke hote hain: mitosis aur meiosis. 

Mitosis ek prakriya hai jismein cell ko do bhaiyon mein vivaadit kiya jata hai, jisse dono bachchon ko apna DNA mil jata hai. Yeh prakriya cell ki vridhi ki duniya mein mahatvapoorn hai.

Meiosis ek prakriya hai jismein cell ko chaar bhaiyon mein vivaadit kiya jata hai, jisse chaar alag-alag bachche paida hote hain. Yeh prakriya cell ki vriksh ki duniya mein mahatv",4.827,500,"Cell cycle ek process hai jismein cell grow, replicate, aur divide hota hai. Ismein interphase, mitosis, aur cytokinesis stages hote hain, jismein cell apne DNA ko replicate karta hai aur do identical daughter cells banata hai.",8.5
30,llama-3.1-8b-instant,"Ma'am, cell cycle ke bare mein batayein, yeh kya hota hai?",tree_of_thought,"Dost, maine 3 tarah se socha hai:

1. **Jeevan ke cycle**: Cell cycle ek aisa cycle hai jismein cells apne jeevan ke liye necessary steps lete hain, jaise ki growth, DNA replication, aur cell division. Yah cycle humein jeevan ki kai phaseon se guzarne ki kshamta deti hai.

2. **DNA ka replication**: Cell cycle mein DNA ka replication ek mahatvapoorn bhaag hai. Yah process DNA ki ek copy ko banate hai, jisse cell ki growth aur development ho sakti hai.

3. **Cell ki growth aur division**: Cell cy",4.618,344,"Cell cycle ek process hai jismein cell grow, replicate, aur divide hota hai. Ismein interphase, mitosis, aur cytokinesis stages hote hain, jismein cell apne DNA ko replicate karta hai aur do identical daughter cells banata hai.",8.5
30,llama-3.1-8b-instant,"Ma'am, cell cycle ke bare mein batayein, yeh kya hota hai?",agentic_context,"Ma'am, cell cycle ke bare mein batane ke liye main ja raha hoon.

Step 1: Understand question - Cell cycle ke bare mein puchha gaya hai, jisse samajh aaya ki cell cycle ek process hai jo cell ki janm, vikas, aur mukti ki prakriya ko samajhne mein madad karta hai.

Step 2: Recall knowledge - Cell cycle ko chaar main bhagon mein vibhajit kiya jata hai: G1 phase, S phase, G2 phase, aur M phase. Ye bhag kya kam karte hain, yeh jaanna zaroori hai.

- G1 phase (Gap 1 phase): Is phase mein cell ka vika",3.94,513,"Cell cycle ek process hai jismein cell grow, replicate, aur divide hota hai. Ismein interphase, mitosis, aur cytokinesis stages hote hain, jismein cell apne DNA ko replicate karta hai aur do identical daughter cells banata hai.",8.5
31,llama-3.1-8b-instant,Why did Satyajit board the train?,zero_shot,"Bhai, Satyajit ne train board kiya kyonki woh ek baar wahan jaana tha.",3.242,83,He boarded the train to escape from his current situation and the wrenching within him.,2.0
31,llama-3.1-8b-instant,Why did Satyajit board the train?,few_shot,"Bhaiya Satyajit train par board kiya kyon? 
Satyajit train par board kiya kyunki woh apne gaon se Delhi ja raha tha aur uski ticket confirm thi.",0.205,131,He boarded the train to escape from his current situation and the wrenching within him.,8.5
31,llama-3.1-8b-instant,Why did Satyajit board the train?,chain_of_thought,"Arre yaar, let's break it down step by step. 

1. Kitna jaldi hai, kya hoga? - First, we need to know what's the hurry. Why is Satyajit rushing to board the train?
2. So, kya train ki jagah hai? - Where is the train, at the station? Is it a local train or some other type?
3. Arre, kya woh train late ho gayi hai? - Is the train late, so Satyajit is in a hurry to catch it?
4. Yaar, kya woh kuchh important hai? - Is there something important that Satyajit needs to do, or someone he needs to meet, o",1.687,337,He boarded the train to escape from his current situation and the wrenching within him.,8.5
31,llama-3.1-8b-instant,Why did Satyajit board the train?,structured_context,"{""answer"": ""Satyajit board train ke liye ek zarooratmand tha"", ""explanation"": ""Wo ek gareeb parivaar se tha aur usne train se apne gaon se shehar chala jana tha, jahaan use ek naukari milni thi, jisse uske parivaar ki zarooraton puri ho sakti thi.""}",3.368,152,He boarded the train to escape from his current situation and the wrenching within him.,8.5
31,llama-3.1-8b-instant,Why did Satyajit board the train?,hierarchical_context,"Arre bhai, let's talk about Satyajit from our Class 10 English novel 'The Railway Platform' or 'Station Master' or 'Station Master's Daughter', depending on the edition you're using. 

So, Satyajit boards the train because he is the station master's son, and it's his birthday. He boards the train to get a ticket for free. But, more importantly, he boards the train as a prank, you know, a joke. He wants to see the reaction of the train staff when they find a ticketless passenger on the train. It'",1.467,208,He boarded the train to escape from his current situation and the wrenching within him.,0.0
31,llama-3.1-8b-instant,Why did Satyajit board the train?,rag_style,"Arre, Satyajit ne train par board kiya kyunki... usne pucha hi tha, ""Why did Satyajit board the train?"" Toh abhi tak pata nahi, lekin humne pehle hi question hi diya hai.",2.42,134,He boarded the train to escape from his current situation and the wrenching within him.,8.5
31,llama-3.1-8b-instant,Why did Satyajit board the train?,tree_of_thought,"Arre, main 3 tarah se sochta hu:

1. **Satyajit ki train se connection**: Shayad Satyajit ko apne dost ya parivaar ke saath koi jaanakari ya khushi ke liye train se connection thi. Woh apne parivaar ya dost ko milne ke liye train par chadha sakta tha.

2. **Kaam ya safar**: Shayad Satyajit ko apne kaam ya safar ke liye train se connection thi. Woh apne kaam ke liye ek naya shahar ya jagah pe jaana chahta tha aur train uske liye sabse behtar tareeka tha.

3. **Shiksha aur vikas**: Shayad Satyajit",1.675,372,He boarded the train to escape from his current situation and the wrenching within him.,2.0
31,llama-3.1-8b-instant,Why did Satyajit board the train?,agentic_context,"Arre, first main question hai, Satyajit train par kyun chadha? 

Step 1: Understand question - Question hai Satyajit ki kahaani se related. 

Step 2: Recall knowledge - Main ek story ya film ki baat kar raha hun, jo ki Satyajit ka naam hai. 

Step 3: Give accurate answer - Satyajit train par chadha ki kahaani, 'Pather Panchali' movie hai, jismein ek bachcha Satyajit, apne parivaar ke saath train chadhta hai, kyonki unki zindagi mein parivartan aaya hai aur unhein apne pita ke saath hokar kuchh n",2.49,258,He boarded the train to escape from his current situation and the wrenching within him.,8.5
32,llama-3.1-8b-instant,"Ma'am, kya hum chemistry mein acid aur base ke bare mein padhenge?",zero_shot,"Beta, chemistry mein acid aur base ke bare mein padhna bahut zaroori hai. 

Yeh padhai aapko inke gunon, vishayon aur unki pratinidhitva kaise hoti hai, ye samajhne mein madad karegi.

Aapko yeh bhi samajhna hoga ki acid aur base ke beech kitni badi bhinnata hai, aur inke prabhav ko samajhne ke liye kya tarika upyogi hain.

Yeh padhai aapko science ke kshetra mein ek strong foundation dengegi, aur aapko future mein chemistry ke kshetra mein aage badhne mein madad karegi.

To, beta, acid aur base",2.493,246,"Haan, hum chemistry mein acid aur base ke bare mein padhenge. Acid aur base ke gunon aur unke pratikriyaon ko samajhna humare liye bahut zaroori hai.",8.5
32,llama-3.1-8b-instant,"Ma'am, kya hum chemistry mein acid aur base ke bare mein padhenge?",few_shot,"Bhai, haan chemistry mein acid aur base ke bare mein padhne wale hain. Acid aur base donon hi chemistry ka ek bahut hi important topic hain. Acid ek woh substance hain jo phelne ki kshamata rakhti hain, jaise ki nimbu ka ras, tamarind ka ras, etc. Base bhi ek woh substance hain jo phelne ki kshamata rakhti hain, lekin yeh acid ki tulna mein phalne ki kshamata kam rakhti hain, jaise ki baking soda, soap, etc. 

Ab hum acid aur base ke bare mein jaante hain ki ve kaise banate hain, unke ghatnayen,",2.49,264,"Haan, hum chemistry mein acid aur base ke bare mein padhenge. Acid aur base ke gunon aur unke pratikriyaon ko samajhna humare liye bahut zaroori hai.",8.5
32,llama-3.1-8b-instant,"Ma'am, kya hum chemistry mein acid aur base ke bare mein padhenge?",chain_of_thought,"Arre bhai, sab kuch step by step samjhata hoon. 

1. Pehla step, hume pata chalna hoga kya hai acid aur base. 
Acid aur base do alag-alag vaidhik prakashyon se sambodhit hain jo kisi substance ke prabhavon ko samajhne mein madad karte hain. 

2. Dusra step, humen acid aur base ke gunon ko samjhna hoga. Acid jaise ki lemon ka ras, base jaise ki baking soda hota hai. 

3. Teesra step, humein acid aur base ke prabhavon ko samjhna hoga. Jaise ki acid ke prabhavon se kuch substance ka rang badal sakt",2.769,343,"Haan, hum chemistry mein acid aur base ke bare mein padhenge. Acid aur base ke gunon aur unke pratikriyaon ko samajhna humare liye bahut zaroori hai.",8.5
32,llama-3.1-8b-instant,"Ma'am, kya hum chemistry mein acid aur base ke bare mein padhenge?",structured_context,"{""answer"": ""Haan, chemistry mein acid aur base ke bare mein padhna bahut zaroori hai."", ""explanation"": ""Acid aur base donon hain chemistry ke mukhya tatvon mein se ek, jo hamaare jivan mein bahut adhik mahatvapoorn bhoomika nibhate hain. Acid aur base ki pehchan karne se hum jaante hain ki vibhinn tatvon ko kaise prabhavit karte hain aur unke upyog ke liye kaise vikalp banate hain. Iske alawa, acid aur base ke upyog se hum jaante hain ki vibhinn prakriyaon mein kya vikalpon ka upyog kiya ja sakt",3.557,272,"Haan, hum chemistry mein acid aur base ke bare mein padhenge. Acid aur base ke gunon aur unke pratikriyaon ko samajhna humare liye bahut zaroori hai.",8.5
32,llama-3.1-8b-instant,"Ma'am, kya hum chemistry mein acid aur base ke bare mein padhenge?",hierarchical_context,"Beta, acid aur base chemistry ke ek bahut hi important topic hain. Aapko yeh samjhna hoga ki acid aur base ka kya role hain, unke properties, unki classification aur unke reactions.

Toh, yeh janna zaroori hoga ki acid aur base kya hain. Acid ek hawa ya pani mein khoob dissolved hota hai aur yeh hawa ya pani ko kam pH value par badalta hai. To, acid ki pH value kam hoti hai.

Base, bhi ek hawa ya pani mein khoob dissolved hota hai aur yeh hawa ya pani ko badha pH value par badalta hai. To, base ",2.778,426,"Haan, hum chemistry mein acid aur base ke bare mein padhenge. Acid aur base ke gunon aur unke pratikriyaon ko samajhna humare liye bahut zaroori hai.",8.5
32,llama-3.1-8b-instant,"Ma'am, kya hum chemistry mein acid aur base ke bare mein padhenge?",rag_style,"Ma'am, haan, hum chemistry mein acid aur base ke bare mein padhenge. Yeh ek mahatvapurn vishay hai jise hum samjhein. Acid aur base ke beech ki sambandh aur unke lakshanon ko samjhaana hoga.",3.266,147,"Haan, hum chemistry mein acid aur base ke bare mein padhenge. Acid aur base ke gunon aur unke pratikriyaon ko samajhna humare liye bahut zaroori hai.",8.5
32,llama-3.1-8b-instant,"Ma'am, kya hum chemistry mein acid aur base ke bare mein padhenge?",tree_of_thought,"Arre, yeh ek achha sawal hai. 

Pehle soch: Agar hum acid aur base ke bare mein padhenge, to humein pata chalega ki inke beech kitni badi bhinnaata hai. Hum jaanenge ki acid kya hain, unke gunn kya hain, aur unse kitni chot lag sakta hai. Iske alawa, hum base ke bare mein bhi jaanenge, jaise ki kya hain, unke gunn kya hain, aur unse kitni chot lag sakta hai. 

Dusre soch: Agar hum acid aur base ke bare mein padhenge, to humein pata chalega ki inke beech kitni ghatnaaon se judi hui hai. Hum jaane",2.994,599,"Haan, hum chemistry mein acid aur base ke bare mein padhenge. Acid aur base ke gunon aur unke pratikriyaon ko samajhna humare liye bahut zaroori hai.",8.5
32,llama-3.1-8b-instant,"Ma'am, kya hum chemistry mein acid aur base ke bare mein padhenge?",agentic_context,"Arre, chemistry mein acid aur base ke bare mein padhna bahut zaroori hai. Ye dono ka concept unke aas-paas ki cheezon se juda hai aur inhein samajhne se humko unke properties aur reactions ke bare mein pata chalega. 

Aapne jaante honge ki acid ko base ke saath milakar salt aur gas ban jata hai, jise neutralisation reaction kehte hain. Aur agar aapko acid aur base ke reactions ke bare mein pata hoga, to aapko inke applications aur uses ke bare mein bhi pata chalega.

Inke alawa, acid aur base ke",5.705,341,"Haan, hum chemistry mein acid aur base ke bare mein padhenge. Acid aur base ke gunon aur unke pratikriyaon ko samajhna humare liye bahut zaroori hai.",8.5
33,llama-3.1-8b-instant,"Steinbeck ke The Pearl mein di gayi excerpt mein, kya main analogy use kiya gaya hai jo ek town ko describe karta hai, aur writer kaunsa tone apnata hai? Ek town ko animal ki tarah dikhaaya gaya hai. Isme nervous system, head, shoulders aur feet hai... Tone thoda light humour aur sarcastic hai.",zero_shot,"Arre, Steinbeck ke The Pearl mein, ek bahut hi interesting analogy hai jo ek town ko describe karta hai. Woh town ko ek animal ki tarah dikhata hai, jisme nervous system, head, shoulders, aur feet hai. 

Aapko pata hai ki yeh kya hai? Woh town ko ek ""beast"" ke tarah dikhata hai, jiska nervous system highway hai, head church hai, shoulders bank hai, aur feet harbour hai. 

Tone mein thoda light humour aur sarcastic hai, jo reader ko apne chitvachit cheejen ke saath kuch naya seekhne ke liye majbu",1.654,336,Writer ne town ko animal ki tarah dikhaane ki main analogy use ki hai. Adopted tone thoda light humour aur sarcastic hai.,8.5
33,llama-3.1-8b-instant,"Steinbeck ke The Pearl mein di gayi excerpt mein, kya main analogy use kiya gaya hai jo ek town ko describe karta hai, aur writer kaunsa tone apnata hai? Ek town ko animal ki tarah dikhaaya gaya hai. Isme nervous system, head, shoulders aur feet hai... Tone thoda light humour aur sarcastic hai.",few_shot,"Bhaiya, Steinbeck ke The Pearl mein, ek analogy hai jo ek town ko ek animal ki tarah dikhata hai. Isme nervous system ke jagah, ek maze hai, jisme se people chalte hain aur apne kaam mein busy hain. Head ke jagah, ek old clock ki tarah ek tower hai, jo time ke sath sath badh raha hai. Shoulders ke jagah, ek heavy load hai, jo town ko thoda pressure deti hai. Aur feet ke jagah, ek pair of worn-out shoes hai, jo lagta hai ki yeh kuch samay se pehle ka ho.

Writer ka tone light humour aur sarcastic",3.748,447,Writer ne town ko animal ki tarah dikhaane ki main analogy use ki hai. Adopted tone thoda light humour aur sarcastic hai.,8.5
33,llama-3.1-8b-instant,"Steinbeck ke The Pearl mein di gayi excerpt mein, kya main analogy use kiya gaya hai jo ek town ko describe karta hai, aur writer kaunsa tone apnata hai? Ek town ko animal ki tarah dikhaaya gaya hai. Isme nervous system, head, shoulders aur feet hai... Tone thoda light humour aur sarcastic hai.",chain_of_thought,"Arre bhai, main is prashn ko solve karne ke liye uplabdh jankari ka upyog karunga.

1. Pehle, main janna chaahta hoon ki Steinbeck ke The Pearl mein konsa excerpt hai, jismein town ko animal ki tarah dikhaaya gaya hai. 

2. Iske baad, main janna chaahta hoon ki vah analogy kya hai, jismein town ko animal ki tarah dekha gaya hai. 

3. Steinbeck ke The Pearl mein, ek town ko kya animal ki tarah dikhaaya gaya hai? 

4. Ab, main janna chaahta hoon ki woh analogy kis tarah hai. 

5. Vah analogy kya h",5.093,644,Writer ne town ko animal ki tarah dikhaane ki main analogy use ki hai. Adopted tone thoda light humour aur sarcastic hai.,8.5
33,llama-3.1-8b-instant,"Steinbeck ke The Pearl mein di gayi excerpt mein, kya main analogy use kiya gaya hai jo ek town ko describe karta hai, aur writer kaunsa tone apnata hai? Ek town ko animal ki tarah dikhaaya gaya hai. Isme nervous system, head, shoulders aur feet hai... Tone thoda light humour aur sarcastic hai.",structured_context,"{""answer"": ""The Pearl mein, Steinbeck ek town ko ek animal ki tarah describe karta hai, jiska naam Kino ka ghar hai. Is analogy mein, town ka nervous system 'main street' hai, head 'market place' hai, shoulders 'church' hai, aur feet 'sea shore' hai. Writer ka tone light humour aur sarcastic hai, jaise 'Kino ka ghar, jisse Kino ka parivaar rehta hai, ek samudri jeeva hai jo apne aas-paas ke logon ko kha gaya hai... '"", ""explanation"": ""Steinbeck ke is analogy mein, woh ek town ko ek jeev ke roop ",5.809,391,Writer ne town ko animal ki tarah dikhaane ki main analogy use ki hai. Adopted tone thoda light humour aur sarcastic hai.,5.0
33,llama-3.1-8b-instant,"Steinbeck ke The Pearl mein di gayi excerpt mein, kya main analogy use kiya gaya hai jo ek town ko describe karta hai, aur writer kaunsa tone apnata hai? Ek town ko animal ki tarah dikhaaya gaya hai. Isme nervous system, head, shoulders aur feet hai... Tone thoda light humour aur sarcastic hai.",hierarchical_context,"Bachchon, aaj hum Steinbeck ke ek prasiddh kaavya The Pearl par baat karenge. Yeh kaavya ek kathayein ki tarah hai jo apne andar ek saari samajh aur tareekon ki kathayein hai.

Ab, main aapko ek anukaran pradarshit karta hoon, jo ek town ko ek jeev ki tarah dikhata hai. Yeh anukaran ek tarah ki shaili mein dikhaya gaya hai, jismein nervous system, head, shoulders, aur feet ke bare mein baat ki gayi hai. Yeh shaili ek thoda light humour aur sarcasm mein hai, jo aapko ek naye drishtikon se ek town",4.898,507,Writer ne town ko animal ki tarah dikhaane ki main analogy use ki hai. Adopted tone thoda light humour aur sarcastic hai.,8.5
33,llama-3.1-8b-instant,"Steinbeck ke The Pearl mein di gayi excerpt mein, kya main analogy use kiya gaya hai jo ek town ko describe karta hai, aur writer kaunsa tone apnata hai? Ek town ko animal ki tarah dikhaaya gaya hai. Isme nervous system, head, shoulders aur feet hai... Tone thoda light humour aur sarcastic hai.",rag_style,"Arre, yeh to aisa hai! Steinbeck ke The Pearl mein ek example hai jo ek town ko animal ki tarah dikhaata hai. Yeh analogy yeh hai: 

Town ke nervous system ki tarah ek railway track hai, isme sab kuchh chalti hai. Head wala part hai police station, jo town ki sabhi cheezein ek jaga mein khatam karne ki koshish karta hai. Shoulders ki tarah hain bada market, jahan sab ke samne sab kuchh hai. Aur feet ki tarah hain bus stand, jahan sab log apne ghar jate hain.

Writer ka tone light humour aur sarc",4.699,383,Writer ne town ko animal ki tarah dikhaane ki main analogy use ki hai. Adopted tone thoda light humour aur sarcastic hai.,8.5
33,llama-3.1-8b-instant,"Steinbeck ke The Pearl mein di gayi excerpt mein, kya main analogy use kiya gaya hai jo ek town ko describe karta hai, aur writer kaunsa tone apnata hai? Ek town ko animal ki tarah dikhaaya gaya hai. Isme nervous system, head, shoulders aur feet hai... Tone thoda light humour aur sarcastic hai.",tree_of_thought,"Mujhe 3 cheezon par sochna hai:

1. Steinbeck ke The Pearl mein di gayi excerpt mein, ek town ko animal ki tarah dikhaaya gaya hai, jismein nervous system, head, shoulders, aur feet hain. Ye analogy kya use kar rahi hai? 
2. Writer ka tone kya hai? Light humour aur sarcastic hone ke karan, to writer ka tone kafi unique hai.
3. Ismein kya vichaar hain jo logon ke liye relevant hain? 

Ab, main apne vichaar express karunga Hinglish mein:

""Haan, main samajh gaya! Steinbeck ne ek town ko animal ki ",4.132,726,Writer ne town ko animal ki tarah dikhaane ki main analogy use ki hai. Adopted tone thoda light humour aur sarcastic hai.,8.5
33,llama-3.1-8b-instant,"Steinbeck ke The Pearl mein di gayi excerpt mein, kya main analogy use kiya gaya hai jo ek town ko describe karta hai, aur writer kaunsa tone apnata hai? Ek town ko animal ki tarah dikhaaya gaya hai. Isme nervous system, head, shoulders aur feet hai... Tone thoda light humour aur sarcastic hai.",agentic_context,"Arre, main samajh gaya, problem clear hai. 

Step 1: Samajh liya, Steinbeck ke The Pearl mein ek excerpt hai, jisme ek town ko animal ki tarah describe kiya gaya hai.

Step 2: Yaad kar raha, Steinbeck ka kaam kuch alag hai, wo descriptive aur vivid language ka use karta hai. 

Step 3: Ab main answer deti hoon. 

Steinbeck ne ek analogy ka use kiya hai jo ek town ko animal ki tarah describe karta hai. Isme nervous system, head, shoulders aur feet ke tarah ke baatein hain, jo kuchh is tarah hain: ",5.97,567,Writer ne town ko animal ki tarah dikhaane ki main analogy use ki hai. Adopted tone thoda light humour aur sarcastic hai.,8.5
34,llama-3.1-8b-instant,"Sir, what is ecosystem services?",zero_shot,"Arre, ecosystem services ke bare mein bataunga. Ecosystem services ek concept hai jismein prakritik sthaaniyon (jaise jungle, river, ocean, etc.) ke karyon aur unki se pradan hui sevaon ko shaamil kiya jata hai. Ye services humein apne jeevan mein bahut hi ajeeb si tarah se madad karte hain.

Aapko pata hai na, hum kaise paani piya karte hain, fresh air lete hain, aur khana khate hain? Yah sab kuch ek hi prakritik sthaani se hota hai, jismein paani, hawa, aur fael padarthon ki prakriya hoti hai.",4.993,450,"Ecosystem services ek aisa vishay hai jismein hum ecosystem ke dwara pradaan kiye jaane wale upyogitaon ke bare mein padhte hain. Ismein hum yeh jaante hain ki kaise ecosystem humein oxygen, paani, aur anya upyogitaen pradaan karte hain.",8.5
34,llama-3.1-8b-instant,"Sir, what is ecosystem services?",few_shot,"Bhai ecosystem services kya hai? → Ecosystem services woh services hain jo prakriti ke jeev-jantu aur jalvayu ke beech se milti hain. Yeh humen oxygen dete hain, paani bachate hain, aur hamaare liye saundarya aur aaram dene ke liye vriksha aur pedon ka upyog karte hain.",4.338,173,"Ecosystem services ek aisa vishay hai jismein hum ecosystem ke dwara pradaan kiye jaane wale upyogitaon ke bare mein padhte hain. Ismein hum yeh jaante hain ki kaise ecosystem humein oxygen, paani, aur anya upyogitaen pradaan karte hain.",8.5
34,llama-3.1-8b-instant,"Sir, what is ecosystem services?",chain_of_thought,"Bhai, ecosystem services ka concept bahut hi aasaan hai. 

Step 1: Sabse pehle, humko samajhna hoga ki ecosystem kya hai. 

Ecosystem ka matlab hai, jo ek niche ke jeev-jantu aur unke aas-paas ka environment hai. Jaise ki jungle, ocean, forest, aur anya prakritik sthan.

Step 2: Ab humko samajhna hoga ki services kya hai. 

Services ka matlab hai, jo koi bhi chij ya vyakti dusre ke liye karta hai. Jaise ki doctor ka service hai, doctor ko paane ke liye. 

Step 3: Ab humko samajhna hoga ki ecosys",1.804,426,"Ecosystem services ek aisa vishay hai jismein hum ecosystem ke dwara pradaan kiye jaane wale upyogitaon ke bare mein padhte hain. Ismein hum yeh jaante hain ki kaise ecosystem humein oxygen, paani, aur anya upyogitaen pradaan karte hain.",8.5
34,llama-3.1-8b-instant,"Sir, what is ecosystem services?",structured_context,"{""answer"": ""Ecosystem sevaayein"", ""explanation"": ""Jahaan par prakritik sthanon mein jaivik aur jadugrihon ki aavashyaktaon ka samna karna hota hai, vahaan ek aisa tareeka hai jismein unke uplabdh karyon ko samajhaya jata hai. Ecosystem sevaayein kai prakaar ke hain, jaise ki prakritik samudraon mein paani ka sanchaar, hawa mein oxygen ka vitaran, jangal mein carbon dioxide ki kamai, aur bahut kuch aur. In sevaayein humein jivan bhar mein apne astitva aur shakti ko banaye rakhne mein madad karti ",3.555,244,"Ecosystem services ek aisa vishay hai jismein hum ecosystem ke dwara pradaan kiye jaane wale upyogitaon ke bare mein padhte hain. Ismein hum yeh jaante hain ki kaise ecosystem humein oxygen, paani, aur anya upyogitaen pradaan karte hain.",8.5
34,llama-3.1-8b-instant,"Sir, what is ecosystem services?",hierarchical_context,"Beta, ecosystem services hai kya? (What are ecosystem services, son?)

Ecosystem services hai woh sab kuch jo humara aaspaas ki prakriti se humein milta hai. Yeh services humein prakriti ke saath apne jivan mein aane wali faayden hain.

Aapko lagta hai kya ki prakriti se humen kya faayda hota hai? Naam leke do beta:

1. **Khadhya** (Food): Prakriti se humein khadya item milte hain jaise phal, sabzi, dudh, machhliyan, etc.
2. **Paani** (Water): Prakriti se humein paani milta hai jo hamara jivan b",3.175,610,"Ecosystem services ek aisa vishay hai jismein hum ecosystem ke dwara pradaan kiye jaane wale upyogitaon ke bare mein padhte hain. Ismein hum yeh jaante hain ki kaise ecosystem humein oxygen, paani, aur anya upyogitaen pradaan karte hain.",8.5
34,llama-3.1-8b-instant,"Sir, what is ecosystem services?",rag_style,"Bhai, ecosystem services kya hain? 
Ecosystem services yeh services hain jo hamare environment se milti hain aur jinka use karna humari jindagi ko accha banata hai. Yeh services do prakaar ki hain: 
1. Proces-based services: Yeh services jaise prakriti ka karyakram hain, jaise ki carbon sequestration, climate regulation, aur water cycling.
2. Product-based services: Yeh services jaise prakriti ka udhyog hain, jaise ki timber, fish, aur fruits.

In services ka mazaakar, hum apne aas-paas ke envir",5.481,242,"Ecosystem services ek aisa vishay hai jismein hum ecosystem ke dwara pradaan kiye jaane wale upyogitaon ke bare mein padhte hain. Ismein hum yeh jaante hain ki kaise ecosystem humein oxygen, paani, aur anya upyogitaen pradaan karte hain.",8.5
34,llama-3.1-8b-instant,"Sir, what is ecosystem services?",tree_of_thought,"Aap log ecosystem services ko samajhne ke liye mere dimaag mein teen cheezein aayi hain:

1. **Paryavaran ki seva**: Ecosystem services ek aisa concept hai jismein hum paryavaran ki services ko samajhate hain. Yeh services humare liye zaroori hain, jaise ki hawa ki ghatna, jal ki ghatna, bhumi ki sthiti, jeev-jantuon ki aaram, aur sahi jalvayu.
2. **Bhumi aur jeev-jantuon ke beech ki sanbandh**: Ecosystem services ko samajhne ke liye humko bhumi aur jeev-jantuon ke beech ki sanbandh samajhni pad",2.926,514,"Ecosystem services ek aisa vishay hai jismein hum ecosystem ke dwara pradaan kiye jaane wale upyogitaon ke bare mein padhte hain. Ismein hum yeh jaante hain ki kaise ecosystem humein oxygen, paani, aur anya upyogitaen pradaan karte hain.",8.5
34,llama-3.1-8b-instant,"Sir, what is ecosystem services?",agentic_context,"Sab kuch samajh mein aaya hai, ab to main yeh jaante hoon ki ecosystem services kya hai.

Step 2: Recall knowledge
Mujhe yaad hai ki ecosystem services woh services hote hain jo prakriti ke ek jatil system se hume milte hain. Jab hum prakriti ke saath sambandh banate hain aur uski madad karte hain, toh ve humein kai aise services pradan karte hain.

Step 3: Give accurate answer

Ecosystem services ka ek aisa hi kshetra hai jahan humein prakriti ke kai aise services milte hain jo humara jivan aur",5.368,596,"Ecosystem services ek aisa vishay hai jismein hum ecosystem ke dwara pradaan kiye jaane wale upyogitaon ke bare mein padhte hain. Ismein hum yeh jaante hain ki kaise ecosystem humein oxygen, paani, aur anya upyogitaen pradaan karte hain.",8.5
35,llama-3.1-8b-instant,"kyun soymilk kuch logon ke liye ek suitable alternative hai, aur ghar par isey kaise banaya ja sakta hai? Soymilk mein lactose (milk sugar) nahi hota aur jo log normal milk se allergic hote hain unke liye yeh peena suitable hai. Soymilk banane ke liye soybeans ko pani mein bhigo kar, pees kar aur phir chaan kar iska liquid nikala jata hai. Agar aapko takleef nahi hai toh aap ghar par bhi isey banaye.",zero_shot,"Arre, soymilk kuch logon ke liye ek accha alternative hai, jaise ki lactose intolerance ya normal milk se allergy ke madhyam se. 

Iske liye, aapko soybeans ko pani mein bhigo karna hoga, phir use peesna hoga aur phir iska liquid chaan karna hoga. Is prakriya ko dhyan se karein aur thoda thoda pani daal kar soya ko bhigo lein. 

Iske baad, soybeans ko pees karein aur phir iska liquid chaan lein. Ab is liquid ko heat karke den aur ismein sugar ya anya flavor add kar sakte hain. Aapko yeh bhi dhya",5.558,371,"Soymilk lactose nahi hota isliye jo log normal milk se allergic hote hain unke liye yeh suitable hai. Ghar par soymilk banane ke liye soybeans ko pani mein bhigona, peesna aur phir uska liquid chaan lena hota hai.",8.5
35,llama-3.1-8b-instant,"kyun soymilk kuch logon ke liye ek suitable alternative hai, aur ghar par isey kaise banaya ja sakta hai? Soymilk mein lactose (milk sugar) nahi hota aur jo log normal milk se allergic hote hain unke liye yeh peena suitable hai. Soymilk banane ke liye soybeans ko pani mein bhigo kar, pees kar aur phir chaan kar iska liquid nikala jata hai. Agar aapko takleef nahi hai toh aap ghar par bhi isey banaye.",few_shot,"Bhaiya, soymilk ek bahut hi faydemand vikalp hai jo logon ke liye milk se allergic hone ke karan peene mein madad karta hai. Yeh lactose se bharosa hai, jo milk mein hota hai aur kuch logon ko pareshani deti hai.

Soymilk banane ke liye hume soybeans ki zaroorat hoti hai. Phir humein inhe pani mein bhigo karna hai, jisse yeh mushkilon se thoda sa mushkil ho jata hai. Iske baad, humein isey peesna hai aur phir chaan kar iska liquid nikalna hai. Yeh process bahut easy hai aur aap ghar par bhi isey",3.67,450,"Soymilk lactose nahi hota isliye jo log normal milk se allergic hote hain unke liye yeh suitable hai. Ghar par soymilk banane ke liye soybeans ko pani mein bhigona, peesna aur phir uska liquid chaan lena hota hai.",8.5
35,llama-3.1-8b-instant,"kyun soymilk kuch logon ke liye ek suitable alternative hai, aur ghar par isey kaise banaya ja sakta hai? Soymilk mein lactose (milk sugar) nahi hota aur jo log normal milk se allergic hote hain unke liye yeh peena suitable hai. Soymilk banane ke liye soybeans ko pani mein bhigo kar, pees kar aur phir chaan kar iska liquid nikala jata hai. Agar aapko takleef nahi hai toh aap ghar par bhi isey banaye.",chain_of_thought,"Arre, let's step by step soymilk banane ki vidhi dikhayenge:

1. **Soybeans ko chunen**: Sabse pehle, aapko soybeans ki jaroorat hogi. Aap market se ya online soybeans le sakte hain. Chahiye ki soybeans saf aur swasth hon.

2. **Soybeans ko bhigoen**: Ab aapko soybeans ko pani mein bhigo kar unki texture ko soft banana hoga. Aap ek bade bowl mein soybeans ko pani se bhigo sakte hain, ya phir ek pressure cooker mein bhi bhigo sakte hain.

3. **Soybeans ko peesden**: Jab soybeans soft ho jaye, toh",5.063,657,"Soymilk lactose nahi hota isliye jo log normal milk se allergic hote hain unke liye yeh suitable hai. Ghar par soymilk banane ke liye soybeans ko pani mein bhigona, peesna aur phir uska liquid chaan lena hota hai.",8.5
35,llama-3.1-8b-instant,"kyun soymilk kuch logon ke liye ek suitable alternative hai, aur ghar par isey kaise banaya ja sakta hai? Soymilk mein lactose (milk sugar) nahi hota aur jo log normal milk se allergic hote hain unke liye yeh peena suitable hai. Soymilk banane ke liye soybeans ko pani mein bhigo kar, pees kar aur phir chaan kar iska liquid nikala jata hai. Agar aapko takleef nahi hai toh aap ghar par bhi isey banaye.",structured_context,"{""answer"": ""Soymilk kuch logon ke liye ek suitable alternative hai kyunki yeh lactose (doodh ke chini) se mukt hai, jo log normal doodh se allergic hote hain unke liye yeh peena suitable hai. Iske alawa, soymilk mein protein aur calcium bhi hota hai jo sharir ke liye achha hai."", ""explanation"": ""Soymilk banane ke liye soybeans ko pani mein bhigo kar, pees kar aur phir chaan kar iska liquid nikala jata hai. Is prakriya ko ghar par bhi karna sambhav hai. Aapko soyebean ko achhi tarah se paani mein",5.739,414,"Soymilk lactose nahi hota isliye jo log normal milk se allergic hote hain unke liye yeh suitable hai. Ghar par soymilk banane ke liye soybeans ko pani mein bhigona, peesna aur phir uska liquid chaan lena hota hai.",8.5
35,llama-3.1-8b-instant,"kyun soymilk kuch logon ke liye ek suitable alternative hai, aur ghar par isey kaise banaya ja sakta hai? Soymilk mein lactose (milk sugar) nahi hota aur jo log normal milk se allergic hote hain unke liye yeh peena suitable hai. Soymilk banane ke liye soybeans ko pani mein bhigo kar, pees kar aur phir chaan kar iska liquid nikala jata hai. Agar aapko takleef nahi hai toh aap ghar par bhi isey banaye.",hierarchical_context,"Soymilk ek bahut hi achi cheez hai, khaskar jo log milk se allergic hain unke liye. Jante ho, milk mein lactose (dudh ka chini) hota hai, jo kuch logon ko pasand nahi aata hai. Soymilk mein ye lactose nahi hota hai, isliye yeh unke liye ek suitable alternative hai.

Ab, soymilk kaise banaya ja sakta hai? Iske liye, aapko soybeans ki zarurat hogi. Soybeans ko pani mein bhigo ke, unhein pees kar aur phir chaan kar liya jata hai. Iske baad, aapke pas ek liquid nikalta hai, jo soymilk hai. 

Soymilk",5.147,657,"Soymilk lactose nahi hota isliye jo log normal milk se allergic hote hain unke liye yeh suitable hai. Ghar par soymilk banane ke liye soybeans ko pani mein bhigona, peesna aur phir uska liquid chaan lena hota hai.",8.5
35,llama-3.1-8b-instant,"kyun soymilk kuch logon ke liye ek suitable alternative hai, aur ghar par isey kaise banaya ja sakta hai? Soymilk mein lactose (milk sugar) nahi hota aur jo log normal milk se allergic hote hain unke liye yeh peena suitable hai. Soymilk banane ke liye soybeans ko pani mein bhigo kar, pees kar aur phir chaan kar iska liquid nikala jata hai. Agar aapko takleef nahi hai toh aap ghar par bhi isey banaye.",rag_style,"Aap soymilk kyu banate hain? Soymilk ek achha vikalp hai jo kayi logon ke liye suitable hota hai, jabki doosron ke liye milk se allergy hoti hai. 

Soymilk kaise banaya jaata hai? Ismein soybeans ko pani mein bhigo kar pees kar aur phir chaan kar ek liquid nikala jata hai. Agar aapko takleef nahi hai toh aap bhi ghar par isey banaye.",5.527,310,"Soymilk lactose nahi hota isliye jo log normal milk se allergic hote hain unke liye yeh suitable hai. Ghar par soymilk banane ke liye soybeans ko pani mein bhigona, peesna aur phir uska liquid chaan lena hota hai.",8.5
35,llama-3.1-8b-instant,"kyun soymilk kuch logon ke liye ek suitable alternative hai, aur ghar par isey kaise banaya ja sakta hai? Soymilk mein lactose (milk sugar) nahi hota aur jo log normal milk se allergic hote hain unke liye yeh peena suitable hai. Soymilk banane ke liye soybeans ko pani mein bhigo kar, pees kar aur phir chaan kar iska liquid nikala jata hai. Agar aapko takleef nahi hai toh aap ghar par bhi isey banaye.",tree_of_thought,"So, maine soymilk ke baare mein kuch socha hai:

1. Soymilk mein lactose nahi hota hai, jisse jo log normal milk se allergic hote hain unke liye yeh ek mazboot vikalp hai. Iske alawa, soymilk mein protein aur calcium ka bhi bada matlab hota hai, jo hamein healthy bones aur muscles dene mein madad karta hai.

2. Soymilk banane ke liye soybeans ko pani mein bhigo kar, pees kar aur phir chaan kar iska liquid nikala jata hai. Yeh process aap ghar par bhi kar sakte hain, lekin aapko soymilk ko proper",3.781,552,"Soymilk lactose nahi hota isliye jo log normal milk se allergic hote hain unke liye yeh suitable hai. Ghar par soymilk banane ke liye soybeans ko pani mein bhigona, peesna aur phir uska liquid chaan lena hota hai.",8.5
35,llama-3.1-8b-instant,"kyun soymilk kuch logon ke liye ek suitable alternative hai, aur ghar par isey kaise banaya ja sakta hai? Soymilk mein lactose (milk sugar) nahi hota aur jo log normal milk se allergic hote hain unke liye yeh peena suitable hai. Soymilk banane ke liye soybeans ko pani mein bhigo kar, pees kar aur phir chaan kar iska liquid nikala jata hai. Agar aapko takleef nahi hai toh aap ghar par bhi isey banaye.",agentic_context,"Samajh chala gaya question! 

Step 1: Samajh chala gaya hai ki kuch log soymilk ko ek suitable alternative ke roop mein dekhte hain kyunki yeh normal milk se alag hai aur lactose (doodh ke chini) nahi hota hai. Issey log jinko normal milk se allergy hoti hai unke liye peena suitable hai.

Step 2: Ab yad rakha ja raha hai ki soymilk banane ke liye soybeans ko pani mein bhigo kar, pees kar aur phir chaan kar iska liquid nikala jata hai.

Step 3: Ab answer dene ka samay hai!

Soy milk ek acchi alte",5.738,509,"Soymilk lactose nahi hota isliye jo log normal milk se allergic hote hain unke liye yeh suitable hai. Ghar par soymilk banane ke liye soybeans ko pani mein bhigona, peesna aur phir uska liquid chaan lena hota hai.",8.5
36,llama-3.1-8b-instant,"Ma'am, ecosystem kya hota hai aur iske kitne prakaar hote hain?",zero_shot,"Arre bhai, ecosystem ka matlab hai ki ek samuh mein jeevan aur bhoomi ke ekdoosri se sambandh hote hain. Yeh samuh ek anekatmak vishay hai, jismein jeevan ke sabhi prakaar, jaise ki patthar, phool, jangal, jeev, jaivik dhang, paani, hawa, aur anya chijen shaamil hote hain.

Ecosystem ke kitne prakaar hote hain, kya? Arre, yeh kai prakaar ke hote hain, jaise ki:

1. **Taal ecosystem**: Ye paani mein hota hai, jismein paani ke jeev aur bhoomi ke jeev ekdoosri se jude hote hain.

2. **Jangal ecosys",1.742,473,"Ecosystem ek aisa system hota hai jismein jeev-jantu, vanaspati, aur abhaavik tatva apas mein pratikriya karte hain. Ecosystem ke teen prakaar hote hain: jal ecosystem, thal ecosystem, aur van ecosystem.",8.5
36,llama-3.1-8b-instant,"Ma'am, ecosystem kya hota hai aur iske kitne prakaar hote hain?",few_shot,"Beta, ecosystem ek vastavik prakriya hai jo prakriti mein hamesha chalti rehti hai. Yeh prakriya ek jeev aur ek vataavaran ke beech ki saamajik aur jeevik sambandh ki hoti hai. Jaise, ek jungle mein trees, jungle mein rehte jungle ke jeev, udharan ke liye inka charcha, aadi sab kuch ecosystem ki prakriya ki aadharshila hota hai.

Aur ecosystem ke prakaar kai hote hain, jaise kaun-kaun hain?

- Tadap ecosystem (Taiga)
- Jungle ecosystem
- Sagar ecosystem
- Maidaan ecosystem
- Jungle-ghas ecosyste",5.786,343,"Ecosystem ek aisa system hota hai jismein jeev-jantu, vanaspati, aur abhaavik tatva apas mein pratikriya karte hain. Ecosystem ke teen prakaar hote hain: jal ecosystem, thal ecosystem, aur van ecosystem.",8.5
36,llama-3.1-8b-instant,"Ma'am, ecosystem kya hota hai aur iske kitne prakaar hote hain?",chain_of_thought,"Arre, ecosystem kya hai? 

1. Ecosystem ek prakritik sthiti hai jahan par jeev aur abhivyaktiyo ki sthiti ka sambandh hota hai.
2. Ismein jeev aur abhivyakti, unke bhaavna, unke aas-paas ka vataavaran aur unke sambandh sab shaamil hote hain.
3. Ecosystem mein paani, mitti, vayu, aur anya abhivyakti sab jute hote hain.
4. Ye sab ek-ek se judi hoti hain aur ek anya par asar dalti hain.
5. Ecosystem ke kitne prakaar hote hain? 
6. Jaise ki:
 - Bhautikiy ecosystem (Jaise ki prithvi, dhanush, aur any",2.77,444,"Ecosystem ek aisa system hota hai jismein jeev-jantu, vanaspati, aur abhaavik tatva apas mein pratikriya karte hain. Ecosystem ke teen prakaar hote hain: jal ecosystem, thal ecosystem, aur van ecosystem.",8.5
36,llama-3.1-8b-instant,"Ma'am, ecosystem kya hota hai aur iske kitne prakaar hote hain?",structured_context,"{""answer"": ""Ek ecosystem ek jeev aur avsheshon ke beech ka sangathit tanaav hai, jahan par vibhinn jeev aur avshesh ek dusre ke saath jude hote hain aur ek dusre ke liye kaam karte hain."", ""explanation"": ""Ecosystem ki kai prakaar hote hain, jinme se kuchh pramukh prakaar hain:\n* Jal ecosystem\n* Jungle ecosystem\n* Bhoomi ecosystem\n* Antarrashtriya ecosystem\n* Prithvi ecosystem\n* Aantarik ecosystem\n* Paryavaran ecosystem\n* Shaantal ecosystem\nIske alawa, ecosystem ke kai anya prakaar bhi h",4.47,261,"Ecosystem ek aisa system hota hai jismein jeev-jantu, vanaspati, aur abhaavik tatva apas mein pratikriya karte hain. Ecosystem ke teen prakaar hote hain: jal ecosystem, thal ecosystem, aur van ecosystem.",8.5
36,llama-3.1-8b-instant,"Ma'am, ecosystem kya hota hai aur iske kitne prakaar hote hain?",hierarchical_context,"Beta, ecosystem ek bahut hi mahatvapoorn tathya hai jo aap sabke liye bahut hi jaroori hai. Toh aaj hum iske bare mein jante hain.

Ecosystem kya hota hai? Ecosystem ek aisa vastavik drishya hai jahan par jeev aur aapke aas-paas ki vatavaran ka santulan hota hai. Ye ek aisa vastavik drishya hai jahan par jeev, vatavaran, aur unke aas-paas ki prakriti ka ek-doosre se sampark hota hai. Jaise ki, hamaare paas ek jungle hai, jahan par trees, plants, animals, aur hamaare paas ki vatavaran ka ek-doosr",3.198,638,"Ecosystem ek aisa system hota hai jismein jeev-jantu, vanaspati, aur abhaavik tatva apas mein pratikriya karte hain. Ecosystem ke teen prakaar hote hain: jal ecosystem, thal ecosystem, aur van ecosystem.",8.5
36,llama-3.1-8b-instant,"Ma'am, ecosystem kya hota hai aur iske kitne prakaar hote hain?",rag_style,"Bhai, ecosystem ka matlab hai ek sthitiyon mein rehne wala jeev aur anupaat, jo ek dusre ke saath juda hua hota hai. 

Ecosystem ke kitne prakaar hote hain? Yeh kai prakaar ke hote hain, jaise ki:

1. Jalvi ecosystem (Aquatic Ecosystem): Jaise ki jal, nadi, jalchashma, tejal, aur jal mein rehne wale jeev.
2. Praki ecosystem (Terrestrial Ecosystem): Jaise ki jungle, forest, padarthon ka anupaat, aur praki mein rehne wale jeev.
3. Bhoomi ecosystem (Soil Ecosystem): Jaise ki mitti, bhoomi, aur usme",4.696,400,"Ecosystem ek aisa system hota hai jismein jeev-jantu, vanaspati, aur abhaavik tatva apas mein pratikriya karte hain. Ecosystem ke teen prakaar hote hain: jal ecosystem, thal ecosystem, aur van ecosystem.",8.5
36,llama-3.1-8b-instant,"Ma'am, ecosystem kya hota hai aur iske kitne prakaar hote hain?",tree_of_thought,"**Pehla vichar:** Ecosystem ek jatil prakriya hai jo jeev aur aamtaur par prakriti ke alag-alag hisson ka samnaakarana hota hai. Ismein jeev (jade aur jaadugarn) aur unke vataavaran ke sambandh ko shaamil kiya jaata hai.

**Dusra vichar:** Ecosystem ko hum maatraik aur jatil donon ke roop me samajh sakte hain. Maatraik ecosystem mein kuchh hi jeev aur vataavaran ki prakriyaon hote hain, jabki jatil ecosystem mein bahut se jeev aur unke vataavaran ke sambandh shamil hote hain.

**Teesra vichar:**",4.87,479,"Ecosystem ek aisa system hota hai jismein jeev-jantu, vanaspati, aur abhaavik tatva apas mein pratikriya karte hain. Ecosystem ke teen prakaar hote hain: jal ecosystem, thal ecosystem, aur van ecosystem.",8.5
36,llama-3.1-8b-instant,"Ma'am, ecosystem kya hota hai aur iske kitne prakaar hote hain?",agentic_context,"Chalo, samajh leta hoon. 

Question ko sunke, pata lagta hai ki yeh ecosystem ke baare mein puchhna hai. 

Ab, yeh sochta hoon... 

Ecosystem ek aisa vastu hai jo prakriti ke sarvashreshtha tathyaon ko samjhaata hai. Yeh ek jatil vastu hai, jismein jeev aur anjeev dwara banaya gaya samuh shaamil hai. 

Jeev aur anjeev ek-doosre ke saath jude hue hote hain aur apne aaspaas ki paristhitiyon se judte hote hain. Ye dono ek-doosre par nirbhar hote hain aur ek- dusre ko prabhavit karte hain. 

Ab, isk",6.389,699,"Ecosystem ek aisa system hota hai jismein jeev-jantu, vanaspati, aur abhaavik tatva apas mein pratikriya karte hain. Ecosystem ke teen prakaar hote hain: jal ecosystem, thal ecosystem, aur van ecosystem.",8.5
37,llama-3.1-8b-instant,What is the process of plate tectonics?,zero_shot,"Plate tectonics ka process toh bahut hi simple hai. Ismein, Pachthoyi dharti (Earth) ka crust ek se ek jagah par chal raha hai. Yah plate kahaani hai, jismein 7 badi plates aur 12 choti plates shaamil hain.

Yah process thoda is tarah hai:

1. **Dhara ka nirman**: Plates ek dusre ke saamne aate hain aur jodte hain, jisse ek nai plate ka nirman hota hai. Yah process dhara banaane ke liye jaroori hai.
2. **Dhara ka tukadna**: Plates ek dusre se door ho jaate hain aur tukadte hain, jisse ek nai pla",3.845,424,"Plate tectonics is the process by which the Earth's lithosphere is broken into large plates that move relative to each other. These plates can move apart, collide, or slide past each other, resulting in geological phenomena such as earthquakes, volcanoes, and mountain formation. The process of plate",8.5
37,llama-3.1-8b-instant,What is the process of plate tectonics?,few_shot,"Bhai, plate tectonics ke process mein kai steps hain. Sabse pehle, earth ki crust ko seven plates mein divide kiya jata hai. Ye plates ek dusre ke saath chalti hain, aaram se, ya ek dusre ko dabaati hain. 

Yeh plates kuch saal ke liye thodi der ke liye ek dusre se alag ho jaati hain, isse rift zone kaha jata hai. Yeh rift zone koi samay aage badh jata hai, to yeh plates apne aas-paas ke material ko saath le jati hain aur ek naya ocean banata hai. 

Kuch saal ke baad, yeh plates ek dusre ko mil ",5.846,369,"Plate tectonics is the process by which the Earth's lithosphere is broken into large plates that move relative to each other. These plates can move apart, collide, or slide past each other, resulting in geological phenomena such as earthquakes, volcanoes, and mountain formation. The process of plate",8.5
37,llama-3.1-8b-instant,What is the process of plate tectonics?,chain_of_thought,"Arre, let's break it down step by step:

**Step 1: Plate Tectonics Kya Hai?**
Plate tectonics hai ek visheshtaa kee vyaavastha, jismein pachat mein vibhinn taahe parvaataayaan aur taahe kee chhaati hoti hai, jo ek-doosre ke saath chalne aur badalne ke liye hamesha lagati rehti hain.

**Step 2: Kisee Taahe Ki Kriyaa**
Ek taahe ki kriyaa do cheejon ko daalte hain:
- **Dhaariyaan**: Jahan pe taahe kee kriyaa hoti hai, wahan pe dhaariyaan hoti hain. In dhaariyaanon ke karan taahe kee chhaati lagu ho",4.345,766,"Plate tectonics is the process by which the Earth's lithosphere is broken into large plates that move relative to each other. These plates can move apart, collide, or slide past each other, resulting in geological phenomena such as earthquakes, volcanoes, and mountain formation. The process of plate",8.5
37,llama-3.1-8b-instant,What is the process of plate tectonics?,structured_context,"{""answer"": ""Plattonic chakron ka prakriya hai, jahaan zameen ke platein ghatnaon ke saath dhire-dhire chalne lagti hain."", ""explanation"": ""Ismein platein ke naye block banane, unke milne, aur unke alag hone ki prakriya hoti hai. Yah prakriya zameen ke vishayon ka nirman aur tanaav ko kam karne mein madad karti hai. Plattonic chakron mein se kuchh mahatvapoorn ghatnaayein hain, jaise ki:\n- plateon ke milne se seismik kshetra banate hain\n- plateon ke alag hone se niyamit vikas hone lagta hai\n- ",6.841,315,"Plate tectonics is the process by which the Earth's lithosphere is broken into large plates that move relative to each other. These plates can move apart, collide, or slide past each other, resulting in geological phenomena such as earthquakes, volcanoes, and mountain formation. The process of plate",8.5
37,llama-3.1-8b-instant,What is the process of plate tectonics?,hierarchical_context,"Bachche, aaj hum plate tectonics ke bare mein seekhenge. Plate tectonics ek bahut hi zaroori vishay hai jo hamare Bharat ke jadon aur vishv ke mausam ke liye bahut mahatvapurn hai. 

Plate tectonics ke antar se hai, pachhane ki dharti ka crust ek jagah se dusri jagah jata hai. Ismein do prakaar ke plates hote hain - continental plates aur oceanic plates. Continental plates dharti ke vatavaran ke madhya hote hain, jabki oceanic plates samudra ke paani ke madhya se hoti hain.

Ab, plate tectonics ",3.302,749,"Plate tectonics is the process by which the Earth's lithosphere is broken into large plates that move relative to each other. These plates can move apart, collide, or slide past each other, resulting in geological phenomena such as earthquakes, volcanoes, and mountain formation. The process of plate",8.5
37,llama-3.1-8b-instant,What is the process of plate tectonics?,rag_style,"Plate tectonics ka process yeh hai:

1. Pahle, Earth ka surface doh bahut bade plates mein divide ho jata hai, jinhein lithospheric plates kehte hain.
2. Ye plates ek-doosre ke saath move hote hain, jisse unke boundaries ban jate hain.
3. Plates ke boundaries mei tina prakaar hote hain - converge, diverge, aur transform boundaries.
4. Converge boundaries par plates ek-doosre ko milte hain, jisse mountain ranges bante hain.
5. Diverge boundaries par plates doosre se door ho jate hain, jisse ocean",7.743,294,"Plate tectonics is the process by which the Earth's lithosphere is broken into large plates that move relative to each other. These plates can move apart, collide, or slide past each other, resulting in geological phenomena such as earthquakes, volcanoes, and mountain formation. The process of plate",8.5
37,llama-3.1-8b-instant,What is the process of plate tectonics?,tree_of_thought,"Maine kuchh vichar kiya hain:

1. Plate tectonics ki process mein, dharti ke andar plate tectonics plates hote hain, jo ek dusre ke saath chalti hain aur badalti hain. Ye plates har 50-100 million saal mein lagbhag 2-3 inch tak badh sakti hain. Jab ye plates ek dusre ke saath mil jaati hain, to voh ek seva ke saath jud jaati hain, aur jab ve alag ho jaati hain, to voh ek seva ke saath jud jaati hain. Is prakriya ke kaaran, newa mountains, volcanoes aur earthquakes hoti hain.

2. Plate tectonics ",1.084,515,"Plate tectonics is the process by which the Earth's lithosphere is broken into large plates that move relative to each other. These plates can move apart, collide, or slide past each other, resulting in geological phenomena such as earthquakes, volcanoes, and mountain formation. The process of plate",8.5
37,llama-3.1-8b-instant,What is the process of plate tectonics?,agentic_context,"Bhai, let's break it down. 

Step 1: Understand question - Yeh question hai plate tectonics ke baare mein, jiske bare mein hum kya jaante hain.

Step 2: Recall knowledge - Plate tectonics ek scientific theory hai, jisme kehte hain ki dharti ke surface par ek number of plates hain, jo ek dusre ke saamne move hote hain. Yah plates ek dusre ke saamne slide karte hain, ya ek dusre se alag ho jaate hain.

Step 3: Give accurate answer - Plate tectonics ka process is tarah hai - 
- Convection currents:",6.868,427,"Plate tectonics is the process by which the Earth's lithosphere is broken into large plates that move relative to each other. These plates can move apart, collide, or slide past each other, resulting in geological phenomena such as earthquakes, volcanoes, and mountain formation. The process of plate",8.5
38,llama-3.1-8b-instant,Rashtriya Pustakalay Framework (NCF) 2005 ka school life ke baare mein kya main suggestion hai?,zero_shot,"Rashtriya Pustakalay Framework (NCF) 2005 ka school life ke baare mein kuchh mahatvapoorn sugeestion hain:

1. **Vidyaarthi ke gatividhi se gatividhi**: NCF 2005 ke anusar, shiksha ke process mein vidyaarthi ke gatividhi ko mahatvapoorn maana jaata hai. Unhe apne shikshaak ke saath milkar kaam karna, swatantrata ka anubhav karna aur apne lakshyon ko prapt karne ke liye prayaas karna chahiye.

2. **Anubhavvadi shiksha**: NCF 2005 ke anusar, shiksha ke process mein anubhavvadi shiksha ko mahatvapo",4.315,626,NCF 2005 ke hisaab se school mein bachchon ki zindagi ko unki school ke bahar ki zindagi se jodna chahiye,8.5
38,llama-3.1-8b-instant,Rashtriya Pustakalay Framework (NCF) 2005 ka school life ke baare mein kya main suggestion hai?,few_shot,"Bhaiya, NCF 2005 ka suggestion school life ke baare mein yeh hai ki bachchon ko padhai mein aazadi aur svatantrata milni chahiye. Unhein apni interest aur choice ke anusaar padhai karne ka mauka dena chahiye. Iske alawa, visheshagyon ki madad lena chahiye jab ve kisi vishay mein samasya mein pad jate hain. 

Iske alawa, NCF 2005 school life mein 'learning by doing' ka concept introduce karta hai. Jaise ki bachchon ko practical project aur activities ke through education prapt karne ka mauka dena",5.816,372,NCF 2005 ke hisaab se school mein bachchon ki zindagi ko unki school ke bahar ki zindagi se jodna chahiye,8.5
38,llama-3.1-8b-instant,Rashtriya Pustakalay Framework (NCF) 2005 ka school life ke baare mein kya main suggestion hai?,chain_of_thought,"Arre yaar, let's iske baare mein vichar karte hain.

Step 1: Rashtriya Pustakalay Framework (NCF) 2005 ka matlab hai ki ismein education system ke liye ek framework taiyaar kiya gaya hai. Is framework mein education system ko aur bhi behtar banane ke liye kuchh suggestions diye gaye hain.

Step 2: NCF 2005 ka school life ke baare mein ek suggestion hai ki children ko education ke process mein shaamil kiya jaaye. Iske liye, school mein children ko active participation ke liye mauka diya jaata hai",3.848,484,NCF 2005 ke hisaab se school mein bachchon ki zindagi ko unki school ke bahar ki zindagi se jodna chahiye,8.5
38,llama-3.1-8b-instant,Rashtriya Pustakalay Framework (NCF) 2005 ka school life ke baare mein kya main suggestion hai?,structured_context,"{""answer"": ""NCF 2005 school life ke liye ek vishisht framework pradaan karta hai, jismein student ke aadhar par shiksha pranaali ka nirman kiya gaya hai."", ""explanation"": ""Is framework ka mukhya lakshya student ka vikas samajhna aur unhein aatm-nirbhar banana hai. NCF 2005 ke anusaar, school life mein kuch mahatvapoorn suggestion diye gaye hain, jaise ki: \n 1. Adhik student-centric shiksha pranaali \n 2. Prakritik aadhyayan aur samajik shiksha ka adhik mahatva \n 3. Student ke saath sanyojan au",3.608,310,NCF 2005 ke hisaab se school mein bachchon ki zindagi ko unki school ke bahar ki zindagi se jodna chahiye,8.5
38,llama-3.1-8b-instant,Rashtriya Pustakalay Framework (NCF) 2005 ka school life ke baare mein kya main suggestion hai?,hierarchical_context,"NCF 2005 ke school life ke bare mein kai sujhav diye gaye hain. Main yahaan kayi main sujhav rakhta hoon:

1. **Vichardhara aur Prasangikta**: NCERT ne suggestion di hai ki shiksha ke prakriya ko vichardhara aur prasangikta se judha jana chahiye. Iske liye, shikshakon ko apne shiksharon ke saath vichar-vitaar karne aur unke vicharon ko samjhane ke liye shiksha de sakti hain.

2. **Prashikshan aur Samarthan**: NCF 2005 ne suggestion di hai ki shikshakon ko prashikshan aur samarthan pradan kiya ja",2.012,656,NCF 2005 ke hisaab se school mein bachchon ki zindagi ko unki school ke bahar ki zindagi se jodna chahiye,8.5
38,llama-3.1-8b-instant,Rashtriya Pustakalay Framework (NCF) 2005 ka school life ke baare mein kya main suggestion hai?,rag_style,"School life ke baare mein Rashtriya Pustakalay Framework (NCF) 2005 ka ek suggestion yeh hai: 

School ka aim yeh hona chahiye ki bachchon ko gyaan aur anubhav pradaan karne ke liye ek safal aur khushhaal environment pradaan kiya jaaye. Ye framework yeh bhi sochta hai ki school mein shiksha kee duniya ko apne anya gunon ke sath-milakar viksit kiya jaaye.",8.588,216,NCF 2005 ke hisaab se school mein bachchon ki zindagi ko unki school ke bahar ki zindagi se jodna chahiye,8.5
38,llama-3.1-8b-instant,Rashtriya Pustakalay Framework (NCF) 2005 ka school life ke baare mein kya main suggestion hai?,tree_of_thought,"Maine is prashn ka jawab kai tareekon se socha hai:

1. **Pehla Soch**: NCF 2005 mein school life ke bare mein yeh suggestion di gayi hai ki shikshakon ko apne vichar, anubhav aur lakshiton ke anusar shaalein padhne ki prakriya ko sudharna chahiye. Isse shikshakon ko apni shiksha ko aur adhik samriddh aur samayik banane mein madad milegi.

2. **Dusra Soch**: NCF 2005 mein yeh bhi suggestion di gayi hai ki school life mein shikshakon ko chhoti-chhoti prakriyaon ko shaalein mein shamil karne ki za",0.912,633,NCF 2005 ke hisaab se school mein bachchon ki zindagi ko unki school ke bahar ki zindagi se jodna chahiye,2.0
38,llama-3.1-8b-instant,Rashtriya Pustakalay Framework (NCF) 2005 ka school life ke baare mein kya main suggestion hai?,agentic_context,"Pehle toh main samajhata hoon ki Rashtriya Pustakalay Framework (NCF) 2005 ek educational framework hai jo school life ke liye kuchh vishesh suggestions diya hai.

Step 1: Samajhne ke baad, main recall karta hoon ki NCF 2005 mein kya vishay diye gaye hain. NCF 2005 ke anusaar, school life mein vichardhara, samajh, shiksha, aur kaushal ki vikas ko badhawa dene ka mahatva hai.

Step 2: Main recall karta hoon ki NCF 2005 ne school life mein kya parivartan karna chahiye hai. NCF 2005 ne bataya hai k",7.941,468,NCF 2005 ke hisaab se school mein bachchon ki zindagi ko unki school ke bahar ki zindagi se jodna chahiye,8.5
39,llama-3.1-8b-instant,"Sahara ke pehle ke 'green' period aur uske baad ki desertification ka kaaran konsi natural phenomenon hai? Sahara ki green period paleo-monsoon ki migration ke kaaran hui thi, jismein earth ki motion ka bhi role tha.",zero_shot,"Arre, Sahara ke pehle ke 'green' period aur uske baad ki desertification ka sabse bada kaaran ek natural phenomenon hai, jo ki African monsoon ke saath juda hua hai. 

Pehle, Sahara ek khushk aur green jagah thi, jahaan pani ki boondein aati thi aur jahaan jungle aur trees thhe. Yah sab paleo-monsoon ke kaaran hua tha, jo ki African coast se Sahara tak pahunchta tha. Yah monsoon ki movement Earth ki rotation aur orbit ke kaaran hota tha. Jab Earth Africa ki or se ghoomta tha, to monsoon Sahara k",2.897,442,"Paleo-monsoon ki migration, jo earth ki motion ke dynamics, axial tilt aur perihelion ke variations se driven thi, ne Sahara ke climate shifts ka kaaran banaya. Monsoon ki northward shift se 'green' period aaya, jabki southward shift se desertification hui.",8.5
39,llama-3.1-8b-instant,"Sahara ke pehle ke 'green' period aur uske baad ki desertification ka kaaran konsi natural phenomenon hai? Sahara ki green period paleo-monsoon ki migration ke kaaran hui thi, jismein earth ki motion ka bhi role tha.",few_shot,"Bhaiya, Sahara ki 'green' period aur uske baad ki desertification ka kaaran ek bahut hi bada natural phenomenon hai, jo 12,000 saal pehle hua tha. Yah sab Sahara ke liye ek bahut hi badi badlaav ka samay tha. 

Pehle ke 'green' period mein Sahara ki wahan par bhaari barf pighal rahi thi aur jamegi thi. Yah barf pighalne se pani ke liye nadiyan bani aur hume pani ke liye bahut si junglein aur jungle mein jeevan pade the.

Lekin phir, uske baad ki desertification ka karan yah tha ki Sahara ke kshe",5.405,588,"Paleo-monsoon ki migration, jo earth ki motion ke dynamics, axial tilt aur perihelion ke variations se driven thi, ne Sahara ke climate shifts ka kaaran banaya. Monsoon ki northward shift se 'green' period aaya, jabki southward shift se desertification hui.",8.5
39,llama-3.1-8b-instant,"Sahara ke pehle ke 'green' period aur uske baad ki desertification ka kaaran konsi natural phenomenon hai? Sahara ki green period paleo-monsoon ki migration ke kaaran hui thi, jismein earth ki motion ka bhi role tha.",chain_of_thought,"Aapke sawal ka samadhan karne ke liye, main is prakriya mein hoon:

1. **Pehle step:** Sahara ki green period aur uske baad ki desertification ka samay aur prakriya samajhna hoga. Yeh pata chalata hai ki paleo-monsoon ka Sahara par kaunsa prabhav hai.

2. **Dusra step:** Paleo-monsoon ki migration ke kaaran Sahara ki green period hui thi, isliye yeh pata chalata hai ki yeh green period ke saath kaise jude hue hain.

3. **Tisra step:** Paleo-monsoon ke liye Earth ki motion ka role kya hai, iski j",4.946,453,"Paleo-monsoon ki migration, jo earth ki motion ke dynamics, axial tilt aur perihelion ke variations se driven thi, ne Sahara ke climate shifts ka kaaran banaya. Monsoon ki northward shift se 'green' period aaya, jabki southward shift se desertification hui.",8.5
39,llama-3.1-8b-instant,"Sahara ke pehle ke 'green' period aur uske baad ki desertification ka kaaran konsi natural phenomenon hai? Sahara ki green period paleo-monsoon ki migration ke kaaran hui thi, jismein earth ki motion ka bhi role tha.",structured_context,"{""answer"": ""Milankovitch cycles"", ""explanation"": ""Sahara ke pehle ke green period aur uske baad ki desertification ka kaaran Milankovitch cycles hain, jo Earth ki motion ke karan hota hai. Ye cycles Earth ki axis ke rotation aur orbit ke parivartan ka prabhaav dalte hain. Paleo-monsoon ki migration ka bhi ismein role tha, jo Sahara ki green period ko prabhavit kar raha tha. Lekin Milankovitch cycles ne time ke saath Earth ki orbit aur axis ke rotation mein parivartan kar diya, jisse monsoon Saha",4.51,270,"Paleo-monsoon ki migration, jo earth ki motion ke dynamics, axial tilt aur perihelion ke variations se driven thi, ne Sahara ke climate shifts ka kaaran banaya. Monsoon ki northward shift se 'green' period aaya, jabki southward shift se desertification hui.",8.5
39,llama-3.1-8b-instant,"Sahara ke pehle ke 'green' period aur uske baad ki desertification ka kaaran konsi natural phenomenon hai? Sahara ki green period paleo-monsoon ki migration ke kaaran hui thi, jismein earth ki motion ka bhi role tha.",hierarchical_context,"Bachchon, aaj ham Sahara ki green period aur uske baad ki desertification ke baare mein seekhte hain. Sahara ek bada sabun ka raajya hai, jismein bahut hi garmi aur thandi raat hoti hai.

Agar aapko pata hai ki Sahara ke pehle wala 'green' period kaisa tha, to aapko pata hoga ki yeh paleo-monsoon ki migration ke kaaran hua tha. Paleo-monsoon ek pracheen monsoon ka naam hai, jo lagbhag 5,000 se 7,000 saal pehle tha. Us samay, earth ka motion kaafi alag tha, jo ki Sahara ki green period ko banane ",3.0,546,"Paleo-monsoon ki migration, jo earth ki motion ke dynamics, axial tilt aur perihelion ke variations se driven thi, ne Sahara ke climate shifts ka kaaran banaya. Monsoon ki northward shift se 'green' period aaya, jabki southward shift se desertification hui.",5.0
39,llama-3.1-8b-instant,"Sahara ke pehle ke 'green' period aur uske baad ki desertification ka kaaran konsi natural phenomenon hai? Sahara ki green period paleo-monsoon ki migration ke kaaran hui thi, jismein earth ki motion ka bhi role tha.",rag_style,"Sahara ke pehle ke 'green' period aur uske baad ki desertification ka kaaran kya hai? 

Sahara ki 'green' period paleo-monsoon ki migration ke kaaran hui thi. Yah joh paleo-monsoon hua tha, woh ek bade barf garam hone se hua tha, jo Africa ke uttar mein the, jahan se unke liye bahut saari barf bhi thi. Jab yeh barf garam hua to vah barf ki bahut saari maatraa badh gayi, aur iske paas se bahut saari barf bharne wali maatraa badh gayi. Iske karan paleo-monsoon ka range Africa ke dakshin mein pahun",5.827,437,"Paleo-monsoon ki migration, jo earth ki motion ke dynamics, axial tilt aur perihelion ke variations se driven thi, ne Sahara ke climate shifts ka kaaran banaya. Monsoon ki northward shift se 'green' period aaya, jabki southward shift se desertification hui.",8.5
39,llama-3.1-8b-instant,"Sahara ke pehle ke 'green' period aur uske baad ki desertification ka kaaran konsi natural phenomenon hai? Sahara ki green period paleo-monsoon ki migration ke kaaran hui thi, jismein earth ki motion ka bhi role tha.",tree_of_thought,"Maine is prashn ka jawab kai tarikon se socha hai:

1. **Paleo-monsoon ki migration**: Jaise aapne bataya, Sahara ki green period paleo-monsoon ki migration ke kaaran hui thi, jismein earth ki motion ka bhi role tha. Paleo-monsoon ek purani monsoon thi jise kai saal pehle ki chidiyaon ne dekha tha jismein Sahara ka mausam thande aur varsha-wali hota tha.

2. **Earth ki motion**: Earth ki motion ne Sahara ki green period ko badhava diya. Lekin iske baad, earth ki motion ne Sahara ki desertificati",3.883,494,"Paleo-monsoon ki migration, jo earth ki motion ke dynamics, axial tilt aur perihelion ke variations se driven thi, ne Sahara ke climate shifts ka kaaran banaya. Monsoon ki northward shift se 'green' period aaya, jabki southward shift se desertification hui.",8.5
39,llama-3.1-8b-instant,"Sahara ke pehle ke 'green' period aur uske baad ki desertification ka kaaran konsi natural phenomenon hai? Sahara ki green period paleo-monsoon ki migration ke kaaran hui thi, jismein earth ki motion ka bhi role tha.",agentic_context,"Pehle toh sab samajh liya, phir soch liya, ab jawab dunga.

Sahara ki 'green' period aur uske baad ki desertification ka kaaran ek natural phenomenon hai jise 'African Humid Period' kaha jaata hai. Yah period lagbhag 11,000 se 4,000 years pehle hua tha jab Sahara ek green aur garm zameen thi.

Yah period paleo-monsoon ki migration ki wajah se hua tha, jo Africa aur Europe ke beech se guzarne wali ek seasonal wind thi. Paleo-monsoon ki migration ke kaaran Sahara mein bahut barish hoti thi, jisse ",5.909,526,"Paleo-monsoon ki migration, jo earth ki motion ke dynamics, axial tilt aur perihelion ke variations se driven thi, ne Sahara ke climate shifts ka kaaran banaya. Monsoon ki northward shift se 'green' period aaya, jabki southward shift se desertification hui.",8.5
40,llama-3.1-8b-instant,"Ma'am, water cycle kya hota hai?",zero_shot,"Beti, water cycle ek bahut hi aisi prakriya hai jisme paani ki kriya hoti hai. Yah prakriya paani ki kshamata ko badhane ke liye hoti hai.

Paani ki kriya main 3 hisson mein hoti hai - vaporaan, barfbaan aur jalvaan. Jab surya ki garmi se paani garm ho jata hai, to uska vaporaan hota hai aur aasman mein chadhta hai. Wahin se uska barfbaan hota hai aur barf ke roop mein baahar aata hai. Fir us barf ke jalna se paani ki jalvaan hoti hai aur phir se aasman mein chadhta hai.

Is tarah se paani ki kr",1.579,260,"Water cycle ek aisi prakriya hai jismein paani vaayumandal se Prithvi par aata hai aur phir se vaayumandal mein wapas chala jata hai. Ismein vaashpikaran, sanchayan, aur varsha shaamil hai.",8.5
40,llama-3.1-8b-instant,"Ma'am, water cycle kya hota hai?",few_shot,"Beti, water cycle ek aisi prakriya hai jisme paani ka gharat, vrikshon se garam hone, vashp hone, aur barf bane ki prakriya hoti hai. Yeh sab ek dusre ke baad chalta hai. Paani garam hone se vashp ban jata hai, vashp baadalon mein chadhta hai, aur phir baadalon se barf ya paani gir jata hai. Yeh prakriya bahut zaroori hai kyonki humein paani ki zaroorat hoti hai.",1.418,218,"Water cycle ek aisi prakriya hai jismein paani vaayumandal se Prithvi par aata hai aur phir se vaayumandal mein wapas chala jata hai. Ismein vaashpikaran, sanchayan, aur varsha shaamil hai.",8.5
40,llama-3.1-8b-instant,"Ma'am, water cycle kya hota hai?",chain_of_thought,"Arre, water cycle kya hota hai? 

Sabse pehle, humein pata chalna hoga ki water cycle ek prakritik kaary hai, jismein paani ki ghoomna hoti hai. 

Dusra, water cycle mein chaar mukhya charan hote hain: 

1. **Urja prapti** (Evaporation): Paani ko garam hone par vapas aata hai aur gas mein badal jata hai. 
2. **Vapour ki utsarjna** (Condensation): Paani ka vapour thanda hone par barf ya paani ki bhoomika mein badal jata hai. 
3. **Varsha** (Precipitation): Barf ya paani ki bhoomika neeche girti h",4.739,316,"Water cycle ek aisi prakriya hai jismein paani vaayumandal se Prithvi par aata hai aur phir se vaayumandal mein wapas chala jata hai. Ismein vaashpikaran, sanchayan, aur varsha shaamil hai.",8.5
40,llama-3.1-8b-instant,"Ma'am, water cycle kya hota hai?",structured_context,"{""answer"": ""Pani ka chakra"", ""explanation"": ""Water cycle ek prakriya hai jismein pani bhumi par upasthit hota hai, usse vaayumandaliya jal bharat hota hai, phir usse barf ya gheeya ke roop mein bhoomi par waapas aata hai aur is prakriya ko dubara shauroopan karta hai.""}",2.355,163,"Water cycle ek aisi prakriya hai jismein paani vaayumandal se Prithvi par aata hai aur phir se vaayumandal mein wapas chala jata hai. Ismein vaashpikaran, sanchayan, aur varsha shaamil hai.",8.5
40,llama-3.1-8b-instant,"Ma'am, water cycle kya hota hai?",hierarchical_context,"Beta, water cycle ek bahut hi aham prakriya hai jo pani ki gati ko samajhne mein madad karti hai. Ismein pani ki ghatnaon ka ek chakra hai. 

Pehle, pani ko solar energy se garam kiya jata hai, jisse uska sthir rupa paani se badal jaata hai, jise vapour kehte hain. Ye vapour aasman mein chadhte hain aur unhe ""water vapour"" kehte hain.

Ab, yeh water vapour aasman mein chadhte hue ek naye avsthiti mein pahunch jaata hai, jahan usse barf ya garm pani ki avsthiti mein badal jaata hai. Is prakriya k",0.984,469,"Water cycle ek aisi prakriya hai jismein paani vaayumandal se Prithvi par aata hai aur phir se vaayumandal mein wapas chala jata hai. Ismein vaashpikaran, sanchayan, aur varsha shaamil hai.",8.5
40,llama-3.1-8b-instant,"Ma'am, water cycle kya hota hai?",rag_style,"Bilkul, water cycle kya hota hai? Water cycle ek prakriya hai jisme pani jameen, gagan aur samudra ke beech ghoomta hai. Isme pani kabhi jameen mein jama hota hai, kabhi gagan mein vaport hota hai, aur kabhi samudra mein milta hai.

Iske char charan hain:

1. Evaporation: Jab surya ka tapmaan badhta hai, to pani jameen se vaport ho jata hai aur gagan mein chadhta hai.
2. Condensation: Jab vaport gagan mein chadhta hai, to usey thanda hone par varsha ya barf ban jati hai.
3. Precipitation: Jab va",5.787,357,"Water cycle ek aisi prakriya hai jismein paani vaayumandal se Prithvi par aata hai aur phir se vaayumandal mein wapas chala jata hai. Ismein vaashpikaran, sanchayan, aur varsha shaamil hai.",8.5
40,llama-3.1-8b-instant,"Ma'am, water cycle kya hota hai?",tree_of_thought,"Arrey, water cycle ke baare mein sochne ke 3-4 tareeke hai:

1. **Water cycle ek prakritik gatividhi hai**: Jahan paani ki bhoomika hoti hai, uske sath-sath vah praudyogiki aur jalvayu paristhitiyon ka hissa bhi hota hai. Water cycle mein paani ek tareeke se doosre tareeke mein gaata hai, jaise ki ghutne se hawaa mein, hawaa se barf ya paani ke bojh mein, aur phir se barf ya paani se ghutne mein.

2. **Paani ki chakra**: Water cycle ek chakra kaadha hai, jahan paani kee shakti ka prabhaav hota h",4.106,589,"Water cycle ek aisi prakriya hai jismein paani vaayumandal se Prithvi par aata hai aur phir se vaayumandal mein wapas chala jata hai. Ismein vaashpikaran, sanchayan, aur varsha shaamil hai.",8.5
40,llama-3.1-8b-instant,"Ma'am, water cycle kya hota hai?",agentic_context,"Sabse pehle, main samajhne ayi, water cycle kya hota hai. 

Step 1: Question samajhne mein ayi, water cycle ek prakaar ki prakritik prakriya hai jo paani ka ghoomna ya chakra hai. Ismein paani ek jagah se dusri jagah chalta hai. 

Step 2: Meri jaankari se pata chala hai ki water cycle mein paani ki trijya hoti hai. Yeh trijya teen prakaar ki hai: 
- Hawa mein paani ka vapour ban jana.
- Paani ka vapour aasman mein chadhta hai aur uske baad barf ban jata hai.
- Barf aasman se gir kar paani mein b",5.693,326,"Water cycle ek aisi prakriya hai jismein paani vaayumandal se Prithvi par aata hai aur phir se vaayumandal mein wapas chala jata hai. Ismein vaashpikaran, sanchayan, aur varsha shaamil hai.",8.5
41,llama-3.1-8b-instant,"Agar hume essay likhne me difficulty aa rahi hai to use easy banane ke liye kaun se do methods follow kar sakte hain? Hum log ko toh shuruwat me likhna bohot mushkil lagta hai, lekin hum isse easy bana sakte hain yaar, topic ke baare me soch kar, ya toh brainstorming kar ke, jisme hum group me baith kar apne apne ideas share karte hain, ya phir ek sheet pe note kar lete hain jo bhi idea aa raha hai",zero_shot,"Agar tumhe essay likhne me difficulty aa rahi hai to use easy banane ke liye do methods follow kar sakte hain:

1. **Topic par sochne se shuru karein**: Jab tum essay likhne ke liye taiyar ho jate ho, toh topic ke baare me sochne se shuru karein. Aapke dimaag me kya aata hai, topic ke baare me kuch idea kya aate hain? Aap apne vichar ko likh sakte hain ya phir ek sheet pe note kar sakte hain. Yah aapke vichar ko organize karne aur topic ke baare me samajhne me madad karega.

2. **Group brainstor",2.808,499,"Text me do methods suggest kiye gaye hain, ek toh group me brainstorming karna, aur doosra apne ideas ko ek sheet pe note karna jab bhi idea aaye",5.0
41,llama-3.1-8b-instant,"Agar hume essay likhne me difficulty aa rahi hai to use easy banane ke liye kaun se do methods follow kar sakte hain? Hum log ko toh shuruwat me likhna bohot mushkil lagta hai, lekin hum isse easy bana sakte hain yaar, topic ke baare me soch kar, ya toh brainstorming kar ke, jisme hum group me baith kar apne apne ideas share karte hain, ya phir ek sheet pe note kar lete hain jo bhi idea aa raha hai",few_shot,"Bhaiya, agar hume essay likhne me difficulty aa rahi hai to hum do methods follow kar sakte hain:

Pehla method hai brainstorming. Isme hum group me baith kar apne apne ideas share karte hain. Hum ek dusre se kuchh ideas sunte hain aur voh ideas hume aur bhi ideas de sakte hain. Isse humko topic ke baare me vishal idea milte hain aur hum essay ko start karne ke liye achha point milta hai.

Dusra method hai, ek sheet pe note kar lete hain. Jab hum koi bhi idea milkte hain to hum use aatmik sheet ",5.656,435,"Text me do methods suggest kiye gaye hain, ek toh group me brainstorming karna, aur doosra apne ideas ko ek sheet pe note karna jab bhi idea aaye",8.5
41,llama-3.1-8b-instant,"Agar hume essay likhne me difficulty aa rahi hai to use easy banane ke liye kaun se do methods follow kar sakte hain? Hum log ko toh shuruwat me likhna bohot mushkil lagta hai, lekin hum isse easy bana sakte hain yaar, topic ke baare me soch kar, ya toh brainstorming kar ke, jisme hum group me baith kar apne apne ideas share karte hain, ya phir ek sheet pe note kar lete hain jo bhi idea aa raha hai",chain_of_thought,"Arre bhai, main tujhe step-by-step me batata hoon ki kaise hum essay likhne me difficulty ko door kar sakte hain. 

Step 1: **Topic Chune**
- Pehle, humein topic chune ka process follow karna hoga. Hum apne teacher ya professor se topic ke baare me puchh sakte hain ya apne favorite subject ke topic ko chun sakte hain.

Step 2: **Brainstorming Karo**
- Ab hum brainstorming ka process follow karte hain. Isme hum group me baith kar apne apne ideas share karte hain. Hum apne friends ya family se bhi",4.134,657,"Text me do methods suggest kiye gaye hain, ek toh group me brainstorming karna, aur doosra apne ideas ko ek sheet pe note karna jab bhi idea aaye",8.5
41,llama-3.1-8b-instant,"Agar hume essay likhne me difficulty aa rahi hai to use easy banane ke liye kaun se do methods follow kar sakte hain? Hum log ko toh shuruwat me likhna bohot mushkil lagta hai, lekin hum isse easy bana sakte hain yaar, topic ke baare me soch kar, ya toh brainstorming kar ke, jisme hum group me baith kar apne apne ideas share karte hain, ya phir ek sheet pe note kar lete hain jo bhi idea aa raha hai",structured_context,"{""answer"": ""Agar aapko essay likhne me difficulty aa rahi hai to aap use easy banane ke liye do methods follow kar sakte hain: 
1. Topic par brainstorming karein: Aap ek group me baithkar apne apne vichar share karein aur kisi bhi idea ko note kar lein jo aapke dimaag me aata hai.
2. Topic ke bare me sochne ki ek sheet banayein: Aap ek sheet pe kuchh vichar likhkar shuru karein aur jaise-jaise vichar aate rahein, aap use us sheet me add kar sakte hain. Yeh aapko ideas collect karne me madad kare",6.759,496,"Text me do methods suggest kiye gaye hain, ek toh group me brainstorming karna, aur doosra apne ideas ko ek sheet pe note karna jab bhi idea aaye",8.5
41,llama-3.1-8b-instant,"Agar hume essay likhne me difficulty aa rahi hai to use easy banane ke liye kaun se do methods follow kar sakte hain? Hum log ko toh shuruwat me likhna bohot mushkil lagta hai, lekin hum isse easy bana sakte hain yaar, topic ke baare me soch kar, ya toh brainstorming kar ke, jisme hum group me baith kar apne apne ideas share karte hain, ya phir ek sheet pe note kar lete hain jo bhi idea aa raha hai",hierarchical_context,"Arre bhai, main aapko bahut hi sahi question puchh raha hoon! Agar aapko essay likhne me difficulty aa rahi hai, to isse easy banane ke liye aap do methods follow kar sakte hain:

Pehla method hai, **Vichar Kriya** (Brainstorming). Yeh ek group activity hai jisme aap apne friends ke saath baithkar, apne vicharon share karte hain. Sabhi log ek ho jate hain aur apne vichar share karte hain. Yeh aapko essay ki shuruwat karne me madad karega aur aapko apne vicharon ko organize karne me madad karega.",5.071,642,"Text me do methods suggest kiye gaye hain, ek toh group me brainstorming karna, aur doosra apne ideas ko ek sheet pe note karna jab bhi idea aaye",8.5
41,llama-3.1-8b-instant,"Agar hume essay likhne me difficulty aa rahi hai to use easy banane ke liye kaun se do methods follow kar sakte hain? Hum log ko toh shuruwat me likhna bohot mushkil lagta hai, lekin hum isse easy bana sakte hain yaar, topic ke baare me soch kar, ya toh brainstorming kar ke, jisme hum group me baith kar apne apne ideas share karte hain, ya phir ek sheet pe note kar lete hain jo bhi idea aa raha hai",rag_style,"Agar humko essay likhne me difficulty aa rahi hai, toh hum do tarah se easy banane ke liye methods follow kar sakte hain:

1. **Topic par sochne**: Sabse pehle, hum topic ke baare me sochte hain. Isme hum kya likhna chahte hain, kya message chahate hain, jaanakar hum apne essay ko banane ka plan banate hain.

2. **Brainstorming**: Hum ek group me baith kar apne apne ideas share karte hain. Isme hum ek sheet pe notes karte hain jo bhi idea aa raha hai. Is tarah, hum apne vichar aur ideas ko samaj",5.488,399,"Text me do methods suggest kiye gaye hain, ek toh group me brainstorming karna, aur doosra apne ideas ko ek sheet pe note karna jab bhi idea aaye",8.5
41,llama-3.1-8b-instant,"Agar hume essay likhne me difficulty aa rahi hai to use easy banane ke liye kaun se do methods follow kar sakte hain? Hum log ko toh shuruwat me likhna bohot mushkil lagta hai, lekin hum isse easy bana sakte hain yaar, topic ke baare me soch kar, ya toh brainstorming kar ke, jisme hum group me baith kar apne apne ideas share karte hain, ya phir ek sheet pe note kar lete hain jo bhi idea aa raha hai",tree_of_thought,"Arre bhai, agar humen essay likhne me difficulty aa rahi hai to humein do methods follow karne chahiye:

1. **Topic par Sochna**: Sabse pehle humein topic par sochna chahiye. Hum kisi bhi subject ke baare me soch sakte hain aur unka ek concept ya idea banate hain. Isse humein apne vichar ko saaf aur samajhne yaad aata hai.

2. **Brainstorming**: Iske baad hum ek group me baith sakte hain aur brainstorming kar sakte hain. Hum apne apne ideas share karte hain aur unhein note kar sakte hain. Isse h",4.868,543,"Text me do methods suggest kiye gaye hain, ek toh group me brainstorming karna, aur doosra apne ideas ko ek sheet pe note karna jab bhi idea aaye",8.5
41,llama-3.1-8b-instant,"Agar hume essay likhne me difficulty aa rahi hai to use easy banane ke liye kaun se do methods follow kar sakte hain? Hum log ko toh shuruwat me likhna bohot mushkil lagta hai, lekin hum isse easy bana sakte hain yaar, topic ke baare me soch kar, ya toh brainstorming kar ke, jisme hum group me baith kar apne apne ideas share karte hain, ya phir ek sheet pe note kar lete hain jo bhi idea aa raha hai",agentic_context,"Bhai, main samajh gaya. Agar aapko essay likhne me mushkil hota hai, toh aap do methods follow kar sakte hain jo aapko easy banayenge. 

Step 1: Samajh liya hai.

Step 2: Ab main yah soch raha hoon... Main soch raha hoon ki agar aap essay likhne me mushkil ho, toh aapko topic ke baare me sochna chahiye. 

Step 3: Ok, main yah jaanta hoon ki aapko essay likhne me mushkil nahi ho. Aap do methods follow kar sakte hain:

1. Brainstorming: Aap group mein baithkar apne apne ideas share karte hain. Aap",5.842,572,"Text me do methods suggest kiye gaye hain, ek toh group me brainstorming karna, aur doosra apne ideas ko ek sheet pe note karna jab bhi idea aaye",8.5
42,llama-3.1-8b-instant,"Iona Potapov, cab driver ka description kya hai story me?",zero_shot,"Iona Potapov, woh ek cab driver hai jo ek kathin aur muskil duniya mein apni gadi chalaata rehta hai.",0.183,98,"Iona Potapov ko bahut white aur phantom jaise dikhaya gaya hai, woh double bent ho kar motionless khada hai",2.0
42,llama-3.1-8b-instant,"Iona Potapov, cab driver ka description kya hai story me?",few_shot,"Arre, Iona Potapov woh cab driver hai jiska character story me aata hai. Woh ek ordinary guy hai, jo apne kaam ke liye pahunchta hai. Lekin jab woh ek bade ghar par ek raat ke liye cab chhoda karte hain, toh woh apni zindagi aur ek aisa incident yaad karta hai jo unhein bahut pehle hua tha. Woh ek aisa ghar tha jahan unhein apne parivaar aur saathi ke saath khushiyon aur dukh ki bahut si yaadein hain.",3.547,230,"Iona Potapov ko bahut white aur phantom jaise dikhaya gaya hai, woh double bent ho kar motionless khada hai",2.0
42,llama-3.1-8b-instant,"Iona Potapov, cab driver ka description kya hai story me?",chain_of_thought,"Iona Potapov, cab driver ka description kya hai story me? 

Kuch step-by-step karte hain:

1. Sabse pehle, humko story ya film ki kahaani se related information milni chaahiye.
2. Agar hum Iona Potapov ko ek story ya film mein dekhein hain, to hum us story ki kahaani ko yaad karenge.
3. Kahaani mein Iona Potapov ki character ki description kya hai? 
4. Hum us description ko note karenge aur is tarah hum Iona Potapov ka description seekhein.

Ab, main aapko batana chaahu ki Iona Potapov ek cab dr",1.61,289,"Iona Potapov ko bahut white aur phantom jaise dikhaya gaya hai, woh double bent ho kar motionless khada hai",8.5
42,llama-3.1-8b-instant,"Iona Potapov, cab driver ka description kya hai story me?",structured_context,"{""answer"": ""Iona Potapov ek Russian immigrant hai jo ek cab driver ban gaya tha"", ""explanation"": ""Story me, Iona Potapov ek aisa character hai jo apne sapne ko poora karne ke liye America aaya tha aur cab driver ban gaya tha. Uska kirdar ek samay aur sthan se aaya hai aur usne apne jeevan ko ek nayi disha me badal liya.""}",3.401,174,"Iona Potapov ko bahut white aur phantom jaise dikhaya gaya hai, woh double bent ho kar motionless khada hai",8.5
42,llama-3.1-8b-instant,"Iona Potapov, cab driver ka description kya hai story me?",hierarchical_context,"Iona Potapov, vah ek Russian immigrant hai jo ek taxi wala (cab driver) ban gaya. Vah ek aisa character hai jo apne aas-paas ke logon se judta hai aur unke safar mein unki kahaniyan sunta hai. Vah ek aisa character hai jo humein apne aas-paas ke logon ke baare mein pata karta hai aur unke safar ko yadgar banaata hai.",0.325,182,"Iona Potapov ko bahut white aur phantom jaise dikhaya gaya hai, woh double bent ho kar motionless khada hai",2.0
42,llama-3.1-8b-instant,"Iona Potapov, cab driver ka description kya hai story me?",rag_style,"Aapne jo knowledge diya hai, usse answer yeh hai:

Iona Potapov, cab driver ka description kya hai story me? 

Uska description yeh hai ki... (Lekin maine Iona Potapov ki koi information nahi, toh main kya kah sakta hoon?)",3.263,151,"Iona Potapov ko bahut white aur phantom jaise dikhaya gaya hai, woh double bent ho kar motionless khada hai",8.5
42,llama-3.1-8b-instant,"Iona Potapov, cab driver ka description kya hai story me?",tree_of_thought,"Aapka sawaal bahut achcha hai. Main iska jawab doosri direction se seekhne ke baad dega.

Pehli direction se: Iona Potapov ek cab driver hai jo ek adhikarik taxi chalaata hai. Yeh ek naye city mein aaya hai aur apne jeevan ko badalne ke liye uchcha kadam utha raha hai.

Dusri direction se: Iona Potapov ek cab driver hai jo apne ghar ke liye paise kamane ke liye taxi chalaata hai. Yeh ek achcha driver hai aur apne passengers ke saath bahut acchi tarah se kaam karta hai.

Teesri direction se: Iona",1.816,385,"Iona Potapov ko bahut white aur phantom jaise dikhaya gaya hai, woh double bent ho kar motionless khada hai",5.0
42,llama-3.1-8b-instant,"Iona Potapov, cab driver ka description kya hai story me?",agentic_context,"Bhai, main samajh gaya hai question. 

Step 1: Question padhna
Question hai: Iona Potapov, cab driver ka description kya hai story me?

Step 2: Jankari yaad karna
Mujhe nahin pata ki story kya hai, lekin Iona Potapov ek Russian hawaai pilot ka naam hai. 

Step 3: Jawab dena
Bhai, mujhe lagta hai ki question galat hai. Iona Potapov ek hawaai pilot ka naam hai, na ki cab driver. Mujhe nahin pata ki story kya hai, lekin main aapko yeh keh sakta hoon ki Iona Potapov ek Russian hawaai pilot ka naam h",3.467,262,"Iona Potapov ko bahut white aur phantom jaise dikhaya gaya hai, woh double bent ho kar motionless khada hai",8.5
43,llama-3.1-8b-instant,"Soyabean kaunse family mein aate hain, aur unke typical growing conditions kya hote hain? Soyabean legume family mein aate hain. Ye beans leguminous soyabean plant ke seeds hote hain. Inhe alag-alag tarah ke soils pe aur kayi tarah ke climates mein ugaya ja sakta hai.",zero_shot,"Soyabean Legume family mein aate hain, jiske naam se hi pata lagta hai ki ve kya hain. Ye leguminous soyabean plant ke seeds hote hain, jo ki protein aur fibre se bharpoor hote hain.

Soyabean ko alag-alag tarah ke soils pe aur kayi tarah ke climates mein ugaya ja sakta hai. Unke growing conditions bahut hi versatile hote hain, aur ve aapke backyard ya farm mein bhi lagbhag kisi bhi samay mein khud gaye aur badhe. Soyabean ko aam taur par mausam ki suchi mein lagbhag 65°F (18°C) se 95°F (35°C) k",1.54,332,Soyabean legume family mein aate hain aur inhe alag-alag tarah ke soils pe aur kayi tarah ke climates mein ugaya ja sakta hai.,8.5
43,llama-3.1-8b-instant,"Soyabean kaunse family mein aate hain, aur unke typical growing conditions kya hote hain? Soyabean legume family mein aate hain. Ye beans leguminous soyabean plant ke seeds hote hain. Inhe alag-alag tarah ke soils pe aur kayi tarah ke climates mein ugaya ja sakta hai.",few_shot,"Bhaiya soyabean kaunse family mein aate hain, aur unke typical growing conditions kya hote hain? 

Soyabean legume family mein aate hain. Ye beans leguminous soyabean plant ke seeds hote hain. Inhe alag-alag tarah ke soils pe aur kayi tarah ke climates mein ugaya ja sakta hai. 

Soyabean ko aam taur par 4-6 hours ka direct sunlight aur 65-75 degree celsius ki temperature chahiye. Ye plants kayi tarah ke soils mein bhi badh sakte hain, lekin unhein thoda kam mitti aur thoda zyada jalkar milni cha",3.437,315,Soyabean legume family mein aate hain aur inhe alag-alag tarah ke soils pe aur kayi tarah ke climates mein ugaya ja sakta hai.,8.5
43,llama-3.1-8b-instant,"Soyabean kaunse family mein aate hain, aur unke typical growing conditions kya hote hain? Soyabean legume family mein aate hain. Ye beans leguminous soyabean plant ke seeds hote hain. Inhe alag-alag tarah ke soils pe aur kayi tarah ke climates mein ugaya ja sakta hai.",chain_of_thought,"Dekhna hai ki soyabean kaunse family mein aate hain aur unke growing conditions kya hote hain.

1. **Soyabean ki family kya hai?** - Soyabean legume family mein aate hain.
2. **Soyabean ke baare mein aur information kya hai?** - Ye beans leguminous soyabean plant ke seeds hote hain.
3. **Soyabean ko kahaan par ugaya ja sakta hai?** - Inhe alag-alag tarah ke soils pe aur kayi tarah ke climates mein ugaya ja sakta hai.

Ab, hum in sab information ko ek sath utha kar iske liye final answer de sakte",3.505,359,Soyabean legume family mein aate hain aur inhe alag-alag tarah ke soils pe aur kayi tarah ke climates mein ugaya ja sakta hai.,8.5
43,llama-3.1-8b-instant,"Soyabean kaunse family mein aate hain, aur unke typical growing conditions kya hote hain? Soyabean legume family mein aate hain. Ye beans leguminous soyabean plant ke seeds hote hain. Inhe alag-alag tarah ke soils pe aur kayi tarah ke climates mein ugaya ja sakta hai.",structured_context,"{""answer"": ""Soyabean Fabaceae family mein aate hain"", ""explanation"": ""Soyabean ke liye typical growing conditions hain: 1. Madhyam se thandi temperature 2. Aardrata 3. Uchch nadyota""}",3.281,199,Soyabean legume family mein aate hain aur inhe alag-alag tarah ke soils pe aur kayi tarah ke climates mein ugaya ja sakta hai.,8.5
43,llama-3.1-8b-instant,"Soyabean kaunse family mein aate hain, aur unke typical growing conditions kya hote hain? Soyabean legume family mein aate hain. Ye beans leguminous soyabean plant ke seeds hote hain. Inhe alag-alag tarah ke soils pe aur kayi tarah ke climates mein ugaya ja sakta hai.",hierarchical_context,"Soyabean kaunse family mein aate hain? Soyabean Fabaceae (Leguminosae) family ka ek anukool prajaati hain. Yeh family mein kai aisi prajaatiyan padti hain, jaise ki gobar, lobiya, chane, aur mungfali. 

Soyabean ke typical growing conditions kya hote hain? Soyabean ko thandi aur shushk mitti mein uplabdh hota hai. Yeh family ke anya prajaatiyon ke virodh, soyabean ko adhik prabhavish mitti mein bhi ugaaya ja sakta hai. Hamaari desh mein soyabean ko kayi sthaan par ugaaya ja sakta hai, jaise ki u",0.78,491,Soyabean legume family mein aate hain aur inhe alag-alag tarah ke soils pe aur kayi tarah ke climates mein ugaya ja sakta hai.,8.5
43,llama-3.1-8b-instant,"Soyabean kaunse family mein aate hain, aur unke typical growing conditions kya hote hain? Soyabean legume family mein aate hain. Ye beans leguminous soyabean plant ke seeds hote hain. Inhe alag-alag tarah ke soils pe aur kayi tarah ke climates mein ugaya ja sakta hai.",rag_style,"Soyabean kiska family hai aur unke growing conditions kya hain? 

Soyabean legume family mein aate hain. Inka growing conditions bahut alag-alag hote hain, lekin inhe samhali soil aur kayi tarah ke climates mein ugaya ja sakta hai.",6.304,216,Soyabean legume family mein aate hain aur inhe alag-alag tarah ke soils pe aur kayi tarah ke climates mein ugaya ja sakta hai.,8.5
43,llama-3.1-8b-instant,"Soyabean kaunse family mein aate hain, aur unke typical growing conditions kya hote hain? Soyabean legume family mein aate hain. Ye beans leguminous soyabean plant ke seeds hote hain. Inhe alag-alag tarah ke soils pe aur kayi tarah ke climates mein ugaya ja sakta hai.",tree_of_thought,"Maine isey 3 tarah se socha hai:

1. Soyabean ke bare mein: Soyabean legume family mein aate hain, aur ve leguminous plant ke seeds hote hain. Ve alag-alag soil aur climate mein ugaye ja sakte hain.

2. Soyabean ke growth ke liye conditions: Soyabean ko medium to high temperature aur medium to high rainfall ke liye suitable hote hain. Unhein 10-14 inches ki ummeed se zyada rain nahin chahiye, aur phir bhi unhein 15-20 inches ki ummeed se kam rain bhi nahin chahiye.

3. Soyabean ke growing condit",2.55,342,Soyabean legume family mein aate hain aur inhe alag-alag tarah ke soils pe aur kayi tarah ke climates mein ugaya ja sakta hai.,8.5
43,llama-3.1-8b-instant,"Soyabean kaunse family mein aate hain, aur unke typical growing conditions kya hote hain? Soyabean legume family mein aate hain. Ye beans leguminous soyabean plant ke seeds hote hain. Inhe alag-alag tarah ke soils pe aur kayi tarah ke climates mein ugaya ja sakta hai.",agentic_context,"Dost, maine samajh liya ki tumhara sawal soyabean ke baare mein hai.

Step 1: Samajh liye - Soyabean ke baare mein puchhne ke liye maine pahle samjh liya ki soyabean legume family mein aate hain.

Step 2: Yaad kiya - Main yaad kar raha hun ki soyabean leguminous soyabean plant ke seeds hote hain, jise hum legumes kehte hain.

Step 3: Jawab - Soyabean legume family mein aate hain, aur unke typical growing conditions yeh hote hain:

- Logon ko soyabean alag-alag tarah ke soils pe aur kayi tarah ke",3.917,520,Soyabean legume family mein aate hain aur inhe alag-alag tarah ke soils pe aur kayi tarah ke climates mein ugaya ja sakta hai.,8.5
44,llama-3.1-8b-instant,"Ma'am, what is a sedimentary rock, kya ye koi igneous rock hai?",zero_shot,"Arre beta, sedimentary rock koi igneous rock nahi hai. Ye rock banane ke liye mud, clay, aur anya chini material ka upyog karte hain. Ye material thode thode samay ke liye ek jagah par ekte ho jate hain aur phir pehle se hi uplabdh minerals ke sath mil jate hain, jisse wo rock ban jata hai.

Jaise, agar tumne koi river mein chidiye ki aankh khudao, to unki chiniyon se ek rock ban jayega. Isi tarah se, sedimentary rock bhi banate hain. Ye rock bahut hi aam hain aur prakriti mein paye jaate hain.",2.672,233,"Nahi, sedimentary rock ek tarah ka rock hai jo sediments se banta hai, jaise ki sand, silt, aur clay, ye rocks compression aur cementation se banate hain.",8.5
44,llama-3.1-8b-instant,"Ma'am, what is a sedimentary rock, kya ye koi igneous rock hai?",few_shot,"Beta, sedimentary rock koi igneous rock nahin hai. Ye rock pehle mud aur sand jaise chijen se ban jati hai, jinhone kai saalon meh ek jagah par aakar ek jama ho jaaye. Iske baad, yeh chijen compression aur pressure se ek solid rock mein badal jaati hain. Ye rock bahut kam time par ban jati hai, jaise ki crores saal.

Sedimentary rock meh aam taur par fossils, grains, aur minerals milte hain. Ye rock bahut useful hai, kyunki ismeh fuel, water, aur minerals nikalne ke liye upyog kiya ja sakta hai.",2.612,251,"Nahi, sedimentary rock ek tarah ka rock hai jo sediments se banta hai, jaise ki sand, silt, aur clay, ye rocks compression aur cementation se banate hain.",8.5
44,llama-3.1-8b-instant,"Ma'am, what is a sedimentary rock, kya ye koi igneous rock hai?",chain_of_thought,"Arre, ma'am, main aapko sedimentary rock ke baare mein batata hoon. 

Sabse pehle, hum is baat se shuru karte hain ki rocks ke teen prakaar hote hain: igneous, sedimentary aur metamorphic.

1. **Igneous rocks**: Ye woh rocks hote hain jo magma se banate hain, jo deep inside Earth ki sthal mein hota hai. Magma tabhi hota hai jab lava Earth ke surface se niche ki sthal mein jata hai. Jab lava cool ho jata hai, toh ye igneous rock ban jata hai. 

Example: Granite, Basalt

2. **Sedimentary rocks**: ",3.121,477,"Nahi, sedimentary rock ek tarah ka rock hai jo sediments se banta hai, jaise ki sand, silt, aur clay, ye rocks compression aur cementation se banate hain.",8.5
44,llama-3.1-8b-instant,"Ma'am, what is a sedimentary rock, kya ye koi igneous rock hai?",structured_context,"{""answer"": ""Nahin, yeh igneous rock nahin hai"", ""explanation"": ""Sedimentary rocks voh rocks hote hain jo soil, pebbles, shells, aur anya chhote-chhote particleon ka upyog karke banate hain. Ye rocks prakritik visheshagyon dwara jama kiya jata hai, jaise ki natija, tarne, aur aakarshak shakti. Ye rocks igneous rocks (jaise ki basalt ya granite) ya metamorphic rocks (jaise ki marble ya slate) se alag hain aur unki utpatti process alag hai. Kuch sabse aam sedimentary rocks hain - shale, sandstone, ",3.517,244,"Nahi, sedimentary rock ek tarah ka rock hai jo sediments se banta hai, jaise ki sand, silt, aur clay, ye rocks compression aur cementation se banate hain.",8.5
44,llama-3.1-8b-instant,"Ma'am, what is a sedimentary rock, kya ye koi igneous rock hai?",hierarchical_context,"Beta, sedimenteri rok ek alag cheez hai. Ye igneous rok nahin hai. 

Sedimenteri rok woh hai jo hawa, pani ya anya matra se bhare upar ke matra ke niche utarne ke baad banata hai. Ismein hamaare aaspaas ke paani ke jalan se bana gaya chutta, mitti, ya anya chijen shamil hote hain.

Jab ye chutta, mitti, ya anya chijen paani mei utarne lagte hain to ve ek-dusre ke saath mil kar ek naya patthar banate hain. Is prakriya ko sedimentation kehte hain. 

Isliye, sedimenteri rok hamesha igneous rok se a",2.764,309,"Nahi, sedimentary rock ek tarah ka rock hai jo sediments se banta hai, jaise ki sand, silt, aur clay, ye rocks compression aur cementation se banate hain.",8.5
44,llama-3.1-8b-instant,"Ma'am, what is a sedimentary rock, kya ye koi igneous rock hai?",rag_style,"Arre, sedimentary rock kya hai, woh koi igneous rock nahin hai. Ye rock bahut seedhe banate hain, jismein dartein kuch aur cheezein jaise patthar, mad, mitti, ya paudhe ke balein shamil hote hain. 

Ismein dartein kuch seedhe aur kuch upar se nikalke aate hain, tabhi yeh ek solid rock ban jaati hai. Ye rock bahut kam dabaav vali hote hain aur ismein kai tarah ke minerals aur cheezein hoti hain.",3.51,228,"Nahi, sedimentary rock ek tarah ka rock hai jo sediments se banta hai, jaise ki sand, silt, aur clay, ye rocks compression aur cementation se banate hain.",8.5
44,llama-3.1-8b-instant,"Ma'am, what is a sedimentary rock, kya ye koi igneous rock hai?",tree_of_thought,"Ek baar main soch raha hoon...

Pehla vichar hai: Sedimentary rocks ka formation process bahut different hai. Ye rocks upar se nikalne wale chhote chhote particles se banate hain, jaise ki glacial dust, oceanic sediments, ya even organic matter. Ismein kaafi samay lagta hai, jaisa ki millions of years tak. To, yeh igneous rocks se bahut alag hai.

Dusra vichar hai: Ignous rocks ka formation direct hot magma se hota hai, jahan prithvi ke andar ki garmi se magma ek solid form mein badal jaata hai.",2.007,514,"Nahi, sedimentary rock ek tarah ka rock hai jo sediments se banta hai, jaise ki sand, silt, aur clay, ye rocks compression aur cementation se banate hain.",8.5
44,llama-3.1-8b-instant,"Ma'am, what is a sedimentary rock, kya ye koi igneous rock hai?",agentic_context,ERROR,0.0,0,"Nahi, sedimentary rock ek tarah ka rock hai jo sediments se banta hai, jaise ki sand, silt, aur clay, ye rocks compression aur cementation se banate hain.",8.5
45,llama-3.1-8b-instant,"Soy ke main nutritional aur health benefits kya hain, text ke hisab se? Soy mein high quality protein ka bahut accha source hai, saturated fats kam hote hain aur cholesterol bhi nahi hota. Vitamins, khaskar Vitamin B complex, minerals jaise magnesium, calcium, iron, potassium aur copper, aur fibres bhi bahut hote hain. Abhi ke samay mein iska bahut recommendation ho raha hai kyunki yeh Low Density Lipoprotein (LDL) ko kam karne ki capability rakhta hai, jo ki ek bad cholesterol hai. Food and Drug Administration (FDA) ne confirm kiya hai ki soy protein wale foods coronary heart disease ka risk kam karne wale hote hain.",zero_shot,"Soy ke nutritional aur health benefits bahut hi acche hain. Isme high quality protein ka bahut accha source hai jo saturated fats kam karta hai aur cholesterol nahi hota. Isme vitamins, minerals aur fibres bhi bahut hote hain. Vitamins ke hisab se, soy mein Vitamin B complex ka bahut accha source hai, jo ki hamein energized rakhne mein madad karta hai. 

Isme minerals jaise magnesium, calcium, iron, potassium aur copper bhi hote hain, jo ki hamein strong aur healthy bones, muscles aur cardiovasc",1.579,469,"Soy ek bahut accha source hai high-quality protein ka, saturated fats kam hote hain, cholesterol-free hai, aur vitamins, especially B complex, minerals aur fibres se bhi rich hai. Iska recommendation hota hai kyunki yeh LDL levels ko kam kar sakta hai aur coronary heart disease ka risk bhi kam kar s",8.5
45,llama-3.1-8b-instant,"Soy ke main nutritional aur health benefits kya hain, text ke hisab se? Soy mein high quality protein ka bahut accha source hai, saturated fats kam hote hain aur cholesterol bhi nahi hota. Vitamins, khaskar Vitamin B complex, minerals jaise magnesium, calcium, iron, potassium aur copper, aur fibres bhi bahut hote hain. Abhi ke samay mein iska bahut recommendation ho raha hai kyunki yeh Low Density Lipoprotein (LDL) ko kam karne ki capability rakhta hai, jo ki ek bad cholesterol hai. Food and Drug Administration (FDA) ne confirm kiya hai ki soy protein wale foods coronary heart disease ka risk kam karne wale hote hain.",few_shot,"Bhaiya soy ke main nutritional aur health benefits kya hain?

Soy ka use karein, to aapko bahut se benefits milege. Soy mein high quality protein ka bahut accha source hai, jisse aapki muscles aur bones acchi tarah se develop ho sakte hain. Ismein saturated fats kam hote hain aur cholesterol bhi nahi hota, jisse aapki heart ki health acchi hogi.

Soy mein vitamins, minerals, aur fibres bhi bahut hote hain. Vitamins mein Vitamin B complex, magnesium, calcium, iron, potassium, aur copper shamil ha",4.638,524,"Soy ek bahut accha source hai high-quality protein ka, saturated fats kam hote hain, cholesterol-free hai, aur vitamins, especially B complex, minerals aur fibres se bhi rich hai. Iska recommendation hota hai kyunki yeh LDL levels ko kam kar sakta hai aur coronary heart disease ka risk bhi kam kar s",8.5
45,llama-3.1-8b-instant,"Soy ke main nutritional aur health benefits kya hain, text ke hisab se? Soy mein high quality protein ka bahut accha source hai, saturated fats kam hote hain aur cholesterol bhi nahi hota. Vitamins, khaskar Vitamin B complex, minerals jaise magnesium, calcium, iron, potassium aur copper, aur fibres bhi bahut hote hain. Abhi ke samay mein iska bahut recommendation ho raha hai kyunki yeh Low Density Lipoprotein (LDL) ko kam karne ki capability rakhta hai, jo ki ek bad cholesterol hai. Food and Drug Administration (FDA) ne confirm kiya hai ki soy protein wale foods coronary heart disease ka risk kam karne wale hote hain.",chain_of_thought,"Arre, maine socha hai ki Soy ke nutritional aur health benefits kya hain, to yeh hai:

Step 1: Soy mein high quality protein ka bahut accha source hai, iska matlab hai ki yeh hamari protein kee jarurat puri karne ke liye bahut hi upyogi hota hai.

Step 2: Soy mein saturated fats kam hote hain, jisse yeh hamare health ke liye theek hai kyunki saturated fats se hamare health par bahut bura asar padta hai.

Step 3: Soy mein cholesterol bhi nahi hota, jisse yeh hamare health ke liye bahut hi accha h",4.798,636,"Soy ek bahut accha source hai high-quality protein ka, saturated fats kam hote hain, cholesterol-free hai, aur vitamins, especially B complex, minerals aur fibres se bhi rich hai. Iska recommendation hota hai kyunki yeh LDL levels ko kam kar sakta hai aur coronary heart disease ka risk bhi kam kar s",8.5
45,llama-3.1-8b-instant,"Soy ke main nutritional aur health benefits kya hain, text ke hisab se? Soy mein high quality protein ka bahut accha source hai, saturated fats kam hote hain aur cholesterol bhi nahi hota. Vitamins, khaskar Vitamin B complex, minerals jaise magnesium, calcium, iron, potassium aur copper, aur fibres bhi bahut hote hain. Abhi ke samay mein iska bahut recommendation ho raha hai kyunki yeh Low Density Lipoprotein (LDL) ko kam karne ki capability rakhta hai, jo ki ek bad cholesterol hai. Food and Drug Administration (FDA) ne confirm kiya hai ki soy protein wale foods coronary heart disease ka risk kam karne wale hote hain.",structured_context,"{""answer"": ""Soy ke nutritional aur health benefits bahut hi acche hain."", ""explanation"": ""Soy mein high quality protein ka bahut accha source hai, saturated fats kam hote hain aur cholesterol bhi nahi hota. Isme vitamins, minerals aur fibres bhi bahut hote hain. Yeh Low Density Lipoprotein (LDL) ko kam karne ki capability rakhta hai, jo ki ek bad cholesterol hai. Isliye, soy ke food ko coronary heart disease ka risk kam karne wale mana jate hain.""}",6.384,342,"Soy ek bahut accha source hai high-quality protein ka, saturated fats kam hote hain, cholesterol-free hai, aur vitamins, especially B complex, minerals aur fibres se bhi rich hai. Iska recommendation hota hai kyunki yeh LDL levels ko kam kar sakta hai aur coronary heart disease ka risk bhi kam kar s",8.5
45,llama-3.1-8b-instant,"Soy ke main nutritional aur health benefits kya hain, text ke hisab se? Soy mein high quality protein ka bahut accha source hai, saturated fats kam hote hain aur cholesterol bhi nahi hota. Vitamins, khaskar Vitamin B complex, minerals jaise magnesium, calcium, iron, potassium aur copper, aur fibres bhi bahut hote hain. Abhi ke samay mein iska bahut recommendation ho raha hai kyunki yeh Low Density Lipoprotein (LDL) ko kam karne ki capability rakhta hai, jo ki ek bad cholesterol hai. Food and Drug Administration (FDA) ne confirm kiya hai ki soy protein wale foods coronary heart disease ka risk kam karne wale hote hain.",hierarchical_context,"**Soy ke Fayday aur Labh**

Arre bhai, aaj hum Soy ke kai fayday aur labh jaanne wale hain. Soy ek bahut hi achi cheez hai, jo ki hamare shareer ke liye bahut faydemand hai. 

**Protein ke Source**

Soy mein high-quality protein ka bahut achha source hai, jo ki our shareer ke liye bahut zaroori hai. Protein humare shareer ko majboot banane mein madad karta hai, aur humare muscles ko bhi strengthen karta hai.

**Saturated Fats aur Cholesterol Kam**

Soy mein saturated fats kam hote hain, aur chol",4.232,799,"Soy ek bahut accha source hai high-quality protein ka, saturated fats kam hote hain, cholesterol-free hai, aur vitamins, especially B complex, minerals aur fibres se bhi rich hai. Iska recommendation hota hai kyunki yeh LDL levels ko kam kar sakta hai aur coronary heart disease ka risk bhi kam kar s",8.5
45,llama-3.1-8b-instant,"Soy ke main nutritional aur health benefits kya hain, text ke hisab se? Soy mein high quality protein ka bahut accha source hai, saturated fats kam hote hain aur cholesterol bhi nahi hota. Vitamins, khaskar Vitamin B complex, minerals jaise magnesium, calcium, iron, potassium aur copper, aur fibres bhi bahut hote hain. Abhi ke samay mein iska bahut recommendation ho raha hai kyunki yeh Low Density Lipoprotein (LDL) ko kam karne ki capability rakhta hai, jo ki ek bad cholesterol hai. Food and Drug Administration (FDA) ne confirm kiya hai ki soy protein wale foods coronary heart disease ka risk kam karne wale hote hain.",rag_style,"Soy ke main nutritional aur health benefits yeh hain:

Soy mein high quality protein ke bahut accha source hai, jo aapki muscles aur bones ko healthy rakhta hai. Ismein saturated fats kam hote hain aur cholesterol bhi nahi hota, jisse aapke blood pressure control mein madad hoti hai.

Soy mein Vitamin B complex, magnesium, calcium, iron, potassium aur copper jaise minerals aur fibres bhi bahut hote hain, jo aapki immune system ko strong banaye rakhte hain aur digestive system ko healthy rakhte h",6.628,503,"Soy ek bahut accha source hai high-quality protein ka, saturated fats kam hote hain, cholesterol-free hai, aur vitamins, especially B complex, minerals aur fibres se bhi rich hai. Iska recommendation hota hai kyunki yeh LDL levels ko kam kar sakta hai aur coronary heart disease ka risk bhi kam kar s",8.5
45,llama-3.1-8b-instant,"Soy ke main nutritional aur health benefits kya hain, text ke hisab se? Soy mein high quality protein ka bahut accha source hai, saturated fats kam hote hain aur cholesterol bhi nahi hota. Vitamins, khaskar Vitamin B complex, minerals jaise magnesium, calcium, iron, potassium aur copper, aur fibres bhi bahut hote hain. Abhi ke samay mein iska bahut recommendation ho raha hai kyunki yeh Low Density Lipoprotein (LDL) ko kam karne ki capability rakhta hai, jo ki ek bad cholesterol hai. Food and Drug Administration (FDA) ne confirm kiya hai ki soy protein wale foods coronary heart disease ka risk kam karne wale hote hain.",tree_of_thought,"Main sochta hoon ki:

1. Soy ke nutritional benefits ka kya hoga? 
- Soy mein high-quality protein hota hai, jo ki body ko muscle banaane aur repair karne mein madad karta hai.
- Soy mein saturated fats kam hote hain aur cholesterol bhi nahi hota, jo ki heart disease ke risk ko kam karne mein madad karta hai.
- Soy mein vitamins, minerals aur fibres bahut hote hain, jo ki body ke health ke liye zaroori hain.

2. Soy ke health benefits ka kya hoga? 
- Soy mein low-density lipoprotein (LDL) ko kam",5.783,617,"Soy ek bahut accha source hai high-quality protein ka, saturated fats kam hote hain, cholesterol-free hai, aur vitamins, especially B complex, minerals aur fibres se bhi rich hai. Iska recommendation hota hai kyunki yeh LDL levels ko kam kar sakta hai aur coronary heart disease ka risk bhi kam kar s",8.5
45,llama-3.1-8b-instant,"Soy ke main nutritional aur health benefits kya hain, text ke hisab se? Soy mein high quality protein ka bahut accha source hai, saturated fats kam hote hain aur cholesterol bhi nahi hota. Vitamins, khaskar Vitamin B complex, minerals jaise magnesium, calcium, iron, potassium aur copper, aur fibres bhi bahut hote hain. Abhi ke samay mein iska bahut recommendation ho raha hai kyunki yeh Low Density Lipoprotein (LDL) ko kam karne ki capability rakhta hai, jo ki ek bad cholesterol hai. Food and Drug Administration (FDA) ne confirm kiya hai ki soy protein wale foods coronary heart disease ka risk kam karne wale hote hain.",agentic_context,"Soy ke nutritional aur health benefits bahut acche hain. Ismein high-quality protein ka bahut achha source hai, jisse muscles ko zaroorataan poora kiya ja sakta hai. Soy mein saturated fats kam hote hain aur cholesterol bhi nahi hota, jo ki heart ke liye behtar hai.

Ismein vitamins, minerals aur fibres kee bahut mehatvapurn matra hoti hai. Khaskar Vitamin B complex, magnesium, calcium, iron, potassium aur copper jaise minerals hote hain, jo ki blood pressure ko niyantran mein rakhne aur bone ki",6.931,601,"Soy ek bahut accha source hai high-quality protein ka, saturated fats kam hote hain, cholesterol-free hai, aur vitamins, especially B complex, minerals aur fibres se bhi rich hai. Iska recommendation hota hai kyunki yeh LDL levels ko kam kar sakta hai aur coronary heart disease ka risk bhi kam kar s",8.5
46,llama-3.1-8b-instant,Summarising ka primary purpose kya hai? Agar main points report karne hain to hum summary present karte hain,zero_shot,"Arre, summarising ka primary purpose kya hai? Yah toh main points report karne ke liye bahut hi zaroori hai! 

Agar main points report karne hain, toh hum summary present karte hain kyonki yah kuch important points ko samajhne mein madad karta hai aur logon ko report ki madad karne mein aasan banaata hai.

Iska matlab yah hai ki hum ek report mein sabhi details ko nahi lana hote, balki hum usse sabse important aur relevant points ko chunte hain aur unhein ek summary mein present karte hain. Yeh ",2.44,239,Summarising ka primary purpose original source ke main points report karna hai,8.5
46,llama-3.1-8b-instant,Summarising ka primary purpose kya hai? Agar main points report karne hain to hum summary present karte hain,few_shot,"Bhaiya, summarising ka primary purpose yeh hai ki logon ko main points se jyada vishal aur sahi jankari do. Isse logon ko samajhne me asani hoti hai aur woh jyada time nahi lagta hai. Agar aap points report kar rahe hain, toh summarising aapko vishal aur sahi jankari present karne me madad karta hai.",2.376,200,Summarising ka primary purpose original source ke main points report karna hai,8.5
46,llama-3.1-8b-instant,Summarising ka primary purpose kya hai? Agar main points report karne hain to hum summary present karte hain,chain_of_thought,"Arre, main aapko summarising ka primary purpose batata hoon. 

Sabse pehle, summaring ek concept hai jo kisi bhi content ki main points ko samajhane mein madad karta hai. Iska mukhya uddeshya hain kisi content ko padhne aur samajhne ke liye samay bachana.

Ab, agar aap points report karte hain, to hum summery present karte hain. Isse aapko content ki sabse zaroori cheezein identify karne mein madad milegi.

Iske alawa, summery aapko content ko organize karne mein bhi madad karta hai. Aap content",2.706,395,Summarising ka primary purpose original source ke main points report karna hai,9.0
46,llama-3.1-8b-instant,Summarising ka primary purpose kya hai? Agar main points report karne hain to hum summary present karte hain,structured_context,"{""answer"": ""Bunyadi jaankari pradan karna"", ""explanation"": ""Summary karne ka mukhya uddeshya hai ki reader ko sabhi vistrit jaankari se pehlu karein aur usse sachche aur mahatvapurn jaankari pradan karein. Agar aap main points report karte hain, to summary mein sabse mahatvapoorn aur aham baatein shamil karna hota hai, jo reader ko report ki sabhi jaankari samajhne ki jarurat nahin hoti hai.""}",2.461,216,Summarising ka primary purpose original source ke main points report karna hai,8.5
46,llama-3.1-8b-instant,Summarising ka primary purpose kya hai? Agar main points report karne hain to hum summary present karte hain,hierarchical_context,"Arre bhai, summarising ka main purpose yeh hai ki aap koi bhi content, jaise ki kitaab, article, ya video ko concise aur important points mein samajhne aur prastut karne ke liye. 

Agar aap points report karne hain, toh summarising aapko shuruat se hi important points ko highlight karne mein madad karta hai. Aapko content ko padhne aur samajhne ke liye samay nahin lagta hai, aur aap direct uske main points ko seekh sakte hain.

Iske alawa, summarising aapko content ko compare karne, analyse karn",1.615,310,Summarising ka primary purpose original source ke main points report karna hai,8.5
46,llama-3.1-8b-instant,Summarising ka primary purpose kya hai? Agar main points report karne hain to hum summary present karte hain,rag_style,"Summarising ka primary purpose kya hai? 

Summarising ka primary purpose yeh hai ki main points report karne wale lekhak us report mein sabse zaroori baaton ko highlight kar sake, taki reader ko ek chhoti si jaankari se pata chale ki report mein kitna data hai. Yeh summary present karne ki zaroorat hoti hai jab report bahut lambi ho aur reader ko iski sabhi details padhne ki zaroorat nahi hai.",4.442,203,Summarising ka primary purpose original source ke main points report karna hai,8.5
46,llama-3.1-8b-instant,Summarising ka primary purpose kya hai? Agar main points report karne hain to hum summary present karte hain,tree_of_thought,"Mujhe 3 tarah socha:

1. **Bhavishya ke liye prabandhan**: Summary banane ka ek tarika hai future mein report ko access karne ke liye. Jab report bahut lambi hoti hai, toh summary ka use apne important points ko access karne ke liye hota hai.

2. **Samay bachana**: Agar report bahut lambi hoti hai aur humein uski sabhi details ko padhne ki zaroorat nahi hai, toh summary ka use samay bachana ke liye hota hai. Hum summary par padkar report ka mukhya content jaante hain.

3. **Saudaagiri aur market",0.615,325,Summarising ka primary purpose original source ke main points report karna hai,8.5
46,llama-3.1-8b-instant,Summarising ka primary purpose kya hai? Agar main points report karne hain to hum summary present karte hain,agentic_context,"Bhai, main samajh gaya hai. Summarising ka primary purpose kya hai? 

Step 1: Understand question - Aapke question ke bare mein main soch raha hoon. Summarising karna kya hai? Yeh ek aisa kaam hai jahan hum bade data ya report ko chhotey aur aasaan mein samjhne ke lie padhne wala content badalte hain.

Step 2: Recall knowledge - maine apne knowledge se yeh yaad kiya hai ki summarising ka mukhya uddeshya report ko padhne wale ke liye aasaan aur samajhne wala banana hai. Hum ismein sabse zaroori b",4.706,384,Summarising ka primary purpose original source ke main points report karna hai,8.5
47,llama-3.1-8b-instant,"Ma'am, gene expression ke bare mein batayein, yeh kya hota hai?",zero_shot,"Beta, gene expression toh yeh hai ki DNA se protein banane ke liye koi gene kaam karta hai. Yeh process ek complex hai, jismein DNA ka gen, mRNA banaata hai, mRNA ka translation hota hai, aur phir protein ban jaata hai.

Yeh process ek hierarchical hai:

1. **Gene Expression**: DNA se mRNA ban jaata hai, jiska naam transcription hai.
2. **Transcription**: mRNA ka translation hota hai, jiska naam translation hai.
3. **Translation**: mRNA se protein ban jaata hai, jiska naam protein synthesis hai.",2.733,364,"Gene expression ek process hai jismein genes apne proteins ko banate hain. Ye process mein transcription, translation, aur regulation shamil hain, jismein genes apne mRNA ko banate hain, jo ki ribosomes mein jata hai aur proteins ko banata hai.",8.5
47,llama-3.1-8b-instant,"Ma'am, gene expression ke bare mein batayein, yeh kya hota hai?",few_shot,"Beta, gene expression kya hai woh, issey pehle samajhna hai, genes kya hain. Genes hamaare DNA ki units hain, jismein kuch bhi cheezein likhi hui hote hain jaise ki koi bhi property, habit ya behavior. 

Ab, gene expression yeh hota hai jaise hum kisi book ki koi chapter ko padhate hain. Toh hum book ko padhne ke liye, first chapter ko cover karte hain, phir usse padhne ke baad, hum next chapter se kuch seekh lete hain.

Aisa hi hai, beta, jaise hum apne genes ko express karte hain. Jaise ki aga",2.794,364,"Gene expression ek process hai jismein genes apne proteins ko banate hain. Ye process mein transcription, translation, aur regulation shamil hain, jismein genes apne mRNA ko banate hain, jo ki ribosomes mein jata hai aur proteins ko banata hai.",8.5
47,llama-3.1-8b-instant,"Ma'am, gene expression ke bare mein batayein, yeh kya hota hai?",chain_of_thought,"Arre yaar, gene expression ke bare mein batana hai to main aapko kuch steps ke through yeh samjhata hoon:

1. **Gene**: Jab ham apne DNA ko dekhte hain, to yeh ek jatil chij hai jo humare jeevan ki kai baatein decide karti hai. Ismein kai genes hote hain jo humare jeevan ki kai visheshtayein decide karte hain, jaise ki color, size, aur hair color.

2. **DNA se mRNA tak**: Jab koi gene activate hota hai, to yeh DNA se mRNA (ribonucleic acid) me conversion hota hai. Yeh mRNA ek intermediate chij h",4.966,483,"Gene expression ek process hai jismein genes apne proteins ko banate hain. Ye process mein transcription, translation, aur regulation shamil hain, jismein genes apne mRNA ko banate hain, jo ki ribosomes mein jata hai aur proteins ko banata hai.",8.5
47,llama-3.1-8b-instant,"Ma'am, gene expression ke bare mein batayein, yeh kya hota hai?",structured_context,"{""answer"": ""Gene expression kuch is tarah hai - yeh woh prakriya hai jismein DNA ki jaankari cell ke andar ki prathmik koshikaon mein badal kar unhein specific protiens banane ke liye kaam aati hai. "", ""explanation"": ""Yeh prakriya gene ki sthiti, gatividhi aur prabhav par nirbhar karti hai. Jab cell ko protiens ki zaroorat hoti hai, to yeh protiens banane ke liye gene expression ka anuman lagate hain. Iske liye, cell ke andar ki prathmik koshikaayein (ribosomes) ko active kiya jata hai aur yeh p",4.663,306,"Gene expression ek process hai jismein genes apne proteins ko banate hain. Ye process mein transcription, translation, aur regulation shamil hain, jismein genes apne mRNA ko banate hain, jo ki ribosomes mein jata hai aur proteins ko banata hai.",8.5
47,llama-3.1-8b-instant,"Ma'am, gene expression ke bare mein batayein, yeh kya hota hai?",hierarchical_context,"Beta, aaj hum ek bahut hi zaroori topic par baat karenge: gene expression. Gene expression, jiska arth hai, gene ki vyakti ko utpann karne ka prakriya.

Aap sab jante hain ki humein DNA se inherit huaa kai svaabhavik lakshanon ka moolya hota hai, jaise ki chehre ki sundarta, lambai, rang, aur anya svaabhavik lakshanon ka moolya. Lekin, yeh to sab DNA mein hi hain, to phir yeh pata nahin chalta ki kaise humein in lakshanon ka anubhav hota hai.

Isi liye, humari cell mein ek prakriya hoti hai jise",2.335,704,"Gene expression ek process hai jismein genes apne proteins ko banate hain. Ye process mein transcription, translation, aur regulation shamil hain, jismein genes apne mRNA ko banate hain, jo ki ribosomes mein jata hai aur proteins ko banata hai.",8.5
47,llama-3.1-8b-instant,"Ma'am, gene expression ke bare mein batayein, yeh kya hota hai?",rag_style,"Aapke sawal ke uttar mein aana, main kuchh jankari share karta hoon. Gene expression, jise genetics ke shabdon mein vyaktikaran kehte hain, yeh ek prakriya hai jismein jeev koshikon mein sthaniy karyakramon (genes) ka udeshya badal jata hai. 

Yeh prakriya jeevan ke liye bahut mahatvapurn hai kyunki isse humein vishesh kaaryon aur visheshataon ke liye visheshtayein mil jaati hain. Gene expression ka matlab hai ki humein humari jeev koshikon mein sthaniy karyakramon ka udeshya badalna hota hai. 
",6.839,391,"Gene expression ek process hai jismein genes apne proteins ko banate hain. Ye process mein transcription, translation, aur regulation shamil hain, jismein genes apne mRNA ko banate hain, jo ki ribosomes mein jata hai aur proteins ko banata hai.",8.5
47,llama-3.1-8b-instant,"Ma'am, gene expression ke bare mein batayein, yeh kya hota hai?",tree_of_thought,"Ek baar main soch raha hoon...

**Pehla Soch**: Gene expression ek aisa prakriya hai jismein DNA se protiens banate hain. Yeh ek jatil prakriya hai jismein DNA ki information ko protiens mein convert kiya jata hai. 

**Dusra Soch**: Gene expression ek aisa prabandhan hai jismein DNA ki genetic information ko cells ki karyakshamtaon mein badlaaya jata hai. Yeh prabandhan cells ko adapt karne mein madad karta hai iske aas-paas ki paristhitiyon se.

**Teesa Soch**: Gene expression ek aisa tareeka h",3.727,427,"Gene expression ek process hai jismein genes apne proteins ko banate hain. Ye process mein transcription, translation, aur regulation shamil hain, jismein genes apne mRNA ko banate hain, jo ki ribosomes mein jata hai aur proteins ko banata hai.",8.5
47,llama-3.1-8b-instant,"Ma'am, gene expression ke bare mein batayein, yeh kya hota hai?",agentic_context,"Arre, sabka sawal hai gene expression ke bare mein, to yeh hai ki... (step 1 complete)

Gene expression ek bahut hi zaroori prakriya hai, jismein humaray DNA ke gene apne protein ke roop mein utpann hote hain. Yeh prakriya aam taur par yeh hai ki, humaray DNA mein ek gene hota hai, jo ek specific protein ka utpaadan karta hai. Jab humara DNA is gene ke liye kaiakritik karta hai, to yeh gene apna message lekar ribosome tak pahunchta hai, jahaan se yeh protein ka utpaadan hota hai.

Lekin yeh prak",5.266,581,"Gene expression ek process hai jismein genes apne proteins ko banate hain. Ye process mein transcription, translation, aur regulation shamil hain, jismein genes apne mRNA ko banate hain, jo ki ribosomes mein jata hai aur proteins ko banata hai.",8.5
48,llama-3.1-8b-instant,"Ma'am, kya hum apne ghar me fertilizer banaye aur kaise?",zero_shot,"Beta, fertilizer banane ke liye aapko kuchh aasani sa upkaran aur kuchh zaroori cheejein ki aavashyak hai. Sabse pehle, aapko composting ki jaroorat hai. Composting ke liye aapko khaad, paudhe ka pachan karne wala paani, aur kuchh anya organic material jaise ki khet se nikalne wali gande paudhe, chhavani, aur kuchh anya paudhe ke bachiye huye hisse.

Ab, aapko in sabhi materialon ko milakar ek ek jaga par rakhein aur use thoda thoda pakadkar milaakar ek compost ki jaroorat ke anusaar usko mix ka",4.217,569,"Haan, hum apne ghar me fertilizer banaye, isme kitchen waste, leaves, aur some microorganisms ka use hota hai, hum isse carefully mix karke aur decompose karke banate hain.",8.5
48,llama-3.1-8b-instant,"Ma'am, kya hum apne ghar me fertilizer banaye aur kaise?",few_shot,"Bhaiya, fertilizer banane ke liye aapko kuch ingredients aur kadam lena hoga. Sabse pehle aapko compost ya khaad ki zaroorat padegi, jiska preparation aap apne ghar ka kitchen waste, chawal ke dabbe, aur gobar se kar sakte hain. Ismein aapko paani aur kharidna hoga, jisse ismein jeevaniya tatva mil jayein.

Ab, aapko kuch duniya ki cheezein bhi aapko khareedni hogi, jaise urea, DAP, ammonium sulphate, aur calcium carbonate. Ye sab cheezein aapko apne khaad ki dukan se li sakte hain.

Ab, aapne s",5.877,455,"Haan, hum apne ghar me fertilizer banaye, isme kitchen waste, leaves, aur some microorganisms ka use hota hai, hum isse carefully mix karke aur decompose karke banate hain.",8.5
48,llama-3.1-8b-instant,"Ma'am, kya hum apne ghar me fertilizer banaye aur kaise?",chain_of_thought,"Arre, yahaan ek chhoti si gatividhi hai, jisme hum apne ghar me fertilizer banayege. Yeh ek aisa upaay hai jisme hum apne ghar ke paani, khad, aur anya taaeej sabdein upyog karke ek natural fertilizer bana sakte hain.

**Step 1: Paani aur khad ki taiyaari**
Hum pehle paani aur khad ki taiyaari karenge. Paani ko achhi tarah se saaf karenge aur isme koi bhi paudhein nahin hain. Khad ko bhi saaf karenge aur yeh dhyan rakhein ki khad mein koi bhi paudhein nahin hain.

**Step 2: Bhoor aur masale ki t",4.465,711,"Haan, hum apne ghar me fertilizer banaye, isme kitchen waste, leaves, aur some microorganisms ka use hota hai, hum isse carefully mix karke aur decompose karke banate hain.",8.5
48,llama-3.1-8b-instant,"Ma'am, kya hum apne ghar me fertilizer banaye aur kaise?",structured_context,"{""answer"": ""Haan, aap apne ghar me fertilizer banaye sakte hain, lekin iske liye aapko kuch saavdhanee aur upyogi cheezein honi chahiye."", ""explanation"": ""Aapko pehle yeh jaanne ka zaroorat hai ki aap kis prakaar ke fertilizer banane chahte hain, jaise ki compost fertilizer ya biofertilizer. Iske baad, aapko ismein shamil hone wale sabhi upakaran aur samagriyon ki jaankari honi chahiye. Aapko organic waste jaise ki kuch karahiya, patte, aur anya organic waste ka upyog karke fertilizer banane ke ",7.291,764,"Haan, hum apne ghar me fertilizer banaye, isme kitchen waste, leaves, aur some microorganisms ka use hota hai, hum isse carefully mix karke aur decompose karke banate hain.",8.5
48,llama-3.1-8b-instant,"Ma'am, kya hum apne ghar me fertilizer banaye aur kaise?",hierarchical_context,"Beta, fertilizer banane ke bare mein bahut kuch seekh sakte hain. Lekin, yeh baat dhoondhni hai ki hum kya aur kaise fertilizer banate hain.

Pehle, yeh jaanein ki fertilizer ek prakritik ya rachnatmak upkaran hai jo pedon ko unke vikas mein madad karta hai. Hum apne ghar mein fertilizer banane ke liye teen tarah ke upkaran ka upyog kar sakte hain:

1. **Bakriya fertilizer**: Yeh fertilizer hum apne ghar ke pet mein banate hain. Ismein hum apne ghar ke pet mein paani, kacchi mitti, aur bakriya j",8.681,745,"Haan, hum apne ghar me fertilizer banaye, isme kitchen waste, leaves, aur some microorganisms ka use hota hai, hum isse carefully mix karke aur decompose karke banate hain.",8.5
48,llama-3.1-8b-instant,"Ma'am, kya hum apne ghar me fertilizer banaye aur kaise?",rag_style,"Arre beta, aapke paas fertilizer banane ke liye sabse aasani se uplabdh saamagri hai. Aap apne ghar me kuch upay kar sakte hain:

Pehla upay: Coffee aur baking soda se fertilizer banaein. 

- 1 cup coffee pees 
- 1 cup baking soda
- 1 cup paani

Sab milkar maalik karein aur isey 10-15 din ke liye sunehra raaste me rakh dein. Issey aapke ghar ke patjhad patton ko majboot karna sakta hai.

Doosra upay: Eggshells aur coffee se fertilizer banaein.

- 1 cup eggshells
- 1 cup coffee pees 

Sab milkar ",5.779,511,"Haan, hum apne ghar me fertilizer banaye, isme kitchen waste, leaves, aur some microorganisms ka use hota hai, hum isse carefully mix karke aur decompose karke banate hain.",8.5
48,llama-3.1-8b-instant,"Ma'am, kya hum apne ghar me fertilizer banaye aur kaise?",tree_of_thought,"Arre bhai, ye sawal dilchasp hai. Main 3 tarah se soch raha hoon: 

1. **Fruit aur Patte ki Kadhi**: Hamnein ek prakar ke fertilizer ke baare mein suna hai jiske liye hum fruit aur patte ka upyog kar sakte hain. Iske liye, hum apne ghar me kuch fruit aur patte ek saath milakar ek kadhi banayein aur ismein pani add karein. Iski baad ise 5-7 din ke liye ek thali me rakh dein. Is din ke baad, iske pani ko nikal kar apne pedon me use karein.

2. **Coffee aur Tea ki Kadhi**: Doosra sawal hai ki hum k",6.466,774,"Haan, hum apne ghar me fertilizer banaye, isme kitchen waste, leaves, aur some microorganisms ka use hota hai, hum isse carefully mix karke aur decompose karke banate hain.",8.5
48,llama-3.1-8b-instant,"Ma'am, kya hum apne ghar me fertilizer banaye aur kaise?",agentic_context,"Chalo, main samajhne ki koshish karunga. 

Question: ""Ma'am, kya hum apne ghar me fertilizer banaye aur kaise?"" (Translation: ""Ma'am, can we make fertilizer at home and how?"")

Step 2: Recall knowledge 
Maine jaana ki gharelu fertilizer banaane ke kai tareeke hain. Ek aisa tareeka hai jismein hum organic matter ko use kar sakte hain, jaise ki chawal ka chilka, patte, ya anya organic waste. 

Step 3: Give accurate answer
Aap apne ghar me fertilizer banane ke liye in charanon ka paalan kar sakte h",7.314,759,"Haan, hum apne ghar me fertilizer banaye, isme kitchen waste, leaves, aur some microorganisms ka use hota hai, hum isse carefully mix karke aur decompose karke banate hain.",8.5
49,llama-3.1-8b-instant,"Sir, kya humein biogeochemical cycles ke bare mein kuch jaankari hai?",zero_shot,"Arre bhai, biogeochemical cycles toh hum sabke jeevan ke liye bahut zaroori hain. Biogeochemical cycles inhe kaha jaata hai jab prakriti ke tatvon ko ek doosre ke beech ghatit karke unka upyog hota hai. 

Yeh cycles hote hain:

1. Karbon cycle: Yeh cycle karbon kee sthiti ko nirdharit karta hai, jo praniyon, jeevon, aur jeev-jantuon kee madad kee jati hai. Karbon cycle mein karbon dioxide kee sthiti ko badalne ke liye kai prakriyaein shaamil hain, jaise ki photosynthesis aur respiration.

2. Jal",7.187,657,"Haan, humein biogeochemical cycles ke bare mein kuch jaankari hai. Biogeochemical cycles woh processes hote hain jo nutrients aur elements ko ecosystem mein move karte hain. Ye cycles carbon, nitrogen, phosphorus, aur sulfur jaise elements ko include karte hain aur ye ecosystem ke functioning ko aff",8.5
49,llama-3.1-8b-instant,"Sir, kya humein biogeochemical cycles ke bare mein kuch jaankari hai?",few_shot,"Bhai, biogeochemical cycles toh koi bhi prakriya hai jahan prithvi ke elements, jaise ki carbon, oxygen, nitrogen, aur pani, apne roop aur sthiti mein badal jaate hain. 

Yeh cycles ek jatil prakriya hai, jismein jeev aur jalvaayu ka bahut bada yogdaan hota hai. Jeev ek tarah se carbon dioxide ko phoofni karke oxygen ke roop mein badal dete hain, jabki doosri tarah se pani ke aaspaas ek saansyaat kaam hota hai jismein pani aur gason ke beech chhedaav ho jaata hai.

Biogeochemical cycles ke kai p",5.746,414,"Haan, humein biogeochemical cycles ke bare mein kuch jaankari hai. Biogeochemical cycles woh processes hote hain jo nutrients aur elements ko ecosystem mein move karte hain. Ye cycles carbon, nitrogen, phosphorus, aur sulfur jaise elements ko include karte hain aur ye ecosystem ke functioning ko aff",8.5
49,llama-3.1-8b-instant,"Sir, kya humein biogeochemical cycles ke bare mein kuch jaankari hai?",chain_of_thought,"Kya hum biogeochemical cycles ke bare mein jaankari karte hain? To, humein kuch cheezon ko samajhna hoga:

1. **Biogeochemical cycles kya hain?**
   Biogeochemical cycles, jise ek kshanik jeevan cycle bhi kaha jata hai, ek prakriya hai jismein jeevan aur prakriti ke beech kai udaaharanon mein moolik tatvon ka ghatna hoti hai.

2. **Biogeochemical cycles ke prakar kya hain?**
   Aise kai prakar hain, jaise:
   - Karboni cycle: Yeh cycle karbon di oxide ko prakriti ke beech chalate hai.
   - Nitro",3.746,438,"Haan, humein biogeochemical cycles ke bare mein kuch jaankari hai. Biogeochemical cycles woh processes hote hain jo nutrients aur elements ko ecosystem mein move karte hain. Ye cycles carbon, nitrogen, phosphorus, aur sulfur jaise elements ko include karte hain aur ye ecosystem ke functioning ko aff",8.5
49,llama-3.1-8b-instant,"Sir, kya humein biogeochemical cycles ke bare mein kuch jaankari hai?",structured_context,"{""answer"": ""Haan, bhai! Biogeochemical cycles humare prithvi par prakritik dwara chalne wale kriya hain, jismein prakritik paudhe, jeev, aur bhoojaal ke beech chijon ka sanchaar hota hai."", ""explanation"": ""Ye cycles humare prithvi par paryavaran ko sanrakshit rakhne mein madad karte hain aur yeh humare jeevan ko sambhalne ke liye aavashyak hain. Kuch pramukh biogeochemical cycles mein shamil hain: carbon cycle, nitrogen cycle, oxygen cycle, aur phosporus cycle.""}",4.435,239,"Haan, humein biogeochemical cycles ke bare mein kuch jaankari hai. Biogeochemical cycles woh processes hote hain jo nutrients aur elements ko ecosystem mein move karte hain. Ye cycles carbon, nitrogen, phosphorus, aur sulfur jaise elements ko include karte hain aur ye ecosystem ke functioning ko aff",8.5
49,llama-3.1-8b-instant,"Sir, kya humein biogeochemical cycles ke bare mein kuch jaankari hai?",hierarchical_context,"Beta, biogeochemical cycles ek bahut hi mahatvapoorn vishay hai jo hamen pata hai ki prakriti mein kya hua hai. Toh yeh rahne de, biogeochemical cycles yeh hai jo koi bhi tatva ya gas, prithvi ke tatvon ko vahan se doosre vahan mein pahunchata hai. Yeh cycle, jaise ki carbon cycle, water cycle, nitrogen cycle, aur oxygen cycle, hote hain.

Lekin ab humein ismein kuch vishisht baatein batani hain. Carbon cycle mein, hamara shareer oxygen aur carbon dioxide se bana hua hai. Jab hum khate hain aur ",3.194,548,"Haan, humein biogeochemical cycles ke bare mein kuch jaankari hai. Biogeochemical cycles woh processes hote hain jo nutrients aur elements ko ecosystem mein move karte hain. Ye cycles carbon, nitrogen, phosphorus, aur sulfur jaise elements ko include karte hain aur ye ecosystem ke functioning ko aff",8.5
49,llama-3.1-8b-instant,"Sir, kya humein biogeochemical cycles ke bare mein kuch jaankari hai?",rag_style,"Arre yeh biogeochemical cycles kya hain? Biogeochemical cycles, yaani prithvi ke jeev aur anya tatvon ka ek cycle hain jismein prithvi par maujood cheezen jaati hain. Yah cycle hamaare jeev, jal, mitti, aur anya tatvon ke beech meh lagataar ghoomte rahte hain. 

Inmein se kuch pramukh biogeochemical cycles hain:

1. Carbon cycle: Yah cycle hamaare sharir mein maujood carbon kee ghoomne ki baatein karta hai.
2. Nitrogen cycle: Yah cycle hamaare sharir mein maujood nitrogen kee ghoomne ki baatein ",4.65,368,"Haan, humein biogeochemical cycles ke bare mein kuch jaankari hai. Biogeochemical cycles woh processes hote hain jo nutrients aur elements ko ecosystem mein move karte hain. Ye cycles carbon, nitrogen, phosphorus, aur sulfur jaise elements ko include karte hain aur ye ecosystem ke functioning ko aff",8.5
49,llama-3.1-8b-instant,"Sir, kya humein biogeochemical cycles ke bare mein kuch jaankari hai?",tree_of_thought,"Main biogeochemical cycles ke bare mein soch raha hoon...

Pehla vichar: Biogeochemical cycles ek prakriya hai jismein paryavaran mein paane wale tatvon ko apne gatividhiyon mein badalne ki prakriya hoti hai. Ismein paani, hawa, prithvi aur jeev jantuon ka yogdan hota hai. Yeh cycles hamaare aas-paas hote hain aur unhen understand karne se hum paryavaran ko bacha sakte hain.

Dusra vichar: Biogeochemical cycles ek tarah se paryavaran ko sanrakshit aur sthayi rakhne ka ek tareeka hai. Ismein paan",4.004,562,"Haan, humein biogeochemical cycles ke bare mein kuch jaankari hai. Biogeochemical cycles woh processes hote hain jo nutrients aur elements ko ecosystem mein move karte hain. Ye cycles carbon, nitrogen, phosphorus, aur sulfur jaise elements ko include karte hain aur ye ecosystem ke functioning ko aff",8.5
49,llama-3.1-8b-instant,"Sir, kya humein biogeochemical cycles ke bare mein kuch jaankari hai?",agentic_context,"Arre bhai, biogeochemical cycles ke bare mein humein kuch jaankari hai. Jeevan, jameen aur atmospair ke beech ek chakkar chalta hai, jiski madad se tatvon ka ghoomna hota hai. Yah cycles hain:

1. **Carbon cycle**: Carbon tatva ki ghoomna, jismein jeevan, jameen aur atmospair ke beech ghoomna hota hai. Jeevan carbon ko uchchatar tatvon se neeche ke tatvon par le jaata hai, aur jameen aur atmospair carbon ko uchchatar tatvon se neeche ke tatvon par ghumata hai.

2. **Nitrogen cycle**: Nitrogen ta",5.82,542,"Haan, humein biogeochemical cycles ke bare mein kuch jaankari hai. Biogeochemical cycles woh processes hote hain jo nutrients aur elements ko ecosystem mein move karte hain. Ye cycles carbon, nitrogen, phosphorus, aur sulfur jaise elements ko include karte hain aur ye ecosystem ke functioning ko aff",8.5
50,llama-3.1-8b-instant,"Ma'am, kya hum history mein Indus Valley Civilization ke bare mein padhenge?",zero_shot,"Arey, bilkul! Indus Valley Civilization ek bahut hi prasiddh aur mahatvapoorn bhoomika rakhne wali Sanskriti thi. Unke bare mein padhna kathinai se bhara hai, lekin yeh jankari ka ek mahatvapurn hissa hai.

Indus Valley Civilization ka uddeshya yeh hai ki hum isne kaise utpann hua, kaise vikasit hua, aur kaise unki Sanskriti aur sabhyata ki bhoomika thi. Unki kala, sanskriti, aur vidhiyon ko samajhne se humein unke madhyam se jeene waale logon ki jeevan-shaili aur samajik niti ko samajhne mein m",3.801,434,"Haan, hum history mein Indus Valley Civilization ke bare mein padhenge. Indus Valley Civilization ka itihas bahut hi purana hai aur hume iske baare mein padhne se bahut kuch seekhne ko milta hai.",8.5
50,llama-3.1-8b-instant,"Ma'am, kya hum history mein Indus Valley Civilization ke bare mein padhenge?",few_shot,"Bilkul, beta. Indus Valley Civilization bahut hi mahatvapoorn cheez hai. Isse humein pata chalta hai ki 4,000 saal pehle Bharat mein kya jeevan tha. Yeh civilization Indus river aur Haro ke kinaare par thi. Unke logon ne bahut hi advance technology, architecture aur social system use kiya tha. Hum Indus Valley Civilization ke bare mein padhenge.",4.339,191,"Haan, hum history mein Indus Valley Civilization ke bare mein padhenge. Indus Valley Civilization ka itihas bahut hi purana hai aur hume iske baare mein padhne se bahut kuch seekhne ko milta hai.",8.5
50,llama-3.1-8b-instant,"Ma'am, kya hum history mein Indus Valley Civilization ke bare mein padhenge?",chain_of_thought,"Arre, yeh ek bahut hi mahatvapoorn cheez hai. 

Sabse pehle, hum Indus Valley Civilization ka itihaas jante hain ki yeh kaun sa samay ka tha. Yeh Civilization, aapko pata hoga, 3300-1300 BCE ka samay ka tha. 

Ab, hum iske bare mein jaante hain ki yeh civilization kahan thi. Yeh civilization, aapko pata hoga, Pakistan aur Bharat ke kshetra mein thi, jismein humary kuch mahatvapoorn shahar bhi hain jaise Mohenjodaro aur Harappa. 

Ab, hum iske bare mein jaante hain ki is civilization ne kya pehna",2.166,649,"Haan, hum history mein Indus Valley Civilization ke bare mein padhenge. Indus Valley Civilization ka itihas bahut hi purana hai aur hume iske baare mein padhne se bahut kuch seekhne ko milta hai.",8.5
50,llama-3.1-8b-instant,"Ma'am, kya hum history mein Indus Valley Civilization ke bare mein padhenge?",structured_context,"{""answer"": ""Hai, yeh bahut hi mahatvapoorn vishay hai. Indus Valley Civilization ek purana samaj tha jo kayi shatabdi pehle Bharat aur Pakistan ke kshetra mein sthit tha."", ""explanation"": ""Iske bare mein padhkar aapko yeh jaankari milkar aayegi ki yeh samaj kaise banaya, kaunse kaam ke liye viksit tha aur kaise yeh samaj aaj ke samay tak aaya. Yeh samaj aapko samajh mein aayega ki kaise paryavaran, sanskriti, aur arthvyavastha ko banaya ja sakta hai.""}",6.485,236,"Haan, hum history mein Indus Valley Civilization ke bare mein padhenge. Indus Valley Civilization ka itihas bahut hi purana hai aur hume iske baare mein padhne se bahut kuch seekhne ko milta hai.",8.5
50,llama-3.1-8b-instant,"Ma'am, kya hum history mein Indus Valley Civilization ke bare mein padhenge?",hierarchical_context,"Bilkul, beta! Hum bataenge Indus Valley Civilization ke bare mein. Yeh ek bahut hi important aur prachin samaj thi, jo lagbhag 4300 saal pehle exist thi. Yeh samaj Bharat ka sabse purana samajon mein se ek hai.

Is samaj ke logon ne apne shaharon mein bahut hi viksit jeevan jeeva tha. Ve apne shaharon mein paani aur paas ki sambandhi safaai, saaf dharohar, aur parkon ki madad se apne shaharon ko sundar aur swachh banaa rakha tha. Unke shaharon mein bahut hi badaa janaavasthaa aur vyapaar tha.

I",2.907,466,"Haan, hum history mein Indus Valley Civilization ke bare mein padhenge. Indus Valley Civilization ka itihas bahut hi purana hai aur hume iske baare mein padhne se bahut kuch seekhne ko milta hai.",8.5
50,llama-3.1-8b-instant,"Ma'am, kya hum history mein Indus Valley Civilization ke bare mein padhenge?",rag_style,"Arre, yeh toh bahut achchha vichar hai (This is a very good idea). Indus Valley Civilization, yeh ek bahut hi prasiddh aur purani sanskriti thi jo 3300 se 1300 BCE ke beech mein sthit thi (It was a very famous and old civilization which existed between 3300 and 1300 BCE).

Iski shuruaat Mohenjodaro aur Harappa jaise sthanon par hui thi (Its beginning was in places like Mohenjodaro and Harappa). Yeh civilization apne visheshtiyon ke liye jaani jaati thi, jaise ki unki vishisht bawdiyan aur unke k",3.86,467,"Haan, hum history mein Indus Valley Civilization ke bare mein padhenge. Indus Valley Civilization ka itihas bahut hi purana hai aur hume iske baare mein padhne se bahut kuch seekhne ko milta hai.",8.5
50,llama-3.1-8b-instant,"Ma'am, kya hum history mein Indus Valley Civilization ke bare mein padhenge?",tree_of_thought,"Bilkul, main is cheez par soch raha hoon. 
1. Sabse pehle, Indus Valley Civilization ek bahut hi purani aur mahatvapoorn sanskriti thi jo 3300 BCE se 1300 BCE tak exist thi. Iska adhar Bharat ki dharti par tha.
2. Dusri cheez, yeh sanskriti apne vishisht shilp, vishvaas aur sanskaron ke liye jaani jati hai. Unka vishesh rog aur saavdhaani se samuhik pani se jalne wala system, unki jyotish aur tantra, unke shilalekh aur gharelu vartalap, sabhi bahut hi adbhut hain.
3. Teesri cheez, Indus Valley C",4.939,398,"Haan, hum history mein Indus Valley Civilization ke bare mein padhenge. Indus Valley Civilization ka itihas bahut hi purana hai aur hume iske baare mein padhne se bahut kuch seekhne ko milta hai.",8.5
50,llama-3.1-8b-instant,"Ma'am, kya hum history mein Indus Valley Civilization ke bare mein padhenge?",agentic_context,"Arre, yeh to ek bahut hi mahatvapoorn cheez hai. Indus Valley Civilization, jo ki hum Indus Sarovar Civilization kehte hain, woh 4,300 saal pehle shuru hui thi.

Step 1: Understand question - Aisa lagta hai ki aap Indus Valley Civilization ke bare mein jaanne ke liye taiyaar hain.

Step 2: Recall knowledge - Main yeh jaanta hoon ki Indus Valley Civilization ka sabse pehle shodh Indus Sarovar ke kinar par kiya gaya tha. Ye civilization Harappa aur Mohenjo-Daro ke liye jaani jaati hain, jo ki Paki",5.018,500,"Haan, hum history mein Indus Valley Civilization ke bare mein padhenge. Indus Valley Civilization ka itihas bahut hi purana hai aur hume iske baare mein padhne se bahut kuch seekhne ko milta hai.",8.5
51,llama-3.1-8b-instant,"Lester R. Brown ne earth ke chaar pramukh biological systems ka naam bataya hai, unke mahatva ko bhi samjhaaye. Lester R. Brown ne apni kitab The Global Economic Prospect mein kaha hai ki earth ke chaar pramukh biological systems hain - fisheries, forests, grasslands, aur croplands - jo global economic system ki neev banate hain. In systems se hume food milti hai, aur ye industry ke liye lagbhag saare raw materials bhi provide karte hain, minerals aur petroleum-derived synthetics ko chhodkar.",zero_shot,"Aapko Lester R. Brown ne earth ke chaar pramukh biological systems ke baare mein bataya hai. Ye systems hain:

1. **Fisheries**: Ye samudr ki jaivikta ka ek mahatvapoorn hissa hain. Inse hume machhli aur anya jalchi pradaan hoti hain, jo our khadya se jude hain. Yahaan se hume protien aur vitamin milti hain.

2. **Forests**: Ye prakritik vana our pahadon ke hisse hain. Inse hume khadya, wood, aur anya dravya milti hain. Yahaan ke paudhe oxygen pradaan karte hain aur prakritik jal se bharpoor hot",3.87,584,"Lester R. Brown ne earth ke chaar pramukh biological systems ko fisheries, forests, grasslands, aur croplands bataya hai. Ye systems bohot mahatvapoorn hain kyunki ve global economic system ki neev banate hain, hume food aur industry ke liye lagbhag saare raw materials provide karte hain, minerals a",8.5
51,llama-3.1-8b-instant,"Lester R. Brown ne earth ke chaar pramukh biological systems ka naam bataya hai, unke mahatva ko bhi samjhaaye. Lester R. Brown ne apni kitab The Global Economic Prospect mein kaha hai ki earth ke chaar pramukh biological systems hain - fisheries, forests, grasslands, aur croplands - jo global economic system ki neev banate hain. In systems se hume food milti hai, aur ye industry ke liye lagbhag saare raw materials bhi provide karte hain, minerals aur petroleum-derived synthetics ko chhodkar.",few_shot,"Bhaiya, Lester R. Brown ne apni kitab The Global Economic Prospect mein bataya hai ki earth ke chaar pramukh biological systems hain jo global economy ko support karte hain. Ye chaar systems hain:

Pehla system hai fisheries. Yeh samudra mein paani ke creatures ko produce karta hai, jo hume food milti hai aur hume nutrition aur protien provide karta hai. Iske alawa, fisheries industry ke liye lagbhag saare raw materials bhi provide karte hain, jaise fish oil aur fish meal.

Dusra system hai fore",6.024,633,"Lester R. Brown ne earth ke chaar pramukh biological systems ko fisheries, forests, grasslands, aur croplands bataya hai. Ye systems bohot mahatvapoorn hain kyunki ve global economic system ki neev banate hain, hume food aur industry ke liye lagbhag saare raw materials provide karte hain, minerals a",8.5
51,llama-3.1-8b-instant,"Lester R. Brown ne earth ke chaar pramukh biological systems ka naam bataya hai, unke mahatva ko bhi samjhaaye. Lester R. Brown ne apni kitab The Global Economic Prospect mein kaha hai ki earth ke chaar pramukh biological systems hain - fisheries, forests, grasslands, aur croplands - jo global economic system ki neev banate hain. In systems se hume food milti hai, aur ye industry ke liye lagbhag saare raw materials bhi provide karte hain, minerals aur petroleum-derived synthetics ko chhodkar.",chain_of_thought,"Arre, yeh question bahut hi sahi hai. Lester R. Brown ne earth ke chaar pramukh biological systems ka naam bataya hai, aur yeh unke mahatva ko samajhne ke liye bahut hi mahatvapoorn hai. Toh hum isse step-by-step mein samjhenge.

1. **Fisheries**: Arre, ye sabse pehle systems hai jismein humare liye fish aur anya jal-jeev jatien prapt hote hain. Fisheries humare liye food ki ek mahatvapoorn source hai, aur ye industry ke liye bhi lagbhag saare raw materials provide karte hain.

2. **Forests**: Y",7.047,661,"Lester R. Brown ne earth ke chaar pramukh biological systems ko fisheries, forests, grasslands, aur croplands bataya hai. Ye systems bohot mahatvapoorn hain kyunki ve global economic system ki neev banate hain, hume food aur industry ke liye lagbhag saare raw materials provide karte hain, minerals a",8.5
51,llama-3.1-8b-instant,"Lester R. Brown ne earth ke chaar pramukh biological systems ka naam bataya hai, unke mahatva ko bhi samjhaaye. Lester R. Brown ne apni kitab The Global Economic Prospect mein kaha hai ki earth ke chaar pramukh biological systems hain - fisheries, forests, grasslands, aur croplands - jo global economic system ki neev banate hain. In systems se hume food milti hai, aur ye industry ke liye lagbhag saare raw materials bhi provide karte hain, minerals aur petroleum-derived synthetics ko chhodkar.",structured_context,"{""answer"": ""Lester R. Brown ne earth ke chaar pramukh biological systems ka naam bataya hai - fisheries, forests, grasslands, aur croplands."", ""explanation"": ""Ye four systems hain jo global economic system ki neev banate hain aur humein food aur industry ke liye raw materials provide karte hain. Ye systems hain: 
- Fisheries: jahan se hume machhali aur anya jaljivhita milti hain.
- Forests: jahan se hume timba, teev aur anya dravya milti hain.
- Grasslands: jahan se hume ghans, bhoora, aur anya ",5.639,450,"Lester R. Brown ne earth ke chaar pramukh biological systems ko fisheries, forests, grasslands, aur croplands bataya hai. Ye systems bohot mahatvapoorn hain kyunki ve global economic system ki neev banate hain, hume food aur industry ke liye lagbhag saare raw materials provide karte hain, minerals a",8.5
51,llama-3.1-8b-instant,"Lester R. Brown ne earth ke chaar pramukh biological systems ka naam bataya hai, unke mahatva ko bhi samjhaaye. Lester R. Brown ne apni kitab The Global Economic Prospect mein kaha hai ki earth ke chaar pramukh biological systems hain - fisheries, forests, grasslands, aur croplands - jo global economic system ki neev banate hain. In systems se hume food milti hai, aur ye industry ke liye lagbhag saare raw materials bhi provide karte hain, minerals aur petroleum-derived synthetics ko chhodkar.",hierarchical_context,"Namaste, Class 9-11 students! Aaj hum Lester R. Brown kee vachan mein aaye hain, jo neeche diye gaye chaar pramukh biological systems ke baare mein bataya hai. 

In chaar pramukh biological systems mein se pehle hai - **Fisheries**. Yah system samudra, jheel, aur nadiyon mein pani ke jeev jantoo ko samajhta hai. Yah humein machhli, magur, aur anya jeev jantoo kee pradan karta hai, jo hamaare aahaar kee ek mahatvapoorn chhaaj hota hai. Iske alaava, fisheries hamaaree arthvyavastha ko bhi sthaanan",5.337,892,"Lester R. Brown ne earth ke chaar pramukh biological systems ko fisheries, forests, grasslands, aur croplands bataya hai. Ye systems bohot mahatvapoorn hain kyunki ve global economic system ki neev banate hain, hume food aur industry ke liye lagbhag saare raw materials provide karte hain, minerals a",8.5
51,llama-3.1-8b-instant,"Lester R. Brown ne earth ke chaar pramukh biological systems ka naam bataya hai, unke mahatva ko bhi samjhaaye. Lester R. Brown ne apni kitab The Global Economic Prospect mein kaha hai ki earth ke chaar pramukh biological systems hain - fisheries, forests, grasslands, aur croplands - jo global economic system ki neev banate hain. In systems se hume food milti hai, aur ye industry ke liye lagbhag saare raw materials bhi provide karte hain, minerals aur petroleum-derived synthetics ko chhodkar.",rag_style,"Arre, Lester R. Brown ne kahaa hai ki prithve ke chaar pramukh jaivik systems hain:

1. Fisheries (machhliyon ke jalween system): Ye humein apna aahar (food) aur saamagri provide karte hain.
2. Forests (van): Ye humein khad, aahar, aur saamagri provide karte hain, aur bhee humein oxygen dete hain.
3. Grasslands (gachh ke khet): Ye humein aahar, khad, aur saamagri provide karte hain, aur bhee humein oxygen dete hain.
4. Croplands (khet): Ye humein aahar, khad, aur saamagri provide karte hain, aur",8.547,403,"Lester R. Brown ne earth ke chaar pramukh biological systems ko fisheries, forests, grasslands, aur croplands bataya hai. Ye systems bohot mahatvapoorn hain kyunki ve global economic system ki neev banate hain, hume food aur industry ke liye lagbhag saare raw materials provide karte hain, minerals a",8.5
51,llama-3.1-8b-instant,"Lester R. Brown ne earth ke chaar pramukh biological systems ka naam bataya hai, unke mahatva ko bhi samjhaaye. Lester R. Brown ne apni kitab The Global Economic Prospect mein kaha hai ki earth ke chaar pramukh biological systems hain - fisheries, forests, grasslands, aur croplands - jo global economic system ki neev banate hain. In systems se hume food milti hai, aur ye industry ke liye lagbhag saare raw materials bhi provide karte hain, minerals aur petroleum-derived synthetics ko chhodkar.",tree_of_thought,"Mujhe chaar tarah se sochne ka mauka mila hai:

1. **Sochne ka pehla tareeka**: Lester R. Brown ne apni kitab The Global Economic Prospect mein earth ke chaar pramukh biological systems ka naam diya hai - fisheries, forests, grasslands, aur croplands. In systems se hume food milti hai aur industry ke liye lagbhag saare raw materials provide hota hai.

2. **Sochne ka doosra tareeka**: In chaar pramukh biological systems ke mahatva ko samajhne ka ek tareeka yeh hai ki ye systems humare liye asaan ",3.934,599,"Lester R. Brown ne earth ke chaar pramukh biological systems ko fisheries, forests, grasslands, aur croplands bataya hai. Ye systems bohot mahatvapoorn hain kyunki ve global economic system ki neev banate hain, hume food aur industry ke liye lagbhag saare raw materials provide karte hain, minerals a",8.5
51,llama-3.1-8b-instant,"Lester R. Brown ne earth ke chaar pramukh biological systems ka naam bataya hai, unke mahatva ko bhi samjhaaye. Lester R. Brown ne apni kitab The Global Economic Prospect mein kaha hai ki earth ke chaar pramukh biological systems hain - fisheries, forests, grasslands, aur croplands - jo global economic system ki neev banate hain. In systems se hume food milti hai, aur ye industry ke liye lagbhag saare raw materials bhi provide karte hain, minerals aur petroleum-derived synthetics ko chhodkar.",agentic_context,"Bhai, maine samjha hai ki aap Lester R. Brown ke bare mein puchh rahe hain, jinhone earth ke chaar pramukh biological systems ka naam bataya hai. 

Unki kitab The Global Economic Prospect se lekar, main jaanta hoon ki yeh chaar systems hain:

1. **Fisheries**: Yeh ek mahatvapoorn system hai jo humein machhali aur anya jaljeeviyon ka srot pradaan karta hai. Isse hume protein ke srot mein bhi madad milta hai, jo humare shareer ke liye mahatvapoorn hai.

2. **Forests**: Inka mahatva bahut adhik hai",7.145,638,"Lester R. Brown ne earth ke chaar pramukh biological systems ko fisheries, forests, grasslands, aur croplands bataya hai. Ye systems bohot mahatvapoorn hain kyunki ve global economic system ki neev banate hain, hume food aur industry ke liye lagbhag saare raw materials provide karte hain, minerals a",8.5
52,llama-3.1-8b-instant,"Sir, kya humne Jagadish Chandra Bose ke baare me padha tha, unka contribution science me kya tha?",zero_shot,"Bilkul, sir! Jagadish Chandra Bose ek bahut hi prasiddh vigyanik the. Unhone science mein kai mahatvapurn yogdan diye. Unka sabse bada yogdan radio communication aur plant physiology ke kshetra mein tha.

Unhone pehle waala wireless radio communication system banaya, jo ki unhone ""microwave"" kehte hain. Isne unhe radio communication ke kshetra mein ek naya mukhyaatma banaya.

Unhone plant physiology ke kshetra mein bhi kai naye pehluon ko khulaya. Unhone dikhaya ki jeev hai ya plant hai, voh bhi",2.921,317,"Haan, humne Jagadish Chandra Bose ke baare me padha tha, unka contribution science me bahut bada tha, unhone many scientific experiments kiye aur plants ke baare me bahut kuch discover kiya.",8.5
52,llama-3.1-8b-instant,"Sir, kya humne Jagadish Chandra Bose ke baare me padha tha, unka contribution science me kya tha?",few_shot,"Bhaiya, haan, humne Jagadish Chandra Bose ke baare me padha tha. Vah ek bahut hi prasidh bengali visheshagya the. Unka contribution science me bahut bada tha. Unhone phone aur radio jaisi cheezon ko pehle banaya tha. Unhone ""transistor"" ki concept ko bhi pehle introduce kiya tha. Bose ek bahut hi mahant visheshagya the, unhone plant physiology, radio communication aur electronics jaisi kai fields me kaam kiya. Unke kaam ne future ki technology ko badalne me madad ki.",2.481,245,"Haan, humne Jagadish Chandra Bose ke baare me padha tha, unka contribution science me bahut bada tha, unhone many scientific experiments kiye aur plants ke baare me bahut kuch discover kiya.",8.5
52,llama-3.1-8b-instant,"Sir, kya humne Jagadish Chandra Bose ke baare me padha tha, unka contribution science me kya tha?",chain_of_thought,"Arre bhai, yeh sawal bahut hi achha hai. Toh hum iske bare mein sochenge:

1. Jagadish Chandra Bose kaun tha?: Voh ek Bharatiya vidwan the, jo science aur technology mein bahut hi mahatvapoorn yogdan diya. Unka janm 1858 mein Bengal mein hua tha.

2. Unka contribution science me kaun si?: Bose ne science mein kai naye khel khele the. Unhone radio aur microwave ke kshetra mein kaam kiya aur wireless communication ke liye ek purana technology banaya.

3. Unka sabse mahatvapoorn contribution kaun s",3.945,472,"Haan, humne Jagadish Chandra Bose ke baare me padha tha, unka contribution science me bahut bada tha, unhone many scientific experiments kiye aur plants ke baare me bahut kuch discover kiya.",8.5
52,llama-3.1-8b-instant,"Sir, kya humne Jagadish Chandra Bose ke baare me padha tha, unka contribution science me kya tha?",structured_context,"{""answer"": ""Haa, humne Jagadish Chandra Bose ke baare me padha tha"", 
""explanation"": ""Unhone science me bahut sakaratmak yogdan diya tha. Unka contribution science me iss prakaar tha:
- Vibhinn prakaar ke plants aur animals ki prakritik upasthitiyon ko samajhne ke liye unhone vibhinn prayaogik yanthraon ka upyog kiya tha.
- Unhone radio communication ke liye 'wireless telegraphy' ka avishkaar kiya tha.
- Unhone plants aur animals ke prakash aur paryavaran par asar ko samajhne ke liye unhone 'gro",3.669,291,"Haan, humne Jagadish Chandra Bose ke baare me padha tha, unka contribution science me bahut bada tha, unhone many scientific experiments kiye aur plants ke baare me bahut kuch discover kiya.",8.5
52,llama-3.1-8b-instant,"Sir, kya humne Jagadish Chandra Bose ke baare me padha tha, unka contribution science me kya tha?",hierarchical_context,"Bilkul, aapne Jagadish Chandra Bose ke baare mein padha hoga. Vah ek prasiddh Bharatiya vigan aur udyogpati tha, jo 19vi aur 20vi shatabdi ke beech mein rehte the. Unka janm 30 November 1858 ko Bengal mein hua tha.

Jagadish Chandra Bose ke contribution science mein bahut mahatvapoorn the. Unhone pratham duniya mein radio communication aur wireless communication ka vikas kiya. Unhone 1895 mein radio signals ko pratham bar apne laboratory mein send kiya tha. Iske alawa, unhone microwave energy au",2.8,442,"Haan, humne Jagadish Chandra Bose ke baare me padha tha, unka contribution science me bahut bada tha, unhone many scientific experiments kiye aur plants ke baare me bahut kuch discover kiya.",8.5
52,llama-3.1-8b-instant,"Sir, kya humne Jagadish Chandra Bose ke baare me padha tha, unka contribution science me kya tha?",rag_style,"Sir, haan, humne Jagadish Chandra Bose ke baare me padha tha. Unka contribution science me bahut prabhavi tha. Ve ek mahatvapoorn bharatiya vigan aur bhautiki vigyaani the. Unhone radio communication ki pehli koshish ki thi aur ve radio ki pehli kheti ki koshish karne wale bhi the. Unhone plant physiology aur cellular biology mein bhi kai mahatvapurn khone diye.

Iske alava, ve ek adhyatmik aur rachnatmakta yogi the. Unhone 'Nabin Chandra Das' ki pasandida katha 'Kadambari' par ek natak bhi likh",4.643,300,"Haan, humne Jagadish Chandra Bose ke baare me padha tha, unka contribution science me bahut bada tha, unhone many scientific experiments kiye aur plants ke baare me bahut kuch discover kiya.",8.5
52,llama-3.1-8b-instant,"Sir, kya humne Jagadish Chandra Bose ke baare me padha tha, unka contribution science me kya tha?",tree_of_thought,"Bhai, maine is baare me kai tarah socha hai:

1. **Jagadish Chandra Bose ke baare me padha tha**: Mainne yeh socha hai ki humne padha tha ki unhone radio communication ki shuruaat ki thi. Unhone radio communication ke liye ek device banaya tha, jiska naam ""wireless telegraphy"" tha.

2. **Science me unka contribution**: Mainne yeh socha hai ki unhone plant physiology ki kshetra me bahut kuch karya kiya tha. Unhone plant response ki kshamataon ko samajhne ke liye kai experiment kiye the. Unhone ek",4.161,495,"Haan, humne Jagadish Chandra Bose ke baare me padha tha, unka contribution science me bahut bada tha, unhone many scientific experiments kiye aur plants ke baare me bahut kuch discover kiya.",8.5
52,llama-3.1-8b-instant,"Sir, kya humne Jagadish Chandra Bose ke baare me padha tha, unka contribution science me kya tha?",agentic_context,"Pehle toh main samajhne ki koshish karta hoon. 

Question yeh hai: Sir, kya humne Jagadish Chandra Bose ke baare me padha tha, unka contribution science me kya tha?

Step 1: Pehle toh main samajhta hoon ki Jagadish Chandra Bose ek prasiddh vishva vyapak vigyanee the, unka janm 30 November 1858 ko Bikrampur, Bengal (ab Bangladesh) mein hua tha.

Step 2: Ab main yeh yaad karta hoon ki unke contribution science mein bahut hi mahatvapoorn the. Ve ek mahila visheshagya the, lekin unhone apne samay me",4.395,594,"Haan, humne Jagadish Chandra Bose ke baare me padha tha, unka contribution science me bahut bada tha, unhone many scientific experiments kiye aur plants ke baare me bahut kuch discover kiya.",8.5
53,llama-3.1-8b-instant,Kya humein earthquake ke baad tsunami ki chetavani mil sakti hai?,zero_shot,"Bilkul, tsunami ke liye chetavani mil sakti hai. Lekin yeh zaroori hai ki hum earthquake ka theek se samna kar sakein. Jaise ki:

1. Pehle earthquake ki warning system par dhyan de. Yeh system aapko pahle se hi tsunami ki warning dete hain.
2. Apne gaon ya sheher ka map jaante hue, tsunami ki warning aane par tairte samay ka pata laga lein.
3. Apne ghar ka plan banayein, jismein aapko pahle se hi tsunami ke liye taiyaar hona hoga.
4. Apne parivaar aur doston ka dhyan rakhein aur unhe bhi tsunami",3.74,316,"Haan, earthquake ke baad tsunami ki chetavani mil sakti hai. Tsunami warning systems detect changes in ocean waves and alert authorities, who then warn people in the affected areas. Yeh system bahut tezi se kaam karta hai taaki logon ko samay par chetavani mil sake.",8.5
53,llama-3.1-8b-instant,Kya humein earthquake ke baad tsunami ki chetavani mil sakti hai?,few_shot,"Bhaiya, earthquake ke baad tsunami ki chetavani mil sakti hai, lekin yeh kuch conditions par depend karta hai. Jab earthquake ek bahut hi badiya aur deep-sea earthquake hota hai, to tsunami ka risk bahut hi jyada hota hai. 

Iske alawa, yadi earthquake ka epicenter paani ke neeche hua ho, to tsunami ka risk bahut hi jyada hota hai. Lekin yadi earthquake ka epicenter beach par ya paani ke aas-paas hua ho, to tsunami ki warning mil sakti hai.

Aajkal ke technology se, humein earthquake ke baad tsu",3.887,379,"Haan, earthquake ke baad tsunami ki chetavani mil sakti hai. Tsunami warning systems detect changes in ocean waves and alert authorities, who then warn people in the affected areas. Yeh system bahut tezi se kaam karta hai taaki logon ko samay par chetavani mil sake.",8.5
53,llama-3.1-8b-instant,Kya humein earthquake ke baad tsunami ki chetavani mil sakti hai?,chain_of_thought,"Arre, yeh sawal bahut achha hai. Ab hum iske bare mein sochenge. 

1. Sabse pehle, hum jante hain ki earthquake aur tsunami dono hi natural disaster hain. Earthquake jaise hain jaise hadd takat se jode jate hain aur unki madad se samudri jeev aur jami samudri jameen utar aati hai.

2. Yeh utara hua paani samudri jameen par taraapit ho jata hai aur jami samudri jameen mein jhuka jata hai, jisse ek bada dhabaka uthta hai, jise tsunami kehte hain.

3. Ab, hum yeh jante hain ki earthquake ke baad ts",4.059,524,"Haan, earthquake ke baad tsunami ki chetavani mil sakti hai. Tsunami warning systems detect changes in ocean waves and alert authorities, who then warn people in the affected areas. Yeh system bahut tezi se kaam karta hai taaki logon ko samay par chetavani mil sake.",8.5
53,llama-3.1-8b-instant,Kya humein earthquake ke baad tsunami ki chetavani mil sakti hai?,structured_context,"{""answer"": ""Haan, earthquake ke baad tsunami ki chetavani mil sakti hai."", ""explanation"": ""Jab earthquake ho jata hai, toh vah samudri tal par jyamiti ko bhi parivaartit kar sakta hai, jisse tsunami ki avashyakta hoti hai. Iske liye, samudri tal par chetavani sensor lagaye jaate hain jo jyamiti ke parivaartan ko dekh sakte hain aur tsunami ki chetavani dete hain.""}",4.409,201,"Haan, earthquake ke baad tsunami ki chetavani mil sakti hai. Tsunami warning systems detect changes in ocean waves and alert authorities, who then warn people in the affected areas. Yeh system bahut tezi se kaam karta hai taaki logon ko samay par chetavani mil sake.",8.5
53,llama-3.1-8b-instant,Kya humein earthquake ke baad tsunami ki chetavani mil sakti hai?,hierarchical_context,"Arre, bahut hi achi sachai hai ki humein earthquake ke baad tsunami ki chetavani mil sakti hai.

Aap sab jaante hain ki earthquake ek prakaar ka bhujal prabhav hai jismein bhaarat ki bhoomi hilete hain. Yah prabhav bahut hi badee intensity se hota hai aur isse aakaar mein bhi bahut hi badee prabhav pad sakta hai.

Lekin kya aap sab jaante hain ki earthquake ke baad tsunami bhi ho sakta hai? Haan, tsunami ek prakaar ka bahut hi badee aakaar ka bhujal prabhav hai jismein samudra ka paani bahut hi ",3.41,781,"Haan, earthquake ke baad tsunami ki chetavani mil sakti hai. Tsunami warning systems detect changes in ocean waves and alert authorities, who then warn people in the affected areas. Yeh system bahut tezi se kaam karta hai taaki logon ko samay par chetavani mil sake.",8.5
53,llama-3.1-8b-instant,Kya humein earthquake ke baad tsunami ki chetavani mil sakti hai?,rag_style,"Kya humein earthquake ke baad tsunami ki chetavani mil sakti hai? Haa, kuch muddon mein mil sakti hai. 

Ek earthquake ke baad tsunami ki warning ya chetavani prapt karne ke liye aapko kuch kadam uthana hoga:

1. Aapko tsunami warning system ke baare mein jaanne ka prayas karna hoga. Yeh system kai deshon mein uplabdh hai, jaise ki Japan, USA, Australia aur kai anya deshon mein.
2. Aapko apne desh ke meteorological department ya emergency services ke phone number ko jaanne ka prayas karna hoga. ",6.8,410,"Haan, earthquake ke baad tsunami ki chetavani mil sakti hai. Tsunami warning systems detect changes in ocean waves and alert authorities, who then warn people in the affected areas. Yeh system bahut tezi se kaam karta hai taaki logon ko samay par chetavani mil sake.",8.5
53,llama-3.1-8b-instant,Kya humein earthquake ke baad tsunami ki chetavani mil sakti hai?,tree_of_thought,"Kuch vichar karte hain:

1. **Tsunami ki warning system**: Kai deshon mein tsunami ki warning system hai, jo earthquake ke baad tsunami ki warning de sakta hai. Yeh system oceanic sensors, seismometers aur other devices ka use karta hai, jo tsunami ki warning de sakta hai.

2. **Meteorological department ki chetavani**: Meteorological department bhi earthquake ke baad tsunami ki warning de sakta hai. Unka computer model hai jo tsunami ki prediction kar sakta hai.

3. **Local authorities ki cheta",3.579,335,"Haan, earthquake ke baad tsunami ki chetavani mil sakti hai. Tsunami warning systems detect changes in ocean waves and alert authorities, who then warn people in the affected areas. Yeh system bahut tezi se kaam karta hai taaki logon ko samay par chetavani mil sake.",8.5
53,llama-3.1-8b-instant,Kya humein earthquake ke baad tsunami ki chetavani mil sakti hai?,agentic_context,"Pehle toh main samajhne ke baad aaya. 

Question kya hai: Kya humein earthquake ke baad tsunami ki chetavani mil sakti hai?

Step 2: Ab main yeh sochu.

Jab earthquake hota hai, to iske baad tsunami bhi aata hai, kyonki earthquake se ocean floor mein jhokal pad jata hai, jisse paani ocean mein aage badhta hai aur tsunami hota hai.

Step 3: Ab main chetavani ki baat karoonga.

Ji haan, humein earthquake ke baad tsunami ki chetavani mil sakti hai. Kuch cheejen hain jinka dhyan dena hoga:

1. Meteo",3.837,401,"Haan, earthquake ke baad tsunami ki chetavani mil sakti hai. Tsunami warning systems detect changes in ocean waves and alert authorities, who then warn people in the affected areas. Yeh system bahut tezi se kaam karta hai taaki logon ko samay par chetavani mil sake.",8.5
54,llama-3.1-8b-instant,"Sir, what is plate tectonics theory?",zero_shot,"Arre, plate tectonics theory ek bahut hi bada concept hai, jo Earth ke structure aur movements ko samajhne ka ek tarika hai. Is theory ke anusaar, Earth ki surface par chhote-chhote plates hain, jinka naam plate tectonics se liya gaya hai. Ye plates ek dusre ke andar ghoomti hain, aur aksar ek dusre se mil jati hain ya door ho jati hain.

Yeh plates, jaise ki Indo-Australian plate, Eurasian plate, aur Pacific plate, aisi cheezon par asar daalti hain jaise seismology, vulcanology, aur geology. Ja",2.818,386,Plate tectonics theory ek aisi theory hai jismein hum dharti ke saath chalne wale Patton ke bare mein padhte hain. Ismein hum yeh jaante hain ki ye Patton kaise chalte hain aur unke prabhav ko kaise dekhte hain.,8.5
54,llama-3.1-8b-instant,"Sir, what is plate tectonics theory?",few_shot,"Bhai, plate tectonics theory ek vishal dhara hai jo prithvi ka structure ko samajhne ka ek tarika hai. Yeh theory kehata hai ki prithvi ka crust ek plateon mein banta hai, jismein ek se adhik plate hote hain. Ye plate ek-doosre ke saamne chali jaati hain aur ek-doosre se milte ya alag ho jati hain. Bhai, yeh plate movement se earthquake aur vulcanic eruption aati hain.",3.377,205,Plate tectonics theory ek aisi theory hai jismein hum dharti ke saath chalne wale Patton ke bare mein padhte hain. Ismein hum yeh jaante hain ki ye Patton kaise chalte hain aur unke prabhav ko kaise dekhte hain.,8.5
54,llama-3.1-8b-instant,"Sir, what is plate tectonics theory?",chain_of_thought,"Arre, plate tectonics theory ka matlab yeh hai ki prithvi ki crust ko plate ke roop mein chhote-chhote kshetron mein saabit kiya gaya hai. 

Step 1: Pratham, prithvi ki crust ko plate ke roop mein divide kiya gaya hai. Yeh plates donon type hain, continental plates aur oceanic plates.

Step 2: Dusra, in plates ke beech kuchh aakar aur dhakel hote hain jo inhe ek-ek se alag karte hain.

Step 3: Teesra, in plates ke beech aakar aur dhakel kaaran in plates ko aage, peechhe, dhoop, aur nirantar chal",2.81,435,Plate tectonics theory ek aisi theory hai jismein hum dharti ke saath chalne wale Patton ke bare mein padhte hain. Ismein hum yeh jaante hain ki ye Patton kaise chalte hain aur unke prabhav ko kaise dekhte hain.,8.5
54,llama-3.1-8b-instant,"Sir, what is plate tectonics theory?",structured_context,"{""answer"": ""Pate tectonics theory hai ek science ka concept jo dharti ke chalne aur badle ki samajhata hai."", ""explanation"": ""Yeh theory ke anusar, dharti ke plate ki tarah ki patein hain jo hamare desh ke neeche hain. Yeh patein aamtaur par 7-8 hain jo aasani se alag se alag kiya ja sakte hain. In patein ke bich chudai hoti hai, jisse new earth surface ban jaati hai. Yeh chudai ke dauraan mountain banate hain aur new ocean ban jaata hai. Is theory ke anusar, dharti ke patein hamesha badal rahi ",4.685,262,Plate tectonics theory ek aisi theory hai jismein hum dharti ke saath chalne wale Patton ke bare mein padhte hain. Ismein hum yeh jaante hain ki ye Patton kaise chalte hain aur unke prabhav ko kaise dekhte hain.,8.5
54,llama-3.1-8b-instant,"Sir, what is plate tectonics theory?",hierarchical_context,"Beta, plate tectonics theory ek bahut hi mahatvapoorn vishay hai jiski wajah se humein prithvi ki gehrai ki chhoti-chhoti secrets kahin se kahin bhi pata chalta hai.

Toh, yeh theory kya hai? Plate tectonics theory ka arth hai ki prithvi ki crust ko ek se adhik chhote-chhote plates mein vivaadit kiya gaya hai. Ye plates har ek dusre se alag-alag hain aur unke beech choti-moti tareeke se badal sakte hain.

Ab, ye plates kaise badal sakte hain? Ye plates har ek dusre se jude hue hain, lekin ve ham",3.12,550,Plate tectonics theory ek aisi theory hai jismein hum dharti ke saath chalne wale Patton ke bare mein padhte hain. Ismein hum yeh jaante hain ki ye Patton kaise chalte hain aur unke prabhav ko kaise dekhte hain.,8.5
54,llama-3.1-8b-instant,"Sir, what is plate tectonics theory?",rag_style,"Arre yaar, plate tectonics theory hai kya?  Voh ek prakriya hai jismein paryaapt bharat par chhote-chhote plate hain, jo ek dusre ke saath chalti hain aur ek dusre ki theli pe aati hain. Yeh plate ek dusre ke saath jodti hain, alagate hain ya chale jati hain, aur isse duniya mein bhujal, vishal parvat, aur sundar samudri tattva banate hain.",3.439,205,Plate tectonics theory ek aisi theory hai jismein hum dharti ke saath chalne wale Patton ke bare mein padhte hain. Ismein hum yeh jaante hain ki ye Patton kaise chalte hain aur unke prabhav ko kaise dekhte hain.,8.5
54,llama-3.1-8b-instant,"Sir, what is plate tectonics theory?",tree_of_thought,"Sab kuch sochne ke baad, mujhe yeh 3 cheejein aayi hain:

1. **Earth's surface movement**: Plate tectonics ka theory yeh kehta hai ki prithvi ke surface par kai plate hain, jo ek dusre ke saath chalti hain aur alag-alag speed se. Yeh plate ek dusre ke saath milne, alag hone, ya ek dusre ke andar ghumne se prithvi ke surface par changes laati hain.

2. **Continental drift**: Ye theory ek dusre ke saath connect karti hai continental drift ka concept, jahan yeh kehaya jata hai ki prithvi ke contine",3.806,368,Plate tectonics theory ek aisi theory hai jismein hum dharti ke saath chalne wale Patton ke bare mein padhte hain. Ismein hum yeh jaante hain ki ye Patton kaise chalte hain aur unke prabhav ko kaise dekhte hain.,8.5
54,llama-3.1-8b-instant,"Sir, what is plate tectonics theory?",agentic_context,"Bhai, plate tectonics theory ek bahut hi badi theory hai, jo prithvi ki sthirata aur uski upar huye kriyaon ko samajhati hai. 

Step 1: Question suna, plate tectonics theory kya hai, ye puchha gaya hai.

Step 2: Yeh toh mera yaad hai ki plate tectonics theory ek theory hai, jo Alfred Wegener ne 1912 mein propose kiya tha. Is theory ke anusaar, prithvi ek bada plate hoti hai, jise kai chhote-chhote plates mein vibhajit kiya gaya hai. Yeh chhote-chhote plates ek dusre ke saath chalne, badhne, aur ",2.822,449,Plate tectonics theory ek aisi theory hai jismein hum dharti ke saath chalne wale Patton ke bare mein padhte hain. Ismein hum yeh jaante hain ki ye Patton kaise chalte hain aur unke prabhav ko kaise dekhte hain.,8.5
55,llama-3.1-8b-instant,"Sir, biodiversity hotspot kya hota hai aur Bharat mein kitne biodiversity hotspots hain?",zero_shot,"Bhai, biodiversity hotspot ek aisa sthaan hai jahaan pe kai prakar ke jeev, jantu aur paudhe milte hain. Yeh sthaan bahut hi ghaani aur vibhinn jeev-jantuon ke liye upyukt hai. 

Bharat mein biodiversity hotspots ka kai hain. Jab maine dekha hai, to yeh hain:

1. Western Ghats (Gujarat, Maharashtra, Goa, Karnataka, Kerala aur Tamil Nadu mein)
2. Eastern Ghats (Andhra Pradesh, Tamil Nadu aur Odisha mein)
3. Himalayas (Jammu aur Kashmir, Himachal Pradesh, Uttarakhand, Sikkim, Arunachal Pradesh, As",3.727,411,"Biodiversity hotspot ek aisa region hota hai jahan bahut si prajatiyan paayi jaati hain. Bharat mein 4 biodiversity hotspots hain, jo ki Himalaya, Western Ghats, Indo-Burma, aur Sundaland hain.",8.5
55,llama-3.1-8b-instant,"Sir, biodiversity hotspot kya hota hai aur Bharat mein kitne biodiversity hotspots hain?",few_shot,"Bhai, biodiversity hotspot kya hai? → Biodiversity hotspot woh sthan hai jahaan prakriti ki bahut si jaatiyon aur jeevon ki kami se kam 1500 species hain aur ve aisi sthitiyon mein hain jo unki khatra se bachne ke liye lagatari koshish karne mein mahatvapoorn hain.

 Aur Bharat mein biodiversity hotspots kitne hain? → Bharat mein 5 biodiversity hotspots hain. Ye hotspots hain: Western Ghats, Eastern Ghats, Indo-Burma hotspot, Himalayas aur Sundaland se juda hua hotspot. Yeh sab sthan prakriti ki",4.561,270,"Biodiversity hotspot ek aisa region hota hai jahan bahut si prajatiyan paayi jaati hain. Bharat mein 4 biodiversity hotspots hain, jo ki Himalaya, Western Ghats, Indo-Burma, aur Sundaland hain.",8.5
55,llama-3.1-8b-instant,"Sir, biodiversity hotspot kya hota hai aur Bharat mein kitne biodiversity hotspots hain?",chain_of_thought,"Bhai, biodiversity hotspot kya hota hai, usse ek by ek samjhate hain:

1. **Biodiversity** ka matlab hai, jeev vairayata. Yeh ek concept hai jo jeev aur prakriti ke vairayata ka darshata hai.
2. **Hotspot** ka matlab hai, ek khaas jagah jo kuch alag hai. Ismein biodiversity ki ek khaas jagah hoti hai jahan bahut se jeev aur prakriti ke vairayata hote hain.
3. **Biodiversity hotspot**, toh yeh ek jagah hai jahan biodiversity ka ek khaas sanket hota hai. Ismein bahut se jeev aur prakriti ke vairay",2.895,430,"Biodiversity hotspot ek aisa region hota hai jahan bahut si prajatiyan paayi jaati hain. Bharat mein 4 biodiversity hotspots hain, jo ki Himalaya, Western Ghats, Indo-Burma, aur Sundaland hain.",8.5
55,llama-3.1-8b-instant,"Sir, biodiversity hotspot kya hota hai aur Bharat mein kitne biodiversity hotspots hain?",structured_context,"{""answer"": ""Biodiversity hotspot, vishva mein jaye ke kai prakaar ke jeev aur unke aas-paas ki vatavaran ko rakhte hain. Ye jagah aam taur par ek naye aur antarik prajaati ke jeev ke liye sambhavit hote hain."",
 ""explanation"": ""Bharat mein 31 biodiversity hotspots hain. Inmein se kuch pramukh hotspots hain: Andaman aur Nicobar dweep, Arunachal Pradesh, Assam, Bihar, Chhattisgarh, Gujarat, Jammu aur Kashmir, Jharkhand, Karnataka, Kerala, Madhya Pradesh, Maharashtra, Meghalaya, Mizoram, Nagaland, ",3.532,314,"Biodiversity hotspot ek aisa region hota hai jahan bahut si prajatiyan paayi jaati hain. Bharat mein 4 biodiversity hotspots hain, jo ki Himalaya, Western Ghats, Indo-Burma, aur Sundaland hain.",2.0
55,llama-3.1-8b-instant,"Sir, biodiversity hotspot kya hota hai aur Bharat mein kitne biodiversity hotspots hain?",hierarchical_context,"Bilkul, ab aapke sawal ka jawab dene ja raha hain!

Biodiversity hotspot ek vishisht kshetra hai jahan mein bahut hi adhik prajaatiya vargaat hain, lekin ve bahut hi kam kshetra mein phailte hain. Yah kshetra unki vanchitata aur unki gharwali hain. Biodiversity hotspots mein keval ped, janwar, phool, patjhad aur anya jeevansansadhanon ki sthaaniya prajaatiya hain.

Aapko lagta hai ki Bharat mein kitne biodiversity hotspots hain? Bharat mein 6 bade biodiversity hotspots hain:

1. **Sundarbans** -",3.086,581,"Biodiversity hotspot ek aisa region hota hai jahan bahut si prajatiyan paayi jaati hain. Bharat mein 4 biodiversity hotspots hain, jo ki Himalaya, Western Ghats, Indo-Burma, aur Sundaland hain.",8.5
55,llama-3.1-8b-instant,"Sir, biodiversity hotspot kya hota hai aur Bharat mein kitne biodiversity hotspots hain?",rag_style,"Bhai, biodiversity hotspot ke bare mein baat kar rahe hain. Yeh ek vishesh region hai jahaan prakritik roop se lagbhag 1500 se adhik prajatiyon ke phool, patthar, jeev, aur anya jeev jatison ka abhava hota hai, aur yahaan ki prajatiyon ka kai gunanvaya hai. 

Bharat mein biodiversity hotspots mein se kai hain, jaise ki:

1. Western Ghats: Ismein 14,000 se adhik prajatiyon ka abhava hai.
2. Eastern Ghats: Ismein 10,000 se adhik prajatiyon ka abhava hai.
3. Indo-Burma hotspot: Ismein 20,000 se adh",5.75,375,"Biodiversity hotspot ek aisa region hota hai jahan bahut si prajatiyan paayi jaati hain. Bharat mein 4 biodiversity hotspots hain, jo ki Himalaya, Western Ghats, Indo-Burma, aur Sundaland hain.",8.5
55,llama-3.1-8b-instant,"Sir, biodiversity hotspot kya hota hai aur Bharat mein kitne biodiversity hotspots hain?",tree_of_thought,"Sir, biodiversity hotspot ke baare mein vichar karte hain...

Pehla vichar: Biodiversity hotspot, ek vishesh jagah hai jahaan pe bahut adhik prajatiyaon aur jatiyon ke jeev-jantu nahin hain, lekin unke vishesh jeevan ke liye is jagah pe vishesh sambandh hain. Jaise, Amazon rainforest ek biodiversity hotspot hai, jahaan pe bahut si prajatiyaon aur jatiyon ke jeev-jantu hain.

Dusra vichar: Biodiversity hotspot, ek jagah hai jahaan pe vishesh jeevan ke liye vishesh paristhitiyaan hain. Jaise, Hima",3.708,409,"Biodiversity hotspot ek aisa region hota hai jahan bahut si prajatiyan paayi jaati hain. Bharat mein 4 biodiversity hotspots hain, jo ki Himalaya, Western Ghats, Indo-Burma, aur Sundaland hain.",8.5
55,llama-3.1-8b-instant,"Sir, biodiversity hotspot kya hota hai aur Bharat mein kitne biodiversity hotspots hain?",agentic_context,"Kya aapko pata hai ki biodiversity hotspot kya hota hai? 

To, biodiversity hotspot ek vishesh prakaar ka kshetra hai jahan par prajatiyon ki suchi bahut hi vishal aur vistrit hoti hai. Yeh kshetron mein jeev jantuon ki sankhya bahut adhik hoti hai, unke aas-paas ke aaspas mein bhi bahut sari prajatiyaan paeenti hain. Iske alawa, yeh kshetron mein jeev jantuon ki prajatiyon ki sankhya bhi bahut hi adhik hoti hai aur yeh prajatiyon mein se kai vishesh hi kshetron mein hi paeenti hain. 

Ab, Bhara",5.235,798,"Biodiversity hotspot ek aisa region hota hai jahan bahut si prajatiyan paayi jaati hain. Bharat mein 4 biodiversity hotspots hain, jo ki Himalaya, Western Ghats, Indo-Burma, aur Sundaland hain.",8.5
56,llama-3.1-8b-instant,"Wavewalker boat ke baare mein batao, jo family ne apne safar ke liye use kiya tha. Humari Wavewalker boat, 23 metre, 30 ton ka lakdi ke hull waali boat, professionally banayi gayi thi, aur humne mahino tak usse taiyar kiya aur sabse khatarnaak mausam mein test kiya tha.",zero_shot,"Arre yaar, Wavewalker boat ek bahut hi acchi boat hai, jo humne apne parivaar ke safar ke liye use kiya tha. Yeh 23 meter ki, 30 ton ki lakdi ke hull waali boat hai, jo professionally banayi gayi thi. Humne isse mahino tak taiyar kiya aur sabse khatarnaak mausam mein test kiya tha.

Maine socha tha ki yeh boat humein koi bhi samasya nahin pahunchayegi, lekin jab humne use sabse khatarnaak mausam mein test kiya tha, toh maine dekha ki yeh boat bahut hi acchi tarah se kaam kar rahi thi. Vah bahut ",6.791,500,"Wavewalker 23 metre, 30 ton ka lakdi ke hull waali boat thi, jo professionally banayi gayi thi. Family ne mahino tak usse taiyar kiya aur sabse khatarnaak mausam mein test kiya tha.",8.5
56,llama-3.1-8b-instant,"Wavewalker boat ke baare mein batao, jo family ne apne safar ke liye use kiya tha. Humari Wavewalker boat, 23 metre, 30 ton ka lakdi ke hull waali boat, professionally banayi gayi thi, aur humne mahino tak usse taiyar kiya aur sabse khatarnaak mausam mein test kiya tha.",few_shot,"Bhaiya, Wavewalker boat ek bahut hi special boat hai, jo ek family ne apne safar ke liye use kiya tha. Yeh 23 meter ki, 30 ton ki lakdi ke hull wali boat hai, jo professional tarah se banayi gayi hai. Isne family ne mahino tak taiyar kiya aur sabse khatarnaak mausam mein test kiya, jiska matlab yeh hai ki yeh bahut hi mehnat se aur samay se paribhashit kiya gaya hai.

Yeh boat bahut hi majboot hai, jisse family ko apne safar ke liye yeh perfect chunav hai. Ismein sabhi tarah ki suvidhaayein hain",4.505,350,"Wavewalker 23 metre, 30 ton ka lakdi ke hull waali boat thi, jo professionally banayi gayi thi. Family ne mahino tak usse taiyar kiya aur sabse khatarnaak mausam mein test kiya tha.",8.5
56,llama-3.1-8b-instant,"Wavewalker boat ke baare mein batao, jo family ne apne safar ke liye use kiya tha. Humari Wavewalker boat, 23 metre, 30 ton ka lakdi ke hull waali boat, professionally banayi gayi thi, aur humne mahino tak usse taiyar kiya aur sabse khatarnaak mausam mein test kiya tha.",chain_of_thought,"Arre, main aapko Wavewalker boat ke baare mein bataata hoon. 

Step 1: Wavewalker boat ek khatarnaak aur professional boat hai. 
Iska hull lakdi ke banaya gaya hai, jo 30 ton ki weight hai. 
Iska length 23 meter hai.

Step 2: Wavewalker boat ki design aur construction bahut hi acchi thi. 
Isne parivaar ke liye ek safal aur khatarnaak safari de diya. 
Iska hull lakdi ke banaya gaya tha, jo samudri pravesha ki sambhavna ko kam karta hai.

Step 3: Wavewalker boat ko ek mahine tak taiyar kiya gaya t",3.804,470,"Wavewalker 23 metre, 30 ton ka lakdi ke hull waali boat thi, jo professionally banayi gayi thi. Family ne mahino tak usse taiyar kiya aur sabse khatarnaak mausam mein test kiya tha.",8.5
56,llama-3.1-8b-instant,"Wavewalker boat ke baare mein batao, jo family ne apne safar ke liye use kiya tha. Humari Wavewalker boat, 23 metre, 30 ton ka lakdi ke hull waali boat, professionally banayi gayi thi, aur humne mahino tak usse taiyar kiya aur sabse khatarnaak mausam mein test kiya tha.",structured_context,"{""answer"": ""Aapki Wavewalker boat ek bahut hi acchi aur khaas boat thi, jo aapke parivaar ke liye ek safar ke liye banayi gayi thi. Yeh 23 metre ki, 30 ton ki lakdi ke hull waali boat thi, jo professional roop se banayi gayi thi. Aapne isey mahino tak taiyar kiya aur sabse khatarnaak mausam mein test kiya tha, jisse yeh bahut hi sahi aur majboot ho gayi. Iske baad aapne ise apne parivaar ke saath safar par lagaaya aur khushiyon mehman khana banaaya."" , ""explanation"": ""Wavewalker boat ek bahut hi",4.635,519,"Wavewalker 23 metre, 30 ton ka lakdi ke hull waali boat thi, jo professionally banayi gayi thi. Family ne mahino tak usse taiyar kiya aur sabse khatarnaak mausam mein test kiya tha.",8.5
56,llama-3.1-8b-instant,"Wavewalker boat ke baare mein batao, jo family ne apne safar ke liye use kiya tha. Humari Wavewalker boat, 23 metre, 30 ton ka lakdi ke hull waali boat, professionally banayi gayi thi, aur humne mahino tak usse taiyar kiya aur sabse khatarnaak mausam mein test kiya tha.",hierarchical_context,"Arre bhai, wahan ek bahut hi interesting story hai. Wavewalker boat, jise aap ek parivaar ke safar ke liye use kiya tha, usne bahut hi kam udaaharanon mein apna kaam kiya hai.

Yeh 23 meter, 30 ton ki lakdi ke hull waali boat thi, jo professionally banayi gayi thi. Iska matlab hai ki yeh bahut hi strong aur secure thi. Boat ke makers ne iske liye bahut hi acchi quality ka material use kiya tha, jisse yeh bahut hi durable bhi thi.

Ab, yeh pata hai ki aapne is boat ko mahino tak taiyar kiya aur s",5.99,583,"Wavewalker 23 metre, 30 ton ka lakdi ke hull waali boat thi, jo professionally banayi gayi thi. Family ne mahino tak usse taiyar kiya aur sabse khatarnaak mausam mein test kiya tha.",8.5
56,llama-3.1-8b-instant,"Wavewalker boat ke baare mein batao, jo family ne apne safar ke liye use kiya tha. Humari Wavewalker boat, 23 metre, 30 ton ka lakdi ke hull waali boat, professionally banayi gayi thi, aur humne mahino tak usse taiyar kiya aur sabse khatarnaak mausam mein test kiya tha.",rag_style,"Ek family ne apne safar ke liye ek Wavewalker boat ka upyog kiya tha, jo 23 metre lama aur 30 ton ki lakdi ke hull waali boat tha. Yeh boat professionally banayi gayi thi, aur family ne isey mahino tak taiyar kiya aur sabse khatarnaak mausam mein test kiya tha.",5.279,235,"Wavewalker 23 metre, 30 ton ka lakdi ke hull waali boat thi, jo professionally banayi gayi thi. Family ne mahino tak usse taiyar kiya aur sabse khatarnaak mausam mein test kiya tha.",8.5
56,llama-3.1-8b-instant,"Wavewalker boat ke baare mein batao, jo family ne apne safar ke liye use kiya tha. Humari Wavewalker boat, 23 metre, 30 ton ka lakdi ke hull waali boat, professionally banayi gayi thi, aur humne mahino tak usse taiyar kiya aur sabse khatarnaak mausam mein test kiya tha.",tree_of_thought,"Mujhe 2-3 tarah se sochne ki koshish ki:

1. **Safar ki yatra**: Maine socha ki Wavewalker boat ek family ke liye ek safar ki yatra ke liye taiyar ki gayi thi. Maine socha ki family ne apne parivaar ke sadasyon ke saath is boat ko kaam lena tha, jismein bachche, bade log aur aadmi-aurat sab shaamil the.

2. **Boat ki visheshta**: Maine socha ki Wavewalker boat ki visheshta hai ki yeh 23 meter ki aur 30 ton ki lakdi ke hull waali hai. Maine socha ki is boat ko professionally banaya gaya hai, jiss",2.943,536,"Wavewalker 23 metre, 30 ton ka lakdi ke hull waali boat thi, jo professionally banayi gayi thi. Family ne mahino tak usse taiyar kiya aur sabse khatarnaak mausam mein test kiya tha.",8.5
56,llama-3.1-8b-instant,"Wavewalker boat ke baare mein batao, jo family ne apne safar ke liye use kiya tha. Humari Wavewalker boat, 23 metre, 30 ton ka lakdi ke hull waali boat, professionally banayi gayi thi, aur humne mahino tak usse taiyar kiya aur sabse khatarnaak mausam mein test kiya tha.",agentic_context,"Arre, yeh Wavewalker boat kaafi interesting hai. Yeh 23 meter ki, 30 ton ki lakdi ke hull waali boat hai, jo family ke liye design ki gayi thi. Yeh boat professionally banayi gayi thi, jiska matlab hai ki ismein kafi expertise aur hard work ka samna karna padta hai.

Mujhe lagta hai ki yeh family kai mahino tak boat ko taiyar karne ke baad usne test kiya, aur vah sabse khatarnaak mausam mein bhi uski performance ko check kiya. Yeh kaha jaata hai ki Wavewalker boat ki design aur construction ki q",4.631,386,"Wavewalker 23 metre, 30 ton ka lakdi ke hull waali boat thi, jo professionally banayi gayi thi. Family ne mahino tak usse taiyar kiya aur sabse khatarnaak mausam mein test kiya tha.",8.5
57,llama-3.1-8b-instant,"Sir, what is an ecosystem, kya ye koi living thing hai?",zero_shot,"Ek ecosystem toh baat yeh hai ki woh ek sammilit system hai jismein jeev aur anjeev dono hai. Yeh ek hi samay par ek-doosre se juda hua hai aur ek- doosre par aasrirt hai. Jeev, jaise ke jeevon, pattharon, paani, hawa, aur anya jeev hai, anjeev, jaise ke mitti, paudhon, aur anya anjeev hai, jo is system mein kaam karte hain.

Toh, yeh ek ecosystem ek living entity nahin hai, lekin yeh jeev aur anjeev ke beech ek sammilit system hai. Ismein jeev aur anjeev dono ek- doosre se juda hua hai aur ek- ",1.592,260,"Nahi, ecosystem ek tarah ka biological community hai jisme living aur non-living components interact karte hain, jaise ki plants, animals, soil, air, aur water.",8.5
57,llama-3.1-8b-instant,"Sir, what is an ecosystem, kya ye koi living thing hai?",few_shot,"Arre bhai, ecosystem koi living thing nahi hai, yeh ek jatil prakriya hai. Yeh ek kiran hai jo sabhi living aur non-living sthitiyon ka sanyojan hai, jaise ki jeev, bhumi, paani, hawa, aur anya. Yeh sabhi sthitiyan ek dusre se jude hote hain aur ek dusre par asar daalte hain, jisse ek sthayi aur swayam-sampann samuday banana hota hai.",3.39,212,"Nahi, ecosystem ek tarah ka biological community hai jisme living aur non-living components interact karte hain, jaise ki plants, animals, soil, air, aur water.",8.5
57,llama-3.1-8b-instant,"Sir, what is an ecosystem, kya ye koi living thing hai?",chain_of_thought,"Ek ecosystem ke baare mein sochne se shuru karte hain. 

Step 1: Ek ecosystem ek system hai jismein sab kuchh samay ke saath badalta hai. Yeh ek chakra hai jismein living aur non-living components milte hain.

Step 2: Kya yeh living thing hai? Haan, lekin yeh ek living thing ka ek group hai. Ek ecosystem mein sabhi living creatures, jaise ki jeev, patjhad, pradushan, aur anya organisms shaamil hain.

Step 3: Ab, kya non-living components ka kya role hai? Vah bhi ek mahatvapoorn hissa hain. Abiot",1.85,401,"Nahi, ecosystem ek tarah ka biological community hai jisme living aur non-living components interact karte hain, jaise ki plants, animals, soil, air, aur water.",8.5
57,llama-3.1-8b-instant,"Sir, what is an ecosystem, kya ye koi living thing hai?",structured_context,"{""answer"": ""Nahin, sir, ecosystem ek non-living thing hai"", ""explanation"": ""Ecosystem ek jami hui sthitiyon ka samuh hai jo ek dusre se judi hui hain aur inmein living aur non-living tatva shaamil hain, jaise ki ped, jangle, jal, mitti adi. Ye sab ek dusre se judi hui sthitiyon ka ek samuh hai jo ek dusre ko prabhaavit karte hain aur ek dusre ke liye aavashyak hote hain. Ismein living thing jaise ki ped, jaanwar, pattharon ki sthitiyon ke saath hi non-living thing jaise ki mitti, jal, hawa shaam",3.57,245,"Nahi, ecosystem ek tarah ka biological community hai jisme living aur non-living components interact karte hain, jaise ki plants, animals, soil, air, aur water.",2.0
57,llama-3.1-8b-instant,"Sir, what is an ecosystem, kya ye koi living thing hai?",hierarchical_context,"Bachcho, ecosystem ek bahut hi important aur vastavik vishay hai, jiska samajhne ke liye humein kuchh baat karni hain.

Ecosystem kya hai? Iske bare mein kaha jata hai ki yeh ek suchi hai jo sabhi jeev aur jeevanshailiyo ko shamil karta hai, jo ek dusre ke saath judi hui hoti hain. Ismein living aur non-living tatvon ka sangam hota hai, jaise ki ped, praniyaan, patthar, mitti, paani, hawa aur adhik.

To, kya ecosystem ek living thing hai? Na, yeh nahin hai. Yeh ek vastavik aur samanya system hai",3.035,504,"Nahi, ecosystem ek tarah ka biological community hai jisme living aur non-living components interact karte hain, jaise ki plants, animals, soil, air, aur water.",8.5
57,llama-3.1-8b-instant,"Sir, what is an ecosystem, kya ye koi living thing hai?",rag_style,"Arre beta, ecosystem koi living thing nahin hai. Ecosystem jo hai, vo ek samagri hai jo jeev aur bhugol dwara bana hui hai. Ismein living things jaise koi plants, animals, fungi, aur microbes hote hain, aur unke liye upastith bhugol jaise soil, pani, hawa, aur anya vastuein bhi shamil hote hain. Yeh sab samagri ek-doosre ke saath milkar ek system ka nirman karti hain jise hum ecosystem kahte hain.",4.505,212,"Nahi, ecosystem ek tarah ka biological community hai jisme living aur non-living components interact karte hain, jaise ki plants, animals, soil, air, aur water.",8.5
57,llama-3.1-8b-instant,"Sir, what is an ecosystem, kya ye koi living thing hai?",tree_of_thought,"Arre bhai, main sochta hoon... 

1. Ek ecosystem ek saath mein sabhi living aur non-living things ko kehte hain jo ek doosre ke saath jude huye hain. Yeh ecosystem ko ek hi jgah par ek system ke roop mein kaam karta hai.
2. Ismein main sochta hoon ki ecosystem ek system hai jo living aur non-living things ko ek saath mein shamil karta hai, lekin yeh ek living thing nahin hai.
3. Phir main sochta hoon ki ecosystem ek complex system hai jo sabhi living aur non-living things ko ek saath mein shamil",2.624,324,"Nahi, ecosystem ek tarah ka biological community hai jisme living aur non-living components interact karte hain, jaise ki plants, animals, soil, air, aur water.",8.5
57,llama-3.1-8b-instant,"Sir, what is an ecosystem, kya ye koi living thing hai?",agentic_context,"Ek accha sawaal hai, let me think. 

Step 1: Understand question
Question ka matlab hai, kya ek ecosystem ek living thing hai ya nahin. Yeh sawaal ek ecosystem ki definition aur boundaries ka hai.

Step 2: Recall knowledge
Mujhe yaad hai ki ecosystem ek jatil prakriya hai, jo kai living aur non-living things ko shamil karta hai. Ye jatil prakriya ek system ke roop mein kaam karti hai, jismein kai components hote hain, jaise ki plants, animals, soil, water, aur hawa.

Step 3: Give accurate answer",3.819,449,"Nahi, ecosystem ek tarah ka biological community hai jisme living aur non-living components interact karte hain, jaise ki plants, animals, soil, air, aur water.",8.5
58,llama-3.1-8b-instant,"Disaster ke baad ship ko repair karne aur flooding ko manage karne mein narrator ko kaun kaun se challenges ka saamna karna pada? Jab starboard side se paani andar aa raha tha, toh narrator ne kya kya kiya?",zero_shot,"Bhai, disaster ke baad ship ko repair karne aur flooding ko manage karne mein narrator ko bahut se challenges ka saamna karna pada. Jab starboard side se paani andar aa raha tha, toh narrator ne kuch khatarnak kaam kiye. Vah ne engine room mein jaakar paani ko Nikalne ke liye kaam shuru kiya. Usne paani ke naliyan ko band karne ke liye valve khole, jisse paani engine room se bahar nikal gaya.

Phir, vah ne ship ke lower decks mein jaakar paani ko Nikalne ke liye kaam kiya. Usne paani ko bahar ni",3.112,521,"Narrator ko starboard side ke holes pe canvas stretch karna aur waterproof hatch covers secure karna bahut mushkil laga. Uske baad hand pumps block ho gaye, electric pump short-circuit ho gayi, aur do spare hand pumps bhi samundar mein gir gaye. Phir narrator ne chartroom ke neeche se ek aur electri",8.5
58,llama-3.1-8b-instant,"Disaster ke baad ship ko repair karne aur flooding ko manage karne mein narrator ko kaun kaun se challenges ka saamna karna pada? Jab starboard side se paani andar aa raha tha, toh narrator ne kya kya kiya?",few_shot,"Disaster ke baad ship ko repair karne aur flooding ko manage karne mein narrator ko bahut saare challenges ka saamna karna pada. 

Jab starboard side se paani andar aa raha tha, toh narrator ne pehle hi kaafi tarah se damage ho gaya thela ko band karke paani ke flow ko stop karne ki koshish ki. Iske baad, unhone water pumps ko chalu karke flooding ko control karne ki koshish ki, lekin unhe lagta tha ki yeh kaam nahin kar raha hai. 

Iske baad, unhone ship ke lower compartments mein paani ke leve",5.631,395,"Narrator ko starboard side ke holes pe canvas stretch karna aur waterproof hatch covers secure karna bahut mushkil laga. Uske baad hand pumps block ho gaye, electric pump short-circuit ho gayi, aur do spare hand pumps bhi samundar mein gir gaye. Phir narrator ne chartroom ke neeche se ek aur electri",8.5
58,llama-3.1-8b-instant,"Disaster ke baad ship ko repair karne aur flooding ko manage karne mein narrator ko kaun kaun se challenges ka saamna karna pada? Jab starboard side se paani andar aa raha tha, toh narrator ne kya kya kiya?",chain_of_thought,"Chalo, main aapko step-by-step ke through ek baat sunaunga.

1. Disaster ke baad, ship ko repair karne aur flooding ko manage karne mein narrator ko sabse bade challenge ka saamna karna padega. Unhein apne team ke saath kadam uthana hoga aur apni zindagi aur doosron ki zindagi bachaane ke liye kuch bhi karne ke liye taiyar hona hoga.

2. Jab starboard side se paani andar aa raha tha, toh narrator ko is situation mein handle karne ki zaroorat thi. Unhein apne team ke saath mil kar paani ko andar ",4.358,790,"Narrator ko starboard side ke holes pe canvas stretch karna aur waterproof hatch covers secure karna bahut mushkil laga. Uske baad hand pumps block ho gaye, electric pump short-circuit ho gayi, aur do spare hand pumps bhi samundar mein gir gaye. Phir narrator ne chartroom ke neeche se ek aur electri",8.5
58,llama-3.1-8b-instant,"Disaster ke baad ship ko repair karne aur flooding ko manage karne mein narrator ko kaun kaun se challenges ka saamna karna pada? Jab starboard side se paani andar aa raha tha, toh narrator ne kya kya kiya?",structured_context,"{""answer"": ""Disaster ke baad ship ko repair karne aur flooding ko manage karne mein narrator ko kai challenges ka saamna karna pada. Jab starboard side se paani andar aa raha tha, toh narrator ne kuch is tarah ki karyavaahi ki: 
1. Paani ko andar se bahar nikalna: Paani ko andar se bahar nikalne ke liye, narrator ne starboard side ki deewaron ko khola aur paani ko andar se bahar nikalne ke liye pumpaayen ka upyog kiya.
2. Paani se bachna: Paani se bachne ke liye, narrator ne ship ke andar ki saf",7.546,518,"Narrator ko starboard side ke holes pe canvas stretch karna aur waterproof hatch covers secure karna bahut mushkil laga. Uske baad hand pumps block ho gaye, electric pump short-circuit ho gayi, aur do spare hand pumps bhi samundar mein gir gaye. Phir narrator ne chartroom ke neeche se ek aur electri",8.5
58,llama-3.1-8b-instant,"Disaster ke baad ship ko repair karne aur flooding ko manage karne mein narrator ko kaun kaun se challenges ka saamna karna pada? Jab starboard side se paani andar aa raha tha, toh narrator ne kya kya kiya?",hierarchical_context,"Bilkul, ab hum disaster ke baad ship ko repair karne aur flooding ko manage karne mein narrator ko kya-saya saamna karna pada, woh batata hoon.

Jab ship par disaster ho gaya aur starboard side se paani andar aa raha tha, toh narrator ko bahut saari challenges ka saamna karna pada. Pehle, unhein ship ko stable karne ka plan banana tha, jisse ki paani andar aa raha na hoga. Iske liye, unhone ship ki stabilty ko badhane ke liye kai kadam uthaye.

Dusre, narrator ko ship ke electrical system ko rep",5.039,733,"Narrator ko starboard side ke holes pe canvas stretch karna aur waterproof hatch covers secure karna bahut mushkil laga. Uske baad hand pumps block ho gaye, electric pump short-circuit ho gayi, aur do spare hand pumps bhi samundar mein gir gaye. Phir narrator ne chartroom ke neeche se ek aur electri",8.5
58,llama-3.1-8b-instant,"Disaster ke baad ship ko repair karne aur flooding ko manage karne mein narrator ko kaun kaun se challenges ka saamna karna pada? Jab starboard side se paani andar aa raha tha, toh narrator ne kya kya kiya?",rag_style,"Ye question hai: Disaster ke baad ship ko repair karne aur flooding ko manage karne mein narrator ko kaun kaun se challenges ka saamna karna pada? Jab starboard side se paani andar aa raha tha, toh narrator ne kya kya kiya?

Jawab: Disaster ke baad ship ko repair karne aur flooding ko manage karne mein narrator ko bahut se challenges ka saamna karna pada. Jab starboard side se paani andar aa raha tha, toh narrator ne:

- Paani andar kee ghatnaon ko kam kiya, tab tak ki woh apne equipment aur cre",6.842,416,"Narrator ko starboard side ke holes pe canvas stretch karna aur waterproof hatch covers secure karna bahut mushkil laga. Uske baad hand pumps block ho gaye, electric pump short-circuit ho gayi, aur do spare hand pumps bhi samundar mein gir gaye. Phir narrator ne chartroom ke neeche se ek aur electri",8.5
58,llama-3.1-8b-instant,"Disaster ke baad ship ko repair karne aur flooding ko manage karne mein narrator ko kaun kaun se challenges ka saamna karna pada? Jab starboard side se paani andar aa raha tha, toh narrator ne kya kya kiya?",tree_of_thought,"Mujhe 3-4 tarah se sochne ka mauka mila hai. 

Pehla soch: 

- Yeh problem hai ki ship ke starboard side se paani andar aa raha tha, jisse narrator ko koi bhi equipment kaam karne mein mushkila ho rahi thi.
- Isliye, narrator ne lagbhag sabhi equipment ko shift karke port side (dusri side) par laga diya, taki vo kuchh bhi kar sake.
- Lekin, yeh shift karne se bhi mushkilein aayi, jaise ki equipment ko shift karne ke liye zyada samay lag gaya, aur shift karne ke baad equipment kaam karne mein mus",4.965,669,"Narrator ko starboard side ke holes pe canvas stretch karna aur waterproof hatch covers secure karna bahut mushkil laga. Uske baad hand pumps block ho gaye, electric pump short-circuit ho gayi, aur do spare hand pumps bhi samundar mein gir gaye. Phir narrator ne chartroom ke neeche se ek aur electri",8.5
58,llama-3.1-8b-instant,"Disaster ke baad ship ko repair karne aur flooding ko manage karne mein narrator ko kaun kaun se challenges ka saamna karna pada? Jab starboard side se paani andar aa raha tha, toh narrator ne kya kya kiya?",agentic_context,"Arre, main samajh gaya hai question ka matlab. 

Step 1: Pehle, main samajh gaya ki disaster ke baad ship ko repair karne aur flooding ko manage karne mein narrator ko kya challenges ka saamna karna pada. 

Step 2: Ab, main yeh soch raha hoon... maine kuchh pustake padhi hain, jismein likha hai ki jab ship mein flooding hoti hai, toh uska repair karna aur flooding ko manage karna bahut mahaan task hota hai. 

Step 3: Ab, main yeh baat bataunga ki jab starboard side se paani andar aa raha tha, to",5.921,534,"Narrator ko starboard side ke holes pe canvas stretch karna aur waterproof hatch covers secure karna bahut mushkil laga. Uske baad hand pumps block ho gaye, electric pump short-circuit ho gayi, aur do spare hand pumps bhi samundar mein gir gaye. Phir narrator ne chartroom ke neeche se ek aur electri",8.5
59,llama-3.1-8b-instant,"Ma'am, photosynthesis kya hota hai?",zero_shot,"Arre, photosynthesis toh ek bahut hi bada process hai. Yeh hai jo planton aur kai anya jivaniyon dwara hua hota hai, jahan ve suraj ki energy ko uthate hain aur usse glucose aur oxygen banate hain. Yeh ek aisa process hai jahan planton ke patton par present hote hain, jaise ki chloroplasts.

Yeh process aisa hota hai ki planton ne apne patton par pigment chlorophyll rakha hota hai, jise suraj ki kiya light absorb karta hai. Jab yeh light absorb hota hai, toh yeh energy planton ke phoolon mein ut",3.588,250,"Photosynthesis ek aisa prakriya hai jismein paudhe surya ki roshni, carbon dioxide, aur paani ka upyog karke glucose aur oxygen banate hain. Yeh prakriya paudhon ke liye bahut mahatvapoorn hai.",8.5
59,llama-3.1-8b-instant,"Ma'am, photosynthesis kya hota hai?",few_shot,Ma'am photosynthesis ek aisa process hai jahan plants neeche ke dain ke paani aur hara hua oxygen produce karte hain. Yeh sab process ek chhoti chhoti cells ke through hota hai jo plants ke pataal mein hoti hai.,2.357,146,"Photosynthesis ek aisa prakriya hai jismein paudhe surya ki roshni, carbon dioxide, aur paani ka upyog karke glucose aur oxygen banate hain. Yeh prakriya paudhon ke liye bahut mahatvapoorn hai.",8.5
59,llama-3.1-8b-instant,"Ma'am, photosynthesis kya hota hai?",chain_of_thought,"Arre, photosynthesis ka matlab kya hai? Photosynthesis kya hota hai, yeh pata lagane ke liye hum isse kuch steps mein tulna sakte hain:

1. **Pratham step**: Photosynthesis kya hota hai, yeh pata lagane ke liye humein pahle jaanne honge ki yeh kya hai. Photosynthesis hai ek prakriya jo plants aur algae mein hoti hai.

2. **Dusra step**: Yah prakriya hoti hai toh kya hota hai? Photosynthesis mein plants aur algae chaukidar ke roop mein hoti hai, jo har din suraj ki roshni ki madad se oxygen aur g",1.823,473,"Photosynthesis ek aisa prakriya hai jismein paudhe surya ki roshni, carbon dioxide, aur paani ka upyog karke glucose aur oxygen banate hain. Yeh prakriya paudhon ke liye bahut mahatvapoorn hai.",8.5
59,llama-3.1-8b-instant,"Ma'am, photosynthesis kya hota hai?",structured_context,"{""answer"": ""Photosynthesis ek prakriya hai jismein paudhe suraj ki roshni ka upyog karke khadya pattiyon aur oxygen ka nirman karte hain."", ""explanation"": ""Is prakriya mein paudhe suraj ki roshni ka upyog karke vanya gas (carbon dioxide) aur paani ka upyog karke glucose aur oxygen ka nirman karte hain. Glucose paudhe ka khadya pattiyon ke roop mein hota hai, jisse unke shakti kee avashyaktaa puri hoti hai. Oxygen paudhe ko utpann karta hai, jisse hamein hawa me pranaavayu (oxygen) milta hai.""}",4.507,240,"Photosynthesis ek aisa prakriya hai jismein paudhe surya ki roshni, carbon dioxide, aur paani ka upyog karke glucose aur oxygen banate hain. Yeh prakriya paudhon ke liye bahut mahatvapoorn hai.",8.5
59,llama-3.1-8b-instant,"Ma'am, photosynthesis kya hota hai?",hierarchical_context,"Photosynthesis kaafi jatila shabd hai, lekin main aapko samajhne mein madad karungi. Photosynthesis yah hai jab taazaa paani aur carbon dioxide ko hawa mein milakar oxygen aur glucose banate hain. 

Is prakriya mein, green patton (chlorophyll) ke madhyam se surya ka uttarang paaya jaata hai, jisse oxygen aur glucose utpann hote hain. Oxygen hamaare liye zaroori hai, aur glucose pedon aur anya jeevon ke liye aahar ka srot hai.

Is prakriya ko samajhne ke liye, aapko yeh yaad rakhna hoga: 

- Carb",2.748,383,"Photosynthesis ek aisa prakriya hai jismein paudhe surya ki roshni, carbon dioxide, aur paani ka upyog karke glucose aur oxygen banate hain. Yeh prakriya paudhon ke liye bahut mahatvapoorn hai.",8.5
59,llama-3.1-8b-instant,"Ma'am, photosynthesis kya hota hai?",rag_style,"Arre beta, photosynthesis kuchh aisa hota hai jaha prakriti khali gas ko oxygen aur glucose mein badal deti hai. Ismein prakash, carbon dioxide aur paani ka upyog hota hai.",3.24,130,"Photosynthesis ek aisa prakriya hai jismein paudhe surya ki roshni, carbon dioxide, aur paani ka upyog karke glucose aur oxygen banate hain. Yeh prakriya paudhon ke liye bahut mahatvapoorn hai.",5.0
59,llama-3.1-8b-instant,"Ma'am, photosynthesis kya hota hai?",tree_of_thought,"Arre, photosynthesis ke bare mein sochne ka ek tareeka ye hai:

1. **Jeevan ki prakash-se jal prasad**: Photosynthesis ek prakriya hai jo prithvi par jal aur hawa ki sankhya ko badhane mein madad karta hai. Ismein hamaare jeev aur jal mein prakash ka upyog hokar oxygen aur glucose ki sthiti banati hai.

2. **Paudhon ki prakritik jal prasad**: Photosynthesis kaa ek prakaar ek prakritik jal prasad hai jismein paudhein prakash ka upyog karke apni aavashyakata ke anusaar jal aur hawa ki sankhya ko b",1.759,370,"Photosynthesis ek aisa prakriya hai jismein paudhe surya ki roshni, carbon dioxide, aur paani ka upyog karke glucose aur oxygen banate hain. Yeh prakriya paudhon ke liye bahut mahatvapoorn hai.",8.5
59,llama-3.1-8b-instant,"Ma'am, photosynthesis kya hota hai?",agentic_context,"Arre, photosynthesis kya hai? Yeh ek bahut hi mahatvapoorn prakriya hai jo hamaare jeevan ke liye bahut zaroori hai. 

Step 1: Understand question - Photosynthesis kya hai? Yeh puchhne se pata lagta hai ki humko photosynthesis ke bare mein jaanne ki zaroorat hai.

Step 2: Recall knowledge - Photosynthesis ek prakriya hai jismein paudhe surya ki energya ka upyog karte hain apna roopantaran karne ke liye. Yeh prakriya hawa aur paani donon se hokar carbon dioxide aur oxygen dono ko pradaan karta ha",3.749,479,"Photosynthesis ek aisa prakriya hai jismein paudhe surya ki roshni, carbon dioxide, aur paani ka upyog karke glucose aur oxygen banate hain. Yeh prakriya paudhon ke liye bahut mahatvapoorn hai.",8.5
60,llama-3.1-8b-instant,"Ma'am, kya ancient India meh koi mahila ruler thi?",zero_shot,"Bilkul, ma'am! Ancient India meh bahut se mahila ruler the. Ek aisi mahila thi Lakshmibai, woh Jhansi ki rani thi aur 1857 ke videshi aagyat ke khilaf ladne wali ek prasiddh nayika thi.

Doosri, ma'am, thi Rani Durgavati, joh 16vi shatabdi meh Malwa ki rani thi aur apni shakti aur netai ke liye prasiddh thi.

Toh, ma'am, yeh kaha ja sakta hai ki ancient India meh mahila ruler thi, aur unhone apne samay meh bahut prabhav daalaa.",2.479,222,"Haan, ancient India meh kai mahila rulers thi, jaise ki Rani Lakshmibai, Rani Durgavati, aur Razia Sultan. Unhone apne samay meh bahut sahi prashasan kiya tha.",8.5
60,llama-3.1-8b-instant,"Ma'am, kya ancient India meh koi mahila ruler thi?",few_shot,"Beti, haan bai, ancient India meh bhi kai mahila rulers the. Unmein se ek bahut hi prasiddh mahila rani thi, Chandragupta Maurya ke beti aur Ashoka ke bhai ki patni, Durdha neeche ki beti Rani Durgavati. Vah Mughal samrajya ke kai saal ke liye Madhya Pradesh ki rani thi aur apne shuureeti aur kushalata ke liye prasiddh thi.",3.402,209,"Haan, ancient India meh kai mahila rulers thi, jaise ki Rani Lakshmibai, Rani Durgavati, aur Razia Sultan. Unhone apne samay meh bahut sahi prashasan kiya tha.",8.5
60,llama-3.1-8b-instant,"Ma'am, kya ancient India meh koi mahila ruler thi?",chain_of_thought,"Arre, yeh sawaal bahut interesting hai. Main iska jawab tayaar karta hoon.

Step 1: Hum pehle ancient India ki samay-saat par jaate hain jab India meh vibhinn rajyon ka gathan tha.

Step 2: Is samay meh, kai mahilaon ne apne parivar aur samaj ke liye mahatvapoorn bhoomika nibhayi thi.

Step 3: Agar hum is samay ke mahila shasan ko dekhte hain, to hume pata chalta hai ki unhone apne pati, pita, aur bhaiyon ke sath saath ek mahatvapoorn sthani par kaam kiya tha.

Step 4: Ek aisi mahila shasan hai ",1.804,414,"Haan, ancient India meh kai mahila rulers thi, jaise ki Rani Lakshmibai, Rani Durgavati, aur Razia Sultan. Unhone apne samay meh bahut sahi prashasan kiya tha.",8.5
60,llama-3.1-8b-instant,"Ma'am, kya ancient India meh koi mahila ruler thi?",structured_context,"{""answer"": ""Haan, ancient India meh kai mahila rulers thi."", ""explanation"": ""Ek pramukh udaharan hai Rani Lakshmibai, jo Jhansi ki rani thi aur 1857 ki Bharatiya vidroh mein shaamil thi. Anya mahila rulers mein Rani Durgavati, Rani Karnavati aur Rani Chennamma shaamil hain. Ve sabhi apne samay ke sammil samaj mein ek mahatvapoorn bhoomika nibhayi thi. ""}",3.364,194,"Haan, ancient India meh kai mahila rulers thi, jaise ki Rani Lakshmibai, Rani Durgavati, aur Razia Sultan. Unhone apne samay meh bahut sahi prashasan kiya tha.",8.5
60,llama-3.1-8b-instant,"Ma'am, kya ancient India meh koi mahila ruler thi?",hierarchical_context,"Beta, aapke sawaal ko samajhne ke liye main aapko ek aisi aur badi baat sunaati hoon. Haan, ancient India meh koi mahila ruler thi. 

Unki naam hain Rani Lakshmibai, jo ki Jhansi ki rani thi. Unhone Bharat ki swatantrata aandolan meh bhi ek badi bhoomika nibhai thi. Ve 1857 ki Bharatiya vidroh meh shamil thi aur British sarkar ke khilaaf ladai ladi.

Phir se, ek aur mahila ruler thi Rani Chennamma. Unhone Kittur ki rani thi aur unhone bhi British sarkar ke khilaaf ladai ladi. Unhone 1824 mein Ki",2.973,433,"Haan, ancient India meh kai mahila rulers thi, jaise ki Rani Lakshmibai, Rani Durgavati, aur Razia Sultan. Unhone apne samay meh bahut sahi prashasan kiya tha.",8.5
60,llama-3.1-8b-instant,"Ma'am, kya ancient India meh koi mahila ruler thi?",rag_style,"Arre, ma'am, yahaan kai mahila rulers the the ancient India meh. 

Ek example hai Rani Lakshmibai, jo ki Jhansi ke rani the aur unhone 1857 ke Bhagat Singh ke andolan meh apni jagah li thi.

Uske alawa, Savitribai Phule, Rani Ahilyabai Holkar, aur Chand Bibi jaise mahila bhi the the ancient India meh jo apne rajya ko prabandhit karne meh mahaan bhoomika nibhayi thi.",4.431,208,"Haan, ancient India meh kai mahila rulers thi, jaise ki Rani Lakshmibai, Rani Durgavati, aur Razia Sultan. Unhone apne samay meh bahut sahi prashasan kiya tha.",8.5
60,llama-3.1-8b-instant,"Ma'am, kya ancient India meh koi mahila ruler thi?",tree_of_thought,"Aapki sawaal ka jawab dene ke liye main tumhe 3 alag-alag cheezon par sochta hoon:

1. Pehla cheez: Ancient India mein mahilaon ki bhagidariyon par sochta hoon, jismein unki shiksha, samajik stithi, aur rajniti mein unki bhoomika hoti thi.
2. Doosra cheez: Main ek kai mahila shasakon ki khoj karta hoon jinhone ancient India mein raj kiyaa tha.
3. Tisra cheez: Main ek yojana banaata hoon jiske anusaar main koi mahila shasak ki khoj kar sakta hoon.

Ab, main aapko koi mahila shasak ka naam batata ",1.258,727,"Haan, ancient India meh kai mahila rulers thi, jaise ki Rani Lakshmibai, Rani Durgavati, aur Razia Sultan. Unhone apne samay meh bahut sahi prashasan kiya tha.",8.5
60,llama-3.1-8b-instant,"Ma'am, kya ancient India meh koi mahila ruler thi?",agentic_context,"Bilkul main samajh gaya. Ye sawal hai ki, purani Bharat mein koi mahila ruler thi ya nahin.

Step 2: Yaad karunga. 

Purani Bharat ke samay mein kai mahilaon ne rajya ki pesheshgi ki, lekin unke naamon ko abhi tak bahut kam jaana jaata hai. Ek mahila ruler jo hamesha ka naam liya jata hai, woh hai Rani Lakshmi Bai. Vah Jhansi ki rani thi aur 1857 ki Bharatiya vidroh ka ek mahatvapurn nayak thi.

Lekin yeh nahi kehna ki woh hi ek hi mahila ruler thi, na kehna ki unke naam hi aate hein. Dusri mahi",7.215,535,"Haan, ancient India meh kai mahila rulers thi, jaise ki Rani Lakshmibai, Rani Durgavati, aur Razia Sultan. Unhone apne samay meh bahut sahi prashasan kiya tha.",8.5
61,llama-3.1-8b-instant,"Kuch literary pieces ya chapters jo text ke starting me list hain, wo kya kya hain? Jaise ki The Portrait of a Lady, A Photograph, We’re Not Afraid to Die... if We Can All Be Together, Discovering Tut: the Saga Continues, The Laburnum Top, The Voice of the Rain, The Ailing Planet: the Green Movement’s Role, Childhood, The Adventure, Silk Road, aur Father to Son.",zero_shot,"Yeh text ke starting mein di gayi literary pieces ya chapters list hai, jismein kuch pramukh kahaniyan aur shabd-hastakshar hain:

1. The Portrait of a Lady: Yeh Henry James ki ek prasiddh novel hai, jo ek aristocrat lady ki jeevan yatra ko darshata hai.
2. A Photograph: Yeh Rabindranath Tagore ki ek gahrai-shaili ki kahani hai, jo ek photograph ke maadhyam se ek vishay ko utsahta hai.
3. We’re Not Afraid to Die... if We Can All Be Together: Yeh Rabindranath Tagore ki ek prasiddh poem hai, jo ek",5.964,677,"Text me kai titles list hain, jaise ki The Portrait of a Lady, A Photograph, We’re Not Afraid to Die... if We Can All Be Together, Discovering Tut: the Saga Continues, The Laburnum Top, The Voice of the Rain, The Ailing Planet: the Green Movement’s Role, Childhood, The Adventure, Silk Road, aur Fath",8.5
61,llama-3.1-8b-instant,"Kuch literary pieces ya chapters jo text ke starting me list hain, wo kya kya hain? Jaise ki The Portrait of a Lady, A Photograph, We’re Not Afraid to Die... if We Can All Be Together, Discovering Tut: the Saga Continues, The Laburnum Top, The Voice of the Rain, The Ailing Planet: the Green Movement’s Role, Childhood, The Adventure, Silk Road, aur Father to Son.",few_shot,"Bhaiya, ye literary pieces aur chapters ka list hai jo text ke starting me milta hai. Yeh hain:

1. The Portrait of a Lady: Ye Henry James ki ek novel hai jo ek aristocratic lady ki zindagi ka vishleshan karta hai.

2. A Photograph: Ye Rabindranath Tagore ki ek kahaani hai jo ek photograph se ek purana safar yaad karta hai.

3. We’re Not Afraid to Die... if We Can All Be Together: Ye Khalil Gibran ki ek poetry hai jo maut aur pyaar ke beech kaa sambandh karta hai.

4. Discovering Tut: the Saga C",5.803,564,"Text me kai titles list hain, jaise ki The Portrait of a Lady, A Photograph, We’re Not Afraid to Die... if We Can All Be Together, Discovering Tut: the Saga Continues, The Laburnum Top, The Voice of the Rain, The Ailing Planet: the Green Movement’s Role, Childhood, The Adventure, Silk Road, aur Fath",8.5
61,llama-3.1-8b-instant,"Kuch literary pieces ya chapters jo text ke starting me list hain, wo kya kya hain? Jaise ki The Portrait of a Lady, A Photograph, We’re Not Afraid to Die... if We Can All Be Together, Discovering Tut: the Saga Continues, The Laburnum Top, The Voice of the Rain, The Ailing Planet: the Green Movement’s Role, Childhood, The Adventure, Silk Road, aur Father to Son.",chain_of_thought,"Arre, yeh literary pieces ya chapters kuch alag-alag hain, lekin sabhi ek hi text ka hissa hain. To, yeh steps follow karte hain: 

1. Pehle, humein yeh samajhna hoga ki yeh sabhi kya literary pieces hain. The Portrait of a Lady Henry James ki novel hai, A Photograph  ek short story hai jo William Faulkner ka likha hua hai. We’re Not Afraid to Die... if We Can All Be Together, ek novel hai jo Sadeq Hedayat ka likha hua hai. Discovering Tut: the Saga Continues ek non-fiction book hai jo John L. T",6.976,578,"Text me kai titles list hain, jaise ki The Portrait of a Lady, A Photograph, We’re Not Afraid to Die... if We Can All Be Together, Discovering Tut: the Saga Continues, The Laburnum Top, The Voice of the Rain, The Ailing Planet: the Green Movement’s Role, Childhood, The Adventure, Silk Road, aur Fath",8.5
61,llama-3.1-8b-instant,"Kuch literary pieces ya chapters jo text ke starting me list hain, wo kya kya hain? Jaise ki The Portrait of a Lady, A Photograph, We’re Not Afraid to Die... if We Can All Be Together, Discovering Tut: the Saga Continues, The Laburnum Top, The Voice of the Rain, The Ailing Planet: the Green Movement’s Role, Childhood, The Adventure, Silk Road, aur Father to Son.",structured_context,"{""answer"": ""Yeh hain kuch literary pieces ya chapters jo text ke starting me list hain:\n- The Portrait of a Lady\n- A Photograph\n- We’re Not Afraid to Die... if We Can All Be Together\n- Discovering Tut: the Saga Continues\n- The Laburnum Top\n- The Voice of the Rain\n- The Ailing Planet: the Green Movement’s Role\n- Childhood\n- The Adventure\n- Silk Road\n- Father to Son"", ""explanation"": ""Ye sab literary pieces ya chapters text ke starting me list hain aur inhein apne karyon ya subject ke an",4.574,343,"Text me kai titles list hain, jaise ki The Portrait of a Lady, A Photograph, We’re Not Afraid to Die... if We Can All Be Together, Discovering Tut: the Saga Continues, The Laburnum Top, The Voice of the Rain, The Ailing Planet: the Green Movement’s Role, Childhood, The Adventure, Silk Road, aur Fath",8.5
61,llama-3.1-8b-instant,"Kuch literary pieces ya chapters jo text ke starting me list hain, wo kya kya hain? Jaise ki The Portrait of a Lady, A Photograph, We’re Not Afraid to Die... if We Can All Be Together, Discovering Tut: the Saga Continues, The Laburnum Top, The Voice of the Rain, The Ailing Planet: the Green Movement’s Role, Childhood, The Adventure, Silk Road, aur Father to Son.",hierarchical_context,"Beta, aaj hum literary pieces aur chapters ke baare mein baat karenge jo aapke text ke starting me list hain. Ye sab pieces aapko various topics aur kahaaniyon ko samjhane me madad karenge.

1. ""The Portrait of a Lady"" - Ye kahaani ek ladki ki hain jo apni maa se bachpan se hi alag hoti hai aur uske liye ek naya ghar aur naye parivaar ka sapna deti hai. Ye kahaani aapko bachpan ki duniya, maa-beti ki pyaar aur samajh ki dharnayen samajhne me madad karegi.

2. ""A Photograph"" - Ye kahaani ek chhot",3.753,856,"Text me kai titles list hain, jaise ki The Portrait of a Lady, A Photograph, We’re Not Afraid to Die... if We Can All Be Together, Discovering Tut: the Saga Continues, The Laburnum Top, The Voice of the Rain, The Ailing Planet: the Green Movement’s Role, Childhood, The Adventure, Silk Road, aur Fath",8.5
61,llama-3.1-8b-instant,"Kuch literary pieces ya chapters jo text ke starting me list hain, wo kya kya hain? Jaise ki The Portrait of a Lady, A Photograph, We’re Not Afraid to Die... if We Can All Be Together, Discovering Tut: the Saga Continues, The Laburnum Top, The Voice of the Rain, The Ailing Planet: the Green Movement’s Role, Childhood, The Adventure, Silk Road, aur Father to Son.",rag_style,"Yah kuch literary pieces ya chapters hain jo text ke starting me list hain:

1. The Portrait of a Lady - yeh kya hai?
2. A Photograph - kya hai?
3. We’re Not Afraid to Die... if We Can All Be Together - kya ye chapter hai?
4. Discovering Tut: the Saga Continues - kya yeh book ya chapter hai?
5. The Laburnum Top - yeh kya hai?
6. The Voice of the Rain - kya ye koi poem hai?
7. The Ailing Planet: the Green Movement’s Role - kya ye chapter hai?
8. Childhood - kya ye koi book hai?
9. The Adventure -",8.534,362,"Text me kai titles list hain, jaise ki The Portrait of a Lady, A Photograph, We’re Not Afraid to Die... if We Can All Be Together, Discovering Tut: the Saga Continues, The Laburnum Top, The Voice of the Rain, The Ailing Planet: the Green Movement’s Role, Childhood, The Adventure, Silk Road, aur Fath",8.5
61,llama-3.1-8b-instant,"Kuch literary pieces ya chapters jo text ke starting me list hain, wo kya kya hain? Jaise ki The Portrait of a Lady, A Photograph, We’re Not Afraid to Die... if We Can All Be Together, Discovering Tut: the Saga Continues, The Laburnum Top, The Voice of the Rain, The Ailing Planet: the Green Movement’s Role, Childhood, The Adventure, Silk Road, aur Father to Son.",tree_of_thought,"Bhai, maine is sawal ko 3 tarah se vichar kiya hai.

Pehla tareeka: 
Maine iske liye ek list banayi hai, jismein yah sab kuchh shamil hai, jo text ke starting me list hain. Yeh list hai: 

1. The Portrait of a Lady (Henry James)
2. A Photograph (R.K. Narayan)
3. We’re Not Afraid to Die... if We Can All Be Together (Arundhati Roy)
4. Discovering Tut: the Saga Continues (Kerry S. Graves)
5. The Laburnum Top (D.H. Lawrence)
6. The Voice of the Rain (Rudyard Kipling)
7. The Ailing Planet: the Green ",4.169,851,"Text me kai titles list hain, jaise ki The Portrait of a Lady, A Photograph, We’re Not Afraid to Die... if We Can All Be Together, Discovering Tut: the Saga Continues, The Laburnum Top, The Voice of the Rain, The Ailing Planet: the Green Movement’s Role, Childhood, The Adventure, Silk Road, aur Fath",8.5
61,llama-3.1-8b-instant,"Kuch literary pieces ya chapters jo text ke starting me list hain, wo kya kya hain? Jaise ki The Portrait of a Lady, A Photograph, We’re Not Afraid to Die... if We Can All Be Together, Discovering Tut: the Saga Continues, The Laburnum Top, The Voice of the Rain, The Ailing Planet: the Green Movement’s Role, Childhood, The Adventure, Silk Road, aur Father to Son.",agentic_context,"Arre, yeh question kafi interesting hai. Toh maine socha, ye sab chapters kahan se aaye hain. Aur maine yeh samajha ki yeh chapters kuch literary pieces hai jo text ke starting me list hain.

Meri yad mein aaya ki yeh sab chapters Wren & Martin ka English Literature ka textbook hai, jo students ke liye ek sabse popular textbook hai. Ismein Wren & Martin ne kai literary pieces ka chapter liya hai jo students ko English literature ke baare mein jaanne ke liye madad karte hain.

Ismein aane wale ku",8.955,598,"Text me kai titles list hain, jaise ki The Portrait of a Lady, A Photograph, We’re Not Afraid to Die... if We Can All Be Together, Discovering Tut: the Saga Continues, The Laburnum Top, The Voice of the Rain, The Ailing Planet: the Green Movement’s Role, Childhood, The Adventure, Silk Road, aur Fath",8.5
62,llama-3.1-8b-instant,"Jonathan ne apne papa se 5 January ko jab unse poocha gaya ki unki survival ke chances kya hain, toh usne kya kahaa?",zero_shot,"Yeh ek bahut hi aakhri sawaal tha, aur Jonathan ne bohot hi mushkilon ke dauraan jee jana tha. Jab unhone apne papa se poocha tha, to vah jaanta tha ki unki survival ke chances bahut kam hain. Lekin, Jonathan ne apne pita ko yeh bhi kaha ki vah apni zindagi ke liye ladne kaa izzat karta hai aur vah khud ko nahi chhodne kaa faisla karta hai.

Jonathan ka pita ne kaha tha ki unki survival ke chances lagbhag 3% hain, lekin Jonathan ne usee 3% ko apne liye 100% maana aur apni zindagi ke liye ladne k",3.568,263,"Jonathan ne kaha, 'humein marne ka dar nahi hai agar hum sab saath ho - tum, mummy, sue aur main'. Is statement se unki himmat aur parivaar ki ekta dikhayi di",8.5
62,llama-3.1-8b-instant,"Jonathan ne apne papa se 5 January ko jab unse poocha gaya ki unki survival ke chances kya hain, toh usne kya kahaa?",few_shot,"Bhai Jonathan ne apne papa se 5 January ko jab unse poocha gaya, toh usne kaha, ""Aapke survival ke chances zyada hain. Aap aage badhne ke liye kaafi strong hain. Aapke team ne aapko rescue karne ke liye kaafi mehnat ki hai.""",2.286,189,"Jonathan ne kaha, 'humein marne ka dar nahi hai agar hum sab saath ho - tum, mummy, sue aur main'. Is statement se unki himmat aur parivaar ki ekta dikhayi di",8.5
62,llama-3.1-8b-instant,"Jonathan ne apne papa se 5 January ko jab unse poocha gaya ki unki survival ke chances kya hain, toh usne kya kahaa?",chain_of_thought,"Arre, yeh sawaal bahut ajeeb hai. Toh, ham kuchh dhyaan se sochenge.

Step 1: Jonathan ka pata hai ki woh ek aisi jagah par hai jahaan uski survival ke chances kam hain. Isse aisa lagta hai ki use koi aisa situation hai jismein uski suraksha ki zaroorat hai.

Step 2: Jonathan ka papa koi doctor ya ek aisa vyakti hai jo aam taur par survival ke chances batate hai. Toh, ham aasani se anumaan lagaa sakte hain ki Jonathan ka papa doctor hai.

Step 3: Jonathan ka papa ko puchhna ki unki survival ke c",2.91,511,"Jonathan ne kaha, 'humein marne ka dar nahi hai agar hum sab saath ho - tum, mummy, sue aur main'. Is statement se unki himmat aur parivaar ki ekta dikhayi di",8.5
62,llama-3.1-8b-instant,"Jonathan ne apne papa se 5 January ko jab unse poocha gaya ki unki survival ke chances kya hain, toh usne kya kahaa?",structured_context,"{""answer"": ""Jonathan ne apne papa se 5 January ko jab unse poocha gaya ki unki survival ke chances kya hain, toh usne kahaa ki 3% hai."", ""explanation"": ""Jonathan ki kahani bahut hi prasiddh hai. Unhone apne papa se poocha tha ki agar ve apne paani ka sanchaam 48 ghante tak na khareedenge toh unki survival ke chances kya hain. Unka papa ne unhe 3% chance di thi.""}",4.414,214,"Jonathan ne kaha, 'humein marne ka dar nahi hai agar hum sab saath ho - tum, mummy, sue aur main'. Is statement se unki himmat aur parivaar ki ekta dikhayi di",8.5
62,llama-3.1-8b-instant,"Jonathan ne apne papa se 5 January ko jab unse poocha gaya ki unki survival ke chances kya hain, toh usne kya kahaa?",hierarchical_context,"Bachchon, aaj hum ek bahut hi bada aur ruchi lagane wala topic padhenge. Yeh topic hai Antarctica mein ek ladke ki kahani, jiska naam Jonathan hai. 

Antarctica mein ek vishal sthaan hai jahaan koi bhi jeev aasani se nahi rehta. Iske liye kai jagahon pe research kiya jaata hai aur duniya bhar ke log iske baare mein jaante hain.

Ab, Jonathan ne apne papa se 5 January ko jab unse poocha gaya ki unki survival ke chances kya hain, toh usne kaha, ""Mujhe lagta hai ki mera survival chance kam se kam 1",2.039,531,"Jonathan ne kaha, 'humein marne ka dar nahi hai agar hum sab saath ho - tum, mummy, sue aur main'. Is statement se unki himmat aur parivaar ki ekta dikhayi di",1.0
62,llama-3.1-8b-instant,"Jonathan ne apne papa se 5 January ko jab unse poocha gaya ki unki survival ke chances kya hain, toh usne kya kahaa?",rag_style,"Bhai, Jonathan ne apne papa se poocha, ""Mere survival ke chances kya hain?""  Toh usne kaha, ""Main aapki yeh baat sunke hamesha khush rehunga ki aap 5 January tak jeevit hain.""",5.467,166,"Jonathan ne kaha, 'humein marne ka dar nahi hai agar hum sab saath ho - tum, mummy, sue aur main'. Is statement se unki himmat aur parivaar ki ekta dikhayi di",8.5
62,llama-3.1-8b-instant,"Jonathan ne apne papa se 5 January ko jab unse poocha gaya ki unki survival ke chances kya hain, toh usne kya kahaa?",tree_of_thought,"Mujhe 3-4 tarah se sochne ka mauka mil raha hai. 

Pehla vikalp: Jonathan ne apne papa se poochha ki unki survival ke chances kitne hain, toh usne kaha, ""Mujhe khushkaste hain, lekin mujhe lagta hai ki meri survival ke chances bahut kam hain.""

Dusra vikalp: Jonathan ne apne papa se poochha ki unki survival ke chances kitne hain, toh usne kaha, ""Main thoda chinta kar raha hoon, lekin mujhe lagta hai ki meri survival ke chances theek hain.""

Teesra vikalp: Jonathan ne apne papa se poochha ki unki",1.677,396,"Jonathan ne kaha, 'humein marne ka dar nahi hai agar hum sab saath ho - tum, mummy, sue aur main'. Is statement se unki himmat aur parivaar ki ekta dikhayi di",2.0
62,llama-3.1-8b-instant,"Jonathan ne apne papa se 5 January ko jab unse poocha gaya ki unki survival ke chances kya hain, toh usne kya kahaa?",agentic_context,"Arre yaar, main samajhne ke baad hi baat karoonga. 

Question: Jonathan ne apne papa se 5 January ko jab unse poocha gaya ki unki survival ke chances kya hain, toh usne kya kahaa?

Step 2: Recall knowledge (yeh hamaare paas aata hai) 
Jonathan, uska naam toh aapke paas aata hoga? Arre yaar, main pata chala ki Jonathan hai us NASA ke astronaut, jo space yatra par gaye hain. 

Unhone 1967 mein yeh yatra ki thi. Unke survival ke chances aapke paas kya hain? Chalo, main samajhne ki koshish karoonga.",4.132,569,"Jonathan ne kaha, 'humein marne ka dar nahi hai agar hum sab saath ho - tum, mummy, sue aur main'. Is statement se unki himmat aur parivaar ki ekta dikhayi di",8.5
63,llama-3.1-8b-instant,"Ma'am, what is the concept of ecosystem, yeh kya hota hai?",zero_shot,"Arre, ecosystem ke bare mein kuch bataata hoon. Ecosystem ek hi jagah mein rehne wale jeev aur bhoomi ki satah ke beech ka sanbandh hai. Yeh ek chakr hai jisme jeev aur bhoomi ek dusre ke saath milkar kaam karte hain aur ek dusre ko badhava dete hain.

Jaise, ek jungle mein trees, animals, insects aur microorganisms sabhi ek dusre ke saath milkar rehte hain aur ek dusre ke liye kuch nahi. Trees oxygen dete hain, animals oxygen khate hain aur phir usse waste dete hain, jisse trees us waste ko kha",3.595,270,"Ecosystem ki prakriya mein, jeev-jaantu, ped-paudhe, aur anya jeev apne aas-paas ke vatavaran ke saath milke ek system banate hain. Isse hamein pata chalta hai ki kaise yeh sabhi tatva ek-dusre par nirbhar hain aur ek saath milkar kaam karte hain.",8.5
63,llama-3.1-8b-instant,"Ma'am, what is the concept of ecosystem, yeh kya hota hai?",few_shot,"Ecosystem ek bada concept hai, behen. Yeh kya hota hai, yeh ek group hai jo sabhi jeev aur unnke environment ke saath juda hua hai. Ismein jeev, jeevni tattva, aur environment sarvjanik hote hain. Ek ecosystem mein jeev, jeevni tattva, aur environment ka ek doosre par bahut bada asar hota hai.

Jaise, ek jungle ka ecosystem hai, jahan par hawa, paani, mitti, jeev (jaise jungle ke ped, jhaariyaan, aur jeev), aur environment ka ek doosre par asar hota hai. Yeh sab ek saath kaam karke jungle ki sth",3.698,372,"Ecosystem ki prakriya mein, jeev-jaantu, ped-paudhe, aur anya jeev apne aas-paas ke vatavaran ke saath milke ek system banate hain. Isse hamein pata chalta hai ki kaise yeh sabhi tatva ek-dusre par nirbhar hain aur ek saath milkar kaam karte hain.",8.5
63,llama-3.1-8b-instant,"Ma'am, what is the concept of ecosystem, yeh kya hota hai?",chain_of_thought,"Arre, ecosystem ka concept toh bahut hi important hai, yaar. 

Step 1: Sabse pehle, let's first understand ki ecosystem kya hai. Ecosystem ek jatil prakriya hai jo jeev aur anjani tatvaon ko ek saath milakar banati hai.

Step 2: Yeh jeev tatvaon mein jeev, jeev bhari tatva, jeev nisachar, pattharon, paudhe, jeev hai aur jeev nahi hai. Aur anjani tatvaon mein jal, prithvi, hawa, aur prakash hota hai.

Step 3: Ab, ecosystem ke charan hain. Sabse pehle, producer hain, jaise ki paudhe, jo khud ko ap",4.221,565,"Ecosystem ki prakriya mein, jeev-jaantu, ped-paudhe, aur anya jeev apne aas-paas ke vatavaran ke saath milke ek system banate hain. Isse hamein pata chalta hai ki kaise yeh sabhi tatva ek-dusre par nirbhar hain aur ek saath milkar kaam karte hain.",8.5
63,llama-3.1-8b-instant,"Ma'am, what is the concept of ecosystem, yeh kya hota hai?",structured_context,"{""answer"": ""Ecosystem ek aisa vastu hai jismein jeev aur aapdaa dono ke beech ek samabandh hota hai."", ""explanation"": ""Yeh ek vastu hai jismein jeev, aapdaa, jal, hawa, aur mitti sab ek doosre ke saath judi hui hoti hai. Jeev aapdaa aur aapdaa jeev ke liye zarooratmand hote hain, isliye ve ek doosre ke beech ek samabandh banate hain.""}",4.437,208,"Ecosystem ki prakriya mein, jeev-jaantu, ped-paudhe, aur anya jeev apne aas-paas ke vatavaran ke saath milke ek system banate hain. Isse hamein pata chalta hai ki kaise yeh sabhi tatva ek-dusre par nirbhar hain aur ek saath milkar kaam karte hain.",8.5
63,llama-3.1-8b-instant,"Ma'am, what is the concept of ecosystem, yeh kya hota hai?",hierarchical_context,"Beta, ecosystem ka concept bahut hi important hai. Ecosystem ek jatil prakriya hai, jismein jeev aur anjeev donon ka sambandh hai. Yeh ek vastu hai, jismein jeev (plants, animals, microbes) aur anjeev (patthar, mitti, paani) donon ka saath-saath vikas hota hai.

Yeh prakriya ek cycle ke roop mein hoti hai, jismein jeev anjeev se madad leta hai aur anjeev jeev ko madad karta hai. Jaise, plants paani aur carbon dioxide lekar oxygen banaate hain, aur animals us oxygen ko use karte hain aur carbon d",3.238,633,"Ecosystem ki prakriya mein, jeev-jaantu, ped-paudhe, aur anya jeev apne aas-paas ke vatavaran ke saath milke ek system banate hain. Isse hamein pata chalta hai ki kaise yeh sabhi tatva ek-dusre par nirbhar hain aur ek saath milkar kaam karte hain.",8.5
63,llama-3.1-8b-instant,"Ma'am, what is the concept of ecosystem, yeh kya hota hai?",rag_style,"Dekhiye, ecosystem ka concept kya hota hai. Ecosystem ek aisa system hai jo jeev aur anjaan vastuon ka ek saath upasthiti hoti hai. Isme jeev, bhugol, jal, vaayu, aur prithvi ki sthiti shaamil hoti hai. Iske madhyam se jeev aur anjaan vastuon ke bich ek samvad hota hai aur yeh dono ek dusre par nayi prajatiyon ka vikas karne ke liye nirbhar hote hain.

Example: Jungle, samudra, aur prithvi ke upar ek ecosystem hota hai jaha par jeev, jal, vaayu, aur prithvi ke bich ek samvad hota hai aur yeh don",5.877,295,"Ecosystem ki prakriya mein, jeev-jaantu, ped-paudhe, aur anya jeev apne aas-paas ke vatavaran ke saath milke ek system banate hain. Isse hamein pata chalta hai ki kaise yeh sabhi tatva ek-dusre par nirbhar hain aur ek saath milkar kaam karte hain.",8.5
63,llama-3.1-8b-instant,"Ma'am, what is the concept of ecosystem, yeh kya hota hai?",tree_of_thought,"Arre, ecosystem ki baat karte hain toh kai cheezein sochne lagte hain:

1. **Paryavaran ka ek hi jagah**: Ecosystem ek hi jagah mein sabhi jeev-jantuon aur unke aas-paas ki samasyaon ka sambandh hai. Yeh ek jeev-jantuon aur paryavaran ke beech ke samarthan ko darshata hai.

2. **Jeev-jantuon aur paryavaran ka sambandh**: Ecosystem mein jeev-jantuon aur paryavaran ke beech ek sambandh hota hai. Jeev-jantuon ke liye paryavaran ka upyog hota hai aur paryavaran ke liye jeev-jantuon ka upyog hota hai",2.709,438,"Ecosystem ki prakriya mein, jeev-jaantu, ped-paudhe, aur anya jeev apne aas-paas ke vatavaran ke saath milke ek system banate hain. Isse hamein pata chalta hai ki kaise yeh sabhi tatva ek-dusre par nirbhar hain aur ek saath milkar kaam karte hain.",8.5
63,llama-3.1-8b-instant,"Ma'am, what is the concept of ecosystem, yeh kya hota hai?",agentic_context,"Arre, ecosystem ka concept toh bahut hi aasaan hai. 

Step 1: Understand question - Pehle toh humne question samajh liya hai, woh ecosystem ka concept kya hai, iska matlab hai ek jagah mein jo sab kuch jode hote hain, jismein jeev aur niji jagah dono shaamil hote hain.

Step 2: Recall knowledge - Ab humne apne memory mein se yeh jaankari nikali hai. 
Ecosystem ek jagah hai jahan par jeevan ki sabhi tarah ke rup hai, jaise jeev, patthar, pani, hawa, mitti aur anya elements hote hain. Ye sab eleme",5.291,729,"Ecosystem ki prakriya mein, jeev-jaantu, ped-paudhe, aur anya jeev apne aas-paas ke vatavaran ke saath milke ek system banate hain. Isse hamein pata chalta hai ki kaise yeh sabhi tatva ek-dusre par nirbhar hain aur ek saath milkar kaam karte hain.",8.5
64,llama-3.1-8b-instant,"Ma'am, chemical reaction kya hota hai aur iske prakaar kya hain?",zero_shot,"Beta, chemical reaction ek process hai jahan ki do ya adhik substances ek saath milkar ek nayi suruvaat banati hain ya ek nayi substance banati hain, jisse unki composition badalti hai. Is process mein atom ya molecule ek saath judein aur nayi suruvaat banati hain, jisse unki properties bhi badalti hain.

Chemical reaction ke kai prakaar hain, jaise ki:

1. Combustion reaction: yahan ek substance mehsoos hota hai, jaise ki aag lagne par.
2. Oxidation reaction: yahan ek substance oxygen ke saath ",4.833,410,"Chemical reaction ek prakriya hai jismein ek ya ek se adhik rasayon ka parivartan hota hai, jiske prakaar oxidation, reduction, acid-base reaction aur combustion reaction hain.",8.5
64,llama-3.1-8b-instant,"Ma'am, chemical reaction kya hota hai aur iske prakaar kya hain?",few_shot,"Beta, chemical reaction ek process hai jismein ek ya adhik substance ke atom ya molecule doosri substance ke atom ya molecule se milkar ek nayi substance banate hain. Is process mein atom ya molecule ki composition badal jaati hai aur nayi substance prapt hoti hai.

Chemical reactions ke prakaar hain:

1. Combination reaction: Do ya adhik substance milakar ek nayi substance banate hain. Udaharan: H2 + O2 → H2O (paani banana)

2. Decomposition reaction: Ek substance do ya adhik substance mein bad",4.881,445,"Chemical reaction ek prakriya hai jismein ek ya ek se adhik rasayon ka parivartan hota hai, jiske prakaar oxidation, reduction, acid-base reaction aur combustion reaction hain.",8.5
64,llama-3.1-8b-instant,"Ma'am, chemical reaction kya hota hai aur iske prakaar kya hain?",chain_of_thought,"Arre, chemical reaction kya hota hai, main aapko kahoon. 

Step 1: Chemical reaction ek prakaar ka parivartan hai, jahan ek ya adhik substance do ya adhik substanceon mein parivartit hokar nayi substanceon ka nirman karta hai. 

Step 2: Is parivartan mein, atomon ka nirman ya nirman hokar unke gatibhaon mein parivartan hota hai.

Step 3: Chemical reactionon ko kai prakaaron mein vibhajit kiya ja sakta hai, jaise ki prakritik reaction (jaise ki jeevan ka sanbhaav), udyogik reaction (jaise ki petr",4.63,776,"Chemical reaction ek prakriya hai jismein ek ya ek se adhik rasayon ka parivartan hota hai, jiske prakaar oxidation, reduction, acid-base reaction aur combustion reaction hain.",8.5
64,llama-3.1-8b-instant,"Ma'am, chemical reaction kya hota hai aur iske prakaar kya hain?",structured_context,"{""answer"": ""Chemical reaction ek prakaar ka samvandan hai jismein do ya adhik yogya ke beech ek nayi sthiti ban jati hai, jismein prakritik yaayam badal jati hai. "", ""explanation"": ""Ismein prakritik yogya apne aasani se badal jate hain aur nayi sthiti ban jati hai. Chemical reaction ke prakaar kuch is prakaar hain:

1. **Combination reaction**: Do ya adhik yogya mil kar ek nayi sthiti banate hain.
2. **Decomposition reaction**: Ek yogya apne aasani se do ya adhik yogya mein badal jata hai.
3. **",6.821,453,"Chemical reaction ek prakriya hai jismein ek ya ek se adhik rasayon ka parivartan hota hai, jiske prakaar oxidation, reduction, acid-base reaction aur combustion reaction hain.",8.5
64,llama-3.1-8b-instant,"Ma'am, chemical reaction kya hota hai aur iske prakaar kya hain?",hierarchical_context,"Chehre, aaj hum chemical reaction ke baare mein jaanege. 

Chemical reaction ek prakriya hai jismein do ya adhik yogya (reactant) ek dusre ke saath milkar nayi substance (product) banati hai. Is prakriya mein, chemical bonds khatam hote hain aur nayi chemical bonds banati hain. 

Ismein kai prakaar ke reactions hote hain, jaise ki:

1. **Combustion reaction**: Ismein oxygen aur anya chemical se milkar heat aur gas (jaise ki carbon dioxide) utpann hota hai. Udaaharan: agar aap gas ke andar match ",5.287,581,"Chemical reaction ek prakriya hai jismein ek ya ek se adhik rasayon ka parivartan hota hai, jiske prakaar oxidation, reduction, acid-base reaction aur combustion reaction hain.",8.5
64,llama-3.1-8b-instant,"Ma'am, chemical reaction kya hota hai aur iske prakaar kya hain?",rag_style,"Chemical reaction kya hota hai? 
Yeh ek prakriya hai jahain do ya adhik rasaayann ek doosre se bhautik roop se judte hain ya uttaradhaayak hote hain. Iske prakaar mein kai hi prakaar hain, jaise ki:

1. **Aatm-bhautik prakaar**: Yeh prakaar mein rasaayann apne khud ke roop mein parivaartit hote hain, jaise ki ghee jalaane ke samay jwalamukhi ho jana.

2. **Reaksiyon**: Yeh prakaar mein rasaayann ek doosre se bhautik roop se judte hain, jaise ki hidrogan aur oxygen ke milne se paani ban jata hai.",5.873,435,"Chemical reaction ek prakriya hai jismein ek ya ek se adhik rasayon ka parivartan hota hai, jiske prakaar oxidation, reduction, acid-base reaction aur combustion reaction hain.",8.5
64,llama-3.1-8b-instant,"Ma'am, chemical reaction kya hota hai aur iske prakaar kya hain?",tree_of_thought,"**Pehla Soch:**
Chemical reaction toh yeh hota hai jahan ek ya adhik substances ek dusre ke saath milkar naye aur alag substances banate hain. Yeh reactions ek jaadi mein ho sakte hain jaise ki aag, ya bahar ki jagah mein ho sakte hain jaise ki aam taur par hume dikhne ko nahin milta.

**Dusra Soch:**
Chemical reactions mein substances ek dusre ke saath milkar naye products banate hain. Yeh reactions is tarah hote hain:

1. Endothermic reactions: Yeh reactions jahan mein energy garmi se li jati ",3.876,525,"Chemical reaction ek prakriya hai jismein ek ya ek se adhik rasayon ka parivartan hota hai, jiske prakaar oxidation, reduction, acid-base reaction aur combustion reaction hain.",8.5
64,llama-3.1-8b-instant,"Ma'am, chemical reaction kya hota hai aur iske prakaar kya hain?",agentic_context,"Kya aapko samajh aaya ki main kya jawab dena chahta hoon? 

Step 1: Samajhne ki koshish karoonga ki chemical reaction kya hota hai aur iske prakaar kya hain.

Step 2: Mere paas yeh information hai: 
- Chemical reaction ek prakaar ka parivartan hai jo chemical substances ke beech hota hai. 
- Yeh reactions chemical bonding aur molecular structures ke changes se hoti hain. 
- Chemical reactions ka mukhya maamla energy ki prakriya hai, jismein chemical substances ek dusre se react karke naye chemic",5.837,485,"Chemical reaction ek prakriya hai jismein ek ya ek se adhik rasayon ka parivartan hota hai, jiske prakaar oxidation, reduction, acid-base reaction aur combustion reaction hain.",4.5
65,llama-3.1-8b-instant,"High altitude par lower atmospheric pressure ne vehicle ke fuel tank pe kya effect kiya, aur Tsetan ne kaisa react kiya? Vah petrol tank ke paas ruk gaya aur top ko partially unscrew kiya, jiske baad ek loud hiss sunai di. Lower atmospheric pressure ke kaaran fuel expand ho raha tha. Mujhe lagta hai ki yeh khatarnaak tha. 'Shayad, sir,' Tsetan hansne laga 'lekin smoking mat karna.",zero_shot,"Ye to bahut hi khatarnaak situation thi. High altitude par lower atmospheric pressure ne fuel tank ki capacity badh gayi, jisse fuel expand ho raha tha. Ek loud hiss sunne se pata chalta hai ki fuel tank se fuel nikal raha tha. 

Is situation mein Tsetan ka reaction bahut hi sahi tha. Vah petrol tank ke paas ruka aur top ko partially unscrew kiya, jisse fuel nikalne se rokne ka prayas kiya. Vah hansi raha tha, lekin uska mukabla khatarnaak situation se nahin bhula, vah safety ke baare mein dhyan",3.633,375,"Lower atmospheric pressure ke kaaran fuel tank me fuel expand ho gaya, jab Tsetan ne top ko partially unscrew kiya to loud hiss sunai di. Tsetan ne potential danger ko acknowledge kiya lekin hans ke taal di, sirf 'smoking mat karna' advise kiya.",8.5
65,llama-3.1-8b-instant,"High altitude par lower atmospheric pressure ne vehicle ke fuel tank pe kya effect kiya, aur Tsetan ne kaisa react kiya? Vah petrol tank ke paas ruk gaya aur top ko partially unscrew kiya, jiske baad ek loud hiss sunai di. Lower atmospheric pressure ke kaaran fuel expand ho raha tha. Mujhe lagta hai ki yeh khatarnaak tha. 'Shayad, sir,' Tsetan hansne laga 'lekin smoking mat karna.",few_shot,"Bhai, high altitude par lower atmospheric pressure ne vehicle ke fuel tank par khatarnaak effect kiya. Fuel tank ki pressure kam hogi, isliye fuel expand ho raha tha. Isse fuel tank se fuel bahar nikal raha tha, aur ek loud hiss sunai di. Tsetan ne bhi sahi react kiya, petrol tank ke paas ruk gaya aur top ko partially unscrew kiya, taaki fuel bahar nikalne se rok sake. Ye bada khatarnaak tha, lekin Tsetan ne shayad hi samajh liya ki isme kya ho raha hai.",3.441,321,"Lower atmospheric pressure ke kaaran fuel tank me fuel expand ho gaya, jab Tsetan ne top ko partially unscrew kiya to loud hiss sunai di. Tsetan ne potential danger ko acknowledge kiya lekin hans ke taal di, sirf 'smoking mat karna' advise kiya.",8.5
65,llama-3.1-8b-instant,"High altitude par lower atmospheric pressure ne vehicle ke fuel tank pe kya effect kiya, aur Tsetan ne kaisa react kiya? Vah petrol tank ke paas ruk gaya aur top ko partially unscrew kiya, jiske baad ek loud hiss sunai di. Lower atmospheric pressure ke kaaran fuel expand ho raha tha. Mujhe lagta hai ki yeh khatarnaak tha. 'Shayad, sir,' Tsetan hansne laga 'lekin smoking mat karna.",chain_of_thought,"Mujhe yeh sawal solve karna hai:

1. **Higher altitude par lower atmospheric pressure**: Jab aap high altitude par jaate hain, toh atmospheric pressure kam ho jati hai. Ismein fuel tank ki pressure bhi kam ho jati hai, kyunki fuel tank ko samay samay par pressure balance karna hota hai.

2. **Fuel tank pressure**: Fuel tank pressure mehsoos hui hai, kyunki lower atmospheric pressure ke karan fuel tank ke andar fuel expand hua hai. Fuel ki density kam ho jati hai, isliye uska volume badhta hai.

",4.119,676,"Lower atmospheric pressure ke kaaran fuel tank me fuel expand ho gaya, jab Tsetan ne top ko partially unscrew kiya to loud hiss sunai di. Tsetan ne potential danger ko acknowledge kiya lekin hans ke taal di, sirf 'smoking mat karna' advise kiya.",8.5
65,llama-3.1-8b-instant,"High altitude par lower atmospheric pressure ne vehicle ke fuel tank pe kya effect kiya, aur Tsetan ne kaisa react kiya? Vah petrol tank ke paas ruk gaya aur top ko partially unscrew kiya, jiske baad ek loud hiss sunai di. Lower atmospheric pressure ke kaaran fuel expand ho raha tha. Mujhe lagta hai ki yeh khatarnaak tha. 'Shayad, sir,' Tsetan hansne laga 'lekin smoking mat karna.",structured_context,"{""answer"": ""Fuel tank mein fuel expand ho raha tha, jo ki lower atmospheric pressure ke kaaran tha. Iska matlab hai ki fuel tank ki capacity se adhik fuel tank mein bhara ho raha tha, aur isne fuel tank ke top ko partially unscrew karne se loud hiss sunai di. Is reaction ka matlab hai ki fuel tank ki safety valve pressure ko nikalne ka kaam kar rahi thi. Tsetan ne theek sawal pucha aur fuel tank ke safety features ko check karne ka suggestion diya. Yeh reaction sirf thoda khatarnaak lag rha tha,",6.78,480,"Lower atmospheric pressure ke kaaran fuel tank me fuel expand ho gaya, jab Tsetan ne top ko partially unscrew kiya to loud hiss sunai di. Tsetan ne potential danger ko acknowledge kiya lekin hans ke taal di, sirf 'smoking mat karna' advise kiya.",8.5
65,llama-3.1-8b-instant,"High altitude par lower atmospheric pressure ne vehicle ke fuel tank pe kya effect kiya, aur Tsetan ne kaisa react kiya? Vah petrol tank ke paas ruk gaya aur top ko partially unscrew kiya, jiske baad ek loud hiss sunai di. Lower atmospheric pressure ke kaaran fuel expand ho raha tha. Mujhe lagta hai ki yeh khatarnaak tha. 'Shayad, sir,' Tsetan hansne laga 'lekin smoking mat karna.",hierarchical_context,"Bachchon, aaj humne ek bahut hi anokha example dekha hai. High altitude par lower atmospheric pressure ka matlab hai ki samay bhar ke saath, hawa ki pression kam ho jati hai. Isse fuel tank par bhi kuchh effect padta hai.

Jab samay bhar ke saath hawa ki pression kam ho jati hai, toh fuel tank mein bhi pressure kam ho jati hai. Ab, fuel tank mein fuel hai, aur iski pressure bhi kam ho gayi hai. Par, fuel ka temperature thoda upar hai, jisse fuel expand ho raha hai. Ye expand hua fuel fuel tank k",4.987,581,"Lower atmospheric pressure ke kaaran fuel tank me fuel expand ho gaya, jab Tsetan ne top ko partially unscrew kiya to loud hiss sunai di. Tsetan ne potential danger ko acknowledge kiya lekin hans ke taal di, sirf 'smoking mat karna' advise kiya.",8.5
65,llama-3.1-8b-instant,"High altitude par lower atmospheric pressure ne vehicle ke fuel tank pe kya effect kiya, aur Tsetan ne kaisa react kiya? Vah petrol tank ke paas ruk gaya aur top ko partially unscrew kiya, jiske baad ek loud hiss sunai di. Lower atmospheric pressure ke kaaran fuel expand ho raha tha. Mujhe lagta hai ki yeh khatarnaak tha. 'Shayad, sir,' Tsetan hansne laga 'lekin smoking mat karna.",rag_style,"High altitude par lower atmospheric pressure ne vehicle ke fuel tank pe kya effect kiya?

Lower atmospheric pressure ne fuel tank ko chhota kar diya, jisse fuel expand ho raha tha.

Tsetan ne kaisa react kiya?

Woh hath badha kar petrol tank ke top ko partially unscrew kiya, jisse ek loud hiss sunai di.",5.292,253,"Lower atmospheric pressure ke kaaran fuel tank me fuel expand ho gaya, jab Tsetan ne top ko partially unscrew kiya to loud hiss sunai di. Tsetan ne potential danger ko acknowledge kiya lekin hans ke taal di, sirf 'smoking mat karna' advise kiya.",8.5
65,llama-3.1-8b-instant,"High altitude par lower atmospheric pressure ne vehicle ke fuel tank pe kya effect kiya, aur Tsetan ne kaisa react kiya? Vah petrol tank ke paas ruk gaya aur top ko partially unscrew kiya, jiske baad ek loud hiss sunai di. Lower atmospheric pressure ke kaaran fuel expand ho raha tha. Mujhe lagta hai ki yeh khatarnaak tha. 'Shayad, sir,' Tsetan hansne laga 'lekin smoking mat karna.",tree_of_thought,"Mujhe 3 tareekon se sochne ki ummeed hai:

1. **Fuel Expansion**: Main sochta hoon ki lower atmospheric pressure ne petrol tank mein fuel ki expansion ko badhaya hai, jisse fuel tank ka top partially unscrew ho jata hai aur loud hiss sunai deta hai.
2. **Fuel Tank Pressure**: Main sochta hoon ki lower atmospheric pressure ne fuel tank ke andar pressure ko badhaya hai, jisse fuel tank ka top partially unscrew ho jata hai aur loud hiss sunai deta hai.
3. **Fuel Leaking**: Main sochta hoon ki lower",2.657,427,"Lower atmospheric pressure ke kaaran fuel tank me fuel expand ho gaya, jab Tsetan ne top ko partially unscrew kiya to loud hiss sunai di. Tsetan ne potential danger ko acknowledge kiya lekin hans ke taal di, sirf 'smoking mat karna' advise kiya.",8.5
65,llama-3.1-8b-instant,"High altitude par lower atmospheric pressure ne vehicle ke fuel tank pe kya effect kiya, aur Tsetan ne kaisa react kiya? Vah petrol tank ke paas ruk gaya aur top ko partially unscrew kiya, jiske baad ek loud hiss sunai di. Lower atmospheric pressure ke kaaran fuel expand ho raha tha. Mujhe lagta hai ki yeh khatarnaak tha. 'Shayad, sir,' Tsetan hansne laga 'lekin smoking mat karna.",agentic_context,"Aapne question bahut hi accha puchha hai. 

Step 1: Understand question
Aapne question ke bare mein samajh liya hai, yeh question high altitude par vehicle ke fuel tank par lower atmospheric pressure ke effect ke baare mein hai. 

Step 2: Recall knowledge
Maine jaanna ki high altitude par atmospheric pressure kam hoti hai, jo fuel tank par pressure bhi kam kar deta hai. Iske baad, fuel expand ho jata hai, aur isse fuel tank ke top se nikal jata hai. Iske liye vehicle ke fuel tank ko leak-proof h",4.611,461,"Lower atmospheric pressure ke kaaran fuel tank me fuel expand ho gaya, jab Tsetan ne top ko partially unscrew kiya to loud hiss sunai di. Tsetan ne potential danger ko acknowledge kiya lekin hans ke taal di, sirf 'smoking mat karna' advise kiya.",8.5
66,llama-3.1-8b-instant,"Ma'am, trigonometry kya hoti hai?",zero_shot,"Beta, trigonometry ek aisi branch hai jo geometry ke sath mil kar banati hai. Ismein, triangles ke angles aur side ke beech ki sambandh ka adhyayan kiya jata hai. Trigonometry mein, hum triangle ke angles ko find out karne ke liye formulas use karte hain, jaise ki sine, cosine, aur tangent. Yah branch engineering, physics, aur navigation jaise kshetron mein bahut hi upyogi hota hai.",1.379,166,Trigonometry ek aisa vishay hai jismein hum tribhujon ke bare mein padhte hain. Ismein hum yeh jaante hain ki kaise hum tribhujon ke konon aur bhujaon ke bare mein ganana kar sakte hain.,8.5
66,llama-3.1-8b-instant,"Ma'am, trigonometry kya hoti hai?",few_shot,"Beta, trigonometry ek aisi gani hai jo triangle ke angles aur side ke beech ki sambandh ka darshan karta hai. Ismein triangle ke angles aur unke beech ki sambandhit ratio ko samajhne ki koshish ki jati hai.",2.424,149,Trigonometry ek aisa vishay hai jismein hum tribhujon ke bare mein padhte hain. Ismein hum yeh jaante hain ki kaise hum tribhujon ke konon aur bhujaon ke bare mein ganana kar sakte hain.,8.5
66,llama-3.1-8b-instant,"Ma'am, trigonometry kya hoti hai?",chain_of_thought,"Arre, ma'am, trigonometry kaise samajhein? 

Step 1: Trigonometry ek aisa branch hai jo geometry aur algebra se judi hui hai. Ismein ham triangle ke angle aur side ke beech ki sambandh ko samjhate hain.

Step 2: Trigonometry mein hum triangle ke angle ko measure karte hain aur unka use karte hain. Aisi cheezein hain jo trigonometry mein use hoti hain, jaise ki sine, cosine, tangent, cotangent, secant aur cosecant.

Step 3: Iske alawa, trigonometry mein hum triangle ke side ko bhi measure karte h",1.648,396,Trigonometry ek aisa vishay hai jismein hum tribhujon ke bare mein padhte hain. Ismein hum yeh jaante hain ki kaise hum tribhujon ke konon aur bhujaon ke bare mein ganana kar sakte hain.,8.5
66,llama-3.1-8b-instant,"Ma'am, trigonometry kya hoti hai?",structured_context,"{""answer"": ""Trigonometry ek prakriya hai jo tareeke se kehti jaati hai, jismein teeno tareeke: triangle, ratio aur function ka upyog hota hai."", ""explanation"": ""Ismein triangle kee charanon, unke beech ke sambandhon aur unke maap kee vyavastha ka vishleshan kiya jaata hai. Iske madhyam se hum triangle kee maap, unke beech ke sambandhon aur unke maap kee gunavattaon ke baare mein jaankari prapt karte hain.""}",3.409,211,Trigonometry ek aisa vishay hai jismein hum tribhujon ke bare mein padhte hain. Ismein hum yeh jaante hain ki kaise hum tribhujon ke konon aur bhujaon ke bare mein ganana kar sakte hain.,8.5
66,llama-3.1-8b-instant,"Ma'am, trigonometry kya hoti hai?",hierarchical_context,"Arre beta, trigonometry ek bahut hi zaroori branch hai mathematics mein. Iska arth hai ""triangle ke sambandh"" ya ""triangle ke gyan"". Jaise aapne suna hoga, triangle ek chaturbhuj hai, jo teen angle aur teen side se banta hai.

Trigonometry mein hum triangle ke angle aur side ke beech sambandh par dhyan dete hain. Hum kaise kisi bhi triangle ke angle ko pata kar sakte hain, jispe hum usey kisi bhi side ke liye pata kar sakte hain, ya phir hum kaise kisi bhi side ko pata kar sakte hain, jispe hum ",2.931,493,Trigonometry ek aisa vishay hai jismein hum tribhujon ke bare mein padhte hain. Ismein hum yeh jaante hain ki kaise hum tribhujon ke konon aur bhujaon ke bare mein ganana kar sakte hain.,8.5
66,llama-3.1-8b-instant,"Ma'am, trigonometry kya hoti hai?",rag_style,Trigonometry kya hoti hai?  - Yeh ek branch of mathematics hai jismein triangle ke angle aur side ke relationship donon ke beech ka adhyayan kiya jata hai.,4.249,121,Trigonometry ek aisa vishay hai jismein hum tribhujon ke bare mein padhte hain. Ismein hum yeh jaante hain ki kaise hum tribhujon ke konon aur bhujaon ke bare mein ganana kar sakte hain.,8.5
66,llama-3.1-8b-instant,"Ma'am, trigonometry kya hoti hai?",tree_of_thought,"Arre, ab main sochunga:

1. Ek baat hai, trigonometry ek branch hai mathematics me jismein triangles ke angles aur side ke beech ka sambandh jaanna hota hai.
2. Doosri baat hai, yeh ek set hai mathematical formulas aur techniques jinka use aap triangle ke angles aur side ke beech ka sambandh jaanne ke liye karte hain.
3. Teesri baat hai, trigonometry ka use aap science aur engineering me bahut se karyon mein karte hain, jaise ki astronomy, geography, physics, aur architecture ke karyon mein.

Ab",1.524,258,Trigonometry ek aisa vishay hai jismein hum tribhujon ke bare mein padhte hain. Ismein hum yeh jaante hain ki kaise hum tribhujon ke konon aur bhujaon ke bare mein ganana kar sakte hain.,8.5
66,llama-3.1-8b-instant,"Ma'am, trigonometry kya hoti hai?",agentic_context,"Dost, trigonometry ek aisi gaonthi hai jo triangle ki dhundh aur unke bhavishyon ke baare mein batati hai. Yeh ek aisi gaonthi hai jo triangle ki angle, sides aur unke beech ki sambandh ko samajhne mein madad karti hai. Ismein triangle ki angle, sine, cosine, tangent aur anayak bharose kaam karte hain. Trigonometry ke baare mein bahut saari prakriya aur formula hain jo engineer, vijyan aur anya kshetron mein upyog hoti hain.",2.459,228,Trigonometry ek aisa vishay hai jismein hum tribhujon ke bare mein padhte hain. Ismein hum yeh jaante hain ki kaise hum tribhujon ke konon aur bhujaon ke bare mein ganana kar sakte hain.,8.5
67,llama-3.1-8b-instant,"Sir, monsoon ke bare mein batayein, yeh kya hota hai?",zero_shot,"Arre bhai, monsoon ek bahut hi mahatvapoorn vaatavaranik prakriya hai jo humari desh mein lagbhag har saal aati hai. Yeh vaatavaran mein uchch barfbaari ke baad hota hai, jab taapman kam hota hai aur nadiyan aur baagon mein pani ki aavirti shuru hoti hai.

Iske dauraan, hawa mein uchch barfbaari ki aavirti hoti hai, jisse pani ki boondain garm ho jati hain aur hawa mein pani ki aavirti shuru hoti hai. Yeh pani nadiyon, baagon aur khali jagahon mein pahunchta hai aur unhein pani se bharpata hai.
",0.81,402,"Monsoon ek seasonal wind pattern hai jo ki India mein garmiyon ke dauraan hota hai. Ye wind pattern India ko garm aur humid air laate hain, jisse ki monsoon ke dauraan barish hoti hai.",8.5
67,llama-3.1-8b-instant,"Sir, monsoon ke bare mein batayein, yeh kya hota hai?",few_shot,"Bhaiya, monsoon ek aisa mausam hota hai jab bahut barso ki cheezein ek hi samay par neeche aati hain, aur yeh hamaare mausam ko bahut theek banata hai. Ismein bahut se jaanwar bhi janm lete hain, aur kheti karni bhi aasan hoti hai. Monsoon ke samay hamaare desh mein bahut jyada barso hote hain, jisse pani ki kami nahin hoti hai.

Lekin, monsoon ke samay bahut bade bade aandholon ka bhi rishta hota hai, jisse hamaare desh mein bahut bade nuksaan ho sakte hain. Iseedar, hamaare desh mein monsoon k",4.71,387,"Monsoon ek seasonal wind pattern hai jo ki India mein garmiyon ke dauraan hota hai. Ye wind pattern India ko garm aur humid air laate hain, jisse ki monsoon ke dauraan barish hoti hai.",8.5
67,llama-3.1-8b-instant,"Sir, monsoon ke bare mein batayein, yeh kya hota hai?",chain_of_thought,"Thik hai, main aapko monsoon ke bare mein batata hoon.

Step 1: Monsoon kya hai?
- Monsoon ek prakaar ka mausam hai jismein bahut barish hoti hai. Yeh mausam tropical samundar mein hote hue pani ke kshetraon se utpann hota hai.

Step 2: Monsoon ki umar kya hai?
- Monsoon ki umar lagbhag 40 se 70 din tak hoti hai. Iske dauraan, bahut barish hoti hai aur pani ka paimana badh jaata hai.

Step 3: Monsoon ke kaaran kya hote hai?
- Monsoon ke kaaran mein tropical samundar ke pani ka paimana badhna, ma",3.883,454,"Monsoon ek seasonal wind pattern hai jo ki India mein garmiyon ke dauraan hota hai. Ye wind pattern India ko garm aur humid air laate hain, jisse ki monsoon ke dauraan barish hoti hai.",8.5
67,llama-3.1-8b-instant,"Sir, monsoon ke bare mein batayein, yeh kya hota hai?",structured_context,"{""answer"": ""Monsoon ek prakaar ki mausam ki sthiti hai, jismein barish bahut adhik hoti hai, aur ismein paridrishya par prabhav padta hai."", ""explanation"": ""Monsoon ka arth hai 'monsoon season' ya 'barish ka mausam', jismein bahurat barish hoti hai, aur ismein jalvayu kee sthiti par bada prabhav padta hai. Iske dauraan, jalvayu mithaas se lagataar hota hai, aur barish bahut adhik hoti hai. Monsoon ke dauraan, jalvayu mithaas se lagataar hota hai, aur barish bahut adhik hoti hai.""}",4.506,256,"Monsoon ek seasonal wind pattern hai jo ki India mein garmiyon ke dauraan hota hai. Ye wind pattern India ko garm aur humid air laate hain, jisse ki monsoon ke dauraan barish hoti hai.",8.5
67,llama-3.1-8b-instant,"Sir, monsoon ke bare mein batayein, yeh kya hota hai?",hierarchical_context,"Arre bachche, monsoon ki baat karne se aap sab logon ne suna hai, lekin aapko pata nahin hai ki yeh kya hota hai. Toh main aapko samjhaunga.

Monsoon ek aisa vaigyanik prakriya hai jiska arth hai ""varsha ke mausam"". Isse to humein pata chalta hai ki varsha ke mausam ke dauraan humein bahut saari barish hoti hai. Lekin yeh vishesh monsoon ke baare mein hai.

Monsoon ek aisa vaigyanik prakriya hai jiska arth hai ""paani ki chal."" Ismein paani ki chaal hoti hai, jo ki humein pata nahin chalta hai. I",3.298,623,"Monsoon ek seasonal wind pattern hai jo ki India mein garmiyon ke dauraan hota hai. Ye wind pattern India ko garm aur humid air laate hain, jisse ki monsoon ke dauraan barish hoti hai.",8.5
67,llama-3.1-8b-instant,"Sir, monsoon ke bare mein batayein, yeh kya hota hai?",rag_style,"Arre bhai, monsoon ek prakaar ka mausam hota hai jo barish ki maang hoti hai. Yeh humare desh mein bhugtan hokar aata hai. Iska matlab hai ki jab bahut garmi se hum logon ko thanda pasina ki zaroorat hoti hai, tab monsoon aa jata hai. 

Monsoon ka matlab hai ""barish"" ya ""vaarsha"" aur yeh humari sanskriti mein bahut mahatvapurn hai. Yeh humare kheton ko paani ka upyog karke saaf aur khushal banata hai, jisse humein khadya padarthon ki kami nahin hoti. Yeh humari jalvayu aur jameen ko bhi theek ka",4.602,268,"Monsoon ek seasonal wind pattern hai jo ki India mein garmiyon ke dauraan hota hai. Ye wind pattern India ko garm aur humid air laate hain, jisse ki monsoon ke dauraan barish hoti hai.",8.5
67,llama-3.1-8b-instant,"Sir, monsoon ke bare mein batayein, yeh kya hota hai?",tree_of_thought,"Mujhe kai tarah se sochne ka mauka mila hai:

1. **Meteorological Drishti**: Monsoon ek seasonal badlaav hai jo vishva mein duniya ke kai hisson mein hota hai. Yah badlaav vah samay aata hai jab badal hota hai aur barish shuru hoti hai, jisse mausam bahut thanda aur oorja pradaan karta hai.

2. **Naturel Drishti**: Monsoon ek anokha aur aabadi pradaan karne wala mausam hai. Yah baarishon se bhari hai, jisse phool khilte hain, ghas badhti hai, aur jeevan ki oorja badhti hai.

3. **Cultural Drisht",3.739,403,"Monsoon ek seasonal wind pattern hai jo ki India mein garmiyon ke dauraan hota hai. Ye wind pattern India ko garm aur humid air laate hain, jisse ki monsoon ke dauraan barish hoti hai.",8.5
67,llama-3.1-8b-instant,"Sir, monsoon ke bare mein batayein, yeh kya hota hai?",agentic_context,"Sir, monsoon ke bare mein baat karte hain, toh yeh kuch aisa hota hai. 

Monsoon ki shuruaat aapne desh ke shetraon mein hoti hai, jab uss samay badal par aata hai aur garmi aur vashp ke uparivaartan se pahadon ke paas barish hone lagti hai. 

Yeh aanshik barishen se shuru hoti hai aur ek samay ke baad iska vishal prakaar hota hai jo dino tak laga rahta hai. Monsoon ke dauraan barishen ki ghantaon ke saath-saath hawaon ki gati bhi kam hoti hai, jisse garmi kam hoti hai aur thandak aati hai.

Mon",3.997,466,"Monsoon ek seasonal wind pattern hai jo ki India mein garmiyon ke dauraan hota hai. Ye wind pattern India ko garm aur humid air laate hain, jisse ki monsoon ke dauraan barish hoti hai.",8.5
68,llama-3.1-8b-instant,"Sir, mitosis kya hai aur iske charan kya hain?",zero_shot,"Mitra, mitosis ek prakaar ka jeevankramik vikas hai jo ek jeev ke vikas mein mahatvapurn bhoomika nibhata hai. Yeh prakriya shuru hoti hai jab ek jeev ka vikas khatam ho jaata hai aur iske jeevankramik kosh mein samay aata hai.

Mitosis ke charan hain:

1. **Prophase**: Is charan mein, jeevankramik kosh ka viksit hona shuru hota hai aur DNA ko dubbata hai. Chromosomes ko aaraamdayak stithi mein parivartit kiya jata hai.

2. **Metaphase**: Is charan mein, chromosomes ko mitti ke vartulon par utaa",3.603,483,"Mitosis ek prakaar ki koshika vibhajan hai jismein koshika do saman koshikaon mein vibhajit hoti hai, jiske charanon mein interphase, prophase, metaphase, anaphase aur telophase shamil hain.",8.5
68,llama-3.1-8b-instant,"Sir, mitosis kya hai aur iske charan kya hain?",few_shot,"Mitosis ek aisa prakriya hai jo cell ki buniyad mein ho jati hai, jismein ek cell do alag-alag cells mein badal jati hai. Yeh prakriya cell division ke dauraan hoti hai.

Mitosis ke charan yeh hain:

1. **Prophase**: Is charan mein DNA cell ke andar se band kar ke, mitotic spindle banati hai.
2. **Metaphase**: Is charan mein mitotic spindle DNA ke chromosom ko cell ke andar ke center tak le jata hai.
3. **Anaphase**: Is charan mein chromosom DNA ke dwaarapaksha mein alag ho jate hain aur cell ke",2.652,373,"Mitosis ek prakaar ki koshika vibhajan hai jismein koshika do saman koshikaon mein vibhajit hoti hai, jiske charanon mein interphase, prophase, metaphase, anaphase aur telophase shamil hain.",8.5
68,llama-3.1-8b-instant,"Sir, mitosis kya hai aur iske charan kya hain?",chain_of_thought,"Mitosis kya hai? 

Mitosis ek prakaar ke prakriya hai jo shuruaat mein ek mukhya koshikaa (parent cell) mein se doh alag-alag koshikaayen (daughter cells) banane ka kaam karti hai. Yah prakriya koshikaa ki vibhajan (cell division) ki prakriya hai, jismein koshikaa ke DNA ki nishkarsh (replication) hoti hai aur koshikaa ke bhagon (chromosomes) ko alag-alag koshikaayon mein vitarit kiya jata hai.

Mitosis ke charan kya hain?

1. **Interphase**: Yah pratham charan hai, jismein koshikaa ke DNA ki ni",6.157,606,"Mitosis ek prakaar ki koshika vibhajan hai jismein koshika do saman koshikaon mein vibhajit hoti hai, jiske charanon mein interphase, prophase, metaphase, anaphase aur telophase shamil hain.",8.5
68,llama-3.1-8b-instant,"Sir, mitosis kya hai aur iske charan kya hain?",structured_context,"{""answer"": ""Mitosis ek prakritik prakriya hai jismein ek koshikaa ke vibhajan ke dauraan, uski kosal, nukleusi aur anya aavashyak koshikaa sthitiyon ka nirman hota hai."", ""explanation"": ""Mitosis ke charan hain: 
1. Interphase: Yah mitosis ke sabse pahle charan hai, jismein koshikaa apne jeevan ke liye avashyak koshikaa sthitiyon ka nirman karta hai.
2. Prophase: Is charan mein, nukleus mein DNA ka ghatna hoti hai aur mitotic spindle ka nirman hota hai.
3. Metaphase: Is charan mein, nukleus ka DN",5.68,390,"Mitosis ek prakaar ki koshika vibhajan hai jismein koshika do saman koshikaon mein vibhajit hoti hai, jiske charanon mein interphase, prophase, metaphase, anaphase aur telophase shamil hain.",8.5
68,llama-3.1-8b-instant,"Sir, mitosis kya hai aur iske charan kya hain?",hierarchical_context,"Mitosis kya hai, yaar? Mitosis ek prakaar ka aayamik vahapan hai jiska matlab hai ki kisi bhi prani ki jeevaka anya prani mein badalne se pehle, uski jeevaka ko vibhajan karke do alag-alag anu banaye jaate hain. Yeh prakriya aapke shareer mein hamesha ho rahi hai, parantu aapko iske baare mein nahin pata hota hai.

Mitosis ke chaar charan hain:

1. **Prophase**: Yah pratham charan hai jismein jeevak ki aayamik sanchay koshikayein (nucleus) vibhajan ke liye taiyar hoti hain. Aayamik sanchay koshi",4.227,589,"Mitosis ek prakaar ki koshika vibhajan hai jismein koshika do saman koshikaon mein vibhajit hoti hai, jiske charanon mein interphase, prophase, metaphase, anaphase aur telophase shamil hain.",8.5
68,llama-3.1-8b-instant,"Sir, mitosis kya hai aur iske charan kya hain?",rag_style,"Sir, mitosis ek prakaar ke koshik prasaar ke liye hai, jo ek jeev kee ek se adhik pratiyogitaon mein vibhajan ke lie hai. Yeh prasaar ek prakaar ke jeev kee vibhajan ke lie hota hai, jaise ki paudhon aur praaniyon mein.

Mitosis ke charan kuch is prakaar hain:

1. Interphase: Yeh mitosis ke sabse pehle charan hai, jahan jeev apne genetik data ko padhne aur prabhavit karne ke lie taiyaar hota hai.
2. Prophase: Yeh charan mein jeev kee koshik ki vibhajan shuru hoti hai, aur chromosome apne centrom",6.087,560,"Mitosis ek prakaar ki koshika vibhajan hai jismein koshika do saman koshikaon mein vibhajit hoti hai, jiske charanon mein interphase, prophase, metaphase, anaphase aur telophase shamil hain.",8.5
68,llama-3.1-8b-instant,"Sir, mitosis kya hai aur iske charan kya hain?",tree_of_thought,"Chalo, sir, mitosis ko samjhaunga. 

Pehla tareeka: Mitosis ko cell division ke roop mein samjha sakte hai. Ismein koi bhi cell do aalag cells mein badal jaati hai. Yah prakriya cell ke growth aur repair ke liye zaroori hai.

Dusra tareeka: Mitosis ko DNA replication aur cell division ke sthal ke roop mein samjha sakte hai. Ismein cell ke DNA ko do aalag copies mein badal jaata hai aur phir do aalag cells mein badal jaate hain.

Teesa tareeka: Mitosis ko ek prakriya ke roop mein samjha sakte hai",2.987,518,"Mitosis ek prakaar ki koshika vibhajan hai jismein koshika do saman koshikaon mein vibhajit hoti hai, jiske charanon mein interphase, prophase, metaphase, anaphase aur telophase shamil hain.",8.5
68,llama-3.1-8b-instant,"Sir, mitosis kya hai aur iske charan kya hain?",agentic_context,"Pehle toh understand karte hai... Question hai ki mitosis kya hai aur iske charan kya hain. 

Toh ab recall karte hai... Mitosis ek prakaar ki koshikaa hai jo janmnevale patton ke vibhaajan mein madad karta hai. Yeh ek prakriya hai jisme ek patton ka vivaadikaa vibhaajnaa hotee hai aur do adhik patton mein badal jaata hai.

Ab iske charan batata hoon... Mitosis ke charan hain:

1. **Interphase**: Isme patton apne jeevankram ko tyaar karta hai, nirmaan karta hai aur vivaadikaa vibhaajnaa ke liye ",5.923,531,"Mitosis ek prakaar ki koshika vibhajan hai jismein koshika do saman koshikaon mein vibhajit hoti hai, jiske charanon mein interphase, prophase, metaphase, anaphase aur telophase shamil hain.",8.5
69,llama-3.1-8b-instant,"Ma'am, ecosystem ke bare mein batayein, yeh kya hota hai?",zero_shot,"Arre beta, ecosystem ek bahut hi majboot aur swasth tanaav hai, jismein pahle se hi ek nishpakshatay aur aisa vastavik samvaad hota hai. Yeh ek anek-ekatmak system hai, jismein jeev-jantu, bhumi, paani, hawa aur anya srot tanaav mein padte hain.

Ecosystem mein, jeev-jantu apne aas-paas ke environment ke saath ek anek-tarangik samvaad mein padte hain, jismein ve apne aavashyak chahiyein aur khawaashon ko poori karte hain. Yeh tanaav is tarah se upyukt hota hai ki har jeev-jantu ka apna kshetra h",5.24,568,"Ecosystem ek prakar ka system hai jismein jeev aur unke environment ke beech mein interaction hota hai. Ye system mein producers, consumers, aur decomposers shamil hote hain, jo ki ek dusre par nirbhar hote hain aur ek balance maintain karte hain.",8.5
69,llama-3.1-8b-instant,"Ma'am, ecosystem ke bare mein batayein, yeh kya hota hai?",few_shot,"Beti, ecosystem ek jeev darshak aaspaas ke sabhi jeevon aur unke bhumiyaatmak parivartakon ke beech ka samayojan hai, jisse sabhi jeevon ko apne jeevan ke liye paani, hawa, mitti aur anya avashyak chizyan milte hain. Yeh jeev darshak ek jatil chain hai jismein jeevon, mitti, paani, hawa, tujh aur anya paaramparik bhojanon ke beech ek anya paraspardhi hoti hai, jisse sabhi jeevon ko apne jeevan ke liye avashyak chizyan milte hain.",5.496,262,"Ecosystem ek prakar ka system hai jismein jeev aur unke environment ke beech mein interaction hota hai. Ye system mein producers, consumers, aur decomposers shamil hote hain, jo ki ek dusre par nirbhar hote hain aur ek balance maintain karte hain.",8.5
69,llama-3.1-8b-instant,"Ma'am, ecosystem ke bare mein batayein, yeh kya hota hai?",chain_of_thought,"Ek ecosystem ek jatil prakriya hai jo prakriti mein hotali hai. Main isey is prakaar samjhaunga:

1. **Paryavaran ka srot**: Ek ecosystem ek vistrit paryavaran hota hai jahaan jeev, bhautik tatva, jal, vaayu aur mithaai jaise tatva saath mein milti hain.

2. **Jeev aur tatva**: Is paryavaran mein vividh prakaar ke jeev jaise ke jantu, patjhaadi, patthar, jal aur vaayu jaise tatva hote hain. Ye sab ek dusre se jude hote hain aur ek dusre ko prabhavit karte hain.

3. **Sambandh**: Ismein jeev aur ",0.933,533,"Ecosystem ek prakar ka system hai jismein jeev aur unke environment ke beech mein interaction hota hai. Ye system mein producers, consumers, aur decomposers shamil hote hain, jo ki ek dusre par nirbhar hote hain aur ek balance maintain karte hain.",8.5
69,llama-3.1-8b-instant,"Ma'am, ecosystem ke bare mein batayein, yeh kya hota hai?",structured_context,"{""answer"": ""Jeevan ke liye avashyak sambandh, jismein janwar, patthar, paudhe, jal, hawa, aur mitti shamil hain, isey ek ecosystem kahte hain."", ""explanation"": ""Ecosystem ek jeevan ke liye avashyak sambandh hai, jismein sabhi janwar, patthar, paudhe, jal, hawa, aur mitti shamil hain. Yeh sambandh ek ek dusare par nirbhar karte hain aur ek doosre ke liye mahatvapoorn hain. Ecosystem mein jeevan ko banaye rakhne ke liye avashyak sambandh, jaise ki khana, pani, aur thandak, hain. Yeh sambandh ek do",6.628,300,"Ecosystem ek prakar ka system hai jismein jeev aur unke environment ke beech mein interaction hota hai. Ye system mein producers, consumers, aur decomposers shamil hote hain, jo ki ek dusre par nirbhar hote hain aur ek balance maintain karte hain.",8.5
69,llama-3.1-8b-instant,"Ma'am, ecosystem ke bare mein batayein, yeh kya hota hai?",hierarchical_context,"Beta, ecosystem ke bare mein batati hoon. Ecosystem ek prakritik pratha hai, jismein kai tarah ke janvar, patthar, paani, hawa, aur anya tatvon ka ek saath-saath vyanjan hota hai.

Imagine aapko ek jungle ya ek teesri duniya ki jungle mein rakha gaya hai. Yahaan ke sabhi janvar, jaise ki shikaar, sherni, bakri, aur anya, yahaan ke jungle mein rehte hain aur unke liye khana, pani, aur anya chijein milte hain. Yeh sab kuch ecosystem ka hissa hai.

Ecosystem ko chhote-chhote hisson mein vivaadit ki",4.117,645,"Ecosystem ek prakar ka system hai jismein jeev aur unke environment ke beech mein interaction hota hai. Ye system mein producers, consumers, aur decomposers shamil hote hain, jo ki ek dusre par nirbhar hote hain aur ek balance maintain karte hain.",8.5
69,llama-3.1-8b-instant,"Ma'am, ecosystem ke bare mein batayein, yeh kya hota hai?",rag_style,"Bachche, ecosystem kuchh aisa hai jahan sab kuchh ek dusre ke saath juda hua hota hai. Yeh ek jeev aur anya jeevon ke beech ka rista hota hai. Yeh prakriti ke aapne vishay hai. Ecosystem mein pahad, jungle, jheel, samundar, aur anya jagahon se judi hoti hain. Yahan ke jeevon apne keval aapne bharosa par chalti hain aur ek dusre ke liye aakarshak hoti hain. Yeh aapke liye seekhne ke liye bahut hi mazboot platform hoti hai.",5.54,245,"Ecosystem ek prakar ka system hai jismein jeev aur unke environment ke beech mein interaction hota hai. Ye system mein producers, consumers, aur decomposers shamil hote hain, jo ki ek dusre par nirbhar hote hain aur ek balance maintain karte hain.",8.5
69,llama-3.1-8b-instant,"Ma'am, ecosystem ke bare mein batayein, yeh kya hota hai?",tree_of_thought,"Ek ecosystem ka idea maine kuch tarah se socha hai:

1. **Prakritik sthiti**: Yeh ek prakritik sthiti hai jahaan jeev aur jeev-jantu samuh se jude hue hote hain, jaise ki janwar, patthar, pani, hawa, aur aadhein. In sabhi ka ek-doosre par nakaratmak aur sukhad prabhav padta hai.

2. **Jeev aur jeev-jantu**: Yeh sabhi jeev aur jeev-jantu ek-doosre ke sath sambandhit hote hain, jaise ki ek chhaaya mein, ek janwar ka khana khane ke liye kuch patthar, pani, aur hawa ki aavashyakta hoti hai.

3. **Sa",0.796,499,"Ecosystem ek prakar ka system hai jismein jeev aur unke environment ke beech mein interaction hota hai. Ye system mein producers, consumers, aur decomposers shamil hote hain, jo ki ek dusre par nirbhar hote hain aur ek balance maintain karte hain.",8.5
69,llama-3.1-8b-instant,"Ma'am, ecosystem ke bare mein batayein, yeh kya hota hai?",agentic_context,"Arre, ecosystem to ek bahut hi anokha aur mahatvapoorn concept hai, jiski samajh karne se hum pata chalta hai ki prakriti mein kya kya ghat raha hai.

Step 1: Pehle, ecosystem ki definition samajhna hai. Ecosystem ek tarah ka ek jeevika parivaar hai, jismein jeev aur anya vastuein (jaise ki ped, patthar, pani, hawa, etc.) saath-milke rehte hain aur ek-doosre ke saath chalti hain.

Step 2: Ab, ecosystem ke kuch mahatvapoorn bhagon ko yaad karna hai. Jeev (organism), jaise ki pattharon, jangal ke ",6.294,609,"Ecosystem ek prakar ka system hai jismein jeev aur unke environment ke beech mein interaction hota hai. Ye system mein producers, consumers, aur decomposers shamil hote hain, jo ki ek dusre par nirbhar hote hain aur ek balance maintain karte hain.",8.5
70,llama-3.1-8b-instant,"Ma'am, kinetic energy ka kya formula hota hai?",zero_shot,"Arre, kinetic energy ka formula to aap sabhi jaante hain, lekin fir bhi main aapko yaad dilata hoon. Kinetic energy ka formula ye hai - 

K = ½ mv²

Yeh formula aapko kinetic energy ke liye bataati hai, jo ki object ki speed aur mass ke beech sambandh dikhata hai.

Aapko lagta hai mujhe pata hai, lekin agar maine puchha to maine puchha.",5.458,171,"Kinetic energy ka formula 0.5 mv^2 hota hai, jahan m mass hota hai aur v velocity hoti hai. Isse hum kisi bhi cheez ki gati aur bhari ko dekhte hain.",8.5
70,llama-3.1-8b-instant,"Ma'am, kinetic energy ka kya formula hota hai?",few_shot,"Beta, kinetic energy ka formula yeh hota hai: 
Kinetic energy (KE) = ½ mv²
Yeh formula mein m energy ka unit (kilogram) aur v velocity ka unit (metre per second) hota hai.",1.257,139,"Kinetic energy ka formula 0.5 mv^2 hota hai, jahan m mass hota hai aur v velocity hoti hai. Isse hum kisi bhi cheez ki gati aur bhari ko dekhte hain.",9.0
70,llama-3.1-8b-instant,"Ma'am, kinetic energy ka kya formula hota hai?",chain_of_thought,"Arre, kinetic energy ka formula kya hota hai? 

Kya pehle hum kinetic energy ki definition jaante hain ya nahin? Kinetic energy ka matlab hai ki koi cheez chal rahi hai ya gati se ja rahi hai.

Ab, kinetic energy ka formula kya hota hai? Yeh formula humein physics mein milta hai. 

Jo formula hoti hai, woh yeh hai: Kinetic Energy (KE) = ½ mv²

Yeh formula kya kahani hai? Yeh formula keh rahi hai ki kinetic energy ek cheez ke mass (m) aur uski gati (v) par nirbhar karti hai.

Ab, hum is formula k",0.618,357,"Kinetic energy ka formula 0.5 mv^2 hota hai, jahan m mass hota hai aur v velocity hoti hai. Isse hum kisi bhi cheez ki gati aur bhari ko dekhte hain.",8.5
70,llama-3.1-8b-instant,"Ma'am, kinetic energy ka kya formula hota hai?",structured_context,"{""answer"": ""Kinetic energy ka formula ye hai: KE = 0.5mv^2"", ""explanation"": ""Yeh formula hai ki kinetic energy ke liye, jahaan 'KE' kinetic energy ka matlab hai, 'm' mass ka matlab hai aur 'v' speed ka matlab hai.""}",4.263,137,"Kinetic energy ka formula 0.5 mv^2 hota hai, jahan m mass hota hai aur v velocity hoti hai. Isse hum kisi bhi cheez ki gati aur bhari ko dekhte hain.",8.5
70,llama-3.1-8b-instant,"Ma'am, kinetic energy ka kya formula hota hai?",hierarchical_context,"Beta, kinetic energy ka formula bahut aasan hai. Yeh formula hai:

Kinetic energy (KE) = (1/2) × mass (m) × square of velocity (v)^2

Jab hum is formula ko samjhte hain, to yeh pata chalta hai ki kinetic energy ek object ki speed aur mass par depend karti hai. Yeh kahta hai ki jis object ki speed aur mass badi hoti hai, uska kinetic energy bhi bada hota hai.

Is formula mein, m ka matlab hai object ki mass (g), aur v ka matlab hai object ki speed (m/s). Jab hum in dono ko ek saath multiply karte",0.505,291,"Kinetic energy ka formula 0.5 mv^2 hota hai, jahan m mass hota hai aur v velocity hoti hai. Isse hum kisi bhi cheez ki gati aur bhari ko dekhte hain.",8.5
70,llama-3.1-8b-instant,"Ma'am, kinetic energy ka kya formula hota hai?",rag_style,"Kitni achi sawal! Kinetic energy ka formula yeh hai: kinetic energy = (1/2)mv^2, jahaan ""m"" mass ka mulya hai aur ""v"" velocity ka mulya hai.",2.311,130,"Kinetic energy ka formula 0.5 mv^2 hota hai, jahan m mass hota hai aur v velocity hoti hai. Isse hum kisi bhi cheez ki gati aur bhari ko dekhte hain.",9.0
70,llama-3.1-8b-instant,"Ma'am, kinetic energy ka kya formula hota hai?",tree_of_thought,"Aapka sawal sunke main 3 tareeke se soch raha hoon:

1. Ek tareeke se, main soch raha hoon ki kinetic energy ka formula kya hoga. Main yeh soch raha hoon ki kinetic energy ek object ki tezi aur unke mass ke beech kya sambandh hai.

2. Dusre tareeke se, main soch raha hoon ki kinetic energy ka formula kis prakaar hota hai. Main yeh soch raha hoon ki kinetic energy formula mein mass aur speed ke beech kya gananatmak sambandh hai.

3. Teesre tareeke se, main soch raha hoon ki kinetic energy ka form",1.711,343,"Kinetic energy ka formula 0.5 mv^2 hota hai, jahan m mass hota hai aur v velocity hoti hai. Isse hum kisi bhi cheez ki gati aur bhari ko dekhte hain.",8.5
70,llama-3.1-8b-instant,"Ma'am, kinetic energy ka kya formula hota hai?",agentic_context,"Bhaiya, kinetic energy ka formula yeh hai: 

Ekta object jisse kai energy utpann hoti hai, use kinetic energy kehte hain. Iska formula yeh hai: 

Kinetic Energy (KE) = ½ mv²

Yeh formula kheenchti hai, jahan m (mass) object ki mass hoti hai aur v (velocity) us object ki speed hoti hai.",5.403,181,"Kinetic energy ka formula 0.5 mv^2 hota hai, jahan m mass hota hai aur v velocity hoti hai. Isse hum kisi bhi cheez ki gati aur bhari ko dekhte hain.",8.5
71,llama-3.1-8b-instant,"Ma'am, water cycle ke bare mein batayein, yeh kya hota hai?",zero_shot,"Arre, water cycle ek bahut hi mahatvapoorn prakriya hai. Yeh prakriya dharti, vaayumandaliya jal aur samudra ke beech mein paani ka gehra sambandh hai. 

Yeh prakriya is prakaar hoti hai: 

Sabse pehle, jalvayu mein se barf aur garmi se paani badal mein badal jaata hai. Yeh paani tab ek nadi mein badal jaata hai, jo hamein nadi ka paani kehte hain. 

Iske baad, nadi ka paani samudra mein jaata hai. Samudra mein paani ek barf se ban kar baadal mein chadhta hai. 

Ab, baadalon mein paani ek nadi m",0.61,319,"Water cycle ek process hai jismein paani earth ke beech mein cycle hota hai. Ye process mein evaporation, condensation, aur precipitation shamil hain, jismein paani vapor mein badalta hai, clouds mein condense hota hai, aur phir barish ya snow ke roop mein earth par girta hai.",8.5
71,llama-3.1-8b-instant,"Ma'am, water cycle ke bare mein batayein, yeh kya hota hai?",few_shot,"Arre pyaari, water cycle ek bahut hi important process hai jo pani ki rotation ko describe karta hai. Yeh process sunne mein bahut asaani hai. 

Pehle, sun hai jo pani ko garm karta hai aur vah garam pani ki gas mein badal jata hai, jise hum hawa mein pani ke vaporn ko kehte hain. Yeh vaporn udd jate hain aur unka upayog plants ke liye hota hai, unki photosynthesis process mein.

Ab, yeh vaporn hawa se ground par pahunchte hain aur phir unhein bhoomi par rain ke roop mein paani milta hai. Yeh ra",1.917,433,"Water cycle ek process hai jismein paani earth ke beech mein cycle hota hai. Ye process mein evaporation, condensation, aur precipitation shamil hain, jismein paani vapor mein badalta hai, clouds mein condense hota hai, aur phir barish ya snow ke roop mein earth par girta hai.",8.5
71,llama-3.1-8b-instant,"Ma'am, water cycle ke bare mein batayein, yeh kya hota hai?",chain_of_thought,"Arre, water cycle ke bare mein batane ke liye kya kehna hai. 

Sabse pahle, ek water cycle ya jal chakra ek natural prakriya hai jo pani ko samudaay mein aane aur jane ke liye ek chakri ke roop mein chalati hai. 

Is prakriya mein, jal ki tiniya padarthon ko uchhalne ke liye do tarah ke ghatak hote hain - aasman aur prithvi. 

Pehle, aasman me se barish hoti hai jab paani ki gandaeein oonchi tarangdesh se neeche aati hain. 

Toh, yah paani prithvi par aata hai aur phir yah kai tarah ke jal ke sa",6.158,562,"Water cycle ek process hai jismein paani earth ke beech mein cycle hota hai. Ye process mein evaporation, condensation, aur precipitation shamil hain, jismein paani vapor mein badalta hai, clouds mein condense hota hai, aur phir barish ya snow ke roop mein earth par girta hai.",8.5
71,llama-3.1-8b-instant,"Ma'am, water cycle ke bare mein batayein, yeh kya hota hai?",structured_context,"{""answer"": ""Pani ka chakra"", ""explanation"": ""Water cycle ya pani ka chakra ek prakriya hai jahan pani apne ghoomne se jude huye prakriya ko kaha jata hai. Yah prakriya ek anoothya prakriya hai jismein pani vaayumandal mein uske kshetron se badalne ke liye aakarshit hota hai. Is prakriya mein pani ki tareekon se ghoomna hota hai jaise ki vah aakash mein uske kshetron se badalne ke liye aakarshit hota hai, unchhe tairta hai, baraf ban jaata hai, aur fir se jal jaata hai.""}",3.533,249,"Water cycle ek process hai jismein paani earth ke beech mein cycle hota hai. Ye process mein evaporation, condensation, aur precipitation shamil hain, jismein paani vapor mein badalta hai, clouds mein condense hota hai, aur phir barish ya snow ke roop mein earth par girta hai.",8.5
71,llama-3.1-8b-instant,"Ma'am, water cycle ke bare mein batayein, yeh kya hota hai?",hierarchical_context,"Beta, water cycle ek bahut hi important process hai jo pani ki bhoomika ko samajhne mein madad karta hai. Water cycle ko ""jalachakra"" bhi kaha jaata hai.

Aapne jaana hoga ki pani kaat hai, pani peena hai, aur pani ki aavashyakta hoti hai. Lekin kya aap jaante hain ki pani ki kahaani kabhi bhi nahi khata? Yehi water cycle hai, jismein pani ki kahaani badalati rahti hai.

Yeh prakriya tisraatmik hai, aur iska arambh vaayumandal se hota hai. Vaayumandal mein paani ka vapour ban jata hai, jise wate",4.027,512,"Water cycle ek process hai jismein paani earth ke beech mein cycle hota hai. Ye process mein evaporation, condensation, aur precipitation shamil hain, jismein paani vapor mein badalta hai, clouds mein condense hota hai, aur phir barish ya snow ke roop mein earth par girta hai.",8.5
71,llama-3.1-8b-instant,"Ma'am, water cycle ke bare mein batayein, yeh kya hota hai?",rag_style,"Wah, water cycle kaam karta hai, jaise ki aapne socha hoga. Water cycle yeh hai ki paani hamari prithvi par aata hai, uska garam hona, paani ke vashp mein badalna, uske baad uska barf ban jaana, aur phir wapas jameen par aana.

Is tarah, paani ki yeh cycle chalti rehti hai, jisse hamari prithvi par paani ki kami nahin hoti. Yeh cycle ek barsha mein ho sakta hai, aur ek saal mein bhi ho sakta hai.",3.447,226,"Water cycle ek process hai jismein paani earth ke beech mein cycle hota hai. Ye process mein evaporation, condensation, aur precipitation shamil hain, jismein paani vapor mein badalta hai, clouds mein condense hota hai, aur phir barish ya snow ke roop mein earth par girta hai.",8.5
71,llama-3.1-8b-instant,"Ma'am, water cycle ke bare mein batayein, yeh kya hota hai?",tree_of_thought,"Pehle, main sunishchit hoon ki water cycle ek prakaar ka jal ka ghatak hai jo prithvi par hota hai.

Sabse pehle, main sochta hoon ki water cycle mein jal ki tripati hoti hai. Yeh tripati jal ko vaayumandal mein bhugatati hai, jab jal ki boondain vaayumandal mein chalti hain aur barf ban jati hain.

Dusri baat, main sochta hoon ki yeh tripati jal ko vaayumandal se prithvi par phirte hai. Jab barf garam hota hai to vah jal mein badal jaata hai. Is prakriya mein jal ki boondain prithvi par chalti ",2.783,439,"Water cycle ek process hai jismein paani earth ke beech mein cycle hota hai. Ye process mein evaporation, condensation, aur precipitation shamil hain, jismein paani vapor mein badalta hai, clouds mein condense hota hai, aur phir barish ya snow ke roop mein earth par girta hai.",8.5
71,llama-3.1-8b-instant,"Ma'am, water cycle ke bare mein batayein, yeh kya hota hai?",agentic_context,"Bilkul, water cycle ka topic bahut hi important hai. 

Step 1: Understand question - Main puchha gaya hai water cycle ke bare mein janne ke liye, to main samajh gya ki water cycle ki kya baat hai, yeh kya hota hai, iske charan kya hain, jaise ki pani ke cycle ke madhyam se pani ki vyavastha kaise hoti hai.

Step 2: Recall knowledge - Main apne vishwas mein yeh samajh gya hai ki pani ka cycle ek prakritik prakriya hai, jismein pani bhumi, vaayumandaliya aur jalvayumandaliya sthitiyon mein ghumte ",6.46,659,"Water cycle ek process hai jismein paani earth ke beech mein cycle hota hai. Ye process mein evaporation, condensation, aur precipitation shamil hain, jismein paani vapor mein badalta hai, clouds mein condense hota hai, aur phir barish ya snow ke roop mein earth par girta hai.",8.5
72,llama-3.1-8b-instant,"King Tut ki burial kaunse season mein hui thi, iska kya proof tha?",zero_shot,"King Tut ki burial kaunse season mein hui thi, uske baare mein kayi proof milte hain. Ye log is baat par yakeen karte hain ki uski burial summer ke season mein, jab summer solstice hota hai, hui thi.

Iska karan yeh hai ki King Tut ki mastabha (mastaba) me se ek bhi window nahi hai, jo ke summer solstice ke liye aasani se dekhne ko milta hai. Lekin, yeh window to ek hi jagah par hai, jahan se sun ke liye aasani se dekhne ko milta hai, jo ke winter solstice ke liye hai.

Iske alawa, King Tut ki m",5.057,411,"Ek shroud pe willow, olive leaves, wild celery, lotus petals aur cornflowers ke garland the, jo March ya April mein burial hone ka purana proof tha",4.0
72,llama-3.1-8b-instant,"King Tut ki burial kaunse season mein hui thi, iska kya proof tha?",few_shot,"Bhaiya, King Tut ki burial winter season mein hui thi. Iska proof yeh hai ki uske mastabae mein ek door kee darwaze ke neeche ek piece of wood tha jo winter ke season ke liye banaya gaya tha.",1.275,151,"Ek shroud pe willow, olive leaves, wild celery, lotus petals aur cornflowers ke garland the, jo March ya April mein burial hone ka purana proof tha",2.0
72,llama-3.1-8b-instant,"King Tut ki burial kaunse season mein hui thi, iska kya proof tha?",chain_of_thought,"Arre, yeh sawal bahut darr ka hai. 

1. King Tut ki burial kaunse season mein hui, yeh pata karna hoga. 
2. Hum iske liye pehle king Tut ki burial ko kis tarah se seekhte hain. 
3. King Tut ki burial 1323 BCE mein hui thi, jisne Egypt ke 18th dinast ke shahanshah Akhenaten ke putra hote hue, uska naam Tutankhamun rakh diya gaya tha. 
4. King Tut ki burial ka proof iske mastaba se milta hai, jiska naam KV62 hai. 
5. KV62 mastaba 1922 mein British archaeologist Howard Carter ne discover kiya tha. ",3.829,434,"Ek shroud pe willow, olive leaves, wild celery, lotus petals aur cornflowers ke garland the, jo March ya April mein burial hone ka purana proof tha",8.5
72,llama-3.1-8b-instant,"King Tut ki burial kaunse season mein hui thi, iska kya proof tha?",structured_context,"{""answer"": ""King Tut ki burial Summer season mein hui thi"", 
""explanation"": ""Iska proof ek research study se mila hai, jismein pata chala ki King Tut ki maa ki maut bhi Summer season mein hui thi. Isse pata chalta hai ki King Tut ki burial bhi summer season mein hui hogi.""}

Note: King Tut ki maa ki maut ka proof research study mein mila hai, jismein pata chala ki unki maut summer season mein hui thi. Isse lagta hai ki King Tut ki burial bhi summer season mein hui hogi.",3.476,215,"Ek shroud pe willow, olive leaves, wild celery, lotus petals aur cornflowers ke garland the, jo March ya April mein burial hone ka purana proof tha",1.0
72,llama-3.1-8b-instant,"King Tut ki burial kaunse season mein hui thi, iska kya proof tha?",hierarchical_context,"Bachche, aaj hum King Tut ki burial ka topic karne ja rhe hain. King Tut ka asli naam Tutankhamun tha, aur vah Ancient Egypt ka ek prasiddh shahanshah tha.

King Tut ki burial ka season kya tha? Iska jawab hain ki vah kiya tha, winter season. Lekin yeh question kyun? Kyunki King Tut ki maut lagbhag 1323 BCE mein hui thi, aur Ancient Egypt mein winter season mein koi mahatvapoorn ritual ya karya nahi hota tha.

Toh kaise pata lagaya gaya ki King Tut ki burial winter season mein hui thi? Iska proo",2.185,781,"Ek shroud pe willow, olive leaves, wild celery, lotus petals aur cornflowers ke garland the, jo March ya April mein burial hone ka purana proof tha",8.5
72,llama-3.1-8b-instant,"King Tut ki burial kaunse season mein hui thi, iska kya proof tha?",rag_style,"King Tut ki burial kaunse season mein hui thi, iska kya proof tha?

King Tut ki burial shuruat karne ka samay, summer season ka tha. Iska proof yeh hai ki uski mummy par bahut saari sand ki gati thi, jiska matlab hai ki us samay bahut garmi thi.

Ab yeh sawal hai ki kaise jaana ja sakta hai ki us samay kaisa tha? Iske liye, Egyptologists ne ek method use kiya hai, jiska naam hai 'dating method'. Yeh method ismein shaamil hai ki logon ne King Tut ki mummy par sand ki gati ka analysis kiya aur uss",7.84,346,"Ek shroud pe willow, olive leaves, wild celery, lotus petals aur cornflowers ke garland the, jo March ya April mein burial hone ka purana proof tha",4.0
72,llama-3.1-8b-instant,"King Tut ki burial kaunse season mein hui thi, iska kya proof tha?",tree_of_thought,"Mujhe 2-3 tarah se sochne ka mauka mila hai:

1. **Purani pustaken aur research**: Mainne pata kiya ki King Tut ki burial ka samay kai purani pustaken aur research ke anusar 1323 BCE ka tha. Ismein ek proof yeh hai ki King Tut ki murti par ek kalankarita aur unke aatma ko rakhta hua ek shapathlikhitha milta hai.

2. **Burial site ka examination**: Mainne socha ki King Tut ki burial site ka examination kiya gaya hai aur usmein kai proof milte hain jo is baat ka evidence deta hai ki uska samay 132",3.744,401,"Ek shroud pe willow, olive leaves, wild celery, lotus petals aur cornflowers ke garland the, jo March ya April mein burial hone ka purana proof tha",8.5
72,llama-3.1-8b-instant,"King Tut ki burial kaunse season mein hui thi, iska kya proof tha?",agentic_context,"Arre, maine question padh liya, aur maine socha hai, 

Bachche, King Tut ki burial kaunse season mein hui thi? Iska kya proof tha?

Socha hai, King Tut ki burial kaam season mein hui thi, kyunki uske shavaad ki jagah par khadi hui thi. Aur iska proof yeh hai ki uske shavaad ki jagah par khaadi ke patte aur phool diye gaye the, jinka darja summer season ka hai. Iske alawa, King Tut ki murti par bhi uske shavaad ki jagah par khadi hui thi, jiska darja bhi summer season ka hai.",4.491,255,"Ek shroud pe willow, olive leaves, wild celery, lotus petals aur cornflowers ke garland the, jo March ya April mein burial hone ka purana proof tha",8.5
73,llama-3.1-8b-instant,"Sir, Indian constitution ke bare mein batayein, yeh kab banaya gaya tha?",zero_shot,"Arey, Indian constitution ka banavat 26 November 1949 ko hua tha, lekin yeh 26 January 1950 se lagataar kaam karne laga. Yeh Constitution Dr. B.R. Ambedkar ji ke niyamit sansthaapit committee ke dwara banaya gaya tha. Yeh ek bahut hi sundar aur adhikarik dastavez hai jo hamare desh ki suraksha aur samaj ke liye vyavastha kiya hai.",0.389,181,"Indian constitution 26 November 1949 ko banaya gaya tha, lekin yeh 26 January 1950 ko lagu hua tha. Ismein 22 parts, 395 articles, aur 8 schedules hain, jo ki India ke shasan aur nagrikon ke adhikaron ko define karte hain.",8.5
73,llama-3.1-8b-instant,"Sir, Indian constitution ke bare mein batayein, yeh kab banaya gaya tha?",few_shot,"Bhaijaan, Indian constitution ke bare mein kuchh batana chahta hoon. Yeh constitution 26 November 1949 ko banaya gaya tha, lekin yeh 26 January 1950 se lagu kar diya gaya tha. Yah Bharat ke sabse bada document hai, jo desh ki satta ke bare mein batata hai. Yah constitution do prakaar ke hain - sabhyata aur dharma, jo desh ki niti aur satta ko nirdharit karti hai.",2.369,209,"Indian constitution 26 November 1949 ko banaya gaya tha, lekin yeh 26 January 1950 ko lagu hua tha. Ismein 22 parts, 395 articles, aur 8 schedules hain, jo ki India ke shasan aur nagrikon ke adhikaron ko define karte hain.",8.5
73,llama-3.1-8b-instant,"Sir, Indian constitution ke bare mein batayein, yeh kab banaya gaya tha?",chain_of_thought,"Sir, main aapko Indian Constitution ke bare mein batane ja raha hoon.

Pehla step: Indian Constitution ka nirmaan kis tarah hua tha?
- Iske liye, Bharat ke itihaas mein ek vishesh samay tha jab British sarkar ne apne shareer ke andar ek vaidh vajanbhoot sarkar banane ka faisla kiya tha.
- Lekin Indian National Congress ne iske khilaf ninda ki aur ek swatantrata sainya ke roop mein apna neta kar liya.

Dusra step: Constitution ka nirmaan kiske dwara hua tha?
- 1947 mein Bharat ki azadi ke baad, c",1.823,444,"Indian constitution 26 November 1949 ko banaya gaya tha, lekin yeh 26 January 1950 ko lagu hua tha. Ismein 22 parts, 395 articles, aur 8 schedules hain, jo ki India ke shasan aur nagrikon ke adhikaron ko define karte hain.",8.5
73,llama-3.1-8b-instant,"Sir, Indian constitution ke bare mein batayein, yeh kab banaya gaya tha?",structured_context,"{""answer"": ""15 November 1949"", ""explanation"": ""Indian constitution ka banavat ka kaam 2 November 1949 ko poora hua tha, lekin yeh 26 January 1950 ko lagu kiya gaya tha.""}",4.296,134,"Indian constitution 26 November 1949 ko banaya gaya tha, lekin yeh 26 January 1950 ko lagu hua tha. Ismein 22 parts, 395 articles, aur 8 schedules hain, jo ki India ke shasan aur nagrikon ke adhikaron ko define karte hain.",8.5
73,llama-3.1-8b-instant,"Sir, Indian constitution ke bare mein batayein, yeh kab banaya gaya tha?",hierarchical_context,"Bachcho, aaj hum Indian Constitution ke bare mein batayenge. Yeh ek bahut hi mahatvapoorn document hai, jo humare desh ki raksha karta hai. 

Indian Constitution 26 November, 1949 ko banaya gaya tha. Lekin yeh kisne banaya tha? Yeh banane ki prakriya bahut jatil thi. 

Dr. BR Ambedkar ji ne Indian Constitution ka ek mahaan nirmaata tha. Vah ek bahut hi shaktishali aur saavitk vaakil the, jo samvidhan ki rachna mein bahut mahaan yogdaan de gaye the. 

Unke alawa, doosre log bhi the jo Constitutio",0.74,413,"Indian constitution 26 November 1949 ko banaya gaya tha, lekin yeh 26 January 1950 ko lagu hua tha. Ismein 22 parts, 395 articles, aur 8 schedules hain, jo ki India ke shasan aur nagrikon ke adhikaron ko define karte hain.",8.5
73,llama-3.1-8b-instant,"Sir, Indian constitution ke bare mein batayein, yeh kab banaya gaya tha?",rag_style,"Aapke question ke jawab mein hum bataate hain ki, Indian constitution ko 26 November, 1949 ko banaya gaya tha. Lekin yeh aapne jankari ki madad se bhi pata chal sakta hai.",3.298,144,"Indian constitution 26 November 1949 ko banaya gaya tha, lekin yeh 26 January 1950 ko lagu hua tha. Ismein 22 parts, 395 articles, aur 8 schedules hain, jo ki India ke shasan aur nagrikon ke adhikaron ko define karte hain.",8.5
73,llama-3.1-8b-instant,"Sir, Indian constitution ke bare mein batayein, yeh kab banaya gaya tha?",tree_of_thought,"Mujhe kai tarah se sochna hai:

1. Ek tarah se, Indian constitution ke bare mein kuch log kahaate hain ki yeh 26 November 1949 ko banaya gaya tha, lekin iska lakshya prakashan 26 November 1949 se 26 January 1950 tak ruk gaya tha.
2. Doosra tarah se, kuch log kahaate hain ki 26 January 1950 se hi Indian constitution astitv mein aaya tha.
3. Teenosra tarah se, kuch log kahaate hain ki Indian constitution ki rachna ka kaam 26 November 1949 tak pura ho chuka tha, lekin iska lakshya prakashan 26 Janu",3.811,419,"Indian constitution 26 November 1949 ko banaya gaya tha, lekin yeh 26 January 1950 ko lagu hua tha. Ismein 22 parts, 395 articles, aur 8 schedules hain, jo ki India ke shasan aur nagrikon ke adhikaron ko define karte hain.",8.5
73,llama-3.1-8b-instant,"Sir, Indian constitution ke bare mein batayein, yeh kab banaya gaya tha?",agentic_context,"Arre, question toh bahut hi aasaan hai. 

Step 1: Understanding the question: Question hai ki Indian constitution ka kya hai aur yeh kab banaya gaya tha.

Step 2: Yaad karna: Main jaanta hoon ki Indian constitution ko 26 November 1949 ko aayog ke roop mein prastut kiya gaya tha, lekin yeh 26 January 1950 ko lakshya mantri ki bhumika se laagataar aayog ke roop mein laga diya gaya tha.

Step 3: Jawab dena: Indian constitution ka nirmaan 26 November 1949 ko poori tarah se poora ho gaya tha, lekin y",3.484,294,"Indian constitution 26 November 1949 ko banaya gaya tha, lekin yeh 26 January 1950 ko lagu hua tha. Ismein 22 parts, 395 articles, aur 8 schedules hain, jo ki India ke shasan aur nagrikon ke adhikaron ko define karte hain.",8.5
74,llama-3.1-8b-instant,What does the text imply about the role of pride and social status in the community?,zero_shot,"Bhai, text ka matlab yeh hai ki jhutha haqdaari aur samajik darja ka kaam hai. Yeh samajh aati hai ki log apne darjey se adhik mahatvapoorn hokar apne aap ko izzat dene ke liye kuch bhi kar sakte hain.",1.365,143,"The text implies that pride and social status are deeply ingrained in the community, leading to conflicts and resentments, especially when boundaries are crossed.",8.5
74,llama-3.1-8b-instant,What does the text imply about the role of pride and social status in the community?,few_shot,"Bhaiya, yeh text kuchh bhi nahin kehta hai community ki baare mein, lekin yeh keh sakta hai ki yeh sab kuchh kaise ho sakta hai, par yeh koi implication nahin deta hai ki pride aur social status kya role karta hai.",1.365,160,"The text implies that pride and social status are deeply ingrained in the community, leading to conflicts and resentments, especially when boundaries are crossed.",8.5
74,llama-3.1-8b-instant,What does the text imply about the role of pride and social status in the community?,chain_of_thought,"Arre, let's break it down step by step:

1. **Sab kuch shuru karein**: First, we need to understand the context of the text. Although you haven't provided the text, let's assume it's a passage about a community where people value pride and social status.

2. **Pride aur social status ki bhoomika ko samajhne ki koshish karein**: Now, let's think about how pride and social status are perceived in this community. Do people in this community prioritize personal achievements, material wealth, or soci",0.779,426,"The text implies that pride and social status are deeply ingrained in the community, leading to conflicts and resentments, especially when boundaries are crossed.",8.5
74,llama-3.1-8b-instant,What does the text imply about the role of pride and social status in the community?,structured_context,"{""answer"": ""Pride aur social status ki bhoomika samuday mein bahut badi hai, kyunki vah logon ko apne seva aur pratiyogita ka hissa banata hai."", ""explanation"": ""Yanhi isliye yeh samuday mein logon ko apne apne seva aur pratiyogita mein sahyog karna hota hai aur apne samman ko badhana chahte hain. Isse samuday ko ek ekjut aur samarthanakarak samuday banata hai, jahan har ek vyakti apne seva aur pratiyogita mein sahyog karne ka prayas karta hai.""}",5.477,230,"The text implies that pride and social status are deeply ingrained in the community, leading to conflicts and resentments, especially when boundaries are crossed.",8.5
74,llama-3.1-8b-instant,What does the text imply about the role of pride and social status in the community?,hierarchical_context,"Bhai, let's break it down.

In this text, the implication is that pride and social status are very big issues in the community. You see, the fact that people are being asked to pay a heavy price to participate in the festival, and that they're not getting the desired results, suggests that there's a lot of pressure to maintain social status.

It's like, if you're not able to participate in the festival or do the things that are expected of you, you'll be looked down upon by others. Your pride wi",2.636,335,"The text implies that pride and social status are deeply ingrained in the community, leading to conflicts and resentments, especially when boundaries are crossed.",8.5
74,llama-3.1-8b-instant,What does the text imply about the role of pride and social status in the community?,rag_style,Ye text se lagta hai ki samuday mein garv aur social status ka koi vishesh bhoomika nahin hai.,2.212,112,"The text implies that pride and social status are deeply ingrained in the community, leading to conflicts and resentments, especially when boundaries are crossed.",2.0
74,llama-3.1-8b-instant,What does the text imply about the role of pride and social status in the community?,tree_of_thought,"Arre, main hamesha aapki madad karta hoon. 

Let's think from different angles:

1. **Sociological Angle**: If the text highlights the community's emphasis on social status, it might imply that pride plays a significant role in defining one's position within the community. Logically, people with higher social status might feel more proud of their position.

2. **Psychological Angle**: If the text showcases how pride affects individuals in the community, it could suggest that social status is clo",1.755,392,"The text implies that pride and social status are deeply ingrained in the community, leading to conflicts and resentments, especially when boundaries are crossed.",1.0
74,llama-3.1-8b-instant,What does the text imply about the role of pride and social status in the community?,agentic_context,"Pehle samajh leta hoon, phir soch leta hoon, phir jawab deta hoon.

Step 1: Understand question - Text ka matlab yeh hai ki pride aur social status ka role kya hai community mein.

Step 2: Recall knowledge - Main yah samajhta hoon ki pride aur social status ke baare mein kai cheezein hoti hain, jaise ki logon ke beech competition, status anxiety, aur self-esteem ka mazaak.

Step 3: Give accurate answer - Text ka implication yeh hai ki community mein pride aur social status bahut mahatvapurn role",4.653,387,"The text implies that pride and social status are deeply ingrained in the community, leading to conflicts and resentments, especially when boundaries are crossed.",8.5
75,llama-3.1-8b-instant,"Sir, kinetic energy ka formula kya hai, hum isse kaise calculate karte hain?",zero_shot,"Bhai, kinetic energy ka formula bahut aasaan hai. Ye formula yeh hai: 

KE = (1/2) mv^2

Yeh formula mein, KE kinetic energy ka matlab hai, m mass ka matlab hai (vah cheez jo uthi hui hai aur uski weight hai), aur v velocity ka matlab hai (vah cheez ka speed hai).

Example ke liye, ek car ka mass 1500 kg hai aur uska speed 50 km/h hai. Toh hum ismein v ko km/h se ms^-1 mein badalne ke liye, hum 50/3.6 = 13.89 ms^-1 kar degae. Ab hum ismein values daalte hain:

KE = (1/2) * 1500 * (13.89)^2
KE = ",1.615,314,"Kinetic energy ka formula 1/2 mv^2 hai, jahaan m mass aur v velocity hoti hai, hum isse is formula se calculate karte hain.",8.5
75,llama-3.1-8b-instant,"Sir, kinetic energy ka formula kya hai, hum isse kaise calculate karte hain?",few_shot,"Beta kinetic energy ka formula yeh hai: kinetic energy (KE) = ½ mv², jahaan m speed (v) ki force hai aur v speed square hai. Iske liye hum speed ko square karke, aur uske baad ½ se multiply karke kinetic energy calculate karte hain.",2.307,162,"Kinetic energy ka formula 1/2 mv^2 hai, jahaan m mass aur v velocity hoti hai, hum isse is formula se calculate karte hain.",8.5
75,llama-3.1-8b-instant,"Sir, kinetic energy ka formula kya hai, hum isse kaise calculate karte hain?",chain_of_thought,"Arre, kinetic energy ka formula to aapko pata hi hoga, lekin main isse step by step explain kar dunga:

1. **Kinetic energy ka definition**: Sabse pehle, kinetic energy ka definition jaanna hoga. Ye energy hai jo ek object ko aapne movement ke karan hoti hai.

2. **Kinetic energy ka formula**: Kinetic energy ka formula aapko pata hai, lekin main isse phir se diya hoon:

   - **Kinetic energy (KE)** = ½ × **mass (m)** × **velocity^2 (v^2)**
   - Agar aapko formula me unit understand karna hoga:
 ",2.879,448,"Kinetic energy ka formula 1/2 mv^2 hai, jahaan m mass aur v velocity hoti hai, hum isse is formula se calculate karte hain.",8.5
75,llama-3.1-8b-instant,"Sir, kinetic energy ka formula kya hai, hum isse kaise calculate karte hain?",structured_context,"{""answer"": ""Kinetic energy ka formula ye hai: KE = 0.5 * m * v^2, jahan m velocity ke liye mass hai aur v speed hai."", ""explanation"": ""Iske liye, aapko apne object ki mass aur speed ko jaanakar upyog karna hoga. Mass ko ghar ke unit mein (kg) aur speed ko meter per second (m/s) mein rakha jaata hai.""}",4.38,178,"Kinetic energy ka formula 1/2 mv^2 hai, jahaan m mass aur v velocity hoti hai, hum isse is formula se calculate karte hain.",8.5
75,llama-3.1-8b-instant,"Sir, kinetic energy ka formula kya hai, hum isse kaise calculate karte hain?",hierarchical_context,"Beta, kinetic energy ka formula bahut hi aasaan hai. Ye formula hai: 

KE = (1/2) mv^2

Yeh formula batati hai ki kinetic energy (KE) kitni hoti hai, jahan mein:

- m: object ka mass (vajan) hai
- v: object ki speed (sifarish) hai

Toh, agar aapko kinetic energy calculate karna hai, toh aapko sabse pehle object ka mass aur speed jaanne honge. Baad mein, aapko in dono values ko is formula mein daalna hai aur calculate karna hai.

Udaharan ke liye, agar aapko ek object ki kinetic energy calculate ",1.615,337,"Kinetic energy ka formula 1/2 mv^2 hai, jahaan m mass aur v velocity hoti hai, hum isse is formula se calculate karte hain.",8.5
75,llama-3.1-8b-instant,"Sir, kinetic energy ka formula kya hai, hum isse kaise calculate karte hain?",rag_style,"Arre bhai, kinetic energy ka formula yeh hai: 

Kinetic energy = ½ × m × v²  
yaani, 0.5 * mass * velocity square.

Iske liye, humein mass (m) aur velocity (v) ki jaankari ki zaroorat hoti hai. 

Toh, agar aapko kinetic energy calculate karna hai, toh aapko mass aur velocity ko jodkar 0.5 se ghana karke result find karne honge.",3.399,197,"Kinetic energy ka formula 1/2 mv^2 hai, jahaan m mass aur v velocity hoti hai, hum isse is formula se calculate karte hain.",8.5
75,llama-3.1-8b-instant,"Sir, kinetic energy ka formula kya hai, hum isse kaise calculate karte hain?",tree_of_thought,"**Pehla Soch:** Kinetic energy ka formula ismein speed aur mass ka judava hai. Hum isko calculate karne ke liye formula ka upyog karte hain: Kinetic Energy (KE) = ½ × mass (m) × velocity^2 (v^2).

**Dusra Soch:** Agar hum kinetic energy ke formula ko samjhe, toh hum isse calculate karne ke liye ek simple method ka upyog karte hain. Hum speed aur mass ko input mein daalte hain, aur formula ka upyog karke kinetic energy ka value nikalte hain.

**Teesa Soch:** Kinetic energy ka formula ek fundament",2.751,403,"Kinetic energy ka formula 1/2 mv^2 hai, jahaan m mass aur v velocity hoti hai, hum isse is formula se calculate karte hain.",8.5
75,llama-3.1-8b-instant,"Sir, kinetic energy ka formula kya hai, hum isse kaise calculate karte hain?",agentic_context,"Sir, aapka sawal kinetic energy ke bare mein hai. 

Step 1: Understand question
Aapke sawal se lagta hai ki aap kinetic energy ka formula janna chahte hain aur is ka calculation kaise karte hain.

Step 2: Recall knowledge
Kinetic energy ek aisa energy hai jo ek vaste ki movement ke karan hota hai. Kinetic energy ka formula is prakaar hai: 

Kinetic Energy (KE) = 1/2 × Mass (m) × Velocity (v)²

Isi formula ko English mein yeh bhi likha jata hai: 

Kinetic Energy (KE) = 0.5 × m × v²

Yeh formula h",3.635,395,"Kinetic energy ka formula 1/2 mv^2 hai, jahaan m mass aur v velocity hoti hai, hum isse is formula se calculate karte hain.",8.5
76,llama-3.1-8b-instant,"Khan Sahib ne train journey ke dauraan Gangadharpant ko britisher ke presence ko kaise explain kiya? - Arre dekh, har carriage pe chhota sa Union Jack paint hai, yeh ek gentle reminder hai ki hum britisher territory mein hain.",zero_shot,"Khan Sahib ne kaha, ""Arre bhai, woh Union Jack to sirf train ki identity hai, nahi ki hum britisher territory mein hain. Train ki company pehle se hi British thi, lekin hum uske andar chalte hain, nahi ki hum ek British colony hain. Yeh to ek cultural symbol hai, nahi ki humko apne aap ko kisi ek desh ke anusaar jeena padta hai.""",2.525,208,"Khan Sahib ne GBMR ke har carriage pe chhote Union Jack ko dikhaya, aur samjhaya ki yeh ek gentle reminder hai ki ve britisher territory mein hain.",8.5
76,llama-3.1-8b-instant,"Khan Sahib ne train journey ke dauraan Gangadharpant ko britisher ke presence ko kaise explain kiya? - Arre dekh, har carriage pe chhota sa Union Jack paint hai, yeh ek gentle reminder hai ki hum britisher territory mein hain.",few_shot,"Khan Sahib ne train journey ke dauraan Gangadharpant ko britisher ke presence ko yeh tarah explain kiya: Arre, yeh train wahi hai jo hum usey chalaate hain, aur yeh khane ke liye bhi sabzi aur masalay hain. Lekin, dekho, yeh carriage pe ek bada Union Jack aaya hai, jaisa ki tumko lagta hai wahi hai, lekin yeh to sabhi carriage pe aaya hai. Isme se yeh pata chalta hai ki hum kisi aur ka nahi hain, hum british shasan ke under hain.",1.435,276,"Khan Sahib ne GBMR ke har carriage pe chhote Union Jack ko dikhaya, aur samjhaya ki yeh ek gentle reminder hai ki ve britisher territory mein hain.",8.5
76,llama-3.1-8b-instant,"Khan Sahib ne train journey ke dauraan Gangadharpant ko britisher ke presence ko kaise explain kiya? - Arre dekh, har carriage pe chhota sa Union Jack paint hai, yeh ek gentle reminder hai ki hum britisher territory mein hain.",chain_of_thought,"Arre, let's iske step-by-step solution banaye:

1. Pehle, Khan Sahib ne socha ki woh Gangadharpant ko kaise samjhaye ki yeh train journey bahut hi special hai. 
2. Phir, usne socha ki woh train mein kuch aur dekh raha hai jiska yeh samjhna chahta hai.
3. Usne dekha ki train ke har carriage pe ek chhota sa Union Jack paint hai. 
4. Yeh Union Jack kya hai? Iska matlab hai ki train British territory mein chalti hai.
5. Khan Sahib ne socha ki yeh ek gentle reminder hai ki hum Britisher territory mei",3.758,423,"Khan Sahib ne GBMR ke har carriage pe chhote Union Jack ko dikhaya, aur samjhaya ki yeh ek gentle reminder hai ki ve britisher territory mein hain.",8.5
76,llama-3.1-8b-instant,"Khan Sahib ne train journey ke dauraan Gangadharpant ko britisher ke presence ko kaise explain kiya? - Arre dekh, har carriage pe chhota sa Union Jack paint hai, yeh ek gentle reminder hai ki hum britisher territory mein hain.",structured_context,"{""answer"": ""Khan Sahib ne kaha, 'Arre dekh, yeh saare Union Jack ke saath chalne wale carriage hain, lekin yeh kahein ki hum logon ko yaad dilate hain ki hum britisher territory mein hain. Isse to lagta hai ki hamare paas apni marzi hai, aur hum apne dhang se chal rahe hain.'"", ""explanation"": ""Khan Sahib ne britisher ke presence ko explain karne ke liye ek negative point of view lena tha, aur unhone kaha ki yeh carriage hamare pehle se hi britisher territory mein chal rahe hain, aur Union Jack k",4.642,299,"Khan Sahib ne GBMR ke har carriage pe chhote Union Jack ko dikhaya, aur samjhaya ki yeh ek gentle reminder hai ki ve britisher territory mein hain.",8.5
76,llama-3.1-8b-instant,"Khan Sahib ne train journey ke dauraan Gangadharpant ko britisher ke presence ko kaise explain kiya? - Arre dekh, har carriage pe chhota sa Union Jack paint hai, yeh ek gentle reminder hai ki hum britisher territory mein hain.",hierarchical_context,"Bachchon, aaj hum ek bahut hi mahatvapoorn vishay par baat karte hain. Hum ek kahaani sunenge jo kayi samay pe Bharat ko sambhala hai. 

Khan Sahib ne Gangadharpant ko train journey ke dauraan kya kehna tha? Woh unhein kaha ki har carriage par chhota sa Union Jack paint hai, yeh ek gentle reminder hai ki hum britisher territory mein hain. 

Toh, kya yeh galat thi? Nahi, bachchon. Yeh sach hai ki Britishers ne Bharat ko apna shasan diya tha. Aur woh apne shasan ki dhang se kuch bhi karta tha. 

Y",1.034,548,"Khan Sahib ne GBMR ke har carriage pe chhote Union Jack ko dikhaya, aur samjhaya ki yeh ek gentle reminder hai ki ve britisher territory mein hain.",8.5
76,llama-3.1-8b-instant,"Khan Sahib ne train journey ke dauraan Gangadharpant ko britisher ke presence ko kaise explain kiya? - Arre dekh, har carriage pe chhota sa Union Jack paint hai, yeh ek gentle reminder hai ki hum britisher territory mein hain.",rag_style,"Arre, Khan Sahib ne train journey ke dauraan Gangadharpant ko kaha, ""Arre dekh, har carriage pe chhota sa Union Jack paint hai, yeh ek gentle reminder hai ki hum britisher territory mein hain.""",7.382,179,"Khan Sahib ne GBMR ke har carriage pe chhote Union Jack ko dikhaya, aur samjhaya ki yeh ek gentle reminder hai ki ve britisher territory mein hain.",8.5
76,llama-3.1-8b-instant,"Khan Sahib ne train journey ke dauraan Gangadharpant ko britisher ke presence ko kaise explain kiya? - Arre dekh, har carriage pe chhota sa Union Jack paint hai, yeh ek gentle reminder hai ki hum britisher territory mein hain.",tree_of_thought,"Mujhe kai tareeke sochne mein aaya:

1. Khan Sahib ne Gangadharpant ko kaha, ""Arre dekh, train wale log bahut hoshiyar hain, ve hamesha saaf rakh rahe hain, yeh unke discipline ke liye ek madhur prateek hai.""

2. Khan Sahib ne Gangadharpant ko kaha, ""Arre dekh, train ke carriage mein chhote chhote Union Jack hain, yeh logon ko yeh yaad dilata hain ki ve ek saath hain aur ek samuday ki tarah reh rahe hain.""

3. Khan Sahib ne Gangadharpant ko kaha, ""Arre dekh, train ke carriage mein chhote chhote ",0.579,384,"Khan Sahib ne GBMR ke har carriage pe chhote Union Jack ko dikhaya, aur samjhaya ki yeh ek gentle reminder hai ki ve britisher territory mein hain.",8.5
76,llama-3.1-8b-instant,"Khan Sahib ne train journey ke dauraan Gangadharpant ko britisher ke presence ko kaise explain kiya? - Arre dekh, har carriage pe chhota sa Union Jack paint hai, yeh ek gentle reminder hai ki hum britisher territory mein hain.",agentic_context,"Arre, main samajh gaya hoon. Khan Sahib ne train journey ke dauraan Gangadharpant ko yeh bataaya hoga ki, dekho, yeh train bhi unke jagir mein chalti hai. Jaise hi train chalti hai, har ghar-pe-gar Union Jack ka pradarshan hota hai, jo is baat ka pramani hai ki hum unke jagir mein hain. Lekin yeh ek bura dhyaan dena chahiye ki unke jagir mein humein apni swatantrata aur adhikar ka samman milta hai. 

Yeh bhi samajhna mahatvapoorn hai ki yeh train journey unke jagir ke andar hi rehti hai, aur yeh",4.752,345,"Khan Sahib ne GBMR ke har carriage pe chhote Union Jack ko dikhaya, aur samjhaya ki yeh ek gentle reminder hai ki ve britisher territory mein hain.",8.5
77,llama-3.1-8b-instant,Class XI ke supplementary reader ka ISBN number kya hai?,zero_shot,Main aapko samajh nahi sakta ki aap konsa supplementary reader chahte hain. Kripya bataiye ki aapka class XI ka supplementary kitna ka hai aur iska naam kya hai? Isse main aapko acchi tarah se madad kar sakta hoon.,1.297,129,81-7450-556-311073,1.0
77,llama-3.1-8b-instant,Class XI ke supplementary reader ka ISBN number kya hai?,few_shot,"Arre yaar, Class XI ke supplementary reader ka ISBN number mere paas nahin hai. Lekin main aapko yeh suggest kar sakta hoon ki aap Class XI ke supplementary reader ka official website ya publisher par jaake check kare. Wahan aapko sabhi jankari mil jayegi.",1.377,157,81-7450-556-311073,2.0
77,llama-3.1-8b-instant,Class XI ke supplementary reader ka ISBN number kya hai?,chain_of_thought,"Main aapki madad karne ke liye taiyaar hoon. 

1. Pehle, main jannega ki aapka pustak supplementary reader Class XI ke liye hai. Isse samjhaa ja sakta hai ki yeh CBSE board ke liye ek pustak hai.

2. Ab, main jannega ki supplementary reader ka ISBN number kya hai. Main internet par check karoonga. 

3. Mere paas ek website hai, jo CBSE board ke pustakon ki jaankari deti hai. Main us website par jaunga. 

4. Us website par main search karoonga ki Class XI ke supplementary reader ka ISBN number ky",2.55,275,81-7450-556-311073,8.5
77,llama-3.1-8b-instant,Class XI ke supplementary reader ka ISBN number kya hai?,structured_context,"Mujhe koi jankari nahin hai ki aap kaunsi book ke baare mein puchh rahe hain. Kripya bataye ki aapka question kis subject ke liye hai, jaise ki physics, chemistry, mathematics, ya koi anya subject. Isse main aapko upayogi jankari provide kar sakta hoon.

Lekin main ek general response de sakta hoon. Jaise ki NCERT ke books ke liye, woh online available hote hain aur unka ISBN number online check kiya ja sakta hai. Agar aap kisi vishesh book ke baare mein puchh rahe hain, to kripya book ka naam a",1.68,359,81-7450-556-311073,2.0
77,llama-3.1-8b-instant,Class XI ke supplementary reader ka ISBN number kya hai?,hierarchical_context,"Class XI ke supplementary reader ke liye, main aapko kuch jankari pradan kar sakta hoon. Lekin, mere paas aaj kal ke data mein ye information nahi hai. Lekin, main aapko kahaunga ki aap apne teacher se ya school ke library se check kar sakte hain ki unke paas ye information hai ya nahi.

Aap jante hain ki different editions mein ye information alag-alag ho sakti hai. Agar aapke paas class XI ke supplementary reader ka edition number hai, toh main aapko kahaunga ki aap google par search kar sakte",3.952,486,81-7450-556-311073,8.5
77,llama-3.1-8b-instant,Class XI ke supplementary reader ka ISBN number kya hai?,rag_style,"Kabhi kabhi main samajh nahi sakta ki aap kya puch rahe hain. Aapne kaha hai ki knowledge Class XI ke supplementary reader ka ISBN number hai. Lekin main samajh nahi sakta ki aap puch rahe hain class XI ke supplementary reader ka ISBN number kya hai.

Aapne hi question di hai, to main aapko hi answer de sakta hoon. Aapne kaha hai ki Class XI ke supplementary reader ka ISBN number kya hai, to main bhi kya kar sakta hoon? Main bhi samajh nahi sakta ki aapne kya puchna tha.

Agar aapne kuch specifi",4.536,276,81-7450-556-311073,10.0
77,llama-3.1-8b-instant,Class XI ke supplementary reader ka ISBN number kya hai?,tree_of_thought,"Main kuchh vichar kar raha hoon:

1. Pehla vichar: Main samajhta hoon ki Class XI ke supplementary reader ka ISBN number alag-alag hoga, jaise ki NCERT ya anya pustakakar ka. Lekin main yeh number nahin jaanta.

2. Doosra vichar: Main sochta hoon ki yeh number online search ya pustakakar ke website par check kiya ja sakta hai.

3. Teesra vichar: Main sochta hoon ki yeh number alag-alag state ya region ke liye alag ho sakta hai.

Ab main apne sabse achhe vichar ko baat karta hoon:
""Main samajhta ",1.696,365,81-7450-556-311073,8.5
77,llama-3.1-8b-instant,Class XI ke supplementary reader ka ISBN number kya hai?,agentic_context,"Bhai, main samajh gaya ki aap Class XI ke supplementary reader ke ISBN number ki jankari chahte hain. 

Step 1: Samajhne ke baad, main yeh sochta hoon ki supplementary reader ka ISBN number kitna aisa hota hai. 

Step 2: Recall knowledge ke dauran, main yeh samajhta hoon ki supplementary reader ka ISBN number ek vishesh sambandhit aur unique number hota hai jo book ki identification ke liye hota hai. 

Step 3: Ab, main yeh answer dete hain.

Chalo, bhai, main Class XI ke supplementary reader ke ",5.862,415,81-7450-556-311073,8.5
78,llama-3.1-8b-instant,"Ma'am, Newton ke teen laws kya hain?",zero_shot,"Arre, Newton ke teen laws bahut hi aasaan hain. 

Pehla law: Inertia ki law hai, jiska matlab hai ki jagat mein koi bhi cheez apni sthiti mein rehti hai, chaahe vah aap us par koi bhi kaam karein ya nahin. Yeh laws inertia force ke naam se jaani jati hai.

Dusra law: Newton ke second law ko force law kehte hain. Yeh laws kehta hai ki force ek cheez ko uske mass ke aadhar par ek vartmaan speed se badhaati hai. Iska formula F = ma hai, jahaan F force hai, m mass hai, aur a acceleration hai.

Teesr",1.714,325,"Newton ke teen laws hain - first law (inertia), second law (force aur acceleration), aur third law (action aur reaction). Ye laws humein gati aur force ke baare mein samjhate hain.",8.5
78,llama-3.1-8b-instant,"Ma'am, Newton ke teen laws kya hain?",few_shot,"Newton ke teen laws bahut hi jatil hain, lekin main try karoongi unke baare mein aasani se samjhne ka. 

Newton ke pahle law kehte hain ki, jo bhi object aapke haath ke andar hai, woh steady hai aur woh hi speed se aata hai. Agar aap use force dalo, to usehi speed aur direction mein badla sakte hain.

Newton ke doosre law kehte hain ki, force kaam karta hai tabhi jab aap use ek object par lagate hai. Agar aap ek object ko force nahin dalo, to useki speed aur direction kuch nahin badlegi.

Newton",3.775,363,"Newton ke teen laws hain - first law (inertia), second law (force aur acceleration), aur third law (action aur reaction). Ye laws humein gati aur force ke baare mein samjhate hain.",8.5
78,llama-3.1-8b-instant,"Ma'am, Newton ke teen laws kya hain?",chain_of_thought,"Arre, Newton ke teen laws to bahut hi aasan hain. 

Sabse pehle, hum Newton ke pahle law se shuru karein. Yeh law hai ki ""Ek ghatna ke badle me, ek nishpaksh aadhar par ek hi kaaran hota hai."" Isse hum apne sanskriti mein ""Action aur Reaction"" ke naam se jaante hain. 

Ab, hum Newton ke doosre law par aayein. Yeh law hai ki ""Hamesha, ek ghatna ke baad ek nishpaksh aadhar par ek hi kaarankram hota hai."" 

Ant mein, hum Newton ke teesre law par aayein. Yeh law hai ki ""Ek ghatna ke baad ek ghatna k",3.627,366,"Newton ke teen laws hain - first law (inertia), second law (force aur acceleration), aur third law (action aur reaction). Ye laws humein gati aur force ke baare mein samjhate hain.",8.5
78,llama-3.1-8b-instant,"Ma'am, Newton ke teen laws kya hain?",structured_context,"{""answer"": ""Newton ke teen laws - First Law (Jhari Kanoon), Second Law (Gati ki Guni ki Kanoon), aur Third Law (Prabhaav ka Kanoon) hain."", ""explanation"": ""Ismein pehle law kehte hain ki ek cheez jari rahegi tab tak jab tak ke liye koi bal nahin daaya gaya ho, dusre kehte hain ki gati ki guni ke saath kiya gaya kaam, aur teesre kehte hain ki har chij ka prabhaav uske saath ki ghati hui cheez par padta hai.""}",3.522,215,"Newton ke teen laws hain - first law (inertia), second law (force aur acceleration), aur third law (action aur reaction). Ye laws humein gati aur force ke baare mein samjhate hain.",8.5
78,llama-3.1-8b-instant,"Ma'am, Newton ke teen laws kya hain?",hierarchical_context,"Newton ke teen laws bahut hi mahatvapoorn hain, aur aap sabhi ko inki samajhne ki jarurat hai. 

Newton ke teen laws hain:

1. **Pratham Kanoon (First Law of Motion)**: Yeh kanoon inertia ka naam hai, jiska arth hai ki kisi bhi vishay ko uske vartman sthiti mein rehne ke lie koi bhi bal nahin lagaya ja sakta. Isse aap samajh sakte hain ki ek vahan chal raha hai, to aap usse rokne ke liye bahut hi bada bal lagana padega, ya phir usse sthir karne ke liye.

2. **Dwitiya Kanoon (Second Law of Motion",1.218,559,"Newton ke teen laws hain - first law (inertia), second law (force aur acceleration), aur third law (action aur reaction). Ye laws humein gati aur force ke baare mein samjhate hain.",8.5
78,llama-3.1-8b-instant,"Ma'am, Newton ke teen laws kya hain?",rag_style,"Arre bhai, Newton ke teen laws hain: 

1. Newton ke pehla kanoon - Har kaam ke liye prabhavi force hoti hai aur yeh force kaam ke pratyek hisse par samaan roop se walee hai.
2. Newton ke doosra kanoon - Kaam ke liye prabhaavi force kaam ke pratyek hisse par utpann karne waalee gati ka barabar hai. Iske alawa, utpann karne waalee gati ka antar ek hisse se dusre hisse tak hota hai.
3. Newton ke teesra kanoon - Har kaam ke liye prabhaavi force aur utpann karne waalee gati donon hi ek dusre ke vasta",6.615,270,"Newton ke teen laws hain - first law (inertia), second law (force aur acceleration), aur third law (action aur reaction). Ye laws humein gati aur force ke baare mein samjhate hain.",8.5
78,llama-3.1-8b-instant,"Ma'am, Newton ke teen laws kya hain?",tree_of_thought,"Arre, ye sawal bahut aasaan hai. 

Option 1: 
Newton ke teen laws ki pehli cheez hai ki har cheez ek hi tarah se kaam karti hai, jaise ki ek bhi tarah ka gurdaa. 

Option 2: 
Newton ke teen laws mein se do laws hain jo aapne jaante honge. Pehla law hai ki har aisi cheez jisne ek hi kaarak ke sath kaam kiya hai, uski wapas kiya ja sakta hai. Dusra law hai ki har cheez ek hi tarah se kaam karti hai. 

Option 3: 
Newton ke teen laws mein se tisra law hai ki har cheez jisne ek hi kaarak ke sath kaam",0.934,439,"Newton ke teen laws hain - first law (inertia), second law (force aur acceleration), aur third law (action aur reaction). Ye laws humein gati aur force ke baare mein samjhate hain.",0.0
78,llama-3.1-8b-instant,"Ma'am, Newton ke teen laws kya hain?",agentic_context,"Meri behen, Newton ke teen laws toh hain hi kuch anokhe, lekin main aapko batata hoon. 

Step 1: Pehle to hume pata hai ki Newton ka naam ek pahadi izzat hai, jo ne science ki duniya ko bahut bada khazana diya. 

Step 2: Ab, Newton ke teen laws kya hain? Ye hain:

1. Newton ke pehla kanoon ya Inertia ka Kanoon: Ye kanoon kehta hai ki jo cheez aam taur par hai, vah hi rahegi. Agar aap ek cheez ko dhakkar rakho aur usko kuch bhi nahi karne do, to vah udne ya ghumne ki koshish nahi karti. Isse hume",6.125,564,"Newton ke teen laws hain - first law (inertia), second law (force aur acceleration), aur third law (action aur reaction). Ye laws humein gati aur force ke baare mein samjhate hain.",8.5
79,llama-3.1-8b-instant,"Text ke hisaab se, kaunsa literary technique fact aur fiction ko alag karne ka tarika hai? Exaggeration bhi ek tarika hai jisse fact aur fiction ko alag kiya jaata hai.",zero_shot,"Text ke hisaab se, ek literary technique jisse fact aur fiction ko alag karne ka tarika hai, woh hai Metafiction.

Metafiction ek literary technique hai jismein author apni khud ki kahani ko apne character ke zariye batata hai, ya phir apni khud ki kahani ko apne character ke andar se hi batata hai. Yeh technique fact aur fiction ko alag karne ka ek tarika hai.

Jaise ki, agar aap ek story likhte hain jismein ek character apni khud ki kahani ko batata hai, to yeh metafiction hai. Isse aapko pata",4.605,380,Exaggeration ko fact aur fiction ko alag karne ka ek tarika samjha gaya hai.,8.5
79,llama-3.1-8b-instant,"Text ke hisaab se, kaunsa literary technique fact aur fiction ko alag karne ka tarika hai? Exaggeration bhi ek tarika hai jisse fact aur fiction ko alag kiya jaata hai.",few_shot,"Bhaiya, text ke hisaab se literary technique jo fact aur fiction ko alag karne ka tarika hai, woh hai Tone. Tone aapko batata hai ki aap kya likh rahe hain, fact ya fiction.",4.232,174,Exaggeration ko fact aur fiction ko alag karne ka ek tarika samjha gaya hai.,8.5
79,llama-3.1-8b-instant,"Text ke hisaab se, kaunsa literary technique fact aur fiction ko alag karne ka tarika hai? Exaggeration bhi ek tarika hai jisse fact aur fiction ko alag kiya jaata hai.",chain_of_thought,"Arre, main sochta hoon, kya hai jo fact aur fiction ko alag karta hai.

Step 1: Main sochta hoon ki fact aur fiction mein kya farq hai. Fact sabse aasaani se aata hai - yeh hamaari zindagi ki ghatnaen hain, jise hum dekh sakte aur sune sakte hain. Fiction, yeh aisi kahaniyan hain jo humne khud se nahin dekhi hain, lekin hum unki tarah se soch sakte hain.

Step 2: Main sochta hoon ki kya hota hai jab fact aur fiction ka mix ho jata hai. Yeh hota hai jab hum ek fact ko exaggerate kar dete hain, ji",2.135,582,Exaggeration ko fact aur fiction ko alag karne ka ek tarika samjha gaya hai.,8.5
79,llama-3.1-8b-instant,"Text ke hisaab se, kaunsa literary technique fact aur fiction ko alag karne ka tarika hai? Exaggeration bhi ek tarika hai jisse fact aur fiction ko alag kiya jaata hai.",structured_context,"{""answer"": ""Vishayvaad"", ""explanation"": ""Vishayvaad ek literary technique hai jisse fact aur fiction ko alag karna possible hota hai. Ismein, fact ko aam logon ki duniya se judaaya jaata hai, jabki fiction ko keval kathaaon ya kahaniyon ke roop mein dikhaya jaata hai. Exaggeration bhi ek kirdaar hai jisse fact aur fiction ko alag kiya jaata hai, lekin yah ek specific technique hai jisse vishay ko badhaya jaata hai, jabki vishayvaad ek vishisht tarah ka technique hai jisse fact aur fiction ko ala",4.487,268,Exaggeration ko fact aur fiction ko alag karne ka ek tarika samjha gaya hai.,8.5
79,llama-3.1-8b-instant,"Text ke hisaab se, kaunsa literary technique fact aur fiction ko alag karne ka tarika hai? Exaggeration bhi ek tarika hai jisse fact aur fiction ko alag kiya jaata hai.",hierarchical_context,"Arre bhai, aapke sawal ka jawab hoon! Text ke hisaab se, fact aur fiction ko alag karne ka ek pramukh literary technique hai - Imagery.

Imagery ek aisa tarika hai jisse aapke man mein vividh aur jeevante vividhan paida karta hai. Ismein aapka dimaag fact aur fiction ke beech mein antar nikaalne mein madad karta hai. Lekin, yeh samajhna mahatvapoorn hai ki imagery ka upyog fact aur fiction dono mein kiya ja sakta hai.

Ab, yeh sawal uthta hai ki fact aur fiction ko alag karne ke lie doosra taari",4.412,772,Exaggeration ko fact aur fiction ko alag karne ka ek tarika samjha gaya hai.,4.0
79,llama-3.1-8b-instant,"Text ke hisaab se, kaunsa literary technique fact aur fiction ko alag karne ka tarika hai? Exaggeration bhi ek tarika hai jisse fact aur fiction ko alag kiya jaata hai.",rag_style,"Kya aap jante hain fact aur fiction ko alag karna kaisa hai? Main aapko batata hoon, fact aur fiction ko alag karne ka ek tarika hai - Exaggeration. 

Fact ka matlab hai sachcha, jo ki haqiqat mein hota hai. Fiction ka matlab hai kahaani, jo ki apne dimaag ka product hota hai. 

Exaggeration ko hamesha fact aur fiction ko alag karne ka tarika maana jata hai. Jaise, agar aap kuchh sachchayi ke bare mein baat kar rahe hain, to aap usmein kuchh exaggerate karke ushein zyada interesting banasakte ha",6.685,363,Exaggeration ko fact aur fiction ko alag karne ka ek tarika samjha gaya hai.,8.5
79,llama-3.1-8b-instant,"Text ke hisaab se, kaunsa literary technique fact aur fiction ko alag karne ka tarika hai? Exaggeration bhi ek tarika hai jisse fact aur fiction ko alag kiya jaata hai.",tree_of_thought,"Arre, maine kuch cheejein soch li hain:

1. **Fact aur fiction ko alag karne ka ek tarika yeh hai ki fact mein sabhi cheejein sahi hoti hain, lekin fiction mein kuch cheejein galat hote hain.** Agar koi story mein kuch galtiyaan hain, toh yeh fiction hai. Lekin agar koi article mein sabhi cheejein sahi hain, toh yeh fact hai.

2. **Fact aur fiction ko alag karne ka doosra tarika yeh hai ki fact mein adhikarik data hota hai.** Agar koi article mein data aur evidence diya gaya hai, toh yeh fact ha",3.633,434,Exaggeration ko fact aur fiction ko alag karne ka ek tarika samjha gaya hai.,8.5
79,llama-3.1-8b-instant,"Text ke hisaab se, kaunsa literary technique fact aur fiction ko alag karne ka tarika hai? Exaggeration bhi ek tarika hai jisse fact aur fiction ko alag kiya jaata hai.",agentic_context,"Yaar, maine samajh liya hai kya puchha hai. Pehle to maine socha ki literary techniques mein kya hai jo fact aur fiction ko alag karta hai. 

Step 1: Samajhne ke baad, maine yeh socha ki literary techniques mein kuchh aise tarike hain jaise ki:

- Imagery
- Symbolism
- Metaphor
- Alliteration
- Onomatopoeia
- Exaggeration (aapne bhi kaha hai)
- Irony

Lekin sabse aam aur prabhavi literary technique jo fact aur fiction ko alag karta hai, wo hai...

Step 3: Jawaab 
Fact aur fiction ko alag karne k",4.867,490,Exaggeration ko fact aur fiction ko alag karne ka ek tarika samjha gaya hai.,8.5
80,llama-3.1-8b-instant,"Sir, what is difference between speed and velocity, dono mein kya antar hai?",zero_shot,"Arre bhai, toh speed aur velocity ke beech mein ek bahut bada antar hai. 

Speed kya hai? Speed ek object ka tezi hai, jo ki woh ek fix direction mein chal raha hai. Agar aap ek car ko 60 km/h ki speed se chala rahe hain, toh yeh speed hai.

Lekin velocity kya hai? Velocity ek object ka speed hai, jiske saath ek fix direction bhi hota hai. Toh aapke 60 km/h ki speed ko ek fix direction mein chalne ke saath hi velocity kahte hain. Isme direction bhi shamil hai.

Ek example dekhna: aap kisi object",2.576,268,"Speed aur velocity dono gati se sambandhit hain, lekin speed mein sirf gati ki maatra hoti hai, jabki velocity mein gati ki maatra aur disha bhi hoti hai.",8.5
80,llama-3.1-8b-instant,"Sir, what is difference between speed and velocity, dono mein kya antar hai?",few_shot,"Bhai, speed aur velocity ke beech ki kya baat hai? Speed woh hai jo kitna speed se chal raha hai, jaise ki 50 kilometre per hour. Lekin velocity woh hai jo direction ke sath speed ke bare mein hai, jaise ki 50 kilometre per hour east direction mein. To, speed ek directionless concept hai, jabki velocity direction ke saath speed ke bare mein hai.",3.354,187,"Speed aur velocity dono gati se sambandhit hain, lekin speed mein sirf gati ki maatra hoti hai, jabki velocity mein gati ki maatra aur disha bhi hoti hai.",8.5
80,llama-3.1-8b-instant,"Sir, what is difference between speed and velocity, dono mein kya antar hai?",chain_of_thought,"Arre bhai, speed aur velocity ke beech kya antar hai, yeh jaana thoda complicated hai, lekin main aapko iske bare mein samjhata hoon.

Step 1: Sabse pehle, speed ka matlab hai koi cheez kitni der mein ek fix distance ko cover karti hai. Jaise, agar aap ek gaadi mein chalte hain, to speed ka matlab hai ki aap kitni der mein ek fix distance ka cover kar rahe hain.

Step 2: Ab, velocity ka matlab hai speed ke saath direction bhi shamil hota hai. Jaise, agar aap ek gaadi mein chalte hain aur aapka d",1.861,467,"Speed aur velocity dono gati se sambandhit hain, lekin speed mein sirf gati ki maatra hoti hai, jabki velocity mein gati ki maatra aur disha bhi hoti hai.",8.5
80,llama-3.1-8b-instant,"Sir, what is difference between speed and velocity, dono mein kya antar hai?",structured_context,"{""answer"": ""Speed aur velocity mein antar yeh hai ki speed ek scalar quantity hai, jo kisi bhi object ki speed ko darshata hai, jabki velocity ek vector quantity hai, jo object ki speed aur direction dono ko darshata hai."", ""explanation"": ""Udaaharan ke liye, agar kisi gadi ki speed 60 kmph hai, toh yeh pata chalta hai ki gadi ki speed kitni hai, lekin yeh pata nahi chalta hai ki gadi kaunsi direction mein ja rahi hai. Lekin agar kisi gadi ki velocity 60 kmph northeast direction mein hai, toh yeh",4.492,248,"Speed aur velocity dono gati se sambandhit hain, lekin speed mein sirf gati ki maatra hoti hai, jabki velocity mein gati ki maatra aur disha bhi hoti hai.",8.5
80,llama-3.1-8b-instant,"Sir, what is difference between speed and velocity, dono mein kya antar hai?",hierarchical_context,"Beta, speed aur velocity dono hi kinetic properties hain, lekin ek anter hai. 

Speed ka matlab hai kitna door chala hai, par velocity ka matlab hai kitna door chala hai aur uske direction mein bhi. 

Udaharan ke liye, agar aap ek car mein baithkar ek side se dusri side ja rahe hain, to aapki speed ek hi rahegi, par aapki velocity do different hogi, kyonki aapke direction mein badlaav hai. 

Agar aap ek train mein baithkar ek hi direction mein chal rahe hain, to aapki speed aur velocity ek hi ho",1.618,285,"Speed aur velocity dono gati se sambandhit hain, lekin speed mein sirf gati ki maatra hoti hai, jabki velocity mein gati ki maatra aur disha bhi hoti hai.",8.5
80,llama-3.1-8b-instant,"Sir, what is difference between speed and velocity, dono mein kya antar hai?",rag_style,"Arre bhai, speed aur velocity dono mein ek antar hai, lekin woh kya hai? 

Speed sirf ek cheez hai jo batati hai ki koi cheez kitni duri mein kitni der mein ja rahi hai, jaise ki ek gadi 100 km/h mein ja rahi hai. Yeh speed ki gati hai, lekin yeh nahi batati hai ki gadi ka direction kya hai.

Lekin velocity, veh ek cheez hai jo batati hai ki koi cheez kitni duri mein kitni der mein kitni direction mein ja rahi hai. Yeh speed aur direction dono ka combination hai. Jaise ki gadi 100 km/h mein nort",3.514,283,"Speed aur velocity dono gati se sambandhit hain, lekin speed mein sirf gati ki maatra hoti hai, jabki velocity mein gati ki maatra aur disha bhi hoti hai.",8.5
80,llama-3.1-8b-instant,"Sir, what is difference between speed and velocity, dono mein kya antar hai?",tree_of_thought,"**Thought 1:**
Sir, speed aur velocity mein antar yeh hai ki speed ek directionless parameter hai, jismein kiya bhi speed hai, lekin velocity ek direction wala parameter hai, jismein kiya bhi speed hai aur wahi direction bhi hai. 

**Thought 2:**
Sir, speed aur velocity mein antar yeh hai ki speed ek scalar parameter hai, jismein kiya bhi speed hai, lekin velocity ek vector parameter hai, jismein kiya bhi speed hai aur wahi direction bhi hai. 

**Thought 3:**
Sir, speed aur velocity mein antar y",2.56,354,"Speed aur velocity dono gati se sambandhit hain, lekin speed mein sirf gati ki maatra hoti hai, jabki velocity mein gati ki maatra aur disha bhi hoti hai.",9.0
80,llama-3.1-8b-instant,"Sir, what is difference between speed and velocity, dono mein kya antar hai?",agentic_context,"Sir, yeh sawaal bahut acha hai. 

Step 1: Pehle samajh lo - Question yeh hai ki speed aur velocity ke beech kya antar hai.

Step 2: Yaad kar lo - Main yaad karta hoon ki speed jo ki ek object ki gati hai, uski gati ko second mein milegi. Jabki velocity, speed ke saath hi, direction bhi jodta hai. To, velocity ek object ki speed ke sath hi, uski direction ko bhi darshata hai.

Step 3: Bata lo - To, antar yeh hai ki speed ek object ki gati ko second mein darshata hai, jabki velocity ek object ki g",3.638,330,"Speed aur velocity dono gati se sambandhit hain, lekin speed mein sirf gati ki maatra hoti hai, jabki velocity mein gati ki maatra aur disha bhi hoti hai.",8.5
81,llama-3.1-8b-instant,"Sir, sound wave kya hoti hai?",zero_shot,"Arre yaar, sound wave toh ek tarang hai jo humare kanon mein aati hai. Yeh ek prakaar ki energi hai jo hawa mein dhundh jaati hai aur humein sunaai deta hai. Jab koi cheez gati mein ho jaati hai, to vah hawa ko dhundh deti hai aur hawa mein ek tarang ban jaata hai. Is tarang ko hum sound wave kehte hain.",1.369,158,Sound wave ek aisi tarang hoti hai jo hawa ya anya madhyam se guzarti hai. Yah tarang kanon ko prabhavit karti hai aur humein dhvani sunaati hai.,8.5
81,llama-3.1-8b-instant,"Sir, sound wave kya hoti hai?",few_shot,"Bhai sound wave ki zaroorat hai toh ek baat bata du. Sound wave ek tarang hai jo hota hai jab koi vajan padta hai ya vibhishika hoti hai, jaise ki aapki awaaz. Voh tarang hawa mein phailta hai aur hamaare kaan mein pahunchta hai. Isse hum sunte hain.",2.354,170,Sound wave ek aisi tarang hoti hai jo hawa ya anya madhyam se guzarti hai. Yah tarang kanon ko prabhavit karti hai aur humein dhvani sunaati hai.,8.5
81,llama-3.1-8b-instant,"Sir, sound wave kya hoti hai?",chain_of_thought,"Arre yeh sawal bahut aasaan hai. 

Step 1: Sound wave kya hoti hai? 
Yeh ek tarang hai jo humein dhvaan ya shravani deta hai. 

Step 2: Yeh tarang kitni cheezein hoti hai? 
Yeh tarang do cheezein hoti hai - komal tarang aur kathin tarang. 

Step 3: Komal tarang kya hoti hai? 
Yeh tarang humari aankhon se dekhi nahin ja sakti, lekin hum use sun sakte hain. 

Step 4: Kathin tarang kya hoti hai? 
Yeh tarang humari aankhon se dekhi ja sakti hai, lekin hum use sun nahin sakte hain. 

Step 5: Sound wa",1.642,341,Sound wave ek aisi tarang hoti hai jo hawa ya anya madhyam se guzarti hai. Yah tarang kanon ko prabhavit karti hai aur humein dhvani sunaati hai.,8.5
81,llama-3.1-8b-instant,"Sir, sound wave kya hoti hai?",structured_context,"{""answer"": ""Suni prakash ki tarang"", ""explanation"": ""Jaise ki aap sunte hain, tab aapke kan ke andar ek tarang chalti hai, jo aapko sound sunaati hai.""}",3.3,121,Sound wave ek aisi tarang hoti hai jo hawa ya anya madhyam se guzarti hai. Yah tarang kanon ko prabhavit karti hai aur humein dhvani sunaati hai.,2.0
81,llama-3.1-8b-instant,"Sir, sound wave kya hoti hai?",hierarchical_context,"Beta, sound wave ek prakaar ki energiya hoti hai jo hamare aaspaas ki vajah se chal rahi hoti hai. Yeh vajah se utpann hoti hai jab koi object aaspaas ki vajah ko durkar deti hai ya phir vajah se chal rahi energiya ko door kar deti hai.

Jaise agar hum ek dabaav banaate hain, to isse aaspaas ki vajah ko durkarna hota hai. Iske baad, vajah se chal rahi energiya ko hum sun sakte hain. Yeh energiya apne aaspaas gaye cheejon ko chhodti hai aur hum unhe sun sakte hain.

Aise hi, jab hum ek shabd bolt",1.684,357,Sound wave ek aisi tarang hoti hai jo hawa ya anya madhyam se guzarti hai. Yah tarang kanon ko prabhavit karti hai aur humein dhvani sunaati hai.,8.5
81,llama-3.1-8b-instant,"Sir, sound wave kya hoti hai?",rag_style,"Arre bhai, sound wave ek tarang hai jo hamen dhang aur gati se sunai deta hai. Yeh ek tarang hoti hai jo hamare kano mein pahunchti hai aur humein iska anubhav deta hai.",3.312,134,Sound wave ek aisi tarang hoti hai jo hawa ya anya madhyam se guzarti hai. Yah tarang kanon ko prabhavit karti hai aur humein dhvani sunaati hai.,8.5
81,llama-3.1-8b-instant,"Sir, sound wave kya hoti hai?",tree_of_thought,"Arre, sound wave kuch alag-alag tarike se kaha jaa sakta hai.

Pehla tareeka: Sound wave ek tarang hoti hai jo hawa, paani ya kisi doosri dravya mein ghutti hoti hai. Jab hum koi cheez bataate hain ya ghoont karte hain, toh vah hamari awaaz ka ek tarang ban jaata hai jo hawa mein chalne lagta hai.

Dusra tareeka: Sound wave ek aise vibhajan hoti hai jismein hawa ya paani ka ek kshetra hawa ya paani ka doosra kshetra se alag hota hai. Is prakaar, sound wave ek vibhajan hoti hai jo hawa ya paani k",0.818,471,Sound wave ek aisi tarang hoti hai jo hawa ya anya madhyam se guzarti hai. Yah tarang kanon ko prabhavit karti hai aur humein dhvani sunaati hai.,8.5
81,llama-3.1-8b-instant,"Sir, sound wave kya hoti hai?",agentic_context,"Bhai, sirf sunte hain, toh suna hai. 

Step 1: Question padhne ke baad, main samajh raha hoon ki aapne sound wave ki baat ki hai.

Step 2: Mujhe yaad aaya ki sound wave ek prakaar ki energy ki ghata hai jo hamen aashcharyachakti aur svaar ki tarah sunai deta hai. Yeh energy gati se badalta hai aur hamen gati se badalne wala sound sunata hai.

Step 3: Toh, main aapko bata sakta hoon ki sound wave ek prakaar ki energy ki ghata hai jo gati se badalne se hamen aashcharyachakti aur svaar ki tarah sun",5.619,267,Sound wave ek aisi tarang hoti hai jo hawa ya anya madhyam se guzarti hai. Yah tarang kanon ko prabhavit karti hai aur humein dhvani sunaati hai.,8.5
82,llama-3.1-8b-instant,"Sir, plate tectonics kya hai aur iske kya mahatvapurn parinaam hain?",zero_shot,"Arre, plate tectonics ek bahut hi mahatvapurn vishay hai. Yeh tectonic plates ke naam se lekar hai, jo ki dharti ke surface par chalti hain. In plates ka ek network hai jo ek dusre se judi hui hoti hain aur unke beech bahut hi jatil kriyaein hoti hain.

Iske mein, dharti ke surface par kai parivartan hoti hain, jaise ki Himalaya ke peeth ke nirmaan, Andes ke range ke nirmaan, aur Pacific Ocean ke floor ke nirmaan. Yeh sab kuch plate tectonics ke kaaran hi hota hai.

Plate tectonics ke kai mahatv",0.821,498,"Plate tectonics prithvi ki satah par chaliye plateno ki gatividhi ko darshata hai, jiske kaaran bhukamp, jwalamukhi visphoton aur pahadon ki rachna hoti hai.",8.5
82,llama-3.1-8b-instant,"Sir, plate tectonics kya hai aur iske kya mahatvapurn parinaam hain?",few_shot,"Plate tectonics woh vijigyan hai jo earth ke surface par plates ke naam se kehliye plateon ko sambandhit hai. Ye plates earth ki kruti hai aur inmein se kai plate hain, jinmein se kuchh donon hi ek dusre ke saamne aati hain aur ek dusre se milati hain. 

Plate tectonics ka sabse bada mahatvapurn parinaam yah hai ki ye humein pata lagata hai ki earth ki surface par ki kya ho raha hai. Isse humein pata chalta hai ki earth ki kruti kyun hoti hai aur iske liye kya kaaran hain. Ismein se ek bahut bad",5.71,363,"Plate tectonics prithvi ki satah par chaliye plateno ki gatividhi ko darshata hai, jiske kaaran bhukamp, jwalamukhi visphoton aur pahadon ki rachna hoti hai.",4.5
82,llama-3.1-8b-instant,"Sir, plate tectonics kya hai aur iske kya mahatvapurn parinaam hain?",chain_of_thought,"Arre, let's iske baare mein sochenge:

1. Pehle, to humein pata hona chahiye ki plate tectonics ka matlab kya hai. Plate tectonics ek tareeke hai jismein prithvi ki surface ko kai plateon mein vistaarit kiya gaya hai. Ye platein aapas mein chalti hain aur ek-ek anya ke saamne se ghoomti hain.

2. Ab, humein yeh jane naa pade ki yeh plate tectonics kya prakriyaon ko prabhavit karte hain. Jaise ki, yeh platein aapas mein judti hain, alag hote hain, ya ek-ek anya ke saamne se ghoomti hain.

3. Iske",4.026,604,"Plate tectonics prithvi ki satah par chaliye plateno ki gatividhi ko darshata hai, jiske kaaran bhukamp, jwalamukhi visphoton aur pahadon ki rachna hoti hai.",8.5
82,llama-3.1-8b-instant,"Sir, plate tectonics kya hai aur iske kya mahatvapurn parinaam hain?",structured_context,"{""answer"": ""Plate tectonics ek prakriya hai jisme Prithvi ki kshetrafal ko vibhinn chhapparon mein vibhajan kiya jata hai, jinka nirdharan aur ghatnaein hoti hain. Ye chhapparon hamare duniya ki kshetrafal ko vibhinn bhagon mein badalne mein madad karte hain."", ""explanation"": ""Is prakriya ke kuch mahatvapurn parinaam hain: 
1. Bhugolik ghatnaein: Plate tectonics ke karan bhugolik ghatnaein aur jalvayu badlav hota hai, jaise earthquake, volcanic eruptions, aur climate change.
2. Dharat par jalvay",5.828,450,"Plate tectonics prithvi ki satah par chaliye plateno ki gatividhi ko darshata hai, jiske kaaran bhukamp, jwalamukhi visphoton aur pahadon ki rachna hoti hai.",8.5
82,llama-3.1-8b-instant,"Sir, plate tectonics kya hai aur iske kya mahatvapurn parinaam hain?",hierarchical_context,"Beta, plate tectonics ek bahut hi mahatvapurn vishay hai jiska aap sabhi ko pata hona chahiye. 

Plate tectonics kya hai? Isse aap samajh sakte hain ki duniya ki crust ko kai plateon mein vibhajit kiya hua hai. In plateon mein se ek plate doosre plate se milta hai, yeh milne se ek plate anya plate ki oor se uth jaata hai, ya fir ek plate anya plate ko chhed jaata hai. Yeh sabhi process hamesha ek nayi jagah par chal jaate hain.

Ab, plate tectonics ke parinaamon ko dekhte hain. Yeh kai mahatvapu",4.272,615,"Plate tectonics prithvi ki satah par chaliye plateno ki gatividhi ko darshata hai, jiske kaaran bhukamp, jwalamukhi visphoton aur pahadon ki rachna hoti hai.",8.5
82,llama-3.1-8b-instant,"Sir, plate tectonics kya hai aur iske kya mahatvapurn parinaam hain?",rag_style,"Arre bhai, plate tectonics ek aisa vishay hai jismein prithvi ki vibhinn plates (kathor chhatriyaan) hoti hain jo ek dusre ke saath judi ya alag hokar chalti hain. Ye plates aarambhik samay mein ek dusre ke saath judi thi, lekin ab ve alag ho gayi hain aur chalti hain.

Plate tectonics ke kuch mahatvapurn parinaam hain:

1. Dhaarneek kshetron ka nirman: Jab plates alag hokar chalti hain, to ve dhaarneek kshetron ka nirman karte hain jaise Himalaya, Rocky Mountains aur Andes.
2. Samudri dhaarneek",5.897,548,"Plate tectonics prithvi ki satah par chaliye plateno ki gatividhi ko darshata hai, jiske kaaran bhukamp, jwalamukhi visphoton aur pahadon ki rachna hoti hai.",8.5
82,llama-3.1-8b-instant,"Sir, plate tectonics kya hai aur iske kya mahatvapurn parinaam hain?",tree_of_thought,"**Pehla Soch:**
Plate tectonics ek vyavaharik vishay hai jahaan prithvi ke vibhinn bhag kuch hi gatividhiyon se ghoomte hain. Yeh gatividhiyan plate tectonics ka naam deta hain. Ismein prithvi ke vibhinn bhag apne sthiti aur disha mein badlav lene ke liye ek-doosre se judte hain, alag-alag tareeke se judte hain ya alag ho jaate hain. Is gatividhi ke parinaam se Himalaya jaise parvat shreniyon ka nirman hua hai.

**Dusri Soch:**
Plate tectonics mein prithvi ke vibhinn bhag apne sthiti aur disha m",6.04,650,"Plate tectonics prithvi ki satah par chaliye plateno ki gatividhi ko darshata hai, jiske kaaran bhukamp, jwalamukhi visphoton aur pahadon ki rachna hoti hai.",8.5
82,llama-3.1-8b-instant,"Sir, plate tectonics kya hai aur iske kya mahatvapurn parinaam hain?",agentic_context,"Arre, plate tectonics ek bahut hi mahatvapurn vishay hai jo prithvi ke aapne gatividhiyon ko samajhne mein madad karta hai.

Step 1: Understanding the question
- Agar main samajh sakta hoon, toh plate tectonics prithvi ke vibhinn bhagon ke ek hi plate ke roop mein samajha jata hai jo ek doosre ke saath judi hui hain aur garam pahadon ke saath chalti hain. Yeh plate ek doosre ke saath chalti hain, milati hain, ya alag ho jati hain.

Step 2: Recall knowledge
- Plate tectonics ki sabse badi gunvatt",7.149,746,"Plate tectonics prithvi ki satah par chaliye plateno ki gatividhi ko darshata hai, jiske kaaran bhukamp, jwalamukhi visphoton aur pahadon ki rachna hoti hai.",5.0
83,llama-3.1-8b-instant,"Zahi Hawass ke hisab se, mummy itni kharaab condition mein kyun hai? “Mummy ki condition bohot kharaab hai kyunki Carter ne 1920s mein kya kiya,” Zahi Hawass ne kaha, jo ki Egypt ke Supreme Council of Antiquities ka Secretary General hai",zero_shot,"Arre yeh sab Carter ki wajah se hai, jiski wajah se mummy aaj itni kharaab condition mein hai. Carter ne 1920s mein kuch alag-alag tarike se mummy ka restauration kiya tha, jisse mummy ki condition bahut zyada nuksan hua hai.

Toh Zahi Hawass ke hisab se, mummy ki condition kharaab hona Carter ki wajah se hai. Vah Carter ki kuch galat faisleon ka naam leta hai jisse mummy ki condition nuksan hua hai.

Yeh hai Zahi Hawass ki baat, jo ki Egypt ke Supreme Council of Antiquities ka Secretary General",5.53,278,"Zahi Hawass, Egypt ke Supreme Council of Antiquities ka Secretary General, ne kaha ki mummy ki condition bohot kharaab hai kyunki Carter ne 1920s mein jo kiya tha",8.5
83,llama-3.1-8b-instant,"Zahi Hawass ke hisab se, mummy itni kharaab condition mein kyun hai? “Mummy ki condition bohot kharaab hai kyunki Carter ne 1920s mein kya kiya,” Zahi Hawass ne kaha, jo ki Egypt ke Supreme Council of Antiquities ka Secretary General hai",few_shot,"Bhaiya, mummy ki condition kharaab hai kyunki Carter ne 1920s mein kya kiya. Woh ek Englishman tha jo 1922 mein Tutankhamun ki kabre ko khola. Usne yeh nahi socha ki woh mummy ko kaise cover karega, aur usne uski gaddiyon ko khola, jo ki mummy ko save karne ke liye thodi der tak band hoti hai. Isse mummy ki condition bahut badh gayi.",3.375,260,"Zahi Hawass, Egypt ke Supreme Council of Antiquities ka Secretary General, ne kaha ki mummy ki condition bohot kharaab hai kyunki Carter ne 1920s mein jo kiya tha",8.5
83,llama-3.1-8b-instant,"Zahi Hawass ke hisab se, mummy itni kharaab condition mein kyun hai? “Mummy ki condition bohot kharaab hai kyunki Carter ne 1920s mein kya kiya,” Zahi Hawass ne kaha, jo ki Egypt ke Supreme Council of Antiquities ka Secretary General hai",chain_of_thought,"Arey, main is sawal ka jawab karta hoon. 

1. Pehle, humein pata karna hai ki Zahi Hawass kehne ke baad mummy ki condition ki kya ghatna hui. To, hum dekhenge ki woh kya keh rahe hain.

2. Zahi Hawass ne kaha ki mummy ki condition kharaab hai kyunki Carter ne 1920s mein kya kiya. To, humein pata karna hai ki Carter ne kya kiya.

3. Carter kehna jata hai ek prasiddh mummy pakadne wala, jo 1920s mein Egypt aaya tha. Woh kaun tha?

4. Carter, Howard Carter, ek British archaeologist tha, jo 1922 mei",2.975,599,"Zahi Hawass, Egypt ke Supreme Council of Antiquities ka Secretary General, ne kaha ki mummy ki condition bohot kharaab hai kyunki Carter ne 1920s mein jo kiya tha",8.5
83,llama-3.1-8b-instant,"Zahi Hawass ke hisab se, mummy itni kharaab condition mein kyun hai? “Mummy ki condition bohot kharaab hai kyunki Carter ne 1920s mein kya kiya,” Zahi Hawass ne kaha, jo ki Egypt ke Supreme Council of Antiquities ka Secretary General hai",structured_context,"{""answer"": ""Tutan Khanaam mummy ki condition kharaab ho gayi kyunki Carter ne uski rakhi hui mashehri goliyan aur kati hui hui daandein aur pattein nahi nikali,"" ""explanation"": ""Zahi Hawass ke anusaar, Howard Carter ne Tutan Khanaam mummy ka avsarvartan karte samay kai mashehri goliyaan aur kati hui hui daandein aur pattein rakhi hui the, jo ki mummy ki condition ko kharaab karne mein madad kar rahi the""}",5.482,268,"Zahi Hawass, Egypt ke Supreme Council of Antiquities ka Secretary General, ne kaha ki mummy ki condition bohot kharaab hai kyunki Carter ne 1920s mein jo kiya tha",8.5
83,llama-3.1-8b-instant,"Zahi Hawass ke hisab se, mummy itni kharaab condition mein kyun hai? “Mummy ki condition bohot kharaab hai kyunki Carter ne 1920s mein kya kiya,” Zahi Hawass ne kaha, jo ki Egypt ke Supreme Council of Antiquities ka Secretary General hai",hierarchical_context,"Bachchon, aaj hum mummy ki condition ke baare mein seekhenge. Zahi Hawass ek mahaan archaeologist hain, jinhone egypt ke bahut se purane shahar aur mandiron ka avishkar kiya hai. Unhone kaha hai ki mummy ki condition bohot kharaab hai kyunki Carter ne 1920s mein kya kiya.

Aapko pata hai ki Tutankhamun ek egypt ke mahaan raja the, jinhone 1323-1323 BCE tak raj kiya tha. Unka mummy bahut hi poorey se pata chal gaya hai, lekin iska karan hain ki unke mummy ko 1922 mein Howard Carter ne ek khudai k",3.276,624,"Zahi Hawass, Egypt ke Supreme Council of Antiquities ka Secretary General, ne kaha ki mummy ki condition bohot kharaab hai kyunki Carter ne 1920s mein jo kiya tha",8.5
83,llama-3.1-8b-instant,"Zahi Hawass ke hisab se, mummy itni kharaab condition mein kyun hai? “Mummy ki condition bohot kharaab hai kyunki Carter ne 1920s mein kya kiya,” Zahi Hawass ne kaha, jo ki Egypt ke Supreme Council of Antiquities ka Secretary General hai",rag_style,"Arre, mummy ki condition bohot kharaab hai kyunki Carter ne 1920s mein kya kiya. Woh kya kiya, pata nahi. Bas isse pata lagaane ke liye hi Zahi Hawass ne bola hai.",5.264,196,"Zahi Hawass, Egypt ke Supreme Council of Antiquities ka Secretary General, ne kaha ki mummy ki condition bohot kharaab hai kyunki Carter ne 1920s mein jo kiya tha",4.0
83,llama-3.1-8b-instant,"Zahi Hawass ke hisab se, mummy itni kharaab condition mein kyun hai? “Mummy ki condition bohot kharaab hai kyunki Carter ne 1920s mein kya kiya,” Zahi Hawass ne kaha, jo ki Egypt ke Supreme Council of Antiquities ka Secretary General hai",tree_of_thought,"Mein kuch vichar kar raha hoon...

Pehla vichar: Carter ne 1920s mein mummy ko kharab karne ke liye kuch cheezein ki jaanib se ki honge. Shayad wo mummy ko badalne ke liye kuch cheezein usey use kar rahe the, jisse uski condition kharaab ho gayi.

Dusra vichar: 1920s mein technologies aur techniques ka upyog karna kafi kam tha. Carter ne mummy ka restoration karna chahta ho sakta hai, lekin uski techniques aur tools ke karan, usne mummy ko kharab kar diya.

Teesa vichar: Carter ne mummy ko khara",2.842,479,"Zahi Hawass, Egypt ke Supreme Council of Antiquities ka Secretary General, ne kaha ki mummy ki condition bohot kharaab hai kyunki Carter ne 1920s mein jo kiya tha",8.5
83,llama-3.1-8b-instant,"Zahi Hawass ke hisab se, mummy itni kharaab condition mein kyun hai? “Mummy ki condition bohot kharaab hai kyunki Carter ne 1920s mein kya kiya,” Zahi Hawass ne kaha, jo ki Egypt ke Supreme Council of Antiquities ka Secretary General hai",agentic_context,"Arre, yeh sawaal bahut interesting hai. Main samjha raha hoon:

Step 1: Pehle to yeh sawaal hai ki Zahi Hawass ke hisab se mummy kyun kharaab condition mein hai.

Step 2: Ab main yeh recall karta hoon ki Zahi Hawass ne kya kaha. Usne kehsya ki mummy ki condition kharaab hai kyunki Carter ne 1920s mein kuch kiya tha.

Step 3: Ab main kuch pehchanna hoon. Toh Carter kaun tha? Toh yeh pata lag gaya ki Howard Carter ek English archaeologist aur Egyptologist tha, jinhone Tutankhamun ki mummy ko 1922 ",4.674,398,"Zahi Hawass, Egypt ke Supreme Council of Antiquities ka Secretary General, ne kaha ki mummy ki condition bohot kharaab hai kyunki Carter ne 1920s mein jo kiya tha",8.5
84,llama-3.1-8b-instant,"Hornby Road pe Professor Gaitonde ne dekhe koi do bade British departmental stores, jahan pe Handloom House building nahi thi, balki Boots aur Woolworth departmental stores thi, aur Lloyds, Barclays jaise British banks ke offices bhi thi?",zero_shot,"Arre bhai, tumne sahi socha hai. Hornby Road pe Professor Gaitonde ne toh bahut hi pehle ka samay dekha hoga, jab woh Bombay the. Us samay, yahan pe Handloom House building nahi thi, balki Boots aur Woolworth jaise British departmental stores thi. Aur logon ko wahan pe British banks ke offices bhi dekhne ko milte the, jaise ki Lloyds aur Barclays. Wo samay the jab Bombay British hua karta tha aur British rule thi.",2.472,224,Professor Gaitonde ne Hornby Road pe Boots aur Woolworth departmental stores dekhe,8.5
84,llama-3.1-8b-instant,"Hornby Road pe Professor Gaitonde ne dekhe koi do bade British departmental stores, jahan pe Handloom House building nahi thi, balki Boots aur Woolworth departmental stores thi, aur Lloyds, Barclays jaise British banks ke offices bhi thi?",few_shot,"Hornby Road par Professor Gaitonde ne dekha, wahin do bade British departmental stores the, Boots aur Woolworth. Ye dono bade brands the, lekin unke liye Handloom House building nahi thi. Aur iske saath-saath British banks ke offices bhi thee, jaise ki Lloyds aur Barclays.",1.271,209,Professor Gaitonde ne Hornby Road pe Boots aur Woolworth departmental stores dekhe,8.5
84,llama-3.1-8b-instant,"Hornby Road pe Professor Gaitonde ne dekhe koi do bade British departmental stores, jahan pe Handloom House building nahi thi, balki Boots aur Woolworth departmental stores thi, aur Lloyds, Barclays jaise British banks ke offices bhi thi?",chain_of_thought,"Main is sawal ka jawab dena chahta hoon, aur main iska jawab Kuchh step-by-step se dene ka prayaas karega.

Step 1: Pehle, main samajhna chahta hoon ki Hornby Road ka koi connection aisa hai jahan pe Professor Gaitonde ne koi do bade British departmental stores dekhe ho.

Step 2: Main janta hoon ki Hornby Road Mumbai mein ek pramukh road hai, aur yah Mumbai ke kalakaar aur artiston ke liye ek pramukh sthal hai.

Step 3: Main soch raha hoon ki yeh possible hai ki Professor Gaitonde ne Hornby Road",2.852,552,Professor Gaitonde ne Hornby Road pe Boots aur Woolworth departmental stores dekhe,8.5
84,llama-3.1-8b-instant,"Hornby Road pe Professor Gaitonde ne dekhe koi do bade British departmental stores, jahan pe Handloom House building nahi thi, balki Boots aur Woolworth departmental stores thi, aur Lloyds, Barclays jaise British banks ke offices bhi thi?",structured_context,"{""answer"": ""Haan, Professor Gaitonde ne Hornby Road pe dekha tha, lekin Handloom House building wahaan nahi tha, balki Boots aur Woolworth departmental stores aur British banks ke offices the."", ""explanation"": ""Professor Gaitonde ka character Bombay Velvet film mein hai, jo 1960s ki Bombay ki story batati hai. Film mein dikhaya gaya hai ki Hornby Road pe British departmental stores aur banks the, lekin Handloom House building nahi tha. Yeh scene film ki story ko samajhne mein madad karta hai.""}",5.413,245,Professor Gaitonde ne Hornby Road pe Boots aur Woolworth departmental stores dekhe,8.5
84,llama-3.1-8b-instant,"Hornby Road pe Professor Gaitonde ne dekhe koi do bade British departmental stores, jahan pe Handloom House building nahi thi, balki Boots aur Woolworth departmental stores thi, aur Lloyds, Barclays jaise British banks ke offices bhi thi?",hierarchical_context,"Beta, Hornby Road pe Professor Gaitonde ke saamne do bade British departmental stores dekhne gaye the, lekin unmein Handloom House building nahi tha. Kya hua tha? 

Woh do departmental stores Boots aur Woolworth the. Aapne kuchh samay pehle hi ye baat suni hogi, lekin main issey phir bhi samajhne ki koshish karta hoon. Boots ek British departmental store tha jismein aapko kai chijen mil jaati thi, jaise ki aushadhiyan, hair care product, aur kuchh aur chijen. Aur Woolworth ek departmental store ",3.076,624,Professor Gaitonde ne Hornby Road pe Boots aur Woolworth departmental stores dekhe,8.5
84,llama-3.1-8b-instant,"Hornby Road pe Professor Gaitonde ne dekhe koi do bade British departmental stores, jahan pe Handloom House building nahi thi, balki Boots aur Woolworth departmental stores thi, aur Lloyds, Barclays jaise British banks ke offices bhi thi?",rag_style,"Arre bhai, yeh to bahut anokha hai! Professor Gaitonde ne dekha hai ki Hornby Road pe do bade British departmental stores the, joh Handloom House building ke bajay Boots aur Woolworth the. Aur iske alaawa, British banks ke offices bhi the, jaise ki Lloyds aur Barclays. Ab kya pata, yeh kis samay aur kyun the?",5.324,218,Professor Gaitonde ne Hornby Road pe Boots aur Woolworth departmental stores dekhe,8.5
84,llama-3.1-8b-instant,"Hornby Road pe Professor Gaitonde ne dekhe koi do bade British departmental stores, jahan pe Handloom House building nahi thi, balki Boots aur Woolworth departmental stores thi, aur Lloyds, Barclays jaise British banks ke offices bhi thi?",tree_of_thought,"Arre yeh sawal bahut confusing hai. 

Pehle soch: Kya yeh sochne ki jaaye ki woh samay tha jab British rule thi aur logon ka jeevan bahut alag tha. Shayed Professor Gaitonde ne do bade British departmental stores dekhe hain, jahaan pe Handloom House building nahi thi, balki Boots aur Woolworth departmental stores thi.

Dusri soch: Kya yeh sochne ki jaaye ki yeh samay hai jab British rule khulee hai, aur logon ke jeevan mein British culture ki prabhav ho rahi hai. Shayed Professor Gaitonde ne dek",2.906,501,Professor Gaitonde ne Hornby Road pe Boots aur Woolworth departmental stores dekhe,8.5
84,llama-3.1-8b-instant,"Hornby Road pe Professor Gaitonde ne dekhe koi do bade British departmental stores, jahan pe Handloom House building nahi thi, balki Boots aur Woolworth departmental stores thi, aur Lloyds, Barclays jaise British banks ke offices bhi thi?",agentic_context,"Arre bhai, yeh question bahut achi hai. 

Step 1: Understand question - Bhai, Professor Gaitonde ne Hornby Road pe kya dekha? 

Step 2: Recall knowledge - Main yaad kar raha hoon ki Hornby Road Mumbai ke ek pramukh business district hai, jahan par logon ki aankhein khul sakti hain.

Step 3: Answer - Okay bhai, Professor Gaitonde ne Hornby Road pe koi do bade British departmental stores dekhe honge, jahan par Handloom House building nahi tha, balki Boots aur Woolworth departmental stores thi. Aur",4.516,331,Professor Gaitonde ne Hornby Road pe Boots aur Woolworth departmental stores dekhe,8.5
85,llama-3.1-8b-instant,"Ma'am, chemical bonding kya hota hai?",zero_shot,"Beta, chemical bonding to aise hota hai jahan do ya adhik atom milkar ek naya surajpanch ki sthiti banate hain. Yah bonding chemical energy ki sthiti se juda hota hai jo atomon ke electron ki rotation aur movement se juda hota hai.

Jab do atom milke ek naya surajpanch banate hain, to ve ek dusre se chemical bonding ki madad se jodte hain. Ye bonding different types ke ho sakte hain, jaise ki ionic bonding, covalent bonding, metallic bonding aur hydrogen bonding.

Yah bonding atomon ke electron ",1.747,352,Chemical bonding ek aisa prakriya hai jismein do ya do se adhik atoms ek saath judte hain aur ek molecule banate hain. Ismein electron ke share hone ya exchange hone se bonding hoti hai.,8.5
85,llama-3.1-8b-instant,"Ma'am, chemical bonding kya hota hai?",few_shot,"Beta chemical bonding yeh hai jab do atom milte hain aur ek strong bond banata hain. Isse un atomon ke electron exchange ho jata hai aur ek stable compound ban jata hai. Jaise ki hydrogen aur oxygen ke beech ek strong bond hota hai jisse pani (H2O) banta hai.

Yeh bonding chemical properties ko decide karti hai aur ek compound ke properties ko decide karti hai. Jaise ki salt ki chemical bonding hoti hai jo uski properties ko decide karti hai.

So, chemical bonding ek aisi process hai jisse do at",3.537,232,Chemical bonding ek aisa prakriya hai jismein do ya do se adhik atoms ek saath judte hain aur ek molecule banate hain. Ismein electron ke share hone ya exchange hone se bonding hoti hai.,8.5
85,llama-3.1-8b-instant,"Ma'am, chemical bonding kya hota hai?",chain_of_thought,"Arre, main aapko chemical bonding ke baare mein batata hoon. 

Step 1: Chemical bonding ek prakaar ka chemical reaction hai jiska uddeshya atom aur molecule ki formation hoti hai. 

Step 2: Jab do ya adhik atom milte hain, to ve ek dusre ke saath chemical bond banate hain. 

Step 3: Chemical bond ek prakaar ka sambandh hai jo do atomon ke beech banata hai. 

Step 4: Is sambandh ke kaaran atom ek dusre se jude hote hain aur ek molecule ki formation hoti hai. 

Step 5: Chemical bonding ke dauraan,",2.588,341,Chemical bonding ek aisa prakriya hai jismein do ya do se adhik atoms ek saath judte hain aur ek molecule banate hain. Ismein electron ke share hone ya exchange hone se bonding hoti hai.,8.5
85,llama-3.1-8b-instant,"Ma'am, chemical bonding kya hota hai?",structured_context,"{""answer"": ""Chemical bonding ek prakriya hai jismein do ya adhik aatmaan ek saath judte hain aur ek naya, majboota aatmaan banate hain. Is prakriya ke dauraan, aatmaan ek doosre ke saath aakarshit hote hain aur ek naya sambandh banate hain."", ""explanation"": ""Iske liye, aatmaan ke electron ko samanurupyak karna hota hai aur ye aatmaan ek doosre ke saath judte hain. Is prakriya se naya aayojan banate hain jo majboot aur sanrachit hota hai.""}",2.477,234,Chemical bonding ek aisa prakriya hai jismein do ya do se adhik atoms ek saath judte hain aur ek molecule banate hain. Ismein electron ke share hone ya exchange hone se bonding hoti hai.,8.5
85,llama-3.1-8b-instant,"Ma'am, chemical bonding kya hota hai?",hierarchical_context,"Beta, chemical bonding bahut hi important topic hai chemistry mein. So, let's start with a simple definition: chemical bonding ek prakriya hai jab do ya adhik atom ek dusre se jude hote hain aur ek naya particle banate hain. Yah prakriya atom ke electrons ke beech hoti hai.

Ab, aapko pata hoga ki atom mein kya hota hai? Atom mein electrons, protons aur neutrons hote hain. Protons aur neutrons atom ke kitne electron hain use decide karte hain. Lekin, agar koi atom apne protons aur neutrons ke be",3.108,547,Chemical bonding ek aisa prakriya hai jismein do ya do se adhik atoms ek saath judte hain aur ek molecule banate hain. Ismein electron ke share hone ya exchange hone se bonding hoti hai.,8.5
85,llama-3.1-8b-instant,"Ma'am, chemical bonding kya hota hai?",rag_style,"Chemical bonding kya hota hai? 
Chemical bonding ek prakriya hai jismein do ya adhik suraksha atom ek saath jude hote hain, jisse ek nayi suraksha ban jaati hai. Ismein ek ya adhik electron share kiya jaata hai, jisse atom ek dusre se jude hote hain aur ek nayi, majboot suraksha ban jaati hai.",5.377,175,Chemical bonding ek aisa prakriya hai jismein do ya do se adhik atoms ek saath judte hain aur ek molecule banate hain. Ismein electron ke share hone ya exchange hone se bonding hoti hai.,8.5
85,llama-3.1-8b-instant,"Ma'am, chemical bonding kya hota hai?",tree_of_thought,"Ek cheez sochta hoon, chemical bonding toh ek process hai jismein do ya adhik atoms ek saath milte hain aur ek naya particle banate hain. Iske liye, unki electron ki configuration match honi chahiye.

Dusri cheez sochta hoon, chemical bonding mein electrons ki sharing hoti hai. Jab do atoms ek saath milte hain, to unki outermost energy level mein electrons share karte hain, aur usse ek naya bond banata hai.

Teesri cheez sochta hoon, chemical bonding toh ek type of attractive force hai jo do ya ",1.663,305,Chemical bonding ek aisa prakriya hai jismein do ya do se adhik atoms ek saath judte hain aur ek molecule banate hain. Ismein electron ke share hone ya exchange hone se bonding hoti hai.,8.5
85,llama-3.1-8b-instant,"Ma'am, chemical bonding kya hota hai?",agentic_context,"Arre, sabse pehle samajh lijiye, phir soch lijiye, phir jawaab dijiye. 

Step 1: Understand question
Chehre par ek sawaal aaya hai, ""Ma'am, chemical bonding kya hota hai?"" iska matlab hai ki aapko yah janna hoga ki chemical bonding kya hai, yah kaise hota hai aur iske kaaran kya hain.

Step 2: Recall knowledge
Chemical bonding ek bahut hi aham vishay hai jiske baare mein humne padha hai. Yeh pata chalta hai ki chemical bonding tab hota hai jab do ya adhik atom ek saath jude hote hain aur ek chem",3.881,443,Chemical bonding ek aisa prakriya hai jismein do ya do se adhik atoms ek saath judte hain aur ek molecule banate hain. Ismein electron ke share hone ya exchange hone se bonding hoti hai.,2.0
86,llama-3.1-8b-instant,"Ma'am, acid aur base kya hote hain?",zero_shot,"Chalo, samajhne ka to koi bada kaam nahi hai. Acid aur base donon hi chemicals hote hain, lekin ve alag-alag tarah ki reactions kartey hain.

Acid us cheez ko jiski pH zero se kam hoti hai, wo ek acid hota hai. Jaise ki lemon juice, vinegar, ya tomatoes ki chutney. Jab aap ismein kaatkar dekhte hain, to aapko lagta hai ki ismein nimbu ki kadhai hoti hai, kyunki ismein nimbu ki kadhai ka effect hota hai.

Ab base, yeh us cheez ko hota hai jiski pH zero se zyada hoti hai, ya jiski pH zero se kam h",1.785,373,Acid aur base ek aise rasayan hote hain jo apne pH ke aadhar par alag hote hain. Acid ka pH kam hota hai aur base ka pH adhik hota hai.,8.5
86,llama-3.1-8b-instant,"Ma'am, acid aur base kya hote hain?",few_shot,"Beti, acid aur base dono hi chemicals hain, lekin unke properties alag-alag hote hain. Acid woh chemicals hain jo teja pani ke saath milakar hydrogen ion (H+) utpaad karte hain, jo kabhi-kabhi ek jharne ki tarah lagte hain. Jaise ki lemon ke ras me acid hota hai.

Base to woh chemicals hain jo teja pani ke saath milakar hydroxide ion (OH-) utpaad karte hain, jo ek chhalte huye paani ki tarah lagte hain. Jaise ki sabun aur soap base hota hai.

Yeh dono chemicals ek-doosre ke saath react karke sal",4.554,269,Acid aur base ek aise rasayan hote hain jo apne pH ke aadhar par alag hote hain. Acid ka pH kam hota hai aur base ka pH adhik hota hai.,8.5
86,llama-3.1-8b-instant,"Ma'am, acid aur base kya hote hain?",chain_of_thought,"Arre, yeh janne mein aisa lagta hai, lekin main aapko step by step batata hoon.

Step 1: Acid aur base kya hote hain, yeh pata lagane ke liye humein shodh aur experiment ke madhyam se jaanne honge. 

Step 2: Acid aur base ke ghatna ko pata karne ke liye, humein inki ghatnaon ko dhyan mein rakhna hoga. 

Step 3: Acid ke ghatna yeh hote hain: 
- Yeh pani (H2O) ko dardikaran kar dete hain. 
- Yeh pataa chalane ke liye, humein ek chhote se cup mein pani aur acid milaakar dekhaa sakte hain. Yadi pani",2.849,463,Acid aur base ek aise rasayan hote hain jo apne pH ke aadhar par alag hote hain. Acid ka pH kam hota hai aur base ka pH adhik hota hai.,8.5
86,llama-3.1-8b-instant,"Ma'am, acid aur base kya hote hain?",structured_context,"{""answer"": ""Acid aur base dono hain, jo hawa ya paani mein milakar ek naya tatva banate hain, jo hamen jant hai ki ve kitne asidik ya basic hain."", ""explanation"": ""Acidon mein hidrojen ki electron khatam ho jati hain, jiski wajah se ve asidik hote hain. Baseon mein hidrojen ki electron adhik hoti hain, jiski wajah se ve basic hote hain. Lekin, agar acid aur base ek saath milate hain to ve ek naya tatva banate hain, jo ki neutral hote hain. Iska matlab hai ki ve asidik ya basic nahin hote.""}",3.489,242,Acid aur base ek aise rasayan hote hain jo apne pH ke aadhar par alag hote hain. Acid ka pH kam hota hai aur base ka pH adhik hota hai.,6.8
86,llama-3.1-8b-instant,"Ma'am, acid aur base kya hote hain?",hierarchical_context,"Beta, acid aur base dono hi chemical hain, lekin unki properties alag-alag hain. 

Acid ko hum ek substance ke roop mein samajh sakte hain jo hydrogen ion (H+) ko discharge karta hai, jisse unki prakritik harkat badh jati hai. Isse logon ko lagta hai ki acid ka pH level kam hota hai, jisse unki harkat badh jati hai. Jaise ki lime juice, lemon juice, aur vinegar. 

Lekin yeh samajhne ke liye ki kya baat hai, humne acidity ko lekin nahi dekhne ke liye pH meter ka upyog kiya hai. pH meter se hum ye",3.812,466,Acid aur base ek aise rasayan hote hain jo apne pH ke aadhar par alag hote hain. Acid ka pH kam hota hai aur base ka pH adhik hota hai.,8.5
86,llama-3.1-8b-instant,"Ma'am, acid aur base kya hote hain?",rag_style,"Arre, acid aur base kya hote hain? 
Yeh to ek bahut hi jatil vishay hai, lekin main aapko kuchh mithaas dene ki koshish karunga. 
Acid wahi hota hai jo haddi ko khatam kar sakta hai, jaise ki nimbu ka ras ya sirka. Yeh haddi ke protsahanon ko tod dete hain aur uske saath saath haddi ke khanon ko bhi tod dete hain. 
Base to wahi hota hai jo haddi ko badha sakta hai, jaise ki dudh ya haldi. Yeh haddi ke protsahanon ko badhate hain aur uske saath saath haddi ke khanon ko bhi badhate hain. 
Lekin ye",4.592,319,Acid aur base ek aise rasayan hote hain jo apne pH ke aadhar par alag hote hain. Acid ka pH kam hota hai aur base ka pH adhik hota hai.,8.5
86,llama-3.1-8b-instant,"Ma'am, acid aur base kya hote hain?",tree_of_thought,"Mujhe 3 tarah se sochne ka mauka mila hai:

1. **Kemikali ke hisaab se**: Acid aur base donon hi kemikali hain jinka kaam kareeb se kareeb ek jaisa hota hai. Lekin, ve do alag-alag tarah ke kemikali hain. Acid woh hain jo pani mein milakar hidrogen ion banana shuru karte hain, jabki base woh hain jo pani mein milakar hidroksid ion banana shuru karte hain.

2. **Pratyekikta ke hisaab se**: Acid aur base donon hi pratyekikta ke liye jante hain. Acid vah hain jo apne anukoolan ko badalne ke liye ha",2.757,490,Acid aur base ek aise rasayan hote hain jo apne pH ke aadhar par alag hote hain. Acid ka pH kam hota hai aur base ka pH adhik hota hai.,8.5
86,llama-3.1-8b-instant,"Ma'am, acid aur base kya hote hain?",agentic_context,"Mujhe pata hai ki aapne puchha hai, acid aur base kya hain.

Step 2: Yeh janna ki acid aur base kya hain, yeh ek chemistry ka topic hai. 
Acid aur base ko chemical reaction ke liye ek dusre se milne se utpann hote hain. 
Acid ko wahi kehte hain jo hydrogen ion (H+) ko release karte hain jab ve pani ke saath milte hain. 
Base ko wahi kehte hain jo hydroxide ion (OH-) ko release karte hain jab ve pani ke saath milte hain.

Step 3: Acid aur base ke kuch udaaharan yeh hain -
Acid: 
- nimbu ka ras (C",5.626,376,Acid aur base ek aise rasayan hote hain jo apne pH ke aadhar par alag hote hain. Acid ka pH kam hota hai aur base ka pH adhik hota hai.,8.5
87,llama-3.1-8b-instant,Jab narrator ne akela ghode ki sawari karne ki koshish ki to kya hua?,zero_shot,"Bhai, jab narrator ne akela ghode ki sawari karne ki koshish ki to usne apne paayal pad gaye, aur usne ek badi aakansha ke saath apne khwabon ko poora karne ki koshish ki.",1.25,132,Ghode ne saat belon ko chod diya aur vah usse gir pada,1.0
87,llama-3.1-8b-instant,Jab narrator ne akela ghode ki sawari karne ki koshish ki to kya hua?,few_shot,"Bhaiya, jab narrator ne akela ghode ki sawari karne ki koshish ki to ghoda wapas chala gaya, kyonki ghoda ka tola tha aur woh kisi bhi tarah se usse nahin chhod sakta tha.",1.279,157,Ghode ne saat belon ko chod diya aur vah usse gir pada,8.5
87,llama-3.1-8b-instant,Jab narrator ne akela ghode ki sawari karne ki koshish ki to kya hua?,chain_of_thought,"Arre, yeh sawal bahut interesting hai. 

Step 1: Pehle, hamne socha ki akela ghode ki sawari karne ki koshish karne wala koi aisa hota hai jo ghode ko nahi janta. 

Step 2: Phir, hamne socha ki woh ghoda bahut chhota ya bahut bada hota hai, lekin ghoda to ghoda hi hota hai.

Step 3: Ab, hamne socha ki ghoda ko kaise dekha jata hai. Kya woh ek vishesh ghoda hota hai jo kisi aur ghoda se alag hota hai?

Step 4: Phir, hamne socha ki agar ghoda ek vishesh ghoda hota hai, toh kya usse koi naam diya j",1.749,452,Ghode ne saat belon ko chod diya aur vah usse gir pada,8.5
87,llama-3.1-8b-instant,Jab narrator ne akela ghode ki sawari karne ki koshish ki to kya hua?,structured_context,"{""answer"": ""Usne ghoda ko pakadkar ek dabaav se use chalana shuru kiya, lekin ghoda ne uske pichhe hi chalne ka irada kiya."", ""explanation"": ""Isse yeh samajh aati hai ki ghoda ek adhikarik maalik ka pettha hai aur usse apni ichchha anusar chalne ka adhikar hai. Yeh ek aisa kshetra hai jahaan ghoda ki ichchha aur uske manobal ke beech kuchh jhagda ho raha hai.""}",5.463,218,Ghode ne saat belon ko chod diya aur vah usse gir pada,8.5
87,llama-3.1-8b-instant,Jab narrator ne akela ghode ki sawari karne ki koshish ki to kya hua?,hierarchical_context,"Bachcho, hum kuch samay pehle bahut hi anokhi kahani sun rahe hain. Jab narrator ne akela ghode ki sawari karne ki koshish karni thi, to yeh hua ki unka ghoda bada darshak tha, lekin koi bhi uski madad nahin kar raha tha. Ghode ne narrator ko pehle hi bahut hi ghasit kiya tha, aur ab usne is baat ko samajhne ki koshish ki ki yeh kya ho raha hai.

To, narrator ne ghode ke saath apne anubhav ko vartan mein shamil kiya aur likh diya, ""Mujhe lag raha hai ki hamari aakanshaon aur sapnon ko poora karn",1.809,385,Ghode ne saat belon ko chod diya aur vah usse gir pada,8.5
87,llama-3.1-8b-instant,Jab narrator ne akela ghode ki sawari karne ki koshish ki to kya hua?,rag_style,"Narrator ne akela ghode ki sawari karne ki koshish ki to usse ghoda ne pahuncha diya, usne kheenchkar uske paaon mein ghusa diya aur usko kuchh door par chhod diya.",3.281,149,Ghode ne saat belon ko chod diya aur vah usse gir pada,8.5
87,llama-3.1-8b-instant,Jab narrator ne akela ghode ki sawari karne ki koshish ki to kya hua?,tree_of_thought,"Mujhe teen tarah se sochne ke liye aaya hai:

1. Ghode ne narrator ko chhod diya, kyunki vah ekela apne vittiye labh ke liye ghode ko chhod gaya.
2. Ghode ne narrator ko apne saath le jana tha, kyunki vah ek doston ka jodda tha.
3. Ghode ne narrator ko kuchh samay ke liye chhod diya, kyunki vah ek ghode ke saath khelne ke liye thaka gaya tha.

Sabse accha jawab hai:

""Ekela ghode ki sawari karne ki koshish karne par ghode ne narrator ko kuchh samay ke liye chhod diya, kyunki vah ek ghode ke saat",1.602,336,Ghode ne saat belon ko chod diya aur vah usse gir pada,8.5
87,llama-3.1-8b-instant,Jab narrator ne akela ghode ki sawari karne ki koshish ki to kya hua?,agentic_context,"Arre, main samajh gaya, question kya hai. 

Step 1: Understand question
Question ye hai, jab narrator ne ek alag, akela ghode ki sawari karne ki koshish ki to kya hua. 

Step 2: Recall knowledge
Main yeh samajh raha hoon ki yeh question ek kahani ya film ke baare mein hai. 

Step 3: Give accurate answer
Kuchh samay ke liye socha, toh main yaad kiya ki ek famous film hai jo ek akela ghode ki sawari ki kahani hai. Aur yeh film hai...  ""Ek Tha Tiger"" naa, ""Ek Tha Raja"" naa, balki ""Ek Tha Tiger"" ke ",4.823,432,Ghode ne saat belon ko chod diya aur vah usse gir pada,8.5
88,llama-3.1-8b-instant,"Text ke hisab se, games khelne se sportsmanship kaise develop hota hai? Aur, games khelne se, jeetne aur haarne ka anubhav hota hai, jo sportsmanship ki bhavna ko badhata hai, aur isse hum life ke problems ko wisely aur naturally deal karne mein madad milti hai.",zero_shot,"Games khelne se sportsmanship develop hone ka ek accha tareeka hai. Jab hum games khelte hain, to humein yeh samajhne ki zaroorat hoti hai ki har kisi ke liye jeet aur haar ek hi hota hai. Games khelne se humein learn karna hota hai ki haarne se koi nuksaan nahi hota hai, balki yeh humein seekhne ka ek achha avsar deta hai.

Games khelne se humein yeh samajhne ka mauka milta hai ki jeetne se zyada haaraane se seekhne ka kaam hota hai. Jab hum jeet jate hain, to humein yeh samajhne ka mauka milta",2.754,544,"Games khelne se sportsmanship ki bhavna badhti hai, kyunki isse hum jeetne aur haarne ka anubhav karte hain, jo humein life ke problems ko wisely aur naturally deal karne mein madad karta hai, aur yeh Olympic motto ko sahi sabit karta hai ki 'jeetna ya haarna nahin, balki hissa lena aur apna best de",8.5
88,llama-3.1-8b-instant,"Text ke hisab se, games khelne se sportsmanship kaise develop hota hai? Aur, games khelne se, jeetne aur haarne ka anubhav hota hai, jo sportsmanship ki bhavna ko badhata hai, aur isse hum life ke problems ko wisely aur naturally deal karne mein madad milti hai.",few_shot,"Bhai, games khelne se sportsmanship develop hua kyon? Toh, yeh yeh hai. Jab aap khelte hain, to aapko apne saathiyon ke saath team banaana padta hai, aur ek saath kaam karna hota hai. Ismein teamwork, cooperation, aur mutual respect ka mahatva hota hai. Jab aap apne saathiyon ke saath khelte hain, toh aap unke feelings aur emotions ko samajhne lagte hain, aur unke saath khelte hue aapke dil mein ek bhavna aati hai ki hum saath mein khel rahe hain, aur humari jeet ya haar ka Matlab nahin hai.

Is",5.877,539,"Games khelne se sportsmanship ki bhavna badhti hai, kyunki isse hum jeetne aur haarne ka anubhav karte hain, jo humein life ke problems ko wisely aur naturally deal karne mein madad karta hai, aur yeh Olympic motto ko sahi sabit karta hai ki 'jeetna ya haarna nahin, balki hissa lena aur apna best de",8.5
88,llama-3.1-8b-instant,"Text ke hisab se, games khelne se sportsmanship kaise develop hota hai? Aur, games khelne se, jeetne aur haarne ka anubhav hota hai, jo sportsmanship ki bhavna ko badhata hai, aur isse hum life ke problems ko wisely aur naturally deal karne mein madad milti hai.",chain_of_thought,"Arre, yeh sawal bahut achha hai! Main aapko iske bare mein step-by-step baatata hoon:

**Step 1: Games khelne se humein teamwork aur coordination ka anubhav hota hai:** Jab hum games khelte hain, to humein apne teammates ke saath mil kar kaam karna padta hai. Isse humein team ke goals ko achieve karne ke liye sahayog karna padta hai, jo teamwork aur coordination ka anubhav deta hai.

**Step 2: Jeet aur haar dono ke anubhav sportsmanship ko develop karte hain:** Jab hum games khelte hain, to hum ",5.15,671,"Games khelne se sportsmanship ki bhavna badhti hai, kyunki isse hum jeetne aur haarne ka anubhav karte hain, jo humein life ke problems ko wisely aur naturally deal karne mein madad karta hai, aur yeh Olympic motto ko sahi sabit karta hai ki 'jeetna ya haarna nahin, balki hissa lena aur apna best de",8.5
88,llama-3.1-8b-instant,"Text ke hisab se, games khelne se sportsmanship kaise develop hota hai? Aur, games khelne se, jeetne aur haarne ka anubhav hota hai, jo sportsmanship ki bhavna ko badhata hai, aur isse hum life ke problems ko wisely aur naturally deal karne mein madad milti hai.",structured_context,"{""answer"": ""Games khelne se sportsmanship develop hota hai kyunki ismein humein rules follow karna, team ke saath sahyog karna aur har situation mein dhairya aur shanti se kaam karna sikhaaya jata hai."", ""explanation"": ""Jab hum games khelte hain, to humein apne khelne wala khiladi se sahyog karna hota hai, rules follow karna hota hai aur jeet ya haar ki chinta se bhara hone ki bhi zaroorat nahin hoti hai. Isse humein ek dusre ke saath sahyog karna, teamwork ka anubhav karna aur har situation mei",6.797,376,"Games khelne se sportsmanship ki bhavna badhti hai, kyunki isse hum jeetne aur haarne ka anubhav karte hain, jo humein life ke problems ko wisely aur naturally deal karne mein madad karta hai, aur yeh Olympic motto ko sahi sabit karta hai ki 'jeetna ya haarna nahin, balki hissa lena aur apna best de",8.5
88,llama-3.1-8b-instant,"Text ke hisab se, games khelne se sportsmanship kaise develop hota hai? Aur, games khelne se, jeetne aur haarne ka anubhav hota hai, jo sportsmanship ki bhavna ko badhata hai, aur isse hum life ke problems ko wisely aur naturally deal karne mein madad milti hai.",hierarchical_context,"Aap sabhi ko dhanyavad, aaj hum sportsmanship aur games khelne ke beech ka sambandh jaanne ja rahi hain.

Sportsmanship ek mahatvapurn gun hai, jo hamein jeet aur haar ke beech ek sambhavna deti hai. Agar hum games khelte hain, to humein dusron ke saath sambandh banaana, unke saath khelna, aur unke saath sahyog karna aata hai. Ismein humein apne vyaktigat saathiyon aur team ke saath kaam karne ka mauka milta hai, jisse hamein teamwork ki bhavna aati hai aur hum ek dusre ke liye utsahit hote hain",4.415,838,"Games khelne se sportsmanship ki bhavna badhti hai, kyunki isse hum jeetne aur haarne ka anubhav karte hain, jo humein life ke problems ko wisely aur naturally deal karne mein madad karta hai, aur yeh Olympic motto ko sahi sabit karta hai ki 'jeetna ya haarna nahin, balki hissa lena aur apna best de",8.5
88,llama-3.1-8b-instant,"Text ke hisab se, games khelne se sportsmanship kaise develop hota hai? Aur, games khelne se, jeetne aur haarne ka anubhav hota hai, jo sportsmanship ki bhavna ko badhata hai, aur isse hum life ke problems ko wisely aur naturally deal karne mein madad milti hai.",rag_style,"Game khelne se sportsmanship kaise develop hota hai? 

Game khelne se humein sahayog aur teamwork ka mahatva samajhne mein madad milti hai. Agar hum team mein ho, toh humein apne saathiyon ke saath milkar kaam karna padta hai, aur isse humein sahayog aur team ki bhavna develop hoti hai. 

Game khelne se humein jeetne aur haarne ka anubhav hota hai. Agar hum jeete hain, toh humein apni jeet ke liye kuch karne ka maza aata hai. Lekin agar hum haar jate hain, toh humein apne karte karte fail karne ",7.82,442,"Games khelne se sportsmanship ki bhavna badhti hai, kyunki isse hum jeetne aur haarne ka anubhav karte hain, jo humein life ke problems ko wisely aur naturally deal karne mein madad karta hai, aur yeh Olympic motto ko sahi sabit karta hai ki 'jeetna ya haarna nahin, balki hissa lena aur apna best de",8.5
88,llama-3.1-8b-instant,"Text ke hisab se, games khelne se sportsmanship kaise develop hota hai? Aur, games khelne se, jeetne aur haarne ka anubhav hota hai, jo sportsmanship ki bhavna ko badhata hai, aur isse hum life ke problems ko wisely aur naturally deal karne mein madad milti hai.",tree_of_thought,"**Vichar 1:**
Games khelne se sportsmanship develop hota hai kyunki yeh humein apne aap ko kamzor aur majboot dikhane ka mauka deti hai. Jab hum games khelti hain, to humein apne aap ko sahi tareeke se judne aur apne aap ko kamzor nahin dikhane ka prayas karna hota hai. Isse humein apne aap ko majboot banaane aur apne aap ke liye khushhali aur khushasans ka anubhav karna hota hai, jo sportsmanship ki bhavna ko badhata hai.

**Vichar 2:**
Games khelne se sportsmanship develop hota hai kyunki yeh ",4.979,756,"Games khelne se sportsmanship ki bhavna badhti hai, kyunki isse hum jeetne aur haarne ka anubhav karte hain, jo humein life ke problems ko wisely aur naturally deal karne mein madad karta hai, aur yeh Olympic motto ko sahi sabit karta hai ki 'jeetna ya haarna nahin, balki hissa lena aur apna best de",8.5
88,llama-3.1-8b-instant,"Text ke hisab se, games khelne se sportsmanship kaise develop hota hai? Aur, games khelne se, jeetne aur haarne ka anubhav hota hai, jo sportsmanship ki bhavna ko badhata hai, aur isse hum life ke problems ko wisely aur naturally deal karne mein madad milti hai.",agentic_context,"Arre, yeh sawal bahut achi cheez hai! Games khelne se sportsmanship kaisa develop hota hai, aur yeh kaise humein life ke problems ko solve karne mein madad karta hai?

Step 1: Understand question
To, games khelne se sportsmanship develop kaise hota hai, aur yeh kaise humein life ke problems ko solve karne mein madad karta hai?

Step 2: Recall knowledge
Meri jaankari ke anusaar, sportsmanship ek aisi bhavna hai jiska mukhya uddeshya khelne wale aur unke saathiyon ke saath achha vyavhar karna hai.",7.129,662,"Games khelne se sportsmanship ki bhavna badhti hai, kyunki isse hum jeetne aur haarne ka anubhav karte hain, jo humein life ke problems ko wisely aur naturally deal karne mein madad karta hai, aur yeh Olympic motto ko sahi sabit karta hai ki 'jeetna ya haarna nahin, balki hissa lena aur apna best de",8.5
89,llama-3.1-8b-instant,Pass utarte hue lunch kahan par rukke aur wahan kya ho raha tha?,zero_shot,"Arre, lunch pass utarte hue main ek purani chai ki dukaan par ruk gaya tha. Wahan kai log ek-ek karke chai peete hue the aur ek-ek karke khaane ka aahar bhi kar rahe the. Dukaan wala bahut hi sundar chaaye ka aahar banana jaanta tha aur log uski chai ke liye bahut hi aakarshit the. Main ne unke paas hi baithaya aur chaaye ka aahar ke saath ek cup chai pe li. Wahan ka maza hadd hai!",4.5,197,"Unhone lunch ek workcamp me liya jo ek sukhe namak ke talab ke paas tha. Wahan bahut activity ho rahi thi, aadmi pickaxes aur phavde lekar namak khod rahe the, aur blue trucks lagatar talab se namak bhare hue nikal rahe the.",1.0
89,llama-3.1-8b-instant,Pass utarte hue lunch kahan par rukke aur wahan kya ho raha tha?,few_shot,"Bhaiya, pass utarte hue main ek coffee shop par ruk gaya tha. Wahan par ek dost ki shadi ka programme tha aur main uske liye special gift lena chahta tha.",1.264,137,"Unhone lunch ek workcamp me liya jo ek sukhe namak ke talab ke paas tha. Wahan bahut activity ho rahi thi, aadmi pickaxes aur phavde lekar namak khod rahe the, aur blue trucks lagatar talab se namak bhare hue nikal rahe the.",0.5
89,llama-3.1-8b-instant,Pass utarte hue lunch kahan par rukke aur wahan kya ho raha tha?,chain_of_thought,"Arre, yeh question kharab hai, kyunki lunch pass utarte hue nahi hota hai. Lunch lunch ka samay hota hai, jab ki utarte hue kuch bhi ho sakta hai. To hum yeh soch sakte hain ki utarte hue kya ho sakta hai?

1. Yeh shayad ek office hai, jahaan koi employee utra raha hai.
2. Ya phir, yeh ek hotel ya restaurant hai, jahaan koi customer utra raha hai.
3. Ya fir, yeh ek college ya university hai, jahaan koi student utra raha hai.

Ab, wahan kya ho raha tha?

1. Agar yeh office hai, toh wahan employee",2.763,399,"Unhone lunch ek workcamp me liya jo ek sukhe namak ke talab ke paas tha. Wahan bahut activity ho rahi thi, aadmi pickaxes aur phavde lekar namak khod rahe the, aur blue trucks lagatar talab se namak bhare hue nikal rahe the.",8.5
89,llama-3.1-8b-instant,Pass utarte hue lunch kahan par rukke aur wahan kya ho raha tha?,structured_context,"{""answer"": ""Beach par"", ""explanation"": ""Mujhe lagta hai ki utarte hue lunch ko beach par ruke hue honge, jahan logon ne beach party ka arrangement kiya hoga aur sabhi log khushi aur maza kar rahe honge.""}",3.373,141,"Unhone lunch ek workcamp me liya jo ek sukhe namak ke talab ke paas tha. Wahan bahut activity ho rahi thi, aadmi pickaxes aur phavde lekar namak khod rahe the, aur blue trucks lagatar talab se namak bhare hue nikal rahe the.",3.0
89,llama-3.1-8b-instant,Pass utarte hue lunch kahan par rukke aur wahan kya ho raha tha?,hierarchical_context,"Bachcho, aaj humne ek shandaar story padhi, na? Main jaanta hoon ki aap sabhi ne utarte hue lunch ka kahta hai, aur main aapko batana chahta hoon ki wahi hua tha.

Woh utarte hue lunch ek train mein tha. Train ek purani aur majedaar train thi, jiska naam ""Daringbadi - Gopalpur train"" tha. Yeh train ek khaali station par ruki hai, jiska naam ""Parvatpur"" tha.

Jab train Parvatpur station par ruki, toh passengers bahar nikle aur kuch samay ke liye rest lene ke liye station par aaye. Unhone apne kha",0.851,364,"Unhone lunch ek workcamp me liya jo ek sukhe namak ke talab ke paas tha. Wahan bahut activity ho rahi thi, aadmi pickaxes aur phavde lekar namak khod rahe the, aur blue trucks lagatar talab se namak bhare hue nikal rahe the.",8.5
89,llama-3.1-8b-instant,Pass utarte hue lunch kahan par rukke aur wahan kya ho raha tha?,rag_style,"Arre, yeh samajh mein nahin aaya kya? Puchh raha hoon tum, lekin tum hi kuchh bhi bol do. 

Bolaney ke liye, main kya kar sakta hoon? Abhi ke pas utarte hue lunch kahan par rukke the?",4.375,155,"Unhone lunch ek workcamp me liya jo ek sukhe namak ke talab ke paas tha. Wahan bahut activity ho rahi thi, aadmi pickaxes aur phavde lekar namak khod rahe the, aur blue trucks lagatar talab se namak bhare hue nikal rahe the.",8.5
89,llama-3.1-8b-instant,Pass utarte hue lunch kahan par rukke aur wahan kya ho raha tha?,tree_of_thought,"Mujhe yeh sawal ka jawab dene ke liye 2-3 tarah se sochne ki zaroorat hai:

1. **Aapke ghar par**: Shayad aapke ghar par lunch utartey hue the aur aap usi jagah par ruk gaye honge. Hamaare ghar par, lunch utarte hue, khaana pakane waala kitchen mein ho sakta hai, ya fir dining area mein, jahan aapke parivaar ke log ek saath baithkar lunch karte honge.

2. **Office ya college par**: Aapka lunch utarte hue, office ya college ka ek hall ya canteen ho sakta hai. Yahan aapke colleagues ya classmates ",0.901,454,"Unhone lunch ek workcamp me liya jo ek sukhe namak ke talab ke paas tha. Wahan bahut activity ho rahi thi, aadmi pickaxes aur phavde lekar namak khod rahe the, aur blue trucks lagatar talab se namak bhare hue nikal rahe the.",8.5
89,llama-3.1-8b-instant,Pass utarte hue lunch kahan par rukke aur wahan kya ho raha tha?,agentic_context,"Arre, question toh aisa hai ki maine lunch kahan par rukkar khaaya tha aur wahan kya ho raha tha.

Step 1: Understand question - Main samajh raha hoon ki yeh ek question hai jo lunch kahaan par khaane ke baare mein puch rahi hai.

Step 2: Recall knowledge - Main soch raha hoon ki lunch kahaan par khaaya jata hai. Toh, main samajh raha hoon ki yeh question ki baat kar rahi hai office ke canteen, restaurant, ya koi anya jagah ke baare mein.

Step 3: Give accurate answer - Main samajh raha hoon ki ",5.799,336,"Unhone lunch ek workcamp me liya jo ek sukhe namak ke talab ke paas tha. Wahan bahut activity ho rahi thi, aadmi pickaxes aur phavde lekar namak khod rahe the, aur blue trucks lagatar talab se namak bhare hue nikal rahe the.",8.5
90,llama-3.1-8b-instant,"Sir, kya tum mujhe bata sakte ho ki India ke sabse bade jungle kaun se hain?",zero_shot,"Arre, bhai! India ke sabse bade jungle ka naam hai Sundarbans jungle. Yeh jungle Bangaladesh aur West Bengal ke beech mein sthit hai. Yeh ek bahut hi bada aur antarrashtriya jungle hai, jismein sundar drishya aur kai prajatiyon ka ghar hai. Sundarbans jungle ka kshetrafal lagbhag 10,000 square kilometer hai aur yeh Bharat mein sabse bada jungle hai.",1.454,182,"India ke sabse bade jungle Amazon jungle nahi hain, kyunki Amazon jungle South America mein hain. India ke sabse bade jungle Western Ghats aur Eastern Himalayas hain.",8.5
90,llama-3.1-8b-instant,"Sir, kya tum mujhe bata sakte ho ki India ke sabse bade jungle kaun se hain?",few_shot,"Bhai, India ke sabse bade jungle ek bahut hi prasiddh jungle hain, aur woh hain Sundarbans jungle. Ye jungle Bengal ke coast par sthit hain aur isme bahut hi bada jangal hai, jisme bahut hi badi machhli, baag, aur jangali jeevon ka ghar hai. Sundarbans jungle Bharat ki sabse badi jangal hai aur yahaan ka jangal Bharat ke sabse bade jangal mein se ek hai.",1.391,219,"India ke sabse bade jungle Amazon jungle nahi hain, kyunki Amazon jungle South America mein hain. India ke sabse bade jungle Western Ghats aur Eastern Himalayas hain.",8.5
90,llama-3.1-8b-instant,"Sir, kya tum mujhe bata sakte ho ki India ke sabse bade jungle kaun se hain?",chain_of_thought,"Arre bhai, mujhe yeh pata hai ki India mein kai bade jungle hain, lekin main aapko sabse bade jungle ke baare mein bataunga. 

1. Sabse pehle, main sochunga ki kya hai jungle. Jungle ek prakaar ka vastital hai jahan pahle ke samay mein jangal aur janvar hote the. 

2. Ab, main sochunga ki kya hai India ka sabse bada jungle. India ke sabse bade jungle hain: Sundarbans, Sunderbans Jungle, Sunderban Jungle. 

3. Sunderbans Jungle ka sthaan hai Bengal ke paas. Yeh jungle Hindustan aur Bangladesh ke ",3.87,452,"India ke sabse bade jungle Amazon jungle nahi hain, kyunki Amazon jungle South America mein hain. India ke sabse bade jungle Western Ghats aur Eastern Himalayas hain.",8.5
90,llama-3.1-8b-instant,"Sir, kya tum mujhe bata sakte ho ki India ke sabse bade jungle kaun se hain?",structured_context,"{""answer"": ""India ke sabse bade jungle Sundarbans jungle hain, jo Bharat ke purvi seene mein sthit hain."", ""explanation"": ""Sundarbans jungle mein bahut hi bada jangal hai, jo 10200 vaarshik hette ko aaspas mein rakhta hai. Yeh jungle Bengal kee ghati mein sthit hai. Yeh jungle ke 200 se adhik prajaatiyon ko ghar deta hai, jaise ki baagh, neelgai, baaghal aur anya.""}",3.465,209,"India ke sabse bade jungle Amazon jungle nahi hain, kyunki Amazon jungle South America mein hain. India ke sabse bade jungle Western Ghats aur Eastern Himalayas hain.",8.5
90,llama-3.1-8b-instant,"Sir, kya tum mujhe bata sakte ho ki India ke sabse bade jungle kaun se hain?",hierarchical_context,"Beta, India mein ek bada range hai jo jungle ke roop mein hai aur iski name hai Sundarbans. Ye jungle West Bengal ke coastal area mein sthit hai aur yeh ek vast vast jungle hai jo Bharat mein sabse bada jungle hai.

Sundarbans jungle ki umda khaasbaat yeh hai ki yeh mangrove jungle hai, jo bahut hi khaas aur unchi treeon se banaya gaya hai. Yeh jungle bahut hi bhoop ki hota hai, jismein nadiya, nadiya, nadiya, nadiya, nadiya, nadiya, nadiya, nadiya, nadiya, nadiya, nadiya, nadiya, nadiya, nadiya",1.924,787,"India ke sabse bade jungle Amazon jungle nahi hain, kyunki Amazon jungle South America mein hain. India ke sabse bade jungle Western Ghats aur Eastern Himalayas hain.",8.5
90,llama-3.1-8b-instant,"Sir, kya tum mujhe bata sakte ho ki India ke sabse bade jungle kaun se hain?",rag_style,"Sir, India ke sabse bade jungle ek saath ke the, lekin main aapko kuch pramukh jungle ke baare mein bata sakta hoon. 

Sabse bada jungle India mein Sundarbans jungle hai, jo Bharat-Bangladesh border par sthit hai. Yeh jungle lagbhag 10,000 square kilometer ke kaare mein failed hai aur yahaan kaafi samudri jeevan jeevit hain.

Dusra jungle jo India mein sabse bada hai, woh hai Vidarbha jungle, jo Maharashtra aur Madhya Pradesh ke beech mein sthit hai. Yeh jungle lagbhag 7,700 square kilometer ke ",8.846,396,"India ke sabse bade jungle Amazon jungle nahi hain, kyunki Amazon jungle South America mein hain. India ke sabse bade jungle Western Ghats aur Eastern Himalayas hain.",8.5
90,llama-3.1-8b-instant,"Sir, kya tum mujhe bata sakte ho ki India ke sabse bade jungle kaun se hain?",tree_of_thought,"Mujhe kai vikalp aaye hain, lekin main inme se pehle kuch sochunga:

1. **Madhya Pradesh ka Kanha National Park**: Yeh ek prasiddh jungle hai, jahaan ke jungle mein bahut se ped hain aur wildlife ka ek bada samanvay hai.
2. **Karnataka ka Bandipur National Park**: Yeh ek anya prasiddh jungle hai, jahaan ke jungle mein shikar ke liye aaye logon ke liye ek safarviat sthal hai.
3. **Uttar Pradesh ka Dudhwa National Park**: Yeh ek aise jungle hai, jahaan ke jungle mein bahut se jagahon par wildlife ",2.497,295,"India ke sabse bade jungle Amazon jungle nahi hain, kyunki Amazon jungle South America mein hain. India ke sabse bade jungle Western Ghats aur Eastern Himalayas hain.",8.5
90,llama-3.1-8b-instant,"Sir, kya tum mujhe bata sakte ho ki India ke sabse bade jungle kaun se hain?",agentic_context,"Arre bhai, main tumhe bata sakta hoon. India ke sabse bade jungle, jo humein ek bahut hi vistrit aur unchaatmakaat prakritik drishtikon pradan karte hain, unmein se ek hai Sundarban Jungle.

Lekin yeh sabhi jaankari ke baad bhi, main aapko ek aur baat bata sakta hoon. India ke sabse bade jungle, jo kuchh logon ko yaad aata hai, unmein se ek hai Sundarbans ki jaankari aur ek aur jungle hai, jo hamaare desh ke sabse bade jungle ka title jeetta hai, aur wo hai - Sundarban ke alawa, Madhya Pradesh k",5.487,803,"India ke sabse bade jungle Amazon jungle nahi hain, kyunki Amazon jungle South America mein hain. India ke sabse bade jungle Western Ghats aur Eastern Himalayas hain.",8.5
91,llama-3.1-8b-instant,"King Tut ke saath precious gold artifacts ke alaawa aur kya cheezein daily use ki chai thi jo unke saath dabai gayi thi? Lekin Tut ke saath afterlife mein use karne ke liye Rozmarra ki cheezein bhi thi: board games, bronze razor, linen undergarments, khane peene ki cheezein aur wine.",zero_shot,"King Tut ke saath unke daily use ki chai aur afterlife ke liye zaroori cheezein dabaai gayi thi. Daily use ke liye cheezein:

- Unke saath khane peene ki cheezein, jaise ki grains, fruits aur vegetables.
- Ek bronze razor, jo unhone apne beard ko cut karna aur apne baalon ko trim karna.
- Linen undergarments, jo unke comfortable aur clean rehmna mein madad karte hain.
- Board games, jo unke doston aur parivaar ke saath samay bitaane ke liye the.

Iske alaawa, King Tut ke saath unke afterlife ke ",5.729,455,"King Tut ke saath afterlife ke liyeRozmarra ki cheezein bhi dabai gayi thi, jaise ki board games, bronze razor, linen undergarments, khane peene ki cheezein aur wine.",8.5
91,llama-3.1-8b-instant,"King Tut ke saath precious gold artifacts ke alaawa aur kya cheezein daily use ki chai thi jo unke saath dabai gayi thi? Lekin Tut ke saath afterlife mein use karne ke liye Rozmarra ki cheezein bhi thi: board games, bronze razor, linen undergarments, khane peene ki cheezein aur wine.",few_shot,"Bhaiya, King Tut ke saath precious gold artifacts ke alaawa, unke saath kai daily use ki cheezein bhi dabai gayi thi. Inmein se kuch cheezein hain: 

- Cosmetics, jaise ki lip color aur eye shadow, jo unke makeup kit mein the.
- Perfumes, jo unki wardrobe mein honge.
- Makeup brushes, jo unke makeup kit mein honge.
- Jewelry, jaise ki bangles, rings, aur kangan, jo unke wardrobe mein honge.
- Unke saath khane peene ki cheezein bhi thi, jaise ki grains, fruits, aur spices.
- Aur unke saath gajre ",4.723,471,"King Tut ke saath afterlife ke liyeRozmarra ki cheezein bhi dabai gayi thi, jaise ki board games, bronze razor, linen undergarments, khane peene ki cheezein aur wine.",8.5
91,llama-3.1-8b-instant,"King Tut ke saath precious gold artifacts ke alaawa aur kya cheezein daily use ki chai thi jo unke saath dabai gayi thi? Lekin Tut ke saath afterlife mein use karne ke liye Rozmarra ki cheezein bhi thi: board games, bronze razor, linen undergarments, khane peene ki cheezein aur wine.",chain_of_thought,"King Tut ke saath precious gold artifacts ke alaawa, yahaan kuch cheezein hain jo unke saath daily use ki chai thi:

1. Board games: Inme se ek board game tha jise unhe khelne ke liye use kiya ja sakta tha, jisse woh apne doston aur parivaar ke sadasyon ke saath samay bita sakte the.

2. Bronze razor: Yeh ek aisi cheez thi jise unhe apne beechon ko katne ke liye use kiya ja sakta tha, jisse ve apne aap ko saaf aur shudh rakhte the.

3. Linen undergarments: Ye ek aisi cheez thi jise unhe apne sha",4.73,547,"King Tut ke saath afterlife ke liyeRozmarra ki cheezein bhi dabai gayi thi, jaise ki board games, bronze razor, linen undergarments, khane peene ki cheezein aur wine.",8.5
91,llama-3.1-8b-instant,"King Tut ke saath precious gold artifacts ke alaawa aur kya cheezein daily use ki chai thi jo unke saath dabai gayi thi? Lekin Tut ke saath afterlife mein use karne ke liye Rozmarra ki cheezein bhi thi: board games, bronze razor, linen undergarments, khane peene ki cheezein aur wine.",structured_context,"{""answer"": ""King Tut ke saath precious gold artifacts ke alaawa, daily use ki chai thi jaise ki wooden comb, copper mirror, ivory hairpins, aur glazed pottery."", ""explanation"": ""King Tut ke khazane mein unke daily life ke kuchh mahatvapoorn cheezen bhi payi gayi hain, jo unke afterlife mein use karne ke liye rakhi gayi thi. Yeh cheezein unke luxurious lifestyle ko darshaati hain, jo unke samay ki adhikta ko dikhati hai.""}

Note: King Tut ki khazane mein payi gayi cheezen mein wooden comb, copper",4.664,336,"King Tut ke saath afterlife ke liyeRozmarra ki cheezein bhi dabai gayi thi, jaise ki board games, bronze razor, linen undergarments, khane peene ki cheezein aur wine.",8.5
91,llama-3.1-8b-instant,"King Tut ke saath precious gold artifacts ke alaawa aur kya cheezein daily use ki chai thi jo unke saath dabai gayi thi? Lekin Tut ke saath afterlife mein use karne ke liye Rozmarra ki cheezein bhi thi: board games, bronze razor, linen undergarments, khane peene ki cheezein aur wine.",hierarchical_context,"Bachchon, aaj hum Class 9, 10 aur 11 ke students ke liye ek bahut hi interesting vishay par baat karenge. King Tut ke saath kai precious gold artifacts ke alaawa, unke saath kuch aur cheezein bhi thi jo unke daily life mein use aati thi.

King Tut ek Egyptia raaja tha, aur use apne daily life mein kai cheezein aati thi, jaise ki aabharan, shringar aur kuch aur cheezein jo unke saath dabai gayi thi. Unme se kuch cheezein yeh hain:

1. **Copper or bronze ke tools**: King Tut ke paas copper or bron",5.34,688,"King Tut ke saath afterlife ke liyeRozmarra ki cheezein bhi dabai gayi thi, jaise ki board games, bronze razor, linen undergarments, khane peene ki cheezein aur wine.",8.5
91,llama-3.1-8b-instant,"King Tut ke saath precious gold artifacts ke alaawa aur kya cheezein daily use ki chai thi jo unke saath dabai gayi thi? Lekin Tut ke saath afterlife mein use karne ke liye Rozmarra ki cheezein bhi thi: board games, bronze razor, linen undergarments, khane peene ki cheezein aur wine.",rag_style,"Bhai, King Tut ke saath jab woh kabristan mein gaye to unki daily use ki cheezein ke sath hi kuch aur cheezein bhi gayi thi. 

Jaise ki unke saath gold artifacts the, lekin unke saath rozmarra ki cheezein bhi thi, jaise ki:

- Board games: Jo unhone apne doston ke saath khela honge
- Bronze razor: Jo unhone apne beard ko kam karne ke liye use kiya hoga
- Linen undergarments: Jo unhone apne shareer ko sukhaya hoga
- Khane peene ki cheezein: Jo unhone apne ghar ke khane me khaya hoga
- Wine: Jo un",5.81,384,"King Tut ke saath afterlife ke liyeRozmarra ki cheezein bhi dabai gayi thi, jaise ki board games, bronze razor, linen undergarments, khane peene ki cheezein aur wine.",8.5
91,llama-3.1-8b-instant,"King Tut ke saath precious gold artifacts ke alaawa aur kya cheezein daily use ki chai thi jo unke saath dabai gayi thi? Lekin Tut ke saath afterlife mein use karne ke liye Rozmarra ki cheezein bhi thi: board games, bronze razor, linen undergarments, khane peene ki cheezein aur wine.",tree_of_thought,"Maine iska jawab kai tarah se socha hai:

1. Pehla soch: King Tut ke saath jo precious gold artifacts dabai gayi thi, wo to sahi hai par inke saath daily use ki cheezein bhi thi jaise ki:
- Ankh aur kamarbandh (necklace aur bangles)
- Ring aur earrings
- Golden sandals
- Golden hair clips
- Saree aur dupatta

2. Doosra soch: King Tut ke saath aur bhi cheezein thi jo daily use ki thi, jaise ki:
- Chappal (sandals)
- Kapde (clothes)
- Jutti (shoes)
- Haath ke kangan (finger rings)
- Nakh (anklets)",4.238,581,"King Tut ke saath afterlife ke liyeRozmarra ki cheezein bhi dabai gayi thi, jaise ki board games, bronze razor, linen undergarments, khane peene ki cheezein aur wine.",8.5
91,llama-3.1-8b-instant,"King Tut ke saath precious gold artifacts ke alaawa aur kya cheezein daily use ki chai thi jo unke saath dabai gayi thi? Lekin Tut ke saath afterlife mein use karne ke liye Rozmarra ki cheezein bhi thi: board games, bronze razor, linen undergarments, khane peene ki cheezein aur wine.",agentic_context,"Arre, main samajh gaya hai ki aap King Tut ke saath daily use ki cheezein puch rahe ho jaise ki unke saath dabai gayi thi. Lekin iske alaawa, ve rozmarra ke liye bhi kuch cheezein le jate the.

Step 1: Samajh gaya hai ki aap King Tut ke saath daily use ki cheezein puch rahe ho.

Step 2: Yaad aaya hai ki King Tut ke saath ek bahut se cheezein thi jo unke saath dabai gayi thi. Ye cheezein includes thi:-

- Gold aur silver ki jewelry, jo unke saath dabai gayi thi aur unke saath afterlife mein use k",6.426,747,"King Tut ke saath afterlife ke liyeRozmarra ki cheezein bhi dabai gayi thi, jaise ki board games, bronze razor, linen undergarments, khane peene ki cheezein aur wine.",8.5
92,llama-3.1-8b-instant,"Wavewalker ko itni badi damage hone ke baad, narrator ko apni survival ke liye kya ummeed thi? Humne dekha ki boat ke neeche paani ki line ke neeche ek bada leak tha, aur jab maine check kiya toh pata chala ki boat ke sabse bade rib frames keel tak smash ho gaye the. Asal mein, starboard hull ka ek pura section sirf kuch cupboard partitions se uthaya hua tha. Hum wave ke hit hone ke 15 ghante tak zinda the, lekin Wavewalker itna lamba nahi chalega ki hum Australia tak pahunch sake. Maine apne charts check kiye aur dekha ki east mein kuch hundred kilometre door do chhote islands hain. Unmein se ek, Ile Amsterdam, ek French scientific base tha. Humari ekmatr ummeed yeh thi ki hum in chhoti chhoti islands tak pahunch sake, jo ki ek bade samundar mein sirf pinpricks jaise thi.",zero_shot,"Arre, maine socha tha ki humari survival ki koi ummeed nahi hai, bas ek jeevan ke liye ladne ki. Wavewalker ko itni badi damage hone ke baad, maine socha tha ki hum Australia tak nahin pahunch paayenge. Bohut saari cheezein the jo humari ummeed ko kam kar rahi thi, jaise ki boat ke neeche ka leak aur rib frames keel tak smash hone ke karan. Lekin, maine dekha ki humein kuch option to hai, jaise ki chhote chhote islands tak pahunchna. Maine apne charts check kiye aur dekha ki east mein kuch hundr",6.951,594,"Narrator ki sirf ek ummeed thi ki wo do chhote islands tak pahunch sake, jismein se ek Ile Amsterdam tha, jo ki ek French scientific base tha, jo ki kuch hundred kilometre east mein tha. Unhone inhein 'vast ocean ke pinpricks' kaha kyunki Wavewalker itna damaged tha ki Australia tak nahi pahunch sak",8.5
92,llama-3.1-8b-instant,"Wavewalker ko itni badi damage hone ke baad, narrator ko apni survival ke liye kya ummeed thi? Humne dekha ki boat ke neeche paani ki line ke neeche ek bada leak tha, aur jab maine check kiya toh pata chala ki boat ke sabse bade rib frames keel tak smash ho gaye the. Asal mein, starboard hull ka ek pura section sirf kuch cupboard partitions se uthaya hua tha. Hum wave ke hit hone ke 15 ghante tak zinda the, lekin Wavewalker itna lamba nahi chalega ki hum Australia tak pahunch sake. Maine apne charts check kiye aur dekha ki east mein kuch hundred kilometre door do chhote islands hain. Unmein se ek, Ile Amsterdam, ek French scientific base tha. Humari ekmatr ummeed yeh thi ki hum in chhoti chhoti islands tak pahunch sake, jo ki ek bade samundar mein sirf pinpricks jaise thi.",few_shot,"Bhaiya, jab humen lag raha tha ki humari survival ki koi umeed nahin, toh humne ek matlab kiya ki hume phir se uthna hoga. Maine dekha ki hume kuch islands ke liye ummeed thi, jahaan hum jaakar shuruat se kuch samay tak chhupp sakte the. Humari zindagi bachen ke liye yehi ekmatr ummeed thi, aur humne socha ki hume in chhoti chhoti islands tak pahunchne ke liye kuch karna hoga.",5.521,447,"Narrator ki sirf ek ummeed thi ki wo do chhote islands tak pahunch sake, jismein se ek Ile Amsterdam tha, jo ki ek French scientific base tha, jo ki kuch hundred kilometre east mein tha. Unhone inhein 'vast ocean ke pinpricks' kaha kyunki Wavewalker itna damaged tha ki Australia tak nahi pahunch sak",8.5
92,llama-3.1-8b-instant,"Wavewalker ko itni badi damage hone ke baad, narrator ko apni survival ke liye kya ummeed thi? Humne dekha ki boat ke neeche paani ki line ke neeche ek bada leak tha, aur jab maine check kiya toh pata chala ki boat ke sabse bade rib frames keel tak smash ho gaye the. Asal mein, starboard hull ka ek pura section sirf kuch cupboard partitions se uthaya hua tha. Hum wave ke hit hone ke 15 ghante tak zinda the, lekin Wavewalker itna lamba nahi chalega ki hum Australia tak pahunch sake. Maine apne charts check kiye aur dekha ki east mein kuch hundred kilometre door do chhote islands hain. Unmein se ek, Ile Amsterdam, ek French scientific base tha. Humari ekmatr ummeed yeh thi ki hum in chhoti chhoti islands tak pahunch sake, jo ki ek bade samundar mein sirf pinpricks jaise thi.",chain_of_thought,"Maine apni survival ke liye ummeed ki iss prakar se sochne ki koshish ki:

1. **Situation assess karna**: Maine dekha ki boat ke neeche paani ki line ke neeche ek bada leak tha, aur jab maine check kiya toh pata chala ki boat ke sabse bade rib frames keel tak smash ho gaye the. Maine apne jeevan ko bachane ke liye ye situation assess kiya.

2. **Apni sthiti ko samajhna**: Maine dekha ki starboard hull ka ek pura section sirf kuch cupboard partitions se uthaya hua tha, aur hum wave ke hit hone ke",4.91,824,"Narrator ki sirf ek ummeed thi ki wo do chhote islands tak pahunch sake, jismein se ek Ile Amsterdam tha, jo ki ek French scientific base tha, jo ki kuch hundred kilometre east mein tha. Unhone inhein 'vast ocean ke pinpricks' kaha kyunki Wavewalker itna damaged tha ki Australia tak nahi pahunch sak",8.5
92,llama-3.1-8b-instant,"Wavewalker ko itni badi damage hone ke baad, narrator ko apni survival ke liye kya ummeed thi? Humne dekha ki boat ke neeche paani ki line ke neeche ek bada leak tha, aur jab maine check kiya toh pata chala ki boat ke sabse bade rib frames keel tak smash ho gaye the. Asal mein, starboard hull ka ek pura section sirf kuch cupboard partitions se uthaya hua tha. Hum wave ke hit hone ke 15 ghante tak zinda the, lekin Wavewalker itna lamba nahi chalega ki hum Australia tak pahunch sake. Maine apne charts check kiye aur dekha ki east mein kuch hundred kilometre door do chhote islands hain. Unmein se ek, Ile Amsterdam, ek French scientific base tha. Humari ekmatr ummeed yeh thi ki hum in chhoti chhoti islands tak pahunch sake, jo ki ek bade samundar mein sirf pinpricks jaise thi.",structured_context,"{""answer"": ""Humne kiya ummeed thi ki hum in chhoti-chhoti islands tak pahunch sake, jahan ki ek French scientific base thi aur hum zinda reh sake."", ""explanation"": ""Zinda rehne ki ummeed ki wajah yeh tha ki hum east mein do chhote islands ke bare mein jaante the, jismein se ek Ile Amsterdam ek French scientific base thi. Humne socha ki agar hum in islands tak pahunch jaayein, to humein rannital ki zaroorat nahin hogi.""}",7.502,420,"Narrator ki sirf ek ummeed thi ki wo do chhote islands tak pahunch sake, jismein se ek Ile Amsterdam tha, jo ki ek French scientific base tha, jo ki kuch hundred kilometre east mein tha. Unhone inhein 'vast ocean ke pinpricks' kaha kyunki Wavewalker itna damaged tha ki Australia tak nahi pahunch sak",8.5
92,llama-3.1-8b-instant,"Wavewalker ko itni badi damage hone ke baad, narrator ko apni survival ke liye kya ummeed thi? Humne dekha ki boat ke neeche paani ki line ke neeche ek bada leak tha, aur jab maine check kiya toh pata chala ki boat ke sabse bade rib frames keel tak smash ho gaye the. Asal mein, starboard hull ka ek pura section sirf kuch cupboard partitions se uthaya hua tha. Hum wave ke hit hone ke 15 ghante tak zinda the, lekin Wavewalker itna lamba nahi chalega ki hum Australia tak pahunch sake. Maine apne charts check kiye aur dekha ki east mein kuch hundred kilometre door do chhote islands hain. Unmein se ek, Ile Amsterdam, ek French scientific base tha. Humari ekmatr ummeed yeh thi ki hum in chhoti chhoti islands tak pahunch sake, jo ki ek bade samundar mein sirf pinpricks jaise thi.",hierarchical_context,"Ye ek bahut hi mushkil situation thi. Boat ne itni badi damage kar li thi ki humko survival ke liye koi bhi ummeed nahi thi. Lekin narrator ne apne aakharon mein ek ummeed ki koshish ki. Woh jante the ki boat mein kuch chhote islands hain jo east mein kuch hundred kilometre door hain. Voh islands ek bade samundar mein sirf pinpricks jaise thi, lekin voh ek chhota sa kiran si ummeed the.

Narrator ne apne charts check kiye aur dekha ki voh islands pahunchne ke liye koi bhi rasta hai. Voh jante th",5.0,667,"Narrator ki sirf ek ummeed thi ki wo do chhote islands tak pahunch sake, jismein se ek Ile Amsterdam tha, jo ki ek French scientific base tha, jo ki kuch hundred kilometre east mein tha. Unhone inhein 'vast ocean ke pinpricks' kaha kyunki Wavewalker itna damaged tha ki Australia tak nahi pahunch sak",8.5
92,llama-3.1-8b-instant,"Wavewalker ko itni badi damage hone ke baad, narrator ko apni survival ke liye kya ummeed thi? Humne dekha ki boat ke neeche paani ki line ke neeche ek bada leak tha, aur jab maine check kiya toh pata chala ki boat ke sabse bade rib frames keel tak smash ho gaye the. Asal mein, starboard hull ka ek pura section sirf kuch cupboard partitions se uthaya hua tha. Hum wave ke hit hone ke 15 ghante tak zinda the, lekin Wavewalker itna lamba nahi chalega ki hum Australia tak pahunch sake. Maine apne charts check kiye aur dekha ki east mein kuch hundred kilometre door do chhote islands hain. Unmein se ek, Ile Amsterdam, ek French scientific base tha. Humari ekmatr ummeed yeh thi ki hum in chhoti chhoti islands tak pahunch sake, jo ki ek bade samundar mein sirf pinpricks jaise thi.",rag_style,"Wavewalker ko itni badi damage hone ke baad, maine apni survival ke liye kya ummeed thi? Maine dekha ki humarai boat ke neeche paani ki line ke neeche ek bada leak tha, aur jab maine check kiya toh pata chala ki boat ke sabse bade rib frames keel tak smash ho gaye the. Asal mein, starboard hull ka ek pura section sirf kuch cupboard partitions se uthaya hua tha. 

Maine apne charts check kiye aur dekha ki east mein kuch hundred kilometre door do chhote islands hain. Unmein se ek, Ile Amsterdam, e",6.605,541,"Narrator ki sirf ek ummeed thi ki wo do chhote islands tak pahunch sake, jismein se ek Ile Amsterdam tha, jo ki ek French scientific base tha, jo ki kuch hundred kilometre east mein tha. Unhone inhein 'vast ocean ke pinpricks' kaha kyunki Wavewalker itna damaged tha ki Australia tak nahi pahunch sak",8.5
92,llama-3.1-8b-instant,"Wavewalker ko itni badi damage hone ke baad, narrator ko apni survival ke liye kya ummeed thi? Humne dekha ki boat ke neeche paani ki line ke neeche ek bada leak tha, aur jab maine check kiya toh pata chala ki boat ke sabse bade rib frames keel tak smash ho gaye the. Asal mein, starboard hull ka ek pura section sirf kuch cupboard partitions se uthaya hua tha. Hum wave ke hit hone ke 15 ghante tak zinda the, lekin Wavewalker itna lamba nahi chalega ki hum Australia tak pahunch sake. Maine apne charts check kiye aur dekha ki east mein kuch hundred kilometre door do chhote islands hain. Unmein se ek, Ile Amsterdam, ek French scientific base tha. Humari ekmatr ummeed yeh thi ki hum in chhoti chhoti islands tak pahunch sake, jo ki ek bade samundar mein sirf pinpricks jaise thi.",tree_of_thought,"Maine sab kuchh socha:

1. **Pani ki line ke neeche leak ke baavjood, boat ke ander jame pani ko nikaalna hai aur uska upyog karke humein ek bade samundar mein pahunchne ki ummeed hai**: Maine socha ki agar hum boat ke ander pani ko nikaal sakte hain, toh humein jame pani ka upyog karke hum apne survival ke liye paani aur khana bana sakte hain. Iske alawa, hum boat ke ander pani ko thanda karke aur iske upyog se hum apne energy ko badhava de sakte hain.

2. **Ile Amsterdam ki French scientific b",6.299,830,"Narrator ki sirf ek ummeed thi ki wo do chhote islands tak pahunch sake, jismein se ek Ile Amsterdam tha, jo ki ek French scientific base tha, jo ki kuch hundred kilometre east mein tha. Unhone inhein 'vast ocean ke pinpricks' kaha kyunki Wavewalker itna damaged tha ki Australia tak nahi pahunch sak",8.5
92,llama-3.1-8b-instant,"Wavewalker ko itni badi damage hone ke baad, narrator ko apni survival ke liye kya ummeed thi? Humne dekha ki boat ke neeche paani ki line ke neeche ek bada leak tha, aur jab maine check kiya toh pata chala ki boat ke sabse bade rib frames keel tak smash ho gaye the. Asal mein, starboard hull ka ek pura section sirf kuch cupboard partitions se uthaya hua tha. Hum wave ke hit hone ke 15 ghante tak zinda the, lekin Wavewalker itna lamba nahi chalega ki hum Australia tak pahunch sake. Maine apne charts check kiye aur dekha ki east mein kuch hundred kilometre door do chhote islands hain. Unmein se ek, Ile Amsterdam, ek French scientific base tha. Humari ekmatr ummeed yeh thi ki hum in chhoti chhoti islands tak pahunch sake, jo ki ek bade samundar mein sirf pinpricks jaise thi.",agentic_context,"Mujhe pata chala ki Wavewalker ek bahut badi damage se gujar rahi hai. Boat ke neeche paani ki line ke neeche ek bada leak hai aur sabse bade rib frames keel tak smash ho gaye hain. Iske alawa, starboard hull ka ek pura section sirf kuch cupboard partitions se uthaya hua hai. Yah bahut hi ghatiya situation hai.

Mujhe pata chala ki hum 15 ghante tak zinda the aur ab humari ekmatr ummeed yeh thi ki hum kuch chhote islands tak pahunch sake. Maine apne charts check kiye aur dekha ki east mein kuch ",7.944,588,"Narrator ki sirf ek ummeed thi ki wo do chhote islands tak pahunch sake, jismein se ek Ile Amsterdam tha, jo ki ek French scientific base tha, jo ki kuch hundred kilometre east mein tha. Unhone inhein 'vast ocean ke pinpricks' kaha kyunki Wavewalker itna damaged tha ki Australia tak nahi pahunch sak",8.5
93,llama-3.1-8b-instant,"Acchi notes mein information ko logically kaise divide aur sub-divide karna chahiye? Information ko logically divide aur sub-divide karne ke liye figures/letters ka use hota hai. Divisions is tarah se ki jati hain: Main sections - 1, 2, 3, etc. Sub-sections - (i), (ii), (iii), etc. Sub-sub-sections - (a), (b), (c), etc.",zero_shot,"Acchi notes mein information ko logically divide aur sub-divide karne ka tarika yeh hai:

1. **Main sections**: Apne note ko kai main sections mein divide karein, jaise ki 1, 2, 3, etc. Har main section mein related topic ko shamil karein.

2. **Sub-sections**: Har main section ko sub-sections mein divide karein, jaise ki (i), (ii), (iii), etc. Sub-sections mein related sub-topic ko shamil karein.

3. **Sub-sub-sections**: Har sub-section ko sub-sub-sections mein divide karein, jaise ki (a), (b)",3.025,452,"Acchi notes mein, information ko logically divide aur sub-divide karne ke liye figures/letters ka use kiya jata hai. Main sections ko 1, 2, 3, etc. number diya jata hai, sub-sections mein (i), (ii), (iii), etc. ka use hota hai, aur sub-sub-sections mein (a), (b), (c), etc. ka use kiya jata hai.",8.5
93,llama-3.1-8b-instant,"Acchi notes mein information ko logically kaise divide aur sub-divide karna chahiye? Information ko logically divide aur sub-divide karne ke liye figures/letters ka use hota hai. Divisions is tarah se ki jati hain: Main sections - 1, 2, 3, etc. Sub-sections - (i), (ii), (iii), etc. Sub-sub-sections - (a), (b), (c), etc.",few_shot,"Bhaiya, ek achi notes banane ke liye information ko logically divide aur sub-divide karne ka tarika yeh hai:

**Main sections**

Sabhi main sections number se diye jate hain, jaise ki 1, 2, 3, etc. In sections ka use hamesha kuch bhi kaafi important topic ya subject hoga.

**Sub-sections**

In sections ko sub-sections mein divide kiya jata hai, aur in sub-sections ko alphabet ke peechhe ki letter se show kiya jata hai, jaise ki (i), (ii), (iii), etc. Sub-sections mein kuch bhi ke liye use kiya j",5.281,573,"Acchi notes mein, information ko logically divide aur sub-divide karne ke liye figures/letters ka use kiya jata hai. Main sections ko 1, 2, 3, etc. number diya jata hai, sub-sections mein (i), (ii), (iii), etc. ka use hota hai, aur sub-sub-sections mein (a), (b), (c), etc. ka use kiya jata hai.",8.5
93,llama-3.1-8b-instant,"Acchi notes mein information ko logically kaise divide aur sub-divide karna chahiye? Information ko logically divide aur sub-divide karne ke liye figures/letters ka use hota hai. Divisions is tarah se ki jati hain: Main sections - 1, 2, 3, etc. Sub-sections - (i), (ii), (iii), etc. Sub-sub-sections - (a), (b), (c), etc.",chain_of_thought,"Arre bhai, main aapko is tarah se step-by-step batata hoon:

**Step 1: Main Section ko decide karen**
Isme humein apni report ke liye sabse badi categories ya topics ko decide karna hoga. Isme humein main sections ke liye 1, 2, 3, etc. ka use kareinge.

**Step 2: Sub-sections ko decide karen**
Har main section mein humein apni information ko further sub-divide karna hoga. Isme humein sub-sections ke liye (i), (ii), (iii) jaise figures ka use kareinge.

**Step 3: Sub-sub-sections ko decide karen*",5.026,568,"Acchi notes mein, information ko logically divide aur sub-divide karne ke liye figures/letters ka use kiya jata hai. Main sections ko 1, 2, 3, etc. number diya jata hai, sub-sections mein (i), (ii), (iii), etc. ka use hota hai, aur sub-sub-sections mein (a), (b), (c), etc. ka use kiya jata hai.",8.5
93,llama-3.1-8b-instant,"Acchi notes mein information ko logically kaise divide aur sub-divide karna chahiye? Information ko logically divide aur sub-divide karne ke liye figures/letters ka use hota hai. Divisions is tarah se ki jati hain: Main sections - 1, 2, 3, etc. Sub-sections - (i), (ii), (iii), etc. Sub-sub-sections - (a), (b), (c), etc.",structured_context,"{""answer"": ""Acchi notes mein information ko logically divide aur sub-divide karne ke liye, aapko main sections, sub-sections aur sub-sub-sections mein information ko categorize karna hoga.\n\n1. Main sections - Ismein aapko topic ke mukhya baatein likhni hain, jaise ki introduction, body aur conclusion.\n2. Sub-sections - Ismein aapko main section ke andar specific topics ko cover karna hoga, jaise ki introduction ke andar aapko topic ke bare mein introduce karna hoga, body ke andar aapko topic ",6.156,638,"Acchi notes mein, information ko logically divide aur sub-divide karne ke liye figures/letters ka use kiya jata hai. Main sections ko 1, 2, 3, etc. number diya jata hai, sub-sections mein (i), (ii), (iii), etc. ka use hota hai, aur sub-sub-sections mein (a), (b), (c), etc. ka use kiya jata hai.",8.5
93,llama-3.1-8b-instant,"Acchi notes mein information ko logically kaise divide aur sub-divide karna chahiye? Information ko logically divide aur sub-divide karne ke liye figures/letters ka use hota hai. Divisions is tarah se ki jati hain: Main sections - 1, 2, 3, etc. Sub-sections - (i), (ii), (iii), etc. Sub-sub-sections - (a), (b), (c), etc.",hierarchical_context,"Bachchon, aaj hum acchi notes mein information ko logically divide aur sub-divide karne ke baare mein seekhenge. Ye ek bahut hi important technique hai, jo aapko notes banaate samay jaldi aur acchi tarah se information ko organize karne mein madad karegi.

Main sections ki shuruat hum karte hain 1, 2, 3, aur iske baad. Jab hum ek main section ka shuru karte hain, toh phir hum ismein sub-sections ka use karte hain. Sub-sections ke liye hum (i), (ii), (iii) ka use karte hain. Agar humein sub-sub-s",5.973,530,"Acchi notes mein, information ko logically divide aur sub-divide karne ke liye figures/letters ka use kiya jata hai. Main sections ko 1, 2, 3, etc. number diya jata hai, sub-sections mein (i), (ii), (iii), etc. ka use hota hai, aur sub-sub-sections mein (a), (b), (c), etc. ka use kiya jata hai.",8.5
93,llama-3.1-8b-instant,"Acchi notes mein information ko logically kaise divide aur sub-divide karna chahiye? Information ko logically divide aur sub-divide karne ke liye figures/letters ka use hota hai. Divisions is tarah se ki jati hain: Main sections - 1, 2, 3, etc. Sub-sections - (i), (ii), (iii), etc. Sub-sub-sections - (a), (b), (c), etc.",rag_style,"Acchi notes mein information ko logically kaise divide aur sub-divide karna chahiye? 

Jab bhi aap apne notes bana rahe hain, to information ko logical tarike se divide karne ke liye aapko figures/letters ka use karna chahiye. Yeh division aapko apne notes ko systematic aur easily readable banane mein madad karegi. 

Main sections ko aap number se differentiate kar sakte hain, jaise: 
- 1. Introduction 
- 2. Main points 
- 3. Conclusion 

Ab sub-sections ko alphabet se differentiate kar sakte ha",4.913,491,"Acchi notes mein, information ko logically divide aur sub-divide karne ke liye figures/letters ka use kiya jata hai. Main sections ko 1, 2, 3, etc. number diya jata hai, sub-sections mein (i), (ii), (iii), etc. ka use hota hai, aur sub-sub-sections mein (a), (b), (c), etc. ka use kiya jata hai.",8.5
93,llama-3.1-8b-instant,"Acchi notes mein information ko logically kaise divide aur sub-divide karna chahiye? Information ko logically divide aur sub-divide karne ke liye figures/letters ka use hota hai. Divisions is tarah se ki jati hain: Main sections - 1, 2, 3, etc. Sub-sections - (i), (ii), (iii), etc. Sub-sub-sections - (a), (b), (c), etc.",tree_of_thought,"Maine kuchh vichar kiye hain:

1. **Kramik Vistriti**: Information ko logical division aur sub-division karne ke liye, ham kramik vistriti ka upyog kar sakte hain. Iske liye, main sections ko numerically (1, 2, 3, etc.) aur sub-sections ko alphabatically (i, ii, iii, etc.) vistrit kar sakte hain.

2. **Vastuon ke Aaspaas Vistriti**: Information ko vistrit karne ke liye, ham vastuon ke aaspaas vistriti ka upyog kar sakte hain. Iske liye, main sections ko numerically (1, 2, 3, etc.) aur sub-sectio",5.002,544,"Acchi notes mein, information ko logically divide aur sub-divide karne ke liye figures/letters ka use kiya jata hai. Main sections ko 1, 2, 3, etc. number diya jata hai, sub-sections mein (i), (ii), (iii), etc. ka use hota hai, aur sub-sub-sections mein (a), (b), (c), etc. ka use kiya jata hai.",8.5
93,llama-3.1-8b-instant,"Acchi notes mein information ko logically kaise divide aur sub-divide karna chahiye? Information ko logically divide aur sub-divide karne ke liye figures/letters ka use hota hai. Divisions is tarah se ki jati hain: Main sections - 1, 2, 3, etc. Sub-sections - (i), (ii), (iii), etc. Sub-sub-sections - (a), (b), (c), etc.",agentic_context,"Arre bhai, samajh gaya question. 

Step 1: Samajh liya
Question yeh hai ki Acchi notes mein information ko logical tarike se kaise divide aur sub-divide karna chahiye. 

Step 2: Yaad kiya
Pehle se hi ye samajh ke hain ki notes mein information ko divide aur sub-divide karne ke liye figures aur letters ka use hota hai. Main sections - 1, 2, 3, etc. ke liye numbers ka use hota hai. Sub-sections ko (i), (ii), (iii) aur sub-sub-sections ko (a), (b), (c) ke liye letters ka use hota hai.

Step 3: Jaan",6.002,551,"Acchi notes mein, information ko logically divide aur sub-divide karne ke liye figures/letters ka use kiya jata hai. Main sections ko 1, 2, 3, etc. number diya jata hai, sub-sections mein (i), (ii), (iii), etc. ka use hota hai, aur sub-sub-sections mein (a), (b), (c), etc. ka use kiya jata hai.",8.5
94,llama-3.1-8b-instant,"Sir, kya hum chemistry meh organic chemistry ke baare meh jaan sakte hai?",zero_shot,"Arre yaar, organic chemistry toh chemistry ke ek bahut hi bada hissa hai. Yeh voh branch hai jismein hum sabhi organic compound, jaise ki carbondioxide, sugar, protein, aur petrol jaisi cheezein padhati hai.

Organic chemistry mein hum sabhi organic compound ki utpatti, ghatna, aur parivartan ko samajhne ki koshish karte hain. Yeh field mein hum sabhi carbon ki sankhya aur uska sankar (bonding) ke baare meh jaante hain.

Organic compound mein carbon, hydrogen, oxygen, nitrogen, aur anya element ",2.922,353,"Haan, organic chemistry ek aisa branch hota hai jismein hum carbon-based compounds ki study karte hai, jaise ki hydrocarbons, alcohols, aur acids. Organic chemistry ki applications medicine, agriculture, aur industry meh hoti hai.",8.5
94,llama-3.1-8b-instant,"Sir, kya hum chemistry meh organic chemistry ke baare meh jaan sakte hai?",few_shot,"Beta, organic chemistry hai chemistry ke ek hisse, jismein hum organik compounds ke baare mein padhate hain. Yeh compounds meh carbon atom ka hissa hota hai, aur ye apne saath hydrogen, oxygen, nitrogen aur anya elements ka hissa lete hain. Organic chemistry mein hum in compounds ke ghatnaon, reaction aur properties ke baare mein jaante hain.

Organik compounds ke kai types hain, jaise ki hydrocarbons, carboxylic acids, amino acids, aur sugar. Ye sab compounds humare aapne jeevan mein mahatvapur",3.966,340,"Haan, organic chemistry ek aisa branch hota hai jismein hum carbon-based compounds ki study karte hai, jaise ki hydrocarbons, alcohols, aur acids. Organic chemistry ki applications medicine, agriculture, aur industry meh hoti hai.",8.5
94,llama-3.1-8b-instant,"Sir, kya hum chemistry meh organic chemistry ke baare meh jaan sakte hai?",chain_of_thought,"Arre, organic chemistry toh ek bahut hi mahatvapurn vishay hai. 

1. Sabse pehle, organic chemistry ka arth kya hai? Iska arth hai, jo jeev ke madhyam se taiyar hua hai, jaise ki khadya, petrol, plastics, aur anya jeevika upkaran.

2. Organic chemistry meh hum jeev ke madhyam se taiyar kai tarah ke compound dekhenge, jaise ki alkaloids, acids, esters, aur many more.

3. Organic chemistry meh humko chemical reactions ke baare meh pata chalayega, jaise ki combustion, oxidation, reduction, aur many",3.048,430,"Haan, organic chemistry ek aisa branch hota hai jismein hum carbon-based compounds ki study karte hai, jaise ki hydrocarbons, alcohols, aur acids. Organic chemistry ki applications medicine, agriculture, aur industry meh hoti hai.",8.5
94,llama-3.1-8b-instant,"Sir, kya hum chemistry meh organic chemistry ke baare meh jaan sakte hai?",structured_context,"{""answer"": ""Haan, bhai, hum organic chemistry ke baare meh jaan sakte hain. Organic chemistry woh branch hai jo carbon aur uske compounds ke study ke baare meh hota hai. Ismein hum inke chemical properties, reactions, aur synthesis ke baare meh jaante hain. Organic chemistry ka use pharma, biotechnology, aur materials science jaise kshetron meh hota hai."", ""explanation"": ""Organic chemistry mein hum inke compounds ke baare meh jaante hain: alkan, alken, alkine, aromatic compounds, carbohydrates, ",4.886,329,"Haan, organic chemistry ek aisa branch hota hai jismein hum carbon-based compounds ki study karte hai, jaise ki hydrocarbons, alcohols, aur acids. Organic chemistry ki applications medicine, agriculture, aur industry meh hoti hai.",8.5
94,llama-3.1-8b-instant,"Sir, kya hum chemistry meh organic chemistry ke baare meh jaan sakte hai?",hierarchical_context,"Beta, organic chemistry bahut hi zaroori hai, lekin usse samajhne ke liye aapko kuch baatse pahle samajhni hoga. Kya aap jaante hai ki chemistry mein do prakar ke compounds hote hain - inorganic aur organic.

Inorganic compounds mein, jaise ki NaCl (nayam kloride), CaCO3 (shisha), ityadi compounds hote hain jo prakriti mein pate hote hain aur hum unhein laboratory mein bhi banate hain.

Organic compounds mein, jaise ki C6H12O6 (glucose), CH3COOH (sirka), ityadi compounds hote hain jo prakirti me",3.477,613,"Haan, organic chemistry ek aisa branch hota hai jismein hum carbon-based compounds ki study karte hai, jaise ki hydrocarbons, alcohols, aur acids. Organic chemistry ki applications medicine, agriculture, aur industry meh hoti hai.",8.5
94,llama-3.1-8b-instant,"Sir, kya hum chemistry meh organic chemistry ke baare meh jaan sakte hai?",rag_style,"Arre bhai, organic chemistry toh ek bahut hi mahatvapoorn vishay hai. Yeh chemistry ke ek hissa hai jismein hum kuchh karodiyon ki prakritik aavritiyon aur unke sambandhit upakaranon ke baare mein jaante hain. 

Organic chemistry mein hum jeev aur anya prakritik vikritiyon ke sambandhit rastaon aur upkaranon par dhyan dete hain. Yeh chemistry ke ek hissa hai jismein hum jeev aur prakritik vikritiyon ke sambandhi anek rastaon aur upakaranon ke baare mein jaante hain. 

Organic chemistry ke kuchh ",6.422,516,"Haan, organic chemistry ek aisa branch hota hai jismein hum carbon-based compounds ki study karte hai, jaise ki hydrocarbons, alcohols, aur acids. Organic chemistry ki applications medicine, agriculture, aur industry meh hoti hai.",8.5
94,llama-3.1-8b-instant,"Sir, kya hum chemistry meh organic chemistry ke baare meh jaan sakte hai?",tree_of_thought,"Arre, ab main sochta hoon... 

Pehla vichar: Organic chemistry ek aisa vishay hai jo hai kewal life aur jeev ke sambandhit hai, jaise protein, khaane ka pani, khade, aur aise hi anya vastuein. Ismein humein un elementon ka adhayayan karna hota hai jo carbon ke sath milkar aate hain aur unka sambandh aur unke gatikon ka adhayayan karna hota hai.

Dusra vichar: Organic chemistry ek aisa vishay hai jo hai jeev aur life ke sambandhit vastuein ke liye adhar hai. Ismein humein un vastuein ke adhayayan",14.16,535,"Haan, organic chemistry ek aisa branch hota hai jismein hum carbon-based compounds ki study karte hai, jaise ki hydrocarbons, alcohols, aur acids. Organic chemistry ki applications medicine, agriculture, aur industry meh hoti hai.",8.5
94,llama-3.1-8b-instant,"Sir, kya hum chemistry meh organic chemistry ke baare meh jaan sakte hai?",agentic_context,ERROR,0.0,0,"Haan, organic chemistry ek aisa branch hota hai jismein hum carbon-based compounds ki study karte hai, jaise ki hydrocarbons, alcohols, aur acids. Organic chemistry ki applications medicine, agriculture, aur industry meh hoti hai.",8.5
95,llama-3.1-8b-instant,"Sir, biodiversity ke bare mein batayein, yeh kya hota hai?",zero_shot,ERROR,0.0,0,"Biodiversity ka matlab hai kisi ek jagah par paye jaane wale sabhi jeev-jantu, paudhe, aur micro-organisms ki vividhata. Yeh humari prithvi ki sahajeevi vividhata ko darshata hai.",8.5
95,llama-3.1-8b-instant,"Sir, biodiversity ke bare mein batayein, yeh kya hota hai?",few_shot,ERROR,0.0,0,"Biodiversity ka matlab hai kisi ek jagah par paye jaane wale sabhi jeev-jantu, paudhe, aur micro-organisms ki vividhata. Yeh humari prithvi ki sahajeevi vividhata ko darshata hai.",8.5
95,llama-3.1-8b-instant,"Sir, biodiversity ke bare mein batayein, yeh kya hota hai?",chain_of_thought,ERROR,0.0,0,"Biodiversity ka matlab hai kisi ek jagah par paye jaane wale sabhi jeev-jantu, paudhe, aur micro-organisms ki vividhata. Yeh humari prithvi ki sahajeevi vividhata ko darshata hai.",8.5
95,llama-3.1-8b-instant,"Sir, biodiversity ke bare mein batayein, yeh kya hota hai?",structured_context,ERROR,0.0,0,"Biodiversity ka matlab hai kisi ek jagah par paye jaane wale sabhi jeev-jantu, paudhe, aur micro-organisms ki vividhata. Yeh humari prithvi ki sahajeevi vividhata ko darshata hai.",8.5
95,llama-3.1-8b-instant,"Sir, biodiversity ke bare mein batayein, yeh kya hota hai?",hierarchical_context,ERROR,0.0,0,"Biodiversity ka matlab hai kisi ek jagah par paye jaane wale sabhi jeev-jantu, paudhe, aur micro-organisms ki vividhata. Yeh humari prithvi ki sahajeevi vividhata ko darshata hai.",8.5
95,llama-3.1-8b-instant,"Sir, biodiversity ke bare mein batayein, yeh kya hota hai?",rag_style,ERROR,0.0,0,"Biodiversity ka matlab hai kisi ek jagah par paye jaane wale sabhi jeev-jantu, paudhe, aur micro-organisms ki vividhata. Yeh humari prithvi ki sahajeevi vividhata ko darshata hai.",10.0
95,llama-3.1-8b-instant,"Sir, biodiversity ke bare mein batayein, yeh kya hota hai?",tree_of_thought,ERROR,0.0,0,"Biodiversity ka matlab hai kisi ek jagah par paye jaane wale sabhi jeev-jantu, paudhe, aur micro-organisms ki vividhata. Yeh humari prithvi ki sahajeevi vividhata ko darshata hai.",10.0
95,llama-3.1-8b-instant,"Sir, biodiversity ke bare mein batayein, yeh kya hota hai?",agentic_context,ERROR,0.0,0,"Biodiversity ka matlab hai kisi ek jagah par paye jaane wale sabhi jeev-jantu, paudhe, aur micro-organisms ki vividhata. Yeh humari prithvi ki sahajeevi vividhata ko darshata hai.",8.5
96,llama-3.1-8b-instant,"World Commission on Environment and Development ke hisab se, sustainable development ka definition kya hai? Sustainable development ka concept 1987 mein popular hua tha, aur ismein kaha gaya tha ki yeh development hai jo present ke needs ko pura karta hai, lekin future generations ke needs ko compromise karte hue nahi",zero_shot,ERROR,0.0,0,"Sustainable development ka definition hai ki yeh development hai jo present ke needs ko pura karta hai, lekin future generations ke needs ko compromise karte hue nahi, matlab ki hum resources ka use karte hain lekin future generations ke liye zaruri cheezein natural world se hataye nahi",8.5
96,llama-3.1-8b-instant,"World Commission on Environment and Development ke hisab se, sustainable development ka definition kya hai? Sustainable development ka concept 1987 mein popular hua tha, aur ismein kaha gaya tha ki yeh development hai jo present ke needs ko pura karta hai, lekin future generations ke needs ko compromise karte hue nahi",few_shot,ERROR,0.0,0,"Sustainable development ka definition hai ki yeh development hai jo present ke needs ko pura karta hai, lekin future generations ke needs ko compromise karte hue nahi, matlab ki hum resources ka use karte hain lekin future generations ke liye zaruri cheezein natural world se hataye nahi",8.5
96,llama-3.1-8b-instant,"World Commission on Environment and Development ke hisab se, sustainable development ka definition kya hai? Sustainable development ka concept 1987 mein popular hua tha, aur ismein kaha gaya tha ki yeh development hai jo present ke needs ko pura karta hai, lekin future generations ke needs ko compromise karte hue nahi",chain_of_thought,ERROR,0.0,0,"Sustainable development ka definition hai ki yeh development hai jo present ke needs ko pura karta hai, lekin future generations ke needs ko compromise karte hue nahi, matlab ki hum resources ka use karte hain lekin future generations ke liye zaruri cheezein natural world se hataye nahi",9.0
96,llama-3.1-8b-instant,"World Commission on Environment and Development ke hisab se, sustainable development ka definition kya hai? Sustainable development ka concept 1987 mein popular hua tha, aur ismein kaha gaya tha ki yeh development hai jo present ke needs ko pura karta hai, lekin future generations ke needs ko compromise karte hue nahi",structured_context,ERROR,0.0,0,"Sustainable development ka definition hai ki yeh development hai jo present ke needs ko pura karta hai, lekin future generations ke needs ko compromise karte hue nahi, matlab ki hum resources ka use karte hain lekin future generations ke liye zaruri cheezein natural world se hataye nahi",8.5
96,llama-3.1-8b-instant,"World Commission on Environment and Development ke hisab se, sustainable development ka definition kya hai? Sustainable development ka concept 1987 mein popular hua tha, aur ismein kaha gaya tha ki yeh development hai jo present ke needs ko pura karta hai, lekin future generations ke needs ko compromise karte hue nahi",hierarchical_context,ERROR,0.0,0,"Sustainable development ka definition hai ki yeh development hai jo present ke needs ko pura karta hai, lekin future generations ke needs ko compromise karte hue nahi, matlab ki hum resources ka use karte hain lekin future generations ke liye zaruri cheezein natural world se hataye nahi",8.5
96,llama-3.1-8b-instant,"World Commission on Environment and Development ke hisab se, sustainable development ka definition kya hai? Sustainable development ka concept 1987 mein popular hua tha, aur ismein kaha gaya tha ki yeh development hai jo present ke needs ko pura karta hai, lekin future generations ke needs ko compromise karte hue nahi",rag_style,ERROR,0.0,0,"Sustainable development ka definition hai ki yeh development hai jo present ke needs ko pura karta hai, lekin future generations ke needs ko compromise karte hue nahi, matlab ki hum resources ka use karte hain lekin future generations ke liye zaruri cheezein natural world se hataye nahi",8.5
96,llama-3.1-8b-instant,"World Commission on Environment and Development ke hisab se, sustainable development ka definition kya hai? Sustainable development ka concept 1987 mein popular hua tha, aur ismein kaha gaya tha ki yeh development hai jo present ke needs ko pura karta hai, lekin future generations ke needs ko compromise karte hue nahi",tree_of_thought,ERROR,0.0,0,"Sustainable development ka definition hai ki yeh development hai jo present ke needs ko pura karta hai, lekin future generations ke needs ko compromise karte hue nahi, matlab ki hum resources ka use karte hain lekin future generations ke liye zaruri cheezein natural world se hataye nahi",9.0
96,llama-3.1-8b-instant,"World Commission on Environment and Development ke hisab se, sustainable development ka definition kya hai? Sustainable development ka concept 1987 mein popular hua tha, aur ismein kaha gaya tha ki yeh development hai jo present ke needs ko pura karta hai, lekin future generations ke needs ko compromise karte hue nahi",agentic_context,ERROR,0.0,0,"Sustainable development ka definition hai ki yeh development hai jo present ke needs ko pura karta hai, lekin future generations ke needs ko compromise karte hue nahi, matlab ki hum resources ka use karte hain lekin future generations ke liye zaruri cheezein natural world se hataye nahi",9.0
97,llama-3.1-8b-instant,"Bharat mein shahari parivahan mein niti vikritiyon ka ek bada parinaam kya hai? Niti vikritiyon ke kaaran gaadiyon par nirbharata badh rahi hai, sadak upyogkartaon ke liye suraksha khatre badh rahe hain, aur bhoomi upyog yojnaayein logon ki aavashyakataon ke aadhar par nahi, balki mukhyatah niji motor chalit vaahanon ka upyog sugam banane ke liye banayi ja rahi hain. Isliye yeh aashcharya ki baat nahi hai ki paidal chalne wale aur saikil chalane wale, jo adhikansh shahari kendron mein choti ghanton mein 30 se 70 pratishat traffic banaate hain, sadak durghatnaon mein mare hue logon ki badi sankhya bhi banaate hain.",zero_shot,ERROR,0.0,0,"Shahari parivahan mein niti vikritiyon ke kaaran gaadiyon par nirbharata badh rahi hai, sadak upyogkartaon ke liye suraksha khatre badh rahe hain, aur bhoomi upyog yojnaayein logon ki aavashyakataon se zyada niji motor chalit vaahanon ko prathmikta deti hain, jisse paidal chalne wale aur saikil chal",8.5
97,llama-3.1-8b-instant,"Bharat mein shahari parivahan mein niti vikritiyon ka ek bada parinaam kya hai? Niti vikritiyon ke kaaran gaadiyon par nirbharata badh rahi hai, sadak upyogkartaon ke liye suraksha khatre badh rahe hain, aur bhoomi upyog yojnaayein logon ki aavashyakataon ke aadhar par nahi, balki mukhyatah niji motor chalit vaahanon ka upyog sugam banane ke liye banayi ja rahi hain. Isliye yeh aashcharya ki baat nahi hai ki paidal chalne wale aur saikil chalane wale, jo adhikansh shahari kendron mein choti ghanton mein 30 se 70 pratishat traffic banaate hain, sadak durghatnaon mein mare hue logon ki badi sankhya bhi banaate hain.",few_shot,ERROR,0.0,0,"Shahari parivahan mein niti vikritiyon ke kaaran gaadiyon par nirbharata badh rahi hai, sadak upyogkartaon ke liye suraksha khatre badh rahe hain, aur bhoomi upyog yojnaayein logon ki aavashyakataon se zyada niji motor chalit vaahanon ko prathmikta deti hain, jisse paidal chalne wale aur saikil chal",8.5
97,llama-3.1-8b-instant,"Bharat mein shahari parivahan mein niti vikritiyon ka ek bada parinaam kya hai? Niti vikritiyon ke kaaran gaadiyon par nirbharata badh rahi hai, sadak upyogkartaon ke liye suraksha khatre badh rahe hain, aur bhoomi upyog yojnaayein logon ki aavashyakataon ke aadhar par nahi, balki mukhyatah niji motor chalit vaahanon ka upyog sugam banane ke liye banayi ja rahi hain. Isliye yeh aashcharya ki baat nahi hai ki paidal chalne wale aur saikil chalane wale, jo adhikansh shahari kendron mein choti ghanton mein 30 se 70 pratishat traffic banaate hain, sadak durghatnaon mein mare hue logon ki badi sankhya bhi banaate hain.",chain_of_thought,ERROR,0.0,0,"Shahari parivahan mein niti vikritiyon ke kaaran gaadiyon par nirbharata badh rahi hai, sadak upyogkartaon ke liye suraksha khatre badh rahe hain, aur bhoomi upyog yojnaayein logon ki aavashyakataon se zyada niji motor chalit vaahanon ko prathmikta deti hain, jisse paidal chalne wale aur saikil chal",8.5
97,llama-3.1-8b-instant,"Bharat mein shahari parivahan mein niti vikritiyon ka ek bada parinaam kya hai? Niti vikritiyon ke kaaran gaadiyon par nirbharata badh rahi hai, sadak upyogkartaon ke liye suraksha khatre badh rahe hain, aur bhoomi upyog yojnaayein logon ki aavashyakataon ke aadhar par nahi, balki mukhyatah niji motor chalit vaahanon ka upyog sugam banane ke liye banayi ja rahi hain. Isliye yeh aashcharya ki baat nahi hai ki paidal chalne wale aur saikil chalane wale, jo adhikansh shahari kendron mein choti ghanton mein 30 se 70 pratishat traffic banaate hain, sadak durghatnaon mein mare hue logon ki badi sankhya bhi banaate hain.",structured_context,ERROR,0.0,0,"Shahari parivahan mein niti vikritiyon ke kaaran gaadiyon par nirbharata badh rahi hai, sadak upyogkartaon ke liye suraksha khatre badh rahe hain, aur bhoomi upyog yojnaayein logon ki aavashyakataon se zyada niji motor chalit vaahanon ko prathmikta deti hain, jisse paidal chalne wale aur saikil chal",8.5
97,llama-3.1-8b-instant,"Bharat mein shahari parivahan mein niti vikritiyon ka ek bada parinaam kya hai? Niti vikritiyon ke kaaran gaadiyon par nirbharata badh rahi hai, sadak upyogkartaon ke liye suraksha khatre badh rahe hain, aur bhoomi upyog yojnaayein logon ki aavashyakataon ke aadhar par nahi, balki mukhyatah niji motor chalit vaahanon ka upyog sugam banane ke liye banayi ja rahi hain. Isliye yeh aashcharya ki baat nahi hai ki paidal chalne wale aur saikil chalane wale, jo adhikansh shahari kendron mein choti ghanton mein 30 se 70 pratishat traffic banaate hain, sadak durghatnaon mein mare hue logon ki badi sankhya bhi banaate hain.",hierarchical_context,ERROR,0.0,0,"Shahari parivahan mein niti vikritiyon ke kaaran gaadiyon par nirbharata badh rahi hai, sadak upyogkartaon ke liye suraksha khatre badh rahe hain, aur bhoomi upyog yojnaayein logon ki aavashyakataon se zyada niji motor chalit vaahanon ko prathmikta deti hain, jisse paidal chalne wale aur saikil chal",8.5
97,llama-3.1-8b-instant,"Bharat mein shahari parivahan mein niti vikritiyon ka ek bada parinaam kya hai? Niti vikritiyon ke kaaran gaadiyon par nirbharata badh rahi hai, sadak upyogkartaon ke liye suraksha khatre badh rahe hain, aur bhoomi upyog yojnaayein logon ki aavashyakataon ke aadhar par nahi, balki mukhyatah niji motor chalit vaahanon ka upyog sugam banane ke liye banayi ja rahi hain. Isliye yeh aashcharya ki baat nahi hai ki paidal chalne wale aur saikil chalane wale, jo adhikansh shahari kendron mein choti ghanton mein 30 se 70 pratishat traffic banaate hain, sadak durghatnaon mein mare hue logon ki badi sankhya bhi banaate hain.",rag_style,ERROR,0.0,0,"Shahari parivahan mein niti vikritiyon ke kaaran gaadiyon par nirbharata badh rahi hai, sadak upyogkartaon ke liye suraksha khatre badh rahe hain, aur bhoomi upyog yojnaayein logon ki aavashyakataon se zyada niji motor chalit vaahanon ko prathmikta deti hain, jisse paidal chalne wale aur saikil chal",8.5
97,llama-3.1-8b-instant,"Bharat mein shahari parivahan mein niti vikritiyon ka ek bada parinaam kya hai? Niti vikritiyon ke kaaran gaadiyon par nirbharata badh rahi hai, sadak upyogkartaon ke liye suraksha khatre badh rahe hain, aur bhoomi upyog yojnaayein logon ki aavashyakataon ke aadhar par nahi, balki mukhyatah niji motor chalit vaahanon ka upyog sugam banane ke liye banayi ja rahi hain. Isliye yeh aashcharya ki baat nahi hai ki paidal chalne wale aur saikil chalane wale, jo adhikansh shahari kendron mein choti ghanton mein 30 se 70 pratishat traffic banaate hain, sadak durghatnaon mein mare hue logon ki badi sankhya bhi banaate hain.",tree_of_thought,ERROR,0.0,0,"Shahari parivahan mein niti vikritiyon ke kaaran gaadiyon par nirbharata badh rahi hai, sadak upyogkartaon ke liye suraksha khatre badh rahe hain, aur bhoomi upyog yojnaayein logon ki aavashyakataon se zyada niji motor chalit vaahanon ko prathmikta deti hain, jisse paidal chalne wale aur saikil chal",8.5
97,llama-3.1-8b-instant,"Bharat mein shahari parivahan mein niti vikritiyon ka ek bada parinaam kya hai? Niti vikritiyon ke kaaran gaadiyon par nirbharata badh rahi hai, sadak upyogkartaon ke liye suraksha khatre badh rahe hain, aur bhoomi upyog yojnaayein logon ki aavashyakataon ke aadhar par nahi, balki mukhyatah niji motor chalit vaahanon ka upyog sugam banane ke liye banayi ja rahi hain. Isliye yeh aashcharya ki baat nahi hai ki paidal chalne wale aur saikil chalane wale, jo adhikansh shahari kendron mein choti ghanton mein 30 se 70 pratishat traffic banaate hain, sadak durghatnaon mein mare hue logon ki badi sankhya bhi banaate hain.",agentic_context,ERROR,0.0,0,"Shahari parivahan mein niti vikritiyon ke kaaran gaadiyon par nirbharata badh rahi hai, sadak upyogkartaon ke liye suraksha khatre badh rahe hain, aur bhoomi upyog yojnaayein logon ki aavashyakataon se zyada niji motor chalit vaahanon ko prathmikta deti hain, jisse paidal chalne wale aur saikil chal",8.5
98,llama-3.1-8b-instant,"Sir, what is seismology aur ismein hum kya seekhte hain?",zero_shot,ERROR,0.0,0,Seismology ek aisa vishay hai jismein hum bhukamp aur earthquake ke baare mein padhte hain. Ismein hum yeh jaante hain ki bhukamp kaise aate hain aur unke prabhav ko kaise kam kiya ja sakta hai.,8.5
98,llama-3.1-8b-instant,"Sir, what is seismology aur ismein hum kya seekhte hain?",few_shot,ERROR,0.0,0,Seismology ek aisa vishay hai jismein hum bhukamp aur earthquake ke baare mein padhte hain. Ismein hum yeh jaante hain ki bhukamp kaise aate hain aur unke prabhav ko kaise kam kiya ja sakta hai.,8.5
98,llama-3.1-8b-instant,"Sir, what is seismology aur ismein hum kya seekhte hain?",chain_of_thought,ERROR,0.0,0,Seismology ek aisa vishay hai jismein hum bhukamp aur earthquake ke baare mein padhte hain. Ismein hum yeh jaante hain ki bhukamp kaise aate hain aur unke prabhav ko kaise kam kiya ja sakta hai.,8.5
98,llama-3.1-8b-instant,"Sir, what is seismology aur ismein hum kya seekhte hain?",structured_context,ERROR,0.0,0,Seismology ek aisa vishay hai jismein hum bhukamp aur earthquake ke baare mein padhte hain. Ismein hum yeh jaante hain ki bhukamp kaise aate hain aur unke prabhav ko kaise kam kiya ja sakta hai.,8.5
98,llama-3.1-8b-instant,"Sir, what is seismology aur ismein hum kya seekhte hain?",hierarchical_context,ERROR,0.0,0,Seismology ek aisa vishay hai jismein hum bhukamp aur earthquake ke baare mein padhte hain. Ismein hum yeh jaante hain ki bhukamp kaise aate hain aur unke prabhav ko kaise kam kiya ja sakta hai.,8.5
98,llama-3.1-8b-instant,"Sir, what is seismology aur ismein hum kya seekhte hain?",rag_style,ERROR,0.0,0,Seismology ek aisa vishay hai jismein hum bhukamp aur earthquake ke baare mein padhte hain. Ismein hum yeh jaante hain ki bhukamp kaise aate hain aur unke prabhav ko kaise kam kiya ja sakta hai.,8.5
98,llama-3.1-8b-instant,"Sir, what is seismology aur ismein hum kya seekhte hain?",tree_of_thought,ERROR,0.0,0,Seismology ek aisa vishay hai jismein hum bhukamp aur earthquake ke baare mein padhte hain. Ismein hum yeh jaante hain ki bhukamp kaise aate hain aur unke prabhav ko kaise kam kiya ja sakta hai.,8.5
98,llama-3.1-8b-instant,"Sir, what is seismology aur ismein hum kya seekhte hain?",agentic_context,ERROR,0.0,0,Seismology ek aisa vishay hai jismein hum bhukamp aur earthquake ke baare mein padhte hain. Ismein hum yeh jaante hain ki bhukamp kaise aate hain aur unke prabhav ko kaise kam kiya ja sakta hai.,8.5
99,llama-3.1-8b-instant,"Class XI ke liye is textbook ka main aim kya hai? Ye textbook Class XI ke liye National Curriculum Framework 2005 ke sujhaav par based hai, jisme English syllabus diya gaya hai, jo ki learners ko language ka use karke abstract thought aur knowledge acquisition me proficiency develop karne me madad karta hai.",zero_shot,ERROR,0.0,0,"Is textbook ka aim Class XI ke learners ko English me proficiency develop karne me madad karna hai, jisme language ko abstract thought aur knowledge acquisition ke liye instrument ke roop me use kiya jata hai.",8.5
99,llama-3.1-8b-instant,"Class XI ke liye is textbook ka main aim kya hai? Ye textbook Class XI ke liye National Curriculum Framework 2005 ke sujhaav par based hai, jisme English syllabus diya gaya hai, jo ki learners ko language ka use karke abstract thought aur knowledge acquisition me proficiency develop karne me madad karta hai.",few_shot,ERROR,0.0,0,"Is textbook ka aim Class XI ke learners ko English me proficiency develop karne me madad karna hai, jisme language ko abstract thought aur knowledge acquisition ke liye instrument ke roop me use kiya jata hai.",8.5
99,llama-3.1-8b-instant,"Class XI ke liye is textbook ka main aim kya hai? Ye textbook Class XI ke liye National Curriculum Framework 2005 ke sujhaav par based hai, jisme English syllabus diya gaya hai, jo ki learners ko language ka use karke abstract thought aur knowledge acquisition me proficiency develop karne me madad karta hai.",chain_of_thought,ERROR,0.0,0,"Is textbook ka aim Class XI ke learners ko English me proficiency develop karne me madad karna hai, jisme language ko abstract thought aur knowledge acquisition ke liye instrument ke roop me use kiya jata hai.",8.5
99,llama-3.1-8b-instant,"Class XI ke liye is textbook ka main aim kya hai? Ye textbook Class XI ke liye National Curriculum Framework 2005 ke sujhaav par based hai, jisme English syllabus diya gaya hai, jo ki learners ko language ka use karke abstract thought aur knowledge acquisition me proficiency develop karne me madad karta hai.",structured_context,ERROR,0.0,0,"Is textbook ka aim Class XI ke learners ko English me proficiency develop karne me madad karna hai, jisme language ko abstract thought aur knowledge acquisition ke liye instrument ke roop me use kiya jata hai.",8.5
99,llama-3.1-8b-instant,"Class XI ke liye is textbook ka main aim kya hai? Ye textbook Class XI ke liye National Curriculum Framework 2005 ke sujhaav par based hai, jisme English syllabus diya gaya hai, jo ki learners ko language ka use karke abstract thought aur knowledge acquisition me proficiency develop karne me madad karta hai.",hierarchical_context,ERROR,0.0,0,"Is textbook ka aim Class XI ke learners ko English me proficiency develop karne me madad karna hai, jisme language ko abstract thought aur knowledge acquisition ke liye instrument ke roop me use kiya jata hai.",8.5
99,llama-3.1-8b-instant,"Class XI ke liye is textbook ka main aim kya hai? Ye textbook Class XI ke liye National Curriculum Framework 2005 ke sujhaav par based hai, jisme English syllabus diya gaya hai, jo ki learners ko language ka use karke abstract thought aur knowledge acquisition me proficiency develop karne me madad karta hai.",rag_style,ERROR,0.0,0,"Is textbook ka aim Class XI ke learners ko English me proficiency develop karne me madad karna hai, jisme language ko abstract thought aur knowledge acquisition ke liye instrument ke roop me use kiya jata hai.",8.5
99,llama-3.1-8b-instant,"Class XI ke liye is textbook ka main aim kya hai? Ye textbook Class XI ke liye National Curriculum Framework 2005 ke sujhaav par based hai, jisme English syllabus diya gaya hai, jo ki learners ko language ka use karke abstract thought aur knowledge acquisition me proficiency develop karne me madad karta hai.",tree_of_thought,ERROR,0.0,0,"Is textbook ka aim Class XI ke learners ko English me proficiency develop karne me madad karna hai, jisme language ko abstract thought aur knowledge acquisition ke liye instrument ke roop me use kiya jata hai.",8.5
99,llama-3.1-8b-instant,"Class XI ke liye is textbook ka main aim kya hai? Ye textbook Class XI ke liye National Curriculum Framework 2005 ke sujhaav par based hai, jisme English syllabus diya gaya hai, jo ki learners ko language ka use karke abstract thought aur knowledge acquisition me proficiency develop karne me madad karta hai.",agentic_context,ERROR,0.0,0,"Is textbook ka aim Class XI ke learners ko English me proficiency develop karne me madad karna hai, jisme language ko abstract thought aur knowledge acquisition ke liye instrument ke roop me use kiya jata hai.",8.5
100,llama-3.1-8b-instant,What did Paul's sister Joan say about his rocking-horse riding?,zero_shot,ERROR,0.0,0,She said he was always riding like that.,1.0
100,llama-3.1-8b-instant,What did Paul's sister Joan say about his rocking-horse riding?,few_shot,ERROR,0.0,0,She said he was always riding like that.,1.0
100,llama-3.1-8b-instant,What did Paul's sister Joan say about his rocking-horse riding?,chain_of_thought,ERROR,0.0,0,She said he was always riding like that.,1.0
100,llama-3.1-8b-instant,What did Paul's sister Joan say about his rocking-horse riding?,structured_context,ERROR,0.0,0,She said he was always riding like that.,0.0
100,llama-3.1-8b-instant,What did Paul's sister Joan say about his rocking-horse riding?,hierarchical_context,ERROR,0.0,0,She said he was always riding like that.,1.0
100,llama-3.1-8b-instant,What did Paul's sister Joan say about his rocking-horse riding?,rag_style,ERROR,0.0,0,She said he was always riding like that.,0.0
100,llama-3.1-8b-instant,What did Paul's sister Joan say about his rocking-horse riding?,tree_of_thought,ERROR,0.0,0,She said he was always riding like that.,1.0
100,llama-3.1-8b-instant,What did Paul's sister Joan say about his rocking-horse riding?,agentic_context,ERROR,0.0,0,She said he was always riding like that.,0.0
101,llama-3.1-8b-instant,Andrew kya karta hai bachche ko bachane ki koshish karne ke liye?,zero_shot,ERROR,0.0,0,Andrew garm aur thande pani ka use karke ek special tarika se bachche ko saans dilane ki koshish karta hai,10.0
101,llama-3.1-8b-instant,Andrew kya karta hai bachche ko bachane ki koshish karne ke liye?,few_shot,ERROR,0.0,0,Andrew garm aur thande pani ka use karke ek special tarika se bachche ko saans dilane ki koshish karta hai,0.0
101,llama-3.1-8b-instant,Andrew kya karta hai bachche ko bachane ki koshish karne ke liye?,chain_of_thought,ERROR,0.0,0,Andrew garm aur thande pani ka use karke ek special tarika se bachche ko saans dilane ki koshish karta hai,0.0
101,llama-3.1-8b-instant,Andrew kya karta hai bachche ko bachane ki koshish karne ke liye?,structured_context,ERROR,0.0,0,Andrew garm aur thande pani ka use karke ek special tarika se bachche ko saans dilane ki koshish karta hai,0.0
101,llama-3.1-8b-instant,Andrew kya karta hai bachche ko bachane ki koshish karne ke liye?,hierarchical_context,ERROR,0.0,0,Andrew garm aur thande pani ka use karke ek special tarika se bachche ko saans dilane ki koshish karta hai,0.0
101,llama-3.1-8b-instant,Andrew kya karta hai bachche ko bachane ki koshish karne ke liye?,rag_style,ERROR,0.0,0,Andrew garm aur thande pani ka use karke ek special tarika se bachche ko saans dilane ki koshish karta hai,0.0
101,llama-3.1-8b-instant,Andrew kya karta hai bachche ko bachane ki koshish karne ke liye?,tree_of_thought,ERROR,0.0,0,Andrew garm aur thande pani ka use karke ek special tarika se bachche ko saans dilane ki koshish karta hai,0.0
101,llama-3.1-8b-instant,Andrew kya karta hai bachche ko bachane ki koshish karne ke liye?,agentic_context,ERROR,0.0,0,Andrew garm aur thande pani ka use karke ek special tarika se bachche ko saans dilane ki koshish karta hai,8.5
102,llama-3.1-8b-instant,"Latin phrase 'mens sana in corpore sano' ka kya matlab hai aur ismein kya emphasize kiya gaya hai? Jab hum is Greek ideal ki baat karte hain jo Latin phrase 'mens sana in corpore sano' mein hai, toh humein yeh nahin bhulna chahiye ki pehle mind ka zikr kiya gaya hai",zero_shot,ERROR,0.0,0,"Latin phrase 'mens sana in corpore sano' ka matlab hai 'healthy mind in healthy body'. Text mein emphasize kiya gaya hai ki mind ko pehle mention kiya gaya hai, jo uski priority ko darshata hai",8.5
102,llama-3.1-8b-instant,"Latin phrase 'mens sana in corpore sano' ka kya matlab hai aur ismein kya emphasize kiya gaya hai? Jab hum is Greek ideal ki baat karte hain jo Latin phrase 'mens sana in corpore sano' mein hai, toh humein yeh nahin bhulna chahiye ki pehle mind ka zikr kiya gaya hai",few_shot,ERROR,0.0,0,"Latin phrase 'mens sana in corpore sano' ka matlab hai 'healthy mind in healthy body'. Text mein emphasize kiya gaya hai ki mind ko pehle mention kiya gaya hai, jo uski priority ko darshata hai",8.5
102,llama-3.1-8b-instant,"Latin phrase 'mens sana in corpore sano' ka kya matlab hai aur ismein kya emphasize kiya gaya hai? Jab hum is Greek ideal ki baat karte hain jo Latin phrase 'mens sana in corpore sano' mein hai, toh humein yeh nahin bhulna chahiye ki pehle mind ka zikr kiya gaya hai",chain_of_thought,ERROR,0.0,0,"Latin phrase 'mens sana in corpore sano' ka matlab hai 'healthy mind in healthy body'. Text mein emphasize kiya gaya hai ki mind ko pehle mention kiya gaya hai, jo uski priority ko darshata hai",8.5
102,llama-3.1-8b-instant,"Latin phrase 'mens sana in corpore sano' ka kya matlab hai aur ismein kya emphasize kiya gaya hai? Jab hum is Greek ideal ki baat karte hain jo Latin phrase 'mens sana in corpore sano' mein hai, toh humein yeh nahin bhulna chahiye ki pehle mind ka zikr kiya gaya hai",structured_context,ERROR,0.0,0,"Latin phrase 'mens sana in corpore sano' ka matlab hai 'healthy mind in healthy body'. Text mein emphasize kiya gaya hai ki mind ko pehle mention kiya gaya hai, jo uski priority ko darshata hai",8.5
102,llama-3.1-8b-instant,"Latin phrase 'mens sana in corpore sano' ka kya matlab hai aur ismein kya emphasize kiya gaya hai? Jab hum is Greek ideal ki baat karte hain jo Latin phrase 'mens sana in corpore sano' mein hai, toh humein yeh nahin bhulna chahiye ki pehle mind ka zikr kiya gaya hai",hierarchical_context,ERROR,0.0,0,"Latin phrase 'mens sana in corpore sano' ka matlab hai 'healthy mind in healthy body'. Text mein emphasize kiya gaya hai ki mind ko pehle mention kiya gaya hai, jo uski priority ko darshata hai",8.5
102,llama-3.1-8b-instant,"Latin phrase 'mens sana in corpore sano' ka kya matlab hai aur ismein kya emphasize kiya gaya hai? Jab hum is Greek ideal ki baat karte hain jo Latin phrase 'mens sana in corpore sano' mein hai, toh humein yeh nahin bhulna chahiye ki pehle mind ka zikr kiya gaya hai",rag_style,ERROR,0.0,0,"Latin phrase 'mens sana in corpore sano' ka matlab hai 'healthy mind in healthy body'. Text mein emphasize kiya gaya hai ki mind ko pehle mention kiya gaya hai, jo uski priority ko darshata hai",8.5
102,llama-3.1-8b-instant,"Latin phrase 'mens sana in corpore sano' ka kya matlab hai aur ismein kya emphasize kiya gaya hai? Jab hum is Greek ideal ki baat karte hain jo Latin phrase 'mens sana in corpore sano' mein hai, toh humein yeh nahin bhulna chahiye ki pehle mind ka zikr kiya gaya hai",tree_of_thought,ERROR,0.0,0,"Latin phrase 'mens sana in corpore sano' ka matlab hai 'healthy mind in healthy body'. Text mein emphasize kiya gaya hai ki mind ko pehle mention kiya gaya hai, jo uski priority ko darshata hai",8.5
102,llama-3.1-8b-instant,"Latin phrase 'mens sana in corpore sano' ka kya matlab hai aur ismein kya emphasize kiya gaya hai? Jab hum is Greek ideal ki baat karte hain jo Latin phrase 'mens sana in corpore sano' mein hai, toh humein yeh nahin bhulna chahiye ki pehle mind ka zikr kiya gaya hai",agentic_context,ERROR,0.0,0,"Latin phrase 'mens sana in corpore sano' ka matlab hai 'healthy mind in healthy body'. Text mein emphasize kiya gaya hai ki mind ko pehle mention kiya gaya hai, jo uski priority ko darshata hai",8.5
103,llama-3.1-8b-instant,"Sir, what is difference between producers and consumers, dono mein kya antar hai?",zero_shot,ERROR,0.0,0,"Producers woh jeev hote hain jo apna khana khud banate hain, jaise ki paudhe. Consumers woh jeev hote hain jo doosron ke banaaye hue khane ko khate hain, jaise ki janwar.",8.5
103,llama-3.1-8b-instant,"Sir, what is difference between producers and consumers, dono mein kya antar hai?",few_shot,ERROR,0.0,0,"Producers woh jeev hote hain jo apna khana khud banate hain, jaise ki paudhe. Consumers woh jeev hote hain jo doosron ke banaaye hue khane ko khate hain, jaise ki janwar.",8.5
103,llama-3.1-8b-instant,"Sir, what is difference between producers and consumers, dono mein kya antar hai?",chain_of_thought,ERROR,0.0,0,"Producers woh jeev hote hain jo apna khana khud banate hain, jaise ki paudhe. Consumers woh jeev hote hain jo doosron ke banaaye hue khane ko khate hain, jaise ki janwar.",8.5
103,llama-3.1-8b-instant,"Sir, what is difference between producers and consumers, dono mein kya antar hai?",structured_context,ERROR,0.0,0,"Producers woh jeev hote hain jo apna khana khud banate hain, jaise ki paudhe. Consumers woh jeev hote hain jo doosron ke banaaye hue khane ko khate hain, jaise ki janwar.",8.5
103,llama-3.1-8b-instant,"Sir, what is difference between producers and consumers, dono mein kya antar hai?",hierarchical_context,ERROR,0.0,0,"Producers woh jeev hote hain jo apna khana khud banate hain, jaise ki paudhe. Consumers woh jeev hote hain jo doosron ke banaaye hue khane ko khate hain, jaise ki janwar.",8.5
103,llama-3.1-8b-instant,"Sir, what is difference between producers and consumers, dono mein kya antar hai?",rag_style,ERROR,0.0,0,"Producers woh jeev hote hain jo apna khana khud banate hain, jaise ki paudhe. Consumers woh jeev hote hain jo doosron ke banaaye hue khane ko khate hain, jaise ki janwar.",8.5
103,llama-3.1-8b-instant,"Sir, what is difference between producers and consumers, dono mein kya antar hai?",tree_of_thought,ERROR,0.0,0,"Producers woh jeev hote hain jo apna khana khud banate hain, jaise ki paudhe. Consumers woh jeev hote hain jo doosron ke banaaye hue khane ko khate hain, jaise ki janwar.",8.5
103,llama-3.1-8b-instant,"Sir, what is difference between producers and consumers, dono mein kya antar hai?",agentic_context,ERROR,0.0,0,"Producers woh jeev hote hain jo apna khana khud banate hain, jaise ki paudhe. Consumers woh jeev hote hain jo doosron ke banaaye hue khane ko khate hain, jaise ki janwar.",8.5
104,llama-3.1-8b-instant,"Sir, plate tectonics ke bare mein batayein, yeh kya hota hai?",zero_shot,ERROR,0.0,0,"Plate tectonics prithvi ki satah par chalne wale plateon ke movement ko describe karta hai, jo ki earthquakes, volcanoes aur mountain formation ke liye jimmedar hote hain. Ye process arbon years se chal raha hai aur abi bhi jaari hai.",8.5
104,llama-3.1-8b-instant,"Sir, plate tectonics ke bare mein batayein, yeh kya hota hai?",few_shot,ERROR,0.0,0,"Plate tectonics prithvi ki satah par chalne wale plateon ke movement ko describe karta hai, jo ki earthquakes, volcanoes aur mountain formation ke liye jimmedar hote hain. Ye process arbon years se chal raha hai aur abi bhi jaari hai.",8.5
104,llama-3.1-8b-instant,"Sir, plate tectonics ke bare mein batayein, yeh kya hota hai?",chain_of_thought,ERROR,0.0,0,"Plate tectonics prithvi ki satah par chalne wale plateon ke movement ko describe karta hai, jo ki earthquakes, volcanoes aur mountain formation ke liye jimmedar hote hain. Ye process arbon years se chal raha hai aur abi bhi jaari hai.",8.5
104,llama-3.1-8b-instant,"Sir, plate tectonics ke bare mein batayein, yeh kya hota hai?",structured_context,ERROR,0.0,0,"Plate tectonics prithvi ki satah par chalne wale plateon ke movement ko describe karta hai, jo ki earthquakes, volcanoes aur mountain formation ke liye jimmedar hote hain. Ye process arbon years se chal raha hai aur abi bhi jaari hai.",8.5
104,llama-3.1-8b-instant,"Sir, plate tectonics ke bare mein batayein, yeh kya hota hai?",hierarchical_context,ERROR,0.0,0,"Plate tectonics prithvi ki satah par chalne wale plateon ke movement ko describe karta hai, jo ki earthquakes, volcanoes aur mountain formation ke liye jimmedar hote hain. Ye process arbon years se chal raha hai aur abi bhi jaari hai.",8.5
104,llama-3.1-8b-instant,"Sir, plate tectonics ke bare mein batayein, yeh kya hota hai?",rag_style,ERROR,0.0,0,"Plate tectonics prithvi ki satah par chalne wale plateon ke movement ko describe karta hai, jo ki earthquakes, volcanoes aur mountain formation ke liye jimmedar hote hain. Ye process arbon years se chal raha hai aur abi bhi jaari hai.",8.5
104,llama-3.1-8b-instant,"Sir, plate tectonics ke bare mein batayein, yeh kya hota hai?",tree_of_thought,ERROR,0.0,0,"Plate tectonics prithvi ki satah par chalne wale plateon ke movement ko describe karta hai, jo ki earthquakes, volcanoes aur mountain formation ke liye jimmedar hote hain. Ye process arbon years se chal raha hai aur abi bhi jaari hai.",8.5
104,llama-3.1-8b-instant,"Sir, plate tectonics ke bare mein batayein, yeh kya hota hai?",agentic_context,ERROR,0.0,0,"Plate tectonics prithvi ki satah par chalne wale plateon ke movement ko describe karta hai, jo ki earthquakes, volcanoes aur mountain formation ke liye jimmedar hote hain. Ye process arbon years se chal raha hai aur abi bhi jaari hai.",8.5
105,llama-3.1-8b-instant,What document did Holmes have in his hand when he emerged from his bed?,zero_shot,ERROR,0.0,0,A long foolscap document.,1.0
105,llama-3.1-8b-instant,What document did Holmes have in his hand when he emerged from his bed?,few_shot,ERROR,0.0,0,A long foolscap document.,0.0
105,llama-3.1-8b-instant,What document did Holmes have in his hand when he emerged from his bed?,chain_of_thought,ERROR,0.0,0,A long foolscap document.,0.0
105,llama-3.1-8b-instant,What document did Holmes have in his hand when he emerged from his bed?,structured_context,ERROR,0.0,0,A long foolscap document.,1.0
105,llama-3.1-8b-instant,What document did Holmes have in his hand when he emerged from his bed?,hierarchical_context,ERROR,0.0,0,A long foolscap document.,1.0
105,llama-3.1-8b-instant,What document did Holmes have in his hand when he emerged from his bed?,rag_style,ERROR,0.0,0,A long foolscap document.,0.0
105,llama-3.1-8b-instant,What document did Holmes have in his hand when he emerged from his bed?,tree_of_thought,ERROR,0.0,0,A long foolscap document.,0.0
105,llama-3.1-8b-instant,What document did Holmes have in his hand when he emerged from his bed?,agentic_context,ERROR,0.0,0,A long foolscap document.,0.0
106,llama-3.1-8b-instant,How did Ammu explain Mammachi's reaction to Pappachi's death?,zero_shot,ERROR,0.0,0,Ammu said Mammachi cried more out of habit than love.,8.5
106,llama-3.1-8b-instant,How did Ammu explain Mammachi's reaction to Pappachi's death?,few_shot,ERROR,0.0,0,Ammu said Mammachi cried more out of habit than love.,8.5
106,llama-3.1-8b-instant,How did Ammu explain Mammachi's reaction to Pappachi's death?,chain_of_thought,ERROR,0.0,0,Ammu said Mammachi cried more out of habit than love.,8.5
106,llama-3.1-8b-instant,How did Ammu explain Mammachi's reaction to Pappachi's death?,structured_context,ERROR,0.0,0,Ammu said Mammachi cried more out of habit than love.,8.5
106,llama-3.1-8b-instant,How did Ammu explain Mammachi's reaction to Pappachi's death?,hierarchical_context,ERROR,0.0,0,Ammu said Mammachi cried more out of habit than love.,8.5
106,llama-3.1-8b-instant,How did Ammu explain Mammachi's reaction to Pappachi's death?,rag_style,ERROR,0.0,0,Ammu said Mammachi cried more out of habit than love.,8.5
106,llama-3.1-8b-instant,How did Ammu explain Mammachi's reaction to Pappachi's death?,tree_of_thought,ERROR,0.0,0,Ammu said Mammachi cried more out of habit than love.,8.5
106,llama-3.1-8b-instant,How did Ammu explain Mammachi's reaction to Pappachi's death?,agentic_context,ERROR,0.0,0,Ammu said Mammachi cried more out of habit than love.,8.5
107,llama-3.1-8b-instant,"Ma'am, photosynthesis ke process ke bare mein batayein?",zero_shot,ERROR,0.0,0,"Photosynthesis ek process hai jismein paudhe sunlight, carbon dioxide, aur water ka use karke glucose aur oxygen banate hain. Ye process chlorophyll ki presence mein hota hai, jo ki paudhon ke patton mein paya jata hai.",8.5
107,llama-3.1-8b-instant,"Ma'am, photosynthesis ke process ke bare mein batayein?",few_shot,ERROR,0.0,0,"Photosynthesis ek process hai jismein paudhe sunlight, carbon dioxide, aur water ka use karke glucose aur oxygen banate hain. Ye process chlorophyll ki presence mein hota hai, jo ki paudhon ke patton mein paya jata hai.",8.5
107,llama-3.1-8b-instant,"Ma'am, photosynthesis ke process ke bare mein batayein?",chain_of_thought,ERROR,0.0,0,"Photosynthesis ek process hai jismein paudhe sunlight, carbon dioxide, aur water ka use karke glucose aur oxygen banate hain. Ye process chlorophyll ki presence mein hota hai, jo ki paudhon ke patton mein paya jata hai.",8.5
107,llama-3.1-8b-instant,"Ma'am, photosynthesis ke process ke bare mein batayein?",structured_context,ERROR,0.0,0,"Photosynthesis ek process hai jismein paudhe sunlight, carbon dioxide, aur water ka use karke glucose aur oxygen banate hain. Ye process chlorophyll ki presence mein hota hai, jo ki paudhon ke patton mein paya jata hai.",8.5
107,llama-3.1-8b-instant,"Ma'am, photosynthesis ke process ke bare mein batayein?",hierarchical_context,ERROR,0.0,0,"Photosynthesis ek process hai jismein paudhe sunlight, carbon dioxide, aur water ka use karke glucose aur oxygen banate hain. Ye process chlorophyll ki presence mein hota hai, jo ki paudhon ke patton mein paya jata hai.",8.5
107,llama-3.1-8b-instant,"Ma'am, photosynthesis ke process ke bare mein batayein?",rag_style,ERROR,0.0,0,"Photosynthesis ek process hai jismein paudhe sunlight, carbon dioxide, aur water ka use karke glucose aur oxygen banate hain. Ye process chlorophyll ki presence mein hota hai, jo ki paudhon ke patton mein paya jata hai.",8.5
107,llama-3.1-8b-instant,"Ma'am, photosynthesis ke process ke bare mein batayein?",tree_of_thought,ERROR,0.0,0,"Photosynthesis ek process hai jismein paudhe sunlight, carbon dioxide, aur water ka use karke glucose aur oxygen banate hain. Ye process chlorophyll ki presence mein hota hai, jo ki paudhon ke patton mein paya jata hai.",8.5
107,llama-3.1-8b-instant,"Ma'am, photosynthesis ke process ke bare mein batayein?",agentic_context,ERROR,0.0,0,"Photosynthesis ek process hai jismein paudhe sunlight, carbon dioxide, aur water ka use karke glucose aur oxygen banate hain. Ye process chlorophyll ki presence mein hota hai, jo ki paudhon ke patton mein paya jata hai.",8.5
108,llama-3.1-8b-instant,"Formal letters ke liye complimentary closes aur signatures ke examples do, aam taur par letters politely is tarah se khatam hote hain - Thank you, With regards, With best wishes, Hope to see you soon, Hope to receive an early reply etc. Complimentary close ke baad 'Yours sincerely/ Yours truly' likha jata hai, aur agle line me writer ka signature hota hai.",zero_shot,ERROR,0.0,0,"Formal letters usually polite phrases jaise ki 'Thank you', 'With regards', ya 'Hope to receive an early reply' se khatam hote hain. In phrases ke baad complimentary close aata hai jaise 'Yours sincerely' ya 'Yours truly', aur phir writer ka signature agle line me hota hai.",8.5
108,llama-3.1-8b-instant,"Formal letters ke liye complimentary closes aur signatures ke examples do, aam taur par letters politely is tarah se khatam hote hain - Thank you, With regards, With best wishes, Hope to see you soon, Hope to receive an early reply etc. Complimentary close ke baad 'Yours sincerely/ Yours truly' likha jata hai, aur agle line me writer ka signature hota hai.",few_shot,ERROR,0.0,0,"Formal letters usually polite phrases jaise ki 'Thank you', 'With regards', ya 'Hope to receive an early reply' se khatam hote hain. In phrases ke baad complimentary close aata hai jaise 'Yours sincerely' ya 'Yours truly', aur phir writer ka signature agle line me hota hai.",8.5
108,llama-3.1-8b-instant,"Formal letters ke liye complimentary closes aur signatures ke examples do, aam taur par letters politely is tarah se khatam hote hain - Thank you, With regards, With best wishes, Hope to see you soon, Hope to receive an early reply etc. Complimentary close ke baad 'Yours sincerely/ Yours truly' likha jata hai, aur agle line me writer ka signature hota hai.",chain_of_thought,ERROR,0.0,0,"Formal letters usually polite phrases jaise ki 'Thank you', 'With regards', ya 'Hope to receive an early reply' se khatam hote hain. In phrases ke baad complimentary close aata hai jaise 'Yours sincerely' ya 'Yours truly', aur phir writer ka signature agle line me hota hai.",8.5
108,llama-3.1-8b-instant,"Formal letters ke liye complimentary closes aur signatures ke examples do, aam taur par letters politely is tarah se khatam hote hain - Thank you, With regards, With best wishes, Hope to see you soon, Hope to receive an early reply etc. Complimentary close ke baad 'Yours sincerely/ Yours truly' likha jata hai, aur agle line me writer ka signature hota hai.",structured_context,ERROR,0.0,0,"Formal letters usually polite phrases jaise ki 'Thank you', 'With regards', ya 'Hope to receive an early reply' se khatam hote hain. In phrases ke baad complimentary close aata hai jaise 'Yours sincerely' ya 'Yours truly', aur phir writer ka signature agle line me hota hai.",8.5
108,llama-3.1-8b-instant,"Formal letters ke liye complimentary closes aur signatures ke examples do, aam taur par letters politely is tarah se khatam hote hain - Thank you, With regards, With best wishes, Hope to see you soon, Hope to receive an early reply etc. Complimentary close ke baad 'Yours sincerely/ Yours truly' likha jata hai, aur agle line me writer ka signature hota hai.",hierarchical_context,ERROR,0.0,0,"Formal letters usually polite phrases jaise ki 'Thank you', 'With regards', ya 'Hope to receive an early reply' se khatam hote hain. In phrases ke baad complimentary close aata hai jaise 'Yours sincerely' ya 'Yours truly', aur phir writer ka signature agle line me hota hai.",8.5
108,llama-3.1-8b-instant,"Formal letters ke liye complimentary closes aur signatures ke examples do, aam taur par letters politely is tarah se khatam hote hain - Thank you, With regards, With best wishes, Hope to see you soon, Hope to receive an early reply etc. Complimentary close ke baad 'Yours sincerely/ Yours truly' likha jata hai, aur agle line me writer ka signature hota hai.",rag_style,ERROR,0.0,0,"Formal letters usually polite phrases jaise ki 'Thank you', 'With regards', ya 'Hope to receive an early reply' se khatam hote hain. In phrases ke baad complimentary close aata hai jaise 'Yours sincerely' ya 'Yours truly', aur phir writer ka signature agle line me hota hai.",8.5
108,llama-3.1-8b-instant,"Formal letters ke liye complimentary closes aur signatures ke examples do, aam taur par letters politely is tarah se khatam hote hain - Thank you, With regards, With best wishes, Hope to see you soon, Hope to receive an early reply etc. Complimentary close ke baad 'Yours sincerely/ Yours truly' likha jata hai, aur agle line me writer ka signature hota hai.",tree_of_thought,ERROR,0.0,0,"Formal letters usually polite phrases jaise ki 'Thank you', 'With regards', ya 'Hope to receive an early reply' se khatam hote hain. In phrases ke baad complimentary close aata hai jaise 'Yours sincerely' ya 'Yours truly', aur phir writer ka signature agle line me hota hai.",8.5
108,llama-3.1-8b-instant,"Formal letters ke liye complimentary closes aur signatures ke examples do, aam taur par letters politely is tarah se khatam hote hain - Thank you, With regards, With best wishes, Hope to see you soon, Hope to receive an early reply etc. Complimentary close ke baad 'Yours sincerely/ Yours truly' likha jata hai, aur agle line me writer ka signature hota hai.",agentic_context,ERROR,0.0,0,"Formal letters usually polite phrases jaise ki 'Thank you', 'With regards', ya 'Hope to receive an early reply' se khatam hote hain. In phrases ke baad complimentary close aata hai jaise 'Yours sincerely' ya 'Yours truly', aur phir writer ka signature agle line me hota hai.",8.5
109,llama-3.1-8b-instant,Seth Ramanand aur Khan Azam Khan ke beech daadi wale conflict ko explain karo,zero_shot,ERROR,0.0,0,"Seth Ramanand, jo ek grocer aur moneylender hai, usne apni daadi ko tiger moustache jaisi banayi, jo Khan Azam Khan ko bahut gussa dilaati hai, kyunki vah tiger moustache pehenta hai aur use apne noble ancestry ka symbol maanta hai",0.0
109,llama-3.1-8b-instant,Seth Ramanand aur Khan Azam Khan ke beech daadi wale conflict ko explain karo,few_shot,ERROR,0.0,0,"Seth Ramanand, jo ek grocer aur moneylender hai, usne apni daadi ko tiger moustache jaisi banayi, jo Khan Azam Khan ko bahut gussa dilaati hai, kyunki vah tiger moustache pehenta hai aur use apne noble ancestry ka symbol maanta hai",8.5
109,llama-3.1-8b-instant,Seth Ramanand aur Khan Azam Khan ke beech daadi wale conflict ko explain karo,chain_of_thought,ERROR,0.0,0,"Seth Ramanand, jo ek grocer aur moneylender hai, usne apni daadi ko tiger moustache jaisi banayi, jo Khan Azam Khan ko bahut gussa dilaati hai, kyunki vah tiger moustache pehenta hai aur use apne noble ancestry ka symbol maanta hai",8.5
109,llama-3.1-8b-instant,Seth Ramanand aur Khan Azam Khan ke beech daadi wale conflict ko explain karo,structured_context,ERROR,0.0,0,"Seth Ramanand, jo ek grocer aur moneylender hai, usne apni daadi ko tiger moustache jaisi banayi, jo Khan Azam Khan ko bahut gussa dilaati hai, kyunki vah tiger moustache pehenta hai aur use apne noble ancestry ka symbol maanta hai",0.0
109,llama-3.1-8b-instant,Seth Ramanand aur Khan Azam Khan ke beech daadi wale conflict ko explain karo,hierarchical_context,ERROR,0.0,0,"Seth Ramanand, jo ek grocer aur moneylender hai, usne apni daadi ko tiger moustache jaisi banayi, jo Khan Azam Khan ko bahut gussa dilaati hai, kyunki vah tiger moustache pehenta hai aur use apne noble ancestry ka symbol maanta hai",8.5
109,llama-3.1-8b-instant,Seth Ramanand aur Khan Azam Khan ke beech daadi wale conflict ko explain karo,rag_style,ERROR,0.0,0,"Seth Ramanand, jo ek grocer aur moneylender hai, usne apni daadi ko tiger moustache jaisi banayi, jo Khan Azam Khan ko bahut gussa dilaati hai, kyunki vah tiger moustache pehenta hai aur use apne noble ancestry ka symbol maanta hai",0.0
109,llama-3.1-8b-instant,Seth Ramanand aur Khan Azam Khan ke beech daadi wale conflict ko explain karo,tree_of_thought,"Mujhe 2-3 tarah se sochne ke liye milta hai:

1. **Seth Ramanand aur Khan Azam Khan ke beech daadi wale conflict ka ek tarika yeh hai ki yeh dono do alag-alag gatividhiyon mein shaamil the.** Seth Ramanand ek businessman tha, aur wo apne business interests ko badha rha tha. Jab Khan Azam Khan ne apne khud ka business shuru kiya, to Seth Ramanand ne usse apne hukum ke khilaaf dekha aur usse rokne ki koshish ki. Is tarah, dono ke beech ek daadi wala conflict ban gaya.

2. **Dusra tarika yeh hai ki",1.094,634,"Seth Ramanand, jo ek grocer aur moneylender hai, usne apni daadi ko tiger moustache jaisi banayi, jo Khan Azam Khan ko bahut gussa dilaati hai, kyunki vah tiger moustache pehenta hai aur use apne noble ancestry ka symbol maanta hai",5.0
109,llama-3.1-8b-instant,Seth Ramanand aur Khan Azam Khan ke beech daadi wale conflict ko explain karo,agentic_context,ERROR,0.0,0,"Seth Ramanand, jo ek grocer aur moneylender hai, usne apni daadi ko tiger moustache jaisi banayi, jo Khan Azam Khan ko bahut gussa dilaati hai, kyunki vah tiger moustache pehenta hai aur use apne noble ancestry ka symbol maanta hai",8.5
110,llama-3.1-8b-instant,"Kaun si ghatna thi jisne narrator aur uski daadi ke dosti ko badal diya? Jab meri parents shehar mein settle ho gaye, toh unhone humein bulaya. Woh humari dosti ka ek naya modh tha.",zero_shot,ERROR,0.0,0,"Unki dosti ka turning point woh tha jab narrator ke parents ne shehar mein settle hone ke baad unhe bulaya. Uske baad daadi narrator ke school jaane ke liye nahi aati thi, kyunki woh ab english school motor bus se jaata tha, aur daadi ne gaon ke kutte ki jagah shehar ke apne ghar ke aangan mein chid",8.5
110,llama-3.1-8b-instant,"Kaun si ghatna thi jisne narrator aur uski daadi ke dosti ko badal diya? Jab meri parents shehar mein settle ho gaye, toh unhone humein bulaya. Woh humari dosti ka ek naya modh tha.",few_shot,ERROR,0.0,0,"Unki dosti ka turning point woh tha jab narrator ke parents ne shehar mein settle hone ke baad unhe bulaya. Uske baad daadi narrator ke school jaane ke liye nahi aati thi, kyunki woh ab english school motor bus se jaata tha, aur daadi ne gaon ke kutte ki jagah shehar ke apne ghar ke aangan mein chid",8.5
110,llama-3.1-8b-instant,"Kaun si ghatna thi jisne narrator aur uski daadi ke dosti ko badal diya? Jab meri parents shehar mein settle ho gaye, toh unhone humein bulaya. Woh humari dosti ka ek naya modh tha.",chain_of_thought,ERROR,0.0,0,"Unki dosti ka turning point woh tha jab narrator ke parents ne shehar mein settle hone ke baad unhe bulaya. Uske baad daadi narrator ke school jaane ke liye nahi aati thi, kyunki woh ab english school motor bus se jaata tha, aur daadi ne gaon ke kutte ki jagah shehar ke apne ghar ke aangan mein chid",8.5
110,llama-3.1-8b-instant,"Kaun si ghatna thi jisne narrator aur uski daadi ke dosti ko badal diya? Jab meri parents shehar mein settle ho gaye, toh unhone humein bulaya. Woh humari dosti ka ek naya modh tha.",structured_context,ERROR,0.0,0,"Unki dosti ka turning point woh tha jab narrator ke parents ne shehar mein settle hone ke baad unhe bulaya. Uske baad daadi narrator ke school jaane ke liye nahi aati thi, kyunki woh ab english school motor bus se jaata tha, aur daadi ne gaon ke kutte ki jagah shehar ke apne ghar ke aangan mein chid",8.5
110,llama-3.1-8b-instant,"Kaun si ghatna thi jisne narrator aur uski daadi ke dosti ko badal diya? Jab meri parents shehar mein settle ho gaye, toh unhone humein bulaya. Woh humari dosti ka ek naya modh tha.",hierarchical_context,ERROR,0.0,0,"Unki dosti ka turning point woh tha jab narrator ke parents ne shehar mein settle hone ke baad unhe bulaya. Uske baad daadi narrator ke school jaane ke liye nahi aati thi, kyunki woh ab english school motor bus se jaata tha, aur daadi ne gaon ke kutte ki jagah shehar ke apne ghar ke aangan mein chid",8.5
110,llama-3.1-8b-instant,"Kaun si ghatna thi jisne narrator aur uski daadi ke dosti ko badal diya? Jab meri parents shehar mein settle ho gaye, toh unhone humein bulaya. Woh humari dosti ka ek naya modh tha.",rag_style,ERROR,0.0,0,"Unki dosti ka turning point woh tha jab narrator ke parents ne shehar mein settle hone ke baad unhe bulaya. Uske baad daadi narrator ke school jaane ke liye nahi aati thi, kyunki woh ab english school motor bus se jaata tha, aur daadi ne gaon ke kutte ki jagah shehar ke apne ghar ke aangan mein chid",8.5
110,llama-3.1-8b-instant,"Kaun si ghatna thi jisne narrator aur uski daadi ke dosti ko badal diya? Jab meri parents shehar mein settle ho gaye, toh unhone humein bulaya. Woh humari dosti ka ek naya modh tha.",tree_of_thought,ERROR,0.0,0,"Unki dosti ka turning point woh tha jab narrator ke parents ne shehar mein settle hone ke baad unhe bulaya. Uske baad daadi narrator ke school jaane ke liye nahi aati thi, kyunki woh ab english school motor bus se jaata tha, aur daadi ne gaon ke kutte ki jagah shehar ke apne ghar ke aangan mein chid",8.5
110,llama-3.1-8b-instant,"Kaun si ghatna thi jisne narrator aur uski daadi ke dosti ko badal diya? Jab meri parents shehar mein settle ho gaye, toh unhone humein bulaya. Woh humari dosti ka ek naya modh tha.",agentic_context,ERROR,0.0,0,"Unki dosti ka turning point woh tha jab narrator ke parents ne shehar mein settle hone ke baad unhe bulaya. Uske baad daadi narrator ke school jaane ke liye nahi aati thi, kyunki woh ab english school motor bus se jaata tha, aur daadi ne gaon ke kutte ki jagah shehar ke apne ghar ke aangan mein chid",8.5
111,llama-3.1-8b-instant,"Professor Gaitonde ko apne bete Vinay Gaitonde ko nahi milne ke baad kya sabse zyada chinta thi? Vah apne rehne ki jagah ke baare mein chinta nahin karte the, unki main chinta Asiatic Society ki library jaakar itihas ka rahasya suljhaana tha.",zero_shot,ERROR,0.0,0,"Uska main chinta yeh nahin tha ki vah kahin rahega, balki vah Asiatic Society ki library jaakar itihas ka rahasya suljhaana chahta tha.",8.5
111,llama-3.1-8b-instant,"Professor Gaitonde ko apne bete Vinay Gaitonde ko nahi milne ke baad kya sabse zyada chinta thi? Vah apne rehne ki jagah ke baare mein chinta nahin karte the, unki main chinta Asiatic Society ki library jaakar itihas ka rahasya suljhaana tha.",few_shot,ERROR,0.0,0,"Uska main chinta yeh nahin tha ki vah kahin rahega, balki vah Asiatic Society ki library jaakar itihas ka rahasya suljhaana chahta tha.",8.5
111,llama-3.1-8b-instant,"Professor Gaitonde ko apne bete Vinay Gaitonde ko nahi milne ke baad kya sabse zyada chinta thi? Vah apne rehne ki jagah ke baare mein chinta nahin karte the, unki main chinta Asiatic Society ki library jaakar itihas ka rahasya suljhaana tha.",chain_of_thought,ERROR,0.0,0,"Uska main chinta yeh nahin tha ki vah kahin rahega, balki vah Asiatic Society ki library jaakar itihas ka rahasya suljhaana chahta tha.",8.5
111,llama-3.1-8b-instant,"Professor Gaitonde ko apne bete Vinay Gaitonde ko nahi milne ke baad kya sabse zyada chinta thi? Vah apne rehne ki jagah ke baare mein chinta nahin karte the, unki main chinta Asiatic Society ki library jaakar itihas ka rahasya suljhaana tha.",structured_context,ERROR,0.0,0,"Uska main chinta yeh nahin tha ki vah kahin rahega, balki vah Asiatic Society ki library jaakar itihas ka rahasya suljhaana chahta tha.",8.5
111,llama-3.1-8b-instant,"Professor Gaitonde ko apne bete Vinay Gaitonde ko nahi milne ke baad kya sabse zyada chinta thi? Vah apne rehne ki jagah ke baare mein chinta nahin karte the, unki main chinta Asiatic Society ki library jaakar itihas ka rahasya suljhaana tha.",hierarchical_context,ERROR,0.0,0,"Uska main chinta yeh nahin tha ki vah kahin rahega, balki vah Asiatic Society ki library jaakar itihas ka rahasya suljhaana chahta tha.",8.5
111,llama-3.1-8b-instant,"Professor Gaitonde ko apne bete Vinay Gaitonde ko nahi milne ke baad kya sabse zyada chinta thi? Vah apne rehne ki jagah ke baare mein chinta nahin karte the, unki main chinta Asiatic Society ki library jaakar itihas ka rahasya suljhaana tha.",rag_style,ERROR,0.0,0,"Uska main chinta yeh nahin tha ki vah kahin rahega, balki vah Asiatic Society ki library jaakar itihas ka rahasya suljhaana chahta tha.",8.5
111,llama-3.1-8b-instant,"Professor Gaitonde ko apne bete Vinay Gaitonde ko nahi milne ke baad kya sabse zyada chinta thi? Vah apne rehne ki jagah ke baare mein chinta nahin karte the, unki main chinta Asiatic Society ki library jaakar itihas ka rahasya suljhaana tha.",tree_of_thought,ERROR,0.0,0,"Uska main chinta yeh nahin tha ki vah kahin rahega, balki vah Asiatic Society ki library jaakar itihas ka rahasya suljhaana chahta tha.",8.5
111,llama-3.1-8b-instant,"Professor Gaitonde ko apne bete Vinay Gaitonde ko nahi milne ke baad kya sabse zyada chinta thi? Vah apne rehne ki jagah ke baare mein chinta nahin karte the, unki main chinta Asiatic Society ki library jaakar itihas ka rahasya suljhaana tha.",agentic_context,ERROR,0.0,0,"Uska main chinta yeh nahin tha ki vah kahin rahega, balki vah Asiatic Society ki library jaakar itihas ka rahasya suljhaana chahta tha.",8.5
112,llama-3.1-8b-instant,Budhiya ka kya request hai chloroform ka use karne ke liye?,zero_shot,ERROR,0.0,0,Budhiya kehti hai ki agar chloroform se baby ko nuksaan hoga to use Susan ko nahi dena chahiye,1.0
112,llama-3.1-8b-instant,Budhiya ka kya request hai chloroform ka use karne ke liye?,few_shot,ERROR,0.0,0,Budhiya kehti hai ki agar chloroform se baby ko nuksaan hoga to use Susan ko nahi dena chahiye,0.0
112,llama-3.1-8b-instant,Budhiya ka kya request hai chloroform ka use karne ke liye?,chain_of_thought,ERROR,0.0,0,Budhiya kehti hai ki agar chloroform se baby ko nuksaan hoga to use Susan ko nahi dena chahiye,0.0
112,llama-3.1-8b-instant,Budhiya ka kya request hai chloroform ka use karne ke liye?,structured_context,ERROR,0.0,0,Budhiya kehti hai ki agar chloroform se baby ko nuksaan hoga to use Susan ko nahi dena chahiye,0.0
112,llama-3.1-8b-instant,Budhiya ka kya request hai chloroform ka use karne ke liye?,hierarchical_context,ERROR,0.0,0,Budhiya kehti hai ki agar chloroform se baby ko nuksaan hoga to use Susan ko nahi dena chahiye,0.0
112,llama-3.1-8b-instant,Budhiya ka kya request hai chloroform ka use karne ke liye?,rag_style,ERROR,0.0,0,Budhiya kehti hai ki agar chloroform se baby ko nuksaan hoga to use Susan ko nahi dena chahiye,0.0
112,llama-3.1-8b-instant,Budhiya ka kya request hai chloroform ka use karne ke liye?,tree_of_thought,ERROR,0.0,0,Budhiya kehti hai ki agar chloroform se baby ko nuksaan hoga to use Susan ko nahi dena chahiye,8.5
112,llama-3.1-8b-instant,Budhiya ka kya request hai chloroform ka use karne ke liye?,agentic_context,ERROR,0.0,0,Budhiya kehti hai ki agar chloroform se baby ko nuksaan hoga to use Susan ko nahi dena chahiye,0.0
113,llama-3.1-8b-instant,"Inhe dono ladke kaunse tribe se hain, us tribe ki kya alag baat hai?",zero_shot,ERROR,0.0,0,Imaan aur sachchai,8.5
113,llama-3.1-8b-instant,"Inhe dono ladke kaunse tribe se hain, us tribe ki kya alag baat hai?",few_shot,ERROR,0.0,0,Imaan aur sachchai,8.5
113,llama-3.1-8b-instant,"Inhe dono ladke kaunse tribe se hain, us tribe ki kya alag baat hai?",chain_of_thought,ERROR,0.0,0,Imaan aur sachchai,1.0
113,llama-3.1-8b-instant,"Inhe dono ladke kaunse tribe se hain, us tribe ki kya alag baat hai?",structured_context,ERROR,0.0,0,Imaan aur sachchai,8.5
113,llama-3.1-8b-instant,"Inhe dono ladke kaunse tribe se hain, us tribe ki kya alag baat hai?",hierarchical_context,ERROR,0.0,0,Imaan aur sachchai,0.0
113,llama-3.1-8b-instant,"Inhe dono ladke kaunse tribe se hain, us tribe ki kya alag baat hai?",rag_style,ERROR,0.0,0,Imaan aur sachchai,10.0
113,llama-3.1-8b-instant,"Inhe dono ladke kaunse tribe se hain, us tribe ki kya alag baat hai?",tree_of_thought,ERROR,0.0,0,Imaan aur sachchai,8.5
113,llama-3.1-8b-instant,"Inhe dono ladke kaunse tribe se hain, us tribe ki kya alag baat hai?",agentic_context,ERROR,0.0,0,Imaan aur sachchai,0.0
114,llama-3.1-8b-instant,"Ma'am, weathering ke bare mein batayein, yeh kya hota hai?",zero_shot,ERROR,0.0,0,"Weathering ek prakar ki process hai jo ki rocks ko break down karti hai. Ye process mein mechanical weathering, chemical weathering, aur biological weathering shamil hote hain, jo ki rocks ko break down karte hain aur unhein sediment mein badal dete hain.",10.0
114,llama-3.1-8b-instant,"Ma'am, weathering ke bare mein batayein, yeh kya hota hai?",few_shot,ERROR,0.0,0,"Weathering ek prakar ki process hai jo ki rocks ko break down karti hai. Ye process mein mechanical weathering, chemical weathering, aur biological weathering shamil hote hain, jo ki rocks ko break down karte hain aur unhein sediment mein badal dete hain.",8.5
114,llama-3.1-8b-instant,"Ma'am, weathering ke bare mein batayein, yeh kya hota hai?",chain_of_thought,ERROR,0.0,0,"Weathering ek prakar ki process hai jo ki rocks ko break down karti hai. Ye process mein mechanical weathering, chemical weathering, aur biological weathering shamil hote hain, jo ki rocks ko break down karte hain aur unhein sediment mein badal dete hain.",10.0
114,llama-3.1-8b-instant,"Ma'am, weathering ke bare mein batayein, yeh kya hota hai?",structured_context,ERROR,0.0,0,"Weathering ek prakar ki process hai jo ki rocks ko break down karti hai. Ye process mein mechanical weathering, chemical weathering, aur biological weathering shamil hote hain, jo ki rocks ko break down karte hain aur unhein sediment mein badal dete hain.",8.5
114,llama-3.1-8b-instant,"Ma'am, weathering ke bare mein batayein, yeh kya hota hai?",hierarchical_context,ERROR,0.0,0,"Weathering ek prakar ki process hai jo ki rocks ko break down karti hai. Ye process mein mechanical weathering, chemical weathering, aur biological weathering shamil hote hain, jo ki rocks ko break down karte hain aur unhein sediment mein badal dete hain.",10.0
114,llama-3.1-8b-instant,"Ma'am, weathering ke bare mein batayein, yeh kya hota hai?",rag_style,ERROR,0.0,0,"Weathering ek prakar ki process hai jo ki rocks ko break down karti hai. Ye process mein mechanical weathering, chemical weathering, aur biological weathering shamil hote hain, jo ki rocks ko break down karte hain aur unhein sediment mein badal dete hain.",8.5
114,llama-3.1-8b-instant,"Ma'am, weathering ke bare mein batayein, yeh kya hota hai?",tree_of_thought,ERROR,0.0,0,"Weathering ek prakar ki process hai jo ki rocks ko break down karti hai. Ye process mein mechanical weathering, chemical weathering, aur biological weathering shamil hote hain, jo ki rocks ko break down karte hain aur unhein sediment mein badal dete hain.",8.5
114,llama-3.1-8b-instant,"Ma'am, weathering ke bare mein batayein, yeh kya hota hai?",agentic_context,ERROR,0.0,0,"Weathering ek prakar ki process hai jo ki rocks ko break down karti hai. Ye process mein mechanical weathering, chemical weathering, aur biological weathering shamil hote hain, jo ki rocks ko break down karte hain aur unhein sediment mein badal dete hain.",8.5
115,llama-3.1-8b-instant,"Ma'am, kya hum history mein Mughal saamrajya ke bare mein padhenge?",zero_shot,ERROR,0.0,0,"Haan, hum history mein Mughal saamrajya ke bare mein padhenge. Mughal saamrajya ka itihas bahut hi samriddh hai aur hume iske baare mein padhne se bahut kuch seekhne ko milta hai.",8.5
115,llama-3.1-8b-instant,"Ma'am, kya hum history mein Mughal saamrajya ke bare mein padhenge?",few_shot,ERROR,0.0,0,"Haan, hum history mein Mughal saamrajya ke bare mein padhenge. Mughal saamrajya ka itihas bahut hi samriddh hai aur hume iske baare mein padhne se bahut kuch seekhne ko milta hai.",8.5
115,llama-3.1-8b-instant,"Ma'am, kya hum history mein Mughal saamrajya ke bare mein padhenge?",chain_of_thought,ERROR,0.0,0,"Haan, hum history mein Mughal saamrajya ke bare mein padhenge. Mughal saamrajya ka itihas bahut hi samriddh hai aur hume iske baare mein padhne se bahut kuch seekhne ko milta hai.",8.5
115,llama-3.1-8b-instant,"Ma'am, kya hum history mein Mughal saamrajya ke bare mein padhenge?",structured_context,ERROR,0.0,0,"Haan, hum history mein Mughal saamrajya ke bare mein padhenge. Mughal saamrajya ka itihas bahut hi samriddh hai aur hume iske baare mein padhne se bahut kuch seekhne ko milta hai.",8.5
115,llama-3.1-8b-instant,"Ma'am, kya hum history mein Mughal saamrajya ke bare mein padhenge?",hierarchical_context,ERROR,0.0,0,"Haan, hum history mein Mughal saamrajya ke bare mein padhenge. Mughal saamrajya ka itihas bahut hi samriddh hai aur hume iske baare mein padhne se bahut kuch seekhne ko milta hai.",8.5
115,llama-3.1-8b-instant,"Ma'am, kya hum history mein Mughal saamrajya ke bare mein padhenge?",rag_style,ERROR,0.0,0,"Haan, hum history mein Mughal saamrajya ke bare mein padhenge. Mughal saamrajya ka itihas bahut hi samriddh hai aur hume iske baare mein padhne se bahut kuch seekhne ko milta hai.",8.5
115,llama-3.1-8b-instant,"Ma'am, kya hum history mein Mughal saamrajya ke bare mein padhenge?",tree_of_thought,ERROR,0.0,0,"Haan, hum history mein Mughal saamrajya ke bare mein padhenge. Mughal saamrajya ka itihas bahut hi samriddh hai aur hume iske baare mein padhne se bahut kuch seekhne ko milta hai.",8.5
115,llama-3.1-8b-instant,"Ma'am, kya hum history mein Mughal saamrajya ke bare mein padhenge?",agentic_context,ERROR,0.0,0,"Haan, hum history mein Mughal saamrajya ke bare mein padhenge. Mughal saamrajya ka itihas bahut hi samriddh hai aur hume iske baare mein padhne se bahut kuch seekhne ko milta hai.",8.5
116,llama-3.1-8b-instant,"Suzanne ne kya sahas dikhaya aur uske peeche uska kya wajah thi? Uski head bohot zyada swole ho gayi thi, uske do bade black eyes the, aur ab usne humein apne arm par ek gahra cut bhi dikhaya. Maine jab pucha ki vah pehle apni injuries ke baare mein kyun nahi batayi, toh usne kaha, 'Maine socha ki main aapko worry nahi karana chahti jab aap hum sabko bachane ki koshish kar rahe the.'",zero_shot,ERROR,0.0,0,"Suzanne ne bohot sahas dikhaya jab usne apni injuries ke baare mein pehle nahi bataya, jisme uski swole head, do bade black eyes aur arm par ek gahra cut shaamil the. Usne samjhaya ki vah apne papa ko worry nahi karana chahti thi jab vah hum sabko bachane ki koshish kar rahe the.",8.5
116,llama-3.1-8b-instant,"Suzanne ne kya sahas dikhaya aur uske peeche uska kya wajah thi? Uski head bohot zyada swole ho gayi thi, uske do bade black eyes the, aur ab usne humein apne arm par ek gahra cut bhi dikhaya. Maine jab pucha ki vah pehle apni injuries ke baare mein kyun nahi batayi, toh usne kaha, 'Maine socha ki main aapko worry nahi karana chahti jab aap hum sabko bachane ki koshish kar rahe the.'",few_shot,ERROR,0.0,0,"Suzanne ne bohot sahas dikhaya jab usne apni injuries ke baare mein pehle nahi bataya, jisme uski swole head, do bade black eyes aur arm par ek gahra cut shaamil the. Usne samjhaya ki vah apne papa ko worry nahi karana chahti thi jab vah hum sabko bachane ki koshish kar rahe the.",8.5
116,llama-3.1-8b-instant,"Suzanne ne kya sahas dikhaya aur uske peeche uska kya wajah thi? Uski head bohot zyada swole ho gayi thi, uske do bade black eyes the, aur ab usne humein apne arm par ek gahra cut bhi dikhaya. Maine jab pucha ki vah pehle apni injuries ke baare mein kyun nahi batayi, toh usne kaha, 'Maine socha ki main aapko worry nahi karana chahti jab aap hum sabko bachane ki koshish kar rahe the.'",chain_of_thought,ERROR,0.0,0,"Suzanne ne bohot sahas dikhaya jab usne apni injuries ke baare mein pehle nahi bataya, jisme uski swole head, do bade black eyes aur arm par ek gahra cut shaamil the. Usne samjhaya ki vah apne papa ko worry nahi karana chahti thi jab vah hum sabko bachane ki koshish kar rahe the.",8.5
116,llama-3.1-8b-instant,"Suzanne ne kya sahas dikhaya aur uske peeche uska kya wajah thi? Uski head bohot zyada swole ho gayi thi, uske do bade black eyes the, aur ab usne humein apne arm par ek gahra cut bhi dikhaya. Maine jab pucha ki vah pehle apni injuries ke baare mein kyun nahi batayi, toh usne kaha, 'Maine socha ki main aapko worry nahi karana chahti jab aap hum sabko bachane ki koshish kar rahe the.'",structured_context,ERROR,0.0,0,"Suzanne ne bohot sahas dikhaya jab usne apni injuries ke baare mein pehle nahi bataya, jisme uski swole head, do bade black eyes aur arm par ek gahra cut shaamil the. Usne samjhaya ki vah apne papa ko worry nahi karana chahti thi jab vah hum sabko bachane ki koshish kar rahe the.",8.5
116,llama-3.1-8b-instant,"Suzanne ne kya sahas dikhaya aur uske peeche uska kya wajah thi? Uski head bohot zyada swole ho gayi thi, uske do bade black eyes the, aur ab usne humein apne arm par ek gahra cut bhi dikhaya. Maine jab pucha ki vah pehle apni injuries ke baare mein kyun nahi batayi, toh usne kaha, 'Maine socha ki main aapko worry nahi karana chahti jab aap hum sabko bachane ki koshish kar rahe the.'",hierarchical_context,ERROR,0.0,0,"Suzanne ne bohot sahas dikhaya jab usne apni injuries ke baare mein pehle nahi bataya, jisme uski swole head, do bade black eyes aur arm par ek gahra cut shaamil the. Usne samjhaya ki vah apne papa ko worry nahi karana chahti thi jab vah hum sabko bachane ki koshish kar rahe the.",8.5
116,llama-3.1-8b-instant,"Suzanne ne kya sahas dikhaya aur uske peeche uska kya wajah thi? Uski head bohot zyada swole ho gayi thi, uske do bade black eyes the, aur ab usne humein apne arm par ek gahra cut bhi dikhaya. Maine jab pucha ki vah pehle apni injuries ke baare mein kyun nahi batayi, toh usne kaha, 'Maine socha ki main aapko worry nahi karana chahti jab aap hum sabko bachane ki koshish kar rahe the.'",rag_style,ERROR,0.0,0,"Suzanne ne bohot sahas dikhaya jab usne apni injuries ke baare mein pehle nahi bataya, jisme uski swole head, do bade black eyes aur arm par ek gahra cut shaamil the. Usne samjhaya ki vah apne papa ko worry nahi karana chahti thi jab vah hum sabko bachane ki koshish kar rahe the.",8.5
116,llama-3.1-8b-instant,"Suzanne ne kya sahas dikhaya aur uske peeche uska kya wajah thi? Uski head bohot zyada swole ho gayi thi, uske do bade black eyes the, aur ab usne humein apne arm par ek gahra cut bhi dikhaya. Maine jab pucha ki vah pehle apni injuries ke baare mein kyun nahi batayi, toh usne kaha, 'Maine socha ki main aapko worry nahi karana chahti jab aap hum sabko bachane ki koshish kar rahe the.'",tree_of_thought,ERROR,0.0,0,"Suzanne ne bohot sahas dikhaya jab usne apni injuries ke baare mein pehle nahi bataya, jisme uski swole head, do bade black eyes aur arm par ek gahra cut shaamil the. Usne samjhaya ki vah apne papa ko worry nahi karana chahti thi jab vah hum sabko bachane ki koshish kar rahe the.",8.5
116,llama-3.1-8b-instant,"Suzanne ne kya sahas dikhaya aur uske peeche uska kya wajah thi? Uski head bohot zyada swole ho gayi thi, uske do bade black eyes the, aur ab usne humein apne arm par ek gahra cut bhi dikhaya. Maine jab pucha ki vah pehle apni injuries ke baare mein kyun nahi batayi, toh usne kaha, 'Maine socha ki main aapko worry nahi karana chahti jab aap hum sabko bachane ki koshish kar rahe the.'",agentic_context,ERROR,0.0,0,"Suzanne ne bohot sahas dikhaya jab usne apni injuries ke baare mein pehle nahi bataya, jisme uski swole head, do bade black eyes aur arm par ek gahra cut shaamil the. Usne samjhaya ki vah apne papa ko worry nahi karana chahti thi jab vah hum sabko bachane ki koshish kar rahe the.",8.5
117,llama-3.1-8b-instant,"Sir, kya tum mujhe bata sakte ho ki Prithvi ka sabse bada desert konsi hai?",zero_shot,ERROR,0.0,0,"Prithvi ka sabse bada desert Antarctic desert hai, jo lagbhag 14 million varg kilometer mein faila hua hai.",0.0
117,llama-3.1-8b-instant,"Sir, kya tum mujhe bata sakte ho ki Prithvi ka sabse bada desert konsi hai?",few_shot,ERROR,0.0,0,"Prithvi ka sabse bada desert Antarctic desert hai, jo lagbhag 14 million varg kilometer mein faila hua hai.",8.5
117,llama-3.1-8b-instant,"Sir, kya tum mujhe bata sakte ho ki Prithvi ka sabse bada desert konsi hai?",chain_of_thought,ERROR,0.0,0,"Prithvi ka sabse bada desert Antarctic desert hai, jo lagbhag 14 million varg kilometer mein faila hua hai.",0.0
117,llama-3.1-8b-instant,"Sir, kya tum mujhe bata sakte ho ki Prithvi ka sabse bada desert konsi hai?",structured_context,ERROR,0.0,0,"Prithvi ka sabse bada desert Antarctic desert hai, jo lagbhag 14 million varg kilometer mein faila hua hai.",5.0
117,llama-3.1-8b-instant,"Sir, kya tum mujhe bata sakte ho ki Prithvi ka sabse bada desert konsi hai?",hierarchical_context,ERROR,0.0,0,"Prithvi ka sabse bada desert Antarctic desert hai, jo lagbhag 14 million varg kilometer mein faila hua hai.",0.0
117,llama-3.1-8b-instant,"Sir, kya tum mujhe bata sakte ho ki Prithvi ka sabse bada desert konsi hai?",rag_style,ERROR,0.0,0,"Prithvi ka sabse bada desert Antarctic desert hai, jo lagbhag 14 million varg kilometer mein faila hua hai.",0.0
117,llama-3.1-8b-instant,"Sir, kya tum mujhe bata sakte ho ki Prithvi ka sabse bada desert konsi hai?",tree_of_thought,ERROR,0.0,0,"Prithvi ka sabse bada desert Antarctic desert hai, jo lagbhag 14 million varg kilometer mein faila hua hai.",0.0
117,llama-3.1-8b-instant,"Sir, kya tum mujhe bata sakte ho ki Prithvi ka sabse bada desert konsi hai?",agentic_context,ERROR,0.0,0,"Prithvi ka sabse bada desert Antarctic desert hai, jo lagbhag 14 million varg kilometer mein faila hua hai.",0.0
118,llama-3.1-8b-instant,"Ma'am, kya hum earth ke axis ki inclination ke baare meh jaan sakte hai?",zero_shot,ERROR,0.0,0,"Haan, earth ki axis ki inclination lagbhag 23.5 degree hoti hai, jiske kaaran humein seasons ka anubhav hota hai. Is inclination ke kaaran hi humein summer, winter, autumn, aur spring milte hai.",8.5
118,llama-3.1-8b-instant,"Ma'am, kya hum earth ke axis ki inclination ke baare meh jaan sakte hai?",few_shot,ERROR,0.0,0,"Haan, earth ki axis ki inclination lagbhag 23.5 degree hoti hai, jiske kaaran humein seasons ka anubhav hota hai. Is inclination ke kaaran hi humein summer, winter, autumn, aur spring milte hai.",8.5
118,llama-3.1-8b-instant,"Ma'am, kya hum earth ke axis ki inclination ke baare meh jaan sakte hai?",chain_of_thought,ERROR,0.0,0,"Haan, earth ki axis ki inclination lagbhag 23.5 degree hoti hai, jiske kaaran humein seasons ka anubhav hota hai. Is inclination ke kaaran hi humein summer, winter, autumn, aur spring milte hai.",8.5
118,llama-3.1-8b-instant,"Ma'am, kya hum earth ke axis ki inclination ke baare meh jaan sakte hai?",structured_context,ERROR,0.0,0,"Haan, earth ki axis ki inclination lagbhag 23.5 degree hoti hai, jiske kaaran humein seasons ka anubhav hota hai. Is inclination ke kaaran hi humein summer, winter, autumn, aur spring milte hai.",8.5
118,llama-3.1-8b-instant,"Ma'am, kya hum earth ke axis ki inclination ke baare meh jaan sakte hai?",hierarchical_context,ERROR,0.0,0,"Haan, earth ki axis ki inclination lagbhag 23.5 degree hoti hai, jiske kaaran humein seasons ka anubhav hota hai. Is inclination ke kaaran hi humein summer, winter, autumn, aur spring milte hai.",8.5
118,llama-3.1-8b-instant,"Ma'am, kya hum earth ke axis ki inclination ke baare meh jaan sakte hai?",rag_style,ERROR,0.0,0,"Haan, earth ki axis ki inclination lagbhag 23.5 degree hoti hai, jiske kaaran humein seasons ka anubhav hota hai. Is inclination ke kaaran hi humein summer, winter, autumn, aur spring milte hai.",8.5
118,llama-3.1-8b-instant,"Ma'am, kya hum earth ke axis ki inclination ke baare meh jaan sakte hai?",tree_of_thought,ERROR,0.0,0,"Haan, earth ki axis ki inclination lagbhag 23.5 degree hoti hai, jiske kaaran humein seasons ka anubhav hota hai. Is inclination ke kaaran hi humein summer, winter, autumn, aur spring milte hai.",8.5
118,llama-3.1-8b-instant,"Ma'am, kya hum earth ke axis ki inclination ke baare meh jaan sakte hai?",agentic_context,ERROR,0.0,0,"Haan, earth ki axis ki inclination lagbhag 23.5 degree hoti hai, jiske kaaran humein seasons ka anubhav hota hai. Is inclination ke kaaran hi humein summer, winter, autumn, aur spring milte hai.",8.5
119,llama-3.1-8b-instant,"Sir, kya humein ocean currents ke bare mein kuch jaankari hai?",zero_shot,ERROR,0.0,0,"Haan, humein ocean currents ke bare mein kuch jaankari hai. Ocean currents woh movements hote hain jo ocean ke paani mein hote hain. Ye currents temperature, salinity, aur wind ke kaaran se move karte hain aur ye global climate ko affect karte hain. Ocean currents ke bare mein jaankari se humein oce",8.5
119,llama-3.1-8b-instant,"Sir, kya humein ocean currents ke bare mein kuch jaankari hai?",few_shot,ERROR,0.0,0,"Haan, humein ocean currents ke bare mein kuch jaankari hai. Ocean currents woh movements hote hain jo ocean ke paani mein hote hain. Ye currents temperature, salinity, aur wind ke kaaran se move karte hain aur ye global climate ko affect karte hain. Ocean currents ke bare mein jaankari se humein oce",8.5
119,llama-3.1-8b-instant,"Sir, kya humein ocean currents ke bare mein kuch jaankari hai?",chain_of_thought,ERROR,0.0,0,"Haan, humein ocean currents ke bare mein kuch jaankari hai. Ocean currents woh movements hote hain jo ocean ke paani mein hote hain. Ye currents temperature, salinity, aur wind ke kaaran se move karte hain aur ye global climate ko affect karte hain. Ocean currents ke bare mein jaankari se humein oce",8.5
119,llama-3.1-8b-instant,"Sir, kya humein ocean currents ke bare mein kuch jaankari hai?",structured_context,ERROR,0.0,0,"Haan, humein ocean currents ke bare mein kuch jaankari hai. Ocean currents woh movements hote hain jo ocean ke paani mein hote hain. Ye currents temperature, salinity, aur wind ke kaaran se move karte hain aur ye global climate ko affect karte hain. Ocean currents ke bare mein jaankari se humein oce",8.5
119,llama-3.1-8b-instant,"Sir, kya humein ocean currents ke bare mein kuch jaankari hai?",hierarchical_context,ERROR,0.0,0,"Haan, humein ocean currents ke bare mein kuch jaankari hai. Ocean currents woh movements hote hain jo ocean ke paani mein hote hain. Ye currents temperature, salinity, aur wind ke kaaran se move karte hain aur ye global climate ko affect karte hain. Ocean currents ke bare mein jaankari se humein oce",8.5
119,llama-3.1-8b-instant,"Sir, kya humein ocean currents ke bare mein kuch jaankari hai?",rag_style,ERROR,0.0,0,"Haan, humein ocean currents ke bare mein kuch jaankari hai. Ocean currents woh movements hote hain jo ocean ke paani mein hote hain. Ye currents temperature, salinity, aur wind ke kaaran se move karte hain aur ye global climate ko affect karte hain. Ocean currents ke bare mein jaankari se humein oce",8.5
119,llama-3.1-8b-instant,"Sir, kya humein ocean currents ke bare mein kuch jaankari hai?",tree_of_thought,ERROR,0.0,0,"Haan, humein ocean currents ke bare mein kuch jaankari hai. Ocean currents woh movements hote hain jo ocean ke paani mein hote hain. Ye currents temperature, salinity, aur wind ke kaaran se move karte hain aur ye global climate ko affect karte hain. Ocean currents ke bare mein jaankari se humein oce",8.5
119,llama-3.1-8b-instant,"Sir, kya humein ocean currents ke bare mein kuch jaankari hai?",agentic_context,ERROR,0.0,0,"Haan, humein ocean currents ke bare mein kuch jaankari hai. Ocean currents woh movements hote hain jo ocean ke paani mein hote hain. Ye currents temperature, salinity, aur wind ke kaaran se move karte hain aur ye global climate ko affect karte hain. Ocean currents ke bare mein jaankari se humein oce",8.5
120,llama-3.1-8b-instant,"Dada ji ke portrait ke baare mein kya details diye gaye hain? Mera dada ji ka portrait drawing room mein mantelpiece ke upar laga hua tha. Usne bada sa turban aur loose fitting kapde pehne huye the. Uski lambi, safed daadi uske seene ke adhikansh hisse ko dhak rahi thi aur woh kam se kam 100 saal ka lag raha tha. Usse aisa lagta tha jaise woh wife ya bachchon wala aadmi nahi ho sakta. Usse lagta tha jaise woh sirf bahut saare pote-poti wala aadmi ho sakta hai.",zero_shot,ERROR,0.0,0,"Dada ji ka portrait drawing room mein mantelpiece ke upar laga hua tha. Usne bada sa turban aur loose fitting kapde pehne huye the, aur uski lambi, safed daadi uske seene ke adhikansh hisse ko dhak rahi thi. Uski umar kam se kam 100 saal ki lag rahi thi aur usse aisa lagta tha jaise woh sirf bahut s",8.5
120,llama-3.1-8b-instant,"Dada ji ke portrait ke baare mein kya details diye gaye hain? Mera dada ji ka portrait drawing room mein mantelpiece ke upar laga hua tha. Usne bada sa turban aur loose fitting kapde pehne huye the. Uski lambi, safed daadi uske seene ke adhikansh hisse ko dhak rahi thi aur woh kam se kam 100 saal ka lag raha tha. Usse aisa lagta tha jaise woh wife ya bachchon wala aadmi nahi ho sakta. Usse lagta tha jaise woh sirf bahut saare pote-poti wala aadmi ho sakta hai.",few_shot,ERROR,0.0,0,"Dada ji ka portrait drawing room mein mantelpiece ke upar laga hua tha. Usne bada sa turban aur loose fitting kapde pehne huye the, aur uski lambi, safed daadi uske seene ke adhikansh hisse ko dhak rahi thi. Uski umar kam se kam 100 saal ki lag rahi thi aur usse aisa lagta tha jaise woh sirf bahut s",8.5
120,llama-3.1-8b-instant,"Dada ji ke portrait ke baare mein kya details diye gaye hain? Mera dada ji ka portrait drawing room mein mantelpiece ke upar laga hua tha. Usne bada sa turban aur loose fitting kapde pehne huye the. Uski lambi, safed daadi uske seene ke adhikansh hisse ko dhak rahi thi aur woh kam se kam 100 saal ka lag raha tha. Usse aisa lagta tha jaise woh wife ya bachchon wala aadmi nahi ho sakta. Usse lagta tha jaise woh sirf bahut saare pote-poti wala aadmi ho sakta hai.",chain_of_thought,ERROR,0.0,0,"Dada ji ka portrait drawing room mein mantelpiece ke upar laga hua tha. Usne bada sa turban aur loose fitting kapde pehne huye the, aur uski lambi, safed daadi uske seene ke adhikansh hisse ko dhak rahi thi. Uski umar kam se kam 100 saal ki lag rahi thi aur usse aisa lagta tha jaise woh sirf bahut s",8.5
120,llama-3.1-8b-instant,"Dada ji ke portrait ke baare mein kya details diye gaye hain? Mera dada ji ka portrait drawing room mein mantelpiece ke upar laga hua tha. Usne bada sa turban aur loose fitting kapde pehne huye the. Uski lambi, safed daadi uske seene ke adhikansh hisse ko dhak rahi thi aur woh kam se kam 100 saal ka lag raha tha. Usse aisa lagta tha jaise woh wife ya bachchon wala aadmi nahi ho sakta. Usse lagta tha jaise woh sirf bahut saare pote-poti wala aadmi ho sakta hai.",structured_context,ERROR,0.0,0,"Dada ji ka portrait drawing room mein mantelpiece ke upar laga hua tha. Usne bada sa turban aur loose fitting kapde pehne huye the, aur uski lambi, safed daadi uske seene ke adhikansh hisse ko dhak rahi thi. Uski umar kam se kam 100 saal ki lag rahi thi aur usse aisa lagta tha jaise woh sirf bahut s",9.0
120,llama-3.1-8b-instant,"Dada ji ke portrait ke baare mein kya details diye gaye hain? Mera dada ji ka portrait drawing room mein mantelpiece ke upar laga hua tha. Usne bada sa turban aur loose fitting kapde pehne huye the. Uski lambi, safed daadi uske seene ke adhikansh hisse ko dhak rahi thi aur woh kam se kam 100 saal ka lag raha tha. Usse aisa lagta tha jaise woh wife ya bachchon wala aadmi nahi ho sakta. Usse lagta tha jaise woh sirf bahut saare pote-poti wala aadmi ho sakta hai.",hierarchical_context,ERROR,0.0,0,"Dada ji ka portrait drawing room mein mantelpiece ke upar laga hua tha. Usne bada sa turban aur loose fitting kapde pehne huye the, aur uski lambi, safed daadi uske seene ke adhikansh hisse ko dhak rahi thi. Uski umar kam se kam 100 saal ki lag rahi thi aur usse aisa lagta tha jaise woh sirf bahut s",8.5
120,llama-3.1-8b-instant,"Dada ji ke portrait ke baare mein kya details diye gaye hain? Mera dada ji ka portrait drawing room mein mantelpiece ke upar laga hua tha. Usne bada sa turban aur loose fitting kapde pehne huye the. Uski lambi, safed daadi uske seene ke adhikansh hisse ko dhak rahi thi aur woh kam se kam 100 saal ka lag raha tha. Usse aisa lagta tha jaise woh wife ya bachchon wala aadmi nahi ho sakta. Usse lagta tha jaise woh sirf bahut saare pote-poti wala aadmi ho sakta hai.",rag_style,ERROR,0.0,0,"Dada ji ka portrait drawing room mein mantelpiece ke upar laga hua tha. Usne bada sa turban aur loose fitting kapde pehne huye the, aur uski lambi, safed daadi uske seene ke adhikansh hisse ko dhak rahi thi. Uski umar kam se kam 100 saal ki lag rahi thi aur usse aisa lagta tha jaise woh sirf bahut s",8.5
120,llama-3.1-8b-instant,"Dada ji ke portrait ke baare mein kya details diye gaye hain? Mera dada ji ka portrait drawing room mein mantelpiece ke upar laga hua tha. Usne bada sa turban aur loose fitting kapde pehne huye the. Uski lambi, safed daadi uske seene ke adhikansh hisse ko dhak rahi thi aur woh kam se kam 100 saal ka lag raha tha. Usse aisa lagta tha jaise woh wife ya bachchon wala aadmi nahi ho sakta. Usse lagta tha jaise woh sirf bahut saare pote-poti wala aadmi ho sakta hai.",tree_of_thought,ERROR,0.0,0,"Dada ji ka portrait drawing room mein mantelpiece ke upar laga hua tha. Usne bada sa turban aur loose fitting kapde pehne huye the, aur uski lambi, safed daadi uske seene ke adhikansh hisse ko dhak rahi thi. Uski umar kam se kam 100 saal ki lag rahi thi aur usse aisa lagta tha jaise woh sirf bahut s",8.5
120,llama-3.1-8b-instant,"Dada ji ke portrait ke baare mein kya details diye gaye hain? Mera dada ji ka portrait drawing room mein mantelpiece ke upar laga hua tha. Usne bada sa turban aur loose fitting kapde pehne huye the. Uski lambi, safed daadi uske seene ke adhikansh hisse ko dhak rahi thi aur woh kam se kam 100 saal ka lag raha tha. Usse aisa lagta tha jaise woh wife ya bachchon wala aadmi nahi ho sakta. Usse lagta tha jaise woh sirf bahut saare pote-poti wala aadmi ho sakta hai.",agentic_context,ERROR,0.0,0,"Dada ji ka portrait drawing room mein mantelpiece ke upar laga hua tha. Usne bada sa turban aur loose fitting kapde pehne huye the, aur uski lambi, safed daadi uske seene ke adhikansh hisse ko dhak rahi thi. Uski umar kam se kam 100 saal ki lag rahi thi aur usse aisa lagta tha jaise woh sirf bahut s",8.5
121,llama-3.1-8b-instant,"yeh expression 'pinpricks in the vast ocean' ka kya matlab hai, jo ki text me use hua hai? Hamara bas ek hope tha ki hum in pinpricks in the vast ocean tak pahuch paye",zero_shot,ERROR,0.0,0,"yeh expression 'pinpricks in the vast ocean' do chhote islands ko refer karta hai, jisme se ek Ile Amsterdam hai, jo family ke liye bas ek hope tha for survival. Yeh unke chhoti size aur remoteness ko emphasize karta hai immense and dangerous ocean me, jo ki unhe find karna bohot mushkil banata hai",8.5
121,llama-3.1-8b-instant,"yeh expression 'pinpricks in the vast ocean' ka kya matlab hai, jo ki text me use hua hai? Hamara bas ek hope tha ki hum in pinpricks in the vast ocean tak pahuch paye",few_shot,ERROR,0.0,0,"yeh expression 'pinpricks in the vast ocean' do chhote islands ko refer karta hai, jisme se ek Ile Amsterdam hai, jo family ke liye bas ek hope tha for survival. Yeh unke chhoti size aur remoteness ko emphasize karta hai immense and dangerous ocean me, jo ki unhe find karna bohot mushkil banata hai",8.5
121,llama-3.1-8b-instant,"yeh expression 'pinpricks in the vast ocean' ka kya matlab hai, jo ki text me use hua hai? Hamara bas ek hope tha ki hum in pinpricks in the vast ocean tak pahuch paye",chain_of_thought,ERROR,0.0,0,"yeh expression 'pinpricks in the vast ocean' do chhote islands ko refer karta hai, jisme se ek Ile Amsterdam hai, jo family ke liye bas ek hope tha for survival. Yeh unke chhoti size aur remoteness ko emphasize karta hai immense and dangerous ocean me, jo ki unhe find karna bohot mushkil banata hai",8.5
121,llama-3.1-8b-instant,"yeh expression 'pinpricks in the vast ocean' ka kya matlab hai, jo ki text me use hua hai? Hamara bas ek hope tha ki hum in pinpricks in the vast ocean tak pahuch paye",structured_context,ERROR,0.0,0,"yeh expression 'pinpricks in the vast ocean' do chhote islands ko refer karta hai, jisme se ek Ile Amsterdam hai, jo family ke liye bas ek hope tha for survival. Yeh unke chhoti size aur remoteness ko emphasize karta hai immense and dangerous ocean me, jo ki unhe find karna bohot mushkil banata hai",8.5
121,llama-3.1-8b-instant,"yeh expression 'pinpricks in the vast ocean' ka kya matlab hai, jo ki text me use hua hai? Hamara bas ek hope tha ki hum in pinpricks in the vast ocean tak pahuch paye",hierarchical_context,ERROR,0.0,0,"yeh expression 'pinpricks in the vast ocean' do chhote islands ko refer karta hai, jisme se ek Ile Amsterdam hai, jo family ke liye bas ek hope tha for survival. Yeh unke chhoti size aur remoteness ko emphasize karta hai immense and dangerous ocean me, jo ki unhe find karna bohot mushkil banata hai",8.5
121,llama-3.1-8b-instant,"yeh expression 'pinpricks in the vast ocean' ka kya matlab hai, jo ki text me use hua hai? Hamara bas ek hope tha ki hum in pinpricks in the vast ocean tak pahuch paye",rag_style,ERROR,0.0,0,"yeh expression 'pinpricks in the vast ocean' do chhote islands ko refer karta hai, jisme se ek Ile Amsterdam hai, jo family ke liye bas ek hope tha for survival. Yeh unke chhoti size aur remoteness ko emphasize karta hai immense and dangerous ocean me, jo ki unhe find karna bohot mushkil banata hai",8.5
121,llama-3.1-8b-instant,"yeh expression 'pinpricks in the vast ocean' ka kya matlab hai, jo ki text me use hua hai? Hamara bas ek hope tha ki hum in pinpricks in the vast ocean tak pahuch paye",tree_of_thought,ERROR,0.0,0,"yeh expression 'pinpricks in the vast ocean' do chhote islands ko refer karta hai, jisme se ek Ile Amsterdam hai, jo family ke liye bas ek hope tha for survival. Yeh unke chhoti size aur remoteness ko emphasize karta hai immense and dangerous ocean me, jo ki unhe find karna bohot mushkil banata hai",8.5
121,llama-3.1-8b-instant,"yeh expression 'pinpricks in the vast ocean' ka kya matlab hai, jo ki text me use hua hai? Hamara bas ek hope tha ki hum in pinpricks in the vast ocean tak pahuch paye",agentic_context,ERROR,0.0,0,"yeh expression 'pinpricks in the vast ocean' do chhote islands ko refer karta hai, jisme se ek Ile Amsterdam hai, jo family ke liye bas ek hope tha for survival. Yeh unke chhoti size aur remoteness ko emphasize karta hai immense and dangerous ocean me, jo ki unhe find karna bohot mushkil banata hai",8.5
122,llama-3.1-8b-instant,"Ma'am, Tansen kaun the, unka contribution music me kya tha?",zero_shot,ERROR,0.0,0,"Tansen ek prasiddh musician the, unka contribution music me bahut bada tha, unhone many ragas compose kiye aur unhe Bharat me sangeet ki sthapna me mahatvapurna maana jata hai.",8.5
122,llama-3.1-8b-instant,"Ma'am, Tansen kaun the, unka contribution music me kya tha?",few_shot,ERROR,0.0,0,"Tansen ek prasiddh musician the, unka contribution music me bahut bada tha, unhone many ragas compose kiye aur unhe Bharat me sangeet ki sthapna me mahatvapurna maana jata hai.",8.5
122,llama-3.1-8b-instant,"Ma'am, Tansen kaun the, unka contribution music me kya tha?",chain_of_thought,ERROR,0.0,0,"Tansen ek prasiddh musician the, unka contribution music me bahut bada tha, unhone many ragas compose kiye aur unhe Bharat me sangeet ki sthapna me mahatvapurna maana jata hai.",8.5
122,llama-3.1-8b-instant,"Ma'am, Tansen kaun the, unka contribution music me kya tha?",structured_context,ERROR,0.0,0,"Tansen ek prasiddh musician the, unka contribution music me bahut bada tha, unhone many ragas compose kiye aur unhe Bharat me sangeet ki sthapna me mahatvapurna maana jata hai.",8.5
122,llama-3.1-8b-instant,"Ma'am, Tansen kaun the, unka contribution music me kya tha?",hierarchical_context,ERROR,0.0,0,"Tansen ek prasiddh musician the, unka contribution music me bahut bada tha, unhone many ragas compose kiye aur unhe Bharat me sangeet ki sthapna me mahatvapurna maana jata hai.",8.5
122,llama-3.1-8b-instant,"Ma'am, Tansen kaun the, unka contribution music me kya tha?",rag_style,ERROR,0.0,0,"Tansen ek prasiddh musician the, unka contribution music me bahut bada tha, unhone many ragas compose kiye aur unhe Bharat me sangeet ki sthapna me mahatvapurna maana jata hai.",8.5
122,llama-3.1-8b-instant,"Ma'am, Tansen kaun the, unka contribution music me kya tha?",tree_of_thought,ERROR,0.0,0,"Tansen ek prasiddh musician the, unka contribution music me bahut bada tha, unhone many ragas compose kiye aur unhe Bharat me sangeet ki sthapna me mahatvapurna maana jata hai.",8.5
122,llama-3.1-8b-instant,"Ma'am, Tansen kaun the, unka contribution music me kya tha?",agentic_context,ERROR,0.0,0,"Tansen ek prasiddh musician the, unka contribution music me bahut bada tha, unhone many ragas compose kiye aur unhe Bharat me sangeet ki sthapna me mahatvapurna maana jata hai.",8.5
123,llama-3.1-8b-instant,"Kya ek student ke liye effectively likhne ke liye kya zaroori hai? Effective likhne ke liye student ko likhne ka mahatva aur uddeshya samajhna, writing mein coherence develop karna, cohesive devices samajhna aur unka upyog karna, aur grammar, spelling aur punctuation par relative command hona chahiye.",zero_shot,ERROR,0.0,0,"Ek student ke liye effectively likhne ke liye, unhein likhne ka mahatva aur uddeshya samajhna hoga, coherence develop karni hogi, cohesive devices samajhni hogi aur unka upyog karna hoga, aur grammar, spelling aur punctuation par relative command hona chahiye.",8.5
123,llama-3.1-8b-instant,"Kya ek student ke liye effectively likhne ke liye kya zaroori hai? Effective likhne ke liye student ko likhne ka mahatva aur uddeshya samajhna, writing mein coherence develop karna, cohesive devices samajhna aur unka upyog karna, aur grammar, spelling aur punctuation par relative command hona chahiye.",few_shot,ERROR,0.0,0,"Ek student ke liye effectively likhne ke liye, unhein likhne ka mahatva aur uddeshya samajhna hoga, coherence develop karni hogi, cohesive devices samajhni hogi aur unka upyog karna hoga, aur grammar, spelling aur punctuation par relative command hona chahiye.",8.5
123,llama-3.1-8b-instant,"Kya ek student ke liye effectively likhne ke liye kya zaroori hai? Effective likhne ke liye student ko likhne ka mahatva aur uddeshya samajhna, writing mein coherence develop karna, cohesive devices samajhna aur unka upyog karna, aur grammar, spelling aur punctuation par relative command hona chahiye.",chain_of_thought,ERROR,0.0,0,"Ek student ke liye effectively likhne ke liye, unhein likhne ka mahatva aur uddeshya samajhna hoga, coherence develop karni hogi, cohesive devices samajhni hogi aur unka upyog karna hoga, aur grammar, spelling aur punctuation par relative command hona chahiye.",8.5
123,llama-3.1-8b-instant,"Kya ek student ke liye effectively likhne ke liye kya zaroori hai? Effective likhne ke liye student ko likhne ka mahatva aur uddeshya samajhna, writing mein coherence develop karna, cohesive devices samajhna aur unka upyog karna, aur grammar, spelling aur punctuation par relative command hona chahiye.",structured_context,ERROR,0.0,0,"Ek student ke liye effectively likhne ke liye, unhein likhne ka mahatva aur uddeshya samajhna hoga, coherence develop karni hogi, cohesive devices samajhni hogi aur unka upyog karna hoga, aur grammar, spelling aur punctuation par relative command hona chahiye.",8.5
123,llama-3.1-8b-instant,"Kya ek student ke liye effectively likhne ke liye kya zaroori hai? Effective likhne ke liye student ko likhne ka mahatva aur uddeshya samajhna, writing mein coherence develop karna, cohesive devices samajhna aur unka upyog karna, aur grammar, spelling aur punctuation par relative command hona chahiye.",hierarchical_context,ERROR,0.0,0,"Ek student ke liye effectively likhne ke liye, unhein likhne ka mahatva aur uddeshya samajhna hoga, coherence develop karni hogi, cohesive devices samajhni hogi aur unka upyog karna hoga, aur grammar, spelling aur punctuation par relative command hona chahiye.",8.5
123,llama-3.1-8b-instant,"Kya ek student ke liye effectively likhne ke liye kya zaroori hai? Effective likhne ke liye student ko likhne ka mahatva aur uddeshya samajhna, writing mein coherence develop karna, cohesive devices samajhna aur unka upyog karna, aur grammar, spelling aur punctuation par relative command hona chahiye.",rag_style,ERROR,0.0,0,"Ek student ke liye effectively likhne ke liye, unhein likhne ka mahatva aur uddeshya samajhna hoga, coherence develop karni hogi, cohesive devices samajhni hogi aur unka upyog karna hoga, aur grammar, spelling aur punctuation par relative command hona chahiye.",8.5
123,llama-3.1-8b-instant,"Kya ek student ke liye effectively likhne ke liye kya zaroori hai? Effective likhne ke liye student ko likhne ka mahatva aur uddeshya samajhna, writing mein coherence develop karna, cohesive devices samajhna aur unka upyog karna, aur grammar, spelling aur punctuation par relative command hona chahiye.",tree_of_thought,ERROR,0.0,0,"Ek student ke liye effectively likhne ke liye, unhein likhne ka mahatva aur uddeshya samajhna hoga, coherence develop karni hogi, cohesive devices samajhni hogi aur unka upyog karna hoga, aur grammar, spelling aur punctuation par relative command hona chahiye.",8.5
123,llama-3.1-8b-instant,"Kya ek student ke liye effectively likhne ke liye kya zaroori hai? Effective likhne ke liye student ko likhne ka mahatva aur uddeshya samajhna, writing mein coherence develop karna, cohesive devices samajhna aur unka upyog karna, aur grammar, spelling aur punctuation par relative command hona chahiye.",agentic_context,ERROR,0.0,0,"Ek student ke liye effectively likhne ke liye, unhein likhne ka mahatva aur uddeshya samajhna hoga, coherence develop karni hogi, cohesive devices samajhni hogi aur unka upyog karna hoga, aur grammar, spelling aur punctuation par relative command hona chahiye.",8.5
124,llama-3.1-8b-instant,"Ma'am, kya hum apne ghar ke bagiche mein apna khud ka compost banaye?",zero_shot,"Arre bhai, compost banane ka sawal toh bahut hi aasan hai. Haan, tum apne ghar ke bagiche mein apna khud ka compost banaye sakte ho. Iske liye aapko bahut kam kharcha padega aur aapko bahut hi acchi mithai mil jayegi, jo aapko garden mein laga sakte ho.

Aapko lagbhag 2 chhote bucket ya container lena hoga. Ek mein peet, dhanak, aur anya dry waste ko daalna hoga, aur doosre mein khadya peetaa, khaad, aur anya green waste ko daalna hoga. Iske baad, aapko dono bucketse ko milakar ek hi bucket mein",71.274,364,"Haan, hum apne ghar ke bagiche mein apna khud ka compost banaye. Compost banane ke liye hume kitchen ke kachre aur pattiyon ka upyog karna hota hai, jisse hume mitti ko urvarak banana mein madad milti hai.",8.5
124,llama-3.1-8b-instant,"Ma'am, kya hum apne ghar ke bagiche mein apna khud ka compost banaye?",few_shot,ERROR,0.0,0,"Haan, hum apne ghar ke bagiche mein apna khud ka compost banaye. Compost banane ke liye hume kitchen ke kachre aur pattiyon ka upyog karna hota hai, jisse hume mitti ko urvarak banana mein madad milti hai.",8.5
124,llama-3.1-8b-instant,"Ma'am, kya hum apne ghar ke bagiche mein apna khud ka compost banaye?",chain_of_thought,ERROR,0.0,0,"Haan, hum apne ghar ke bagiche mein apna khud ka compost banaye. Compost banane ke liye hume kitchen ke kachre aur pattiyon ka upyog karna hota hai, jisse hume mitti ko urvarak banana mein madad milti hai.",8.5
124,llama-3.1-8b-instant,"Ma'am, kya hum apne ghar ke bagiche mein apna khud ka compost banaye?",structured_context,ERROR,0.0,0,"Haan, hum apne ghar ke bagiche mein apna khud ka compost banaye. Compost banane ke liye hume kitchen ke kachre aur pattiyon ka upyog karna hota hai, jisse hume mitti ko urvarak banana mein madad milti hai.",8.5
124,llama-3.1-8b-instant,"Ma'am, kya hum apne ghar ke bagiche mein apna khud ka compost banaye?",hierarchical_context,ERROR,0.0,0,"Haan, hum apne ghar ke bagiche mein apna khud ka compost banaye. Compost banane ke liye hume kitchen ke kachre aur pattiyon ka upyog karna hota hai, jisse hume mitti ko urvarak banana mein madad milti hai.",8.5
124,llama-3.1-8b-instant,"Ma'am, kya hum apne ghar ke bagiche mein apna khud ka compost banaye?",rag_style,ERROR,0.0,0,"Haan, hum apne ghar ke bagiche mein apna khud ka compost banaye. Compost banane ke liye hume kitchen ke kachre aur pattiyon ka upyog karna hota hai, jisse hume mitti ko urvarak banana mein madad milti hai.",8.5
124,llama-3.1-8b-instant,"Ma'am, kya hum apne ghar ke bagiche mein apna khud ka compost banaye?",tree_of_thought,ERROR,0.0,0,"Haan, hum apne ghar ke bagiche mein apna khud ka compost banaye. Compost banane ke liye hume kitchen ke kachre aur pattiyon ka upyog karna hota hai, jisse hume mitti ko urvarak banana mein madad milti hai.",8.5
124,llama-3.1-8b-instant,"Ma'am, kya hum apne ghar ke bagiche mein apna khud ka compost banaye?",agentic_context,ERROR,0.0,0,"Haan, hum apne ghar ke bagiche mein apna khud ka compost banaye. Compost banane ke liye hume kitchen ke kachre aur pattiyon ka upyog karna hota hai, jisse hume mitti ko urvarak banana mein madad milti hai.",8.5
125,llama-3.1-8b-instant,What was Satyajit's current state of mind regarding his past and present circumstances?,zero_shot,"Bhai, yeh Satyajit ka kahaani hai. Uska mann yeh sochne lagaa tha ki jeevan mein kabhi kabhi tareeke se pehle ki baatein aati hain. Uska purana zindagi, jo usne pehle dekha tha, jisne use ek aisa jagah tak le jaaya tha jahan se vah aage badhne ke liye ek naya rasta banana pada tha.

Uska mann aisa lag raha tha ki vah apne purane dino ke baare mein sochta reh gaya hai, unke dard, unke safar, unke sapnon. Uska present zindagi mein vah aisa lag raha tha ki vah ek nai shuruat ko khoj raha tha, lekin",56.186,397,"He was in a state of turmoil, reflecting on his past successes and failures, and grappling with his present fall from fortune.",8.5
125,llama-3.1-8b-instant,What was Satyajit's current state of mind regarding his past and present circumstances?,few_shot,ERROR,0.0,0,"He was in a state of turmoil, reflecting on his past successes and failures, and grappling with his present fall from fortune.",8.5
125,llama-3.1-8b-instant,What was Satyajit's current state of mind regarding his past and present circumstances?,chain_of_thought,ERROR,0.0,0,"He was in a state of turmoil, reflecting on his past successes and failures, and grappling with his present fall from fortune.",8.5
125,llama-3.1-8b-instant,What was Satyajit's current state of mind regarding his past and present circumstances?,structured_context,ERROR,0.0,0,"He was in a state of turmoil, reflecting on his past successes and failures, and grappling with his present fall from fortune.",8.5
125,llama-3.1-8b-instant,What was Satyajit's current state of mind regarding his past and present circumstances?,hierarchical_context,ERROR,0.0,0,"He was in a state of turmoil, reflecting on his past successes and failures, and grappling with his present fall from fortune.",1.0
125,llama-3.1-8b-instant,What was Satyajit's current state of mind regarding his past and present circumstances?,rag_style,ERROR,0.0,0,"He was in a state of turmoil, reflecting on his past successes and failures, and grappling with his present fall from fortune.",0.0
125,llama-3.1-8b-instant,What was Satyajit's current state of mind regarding his past and present circumstances?,tree_of_thought,ERROR,0.0,0,"He was in a state of turmoil, reflecting on his past successes and failures, and grappling with his present fall from fortune.",8.5
125,llama-3.1-8b-instant,What was Satyajit's current state of mind regarding his past and present circumstances?,agentic_context,ERROR,0.0,0,"He was in a state of turmoil, reflecting on his past successes and failures, and grappling with his present fall from fortune.",1.0
126,llama-3.1-8b-instant,Supplementary reader me literature ka kya role hota hai?,zero_shot,ERROR,0.0,0,"Literature young minds ko mould karne me important role play karta hai, kyunki ye learners ko zindagi ke kayi tarah ke narratives se expose karta hai",8.5
126,llama-3.1-8b-instant,Supplementary reader me literature ka kya role hota hai?,few_shot,ERROR,0.0,0,"Literature young minds ko mould karne me important role play karta hai, kyunki ye learners ko zindagi ke kayi tarah ke narratives se expose karta hai",10.0
126,llama-3.1-8b-instant,Supplementary reader me literature ka kya role hota hai?,chain_of_thought,"Arre, yeh sawaal bahut achha hai. Main isey istemaal karke ek kadam-kadam ke liye jawab dene ki koshish karta hoon:

1. **Supplementary reader ka mukhy tatva**: Supplementary reader ek book hai jo students ko apne prathamik padhai ki takneekein ko badhane mein madad karta hai. Yeh book students ko adhik prabhavshali aur uchch satah ki padhai ki takneekein sikhane mein madad karta hai.
2. **Literature ka role**: Literature ka role ek padhai kee book mein bahut mahatvapurn hota hai. Yeh students k",70.689,636,"Literature young minds ko mould karne me important role play karta hai, kyunki ye learners ko zindagi ke kayi tarah ke narratives se expose karta hai",8.5
126,llama-3.1-8b-instant,Supplementary reader me literature ka kya role hota hai?,structured_context,ERROR,0.0,0,"Literature young minds ko mould karne me important role play karta hai, kyunki ye learners ko zindagi ke kayi tarah ke narratives se expose karta hai",8.5
126,llama-3.1-8b-instant,Supplementary reader me literature ka kya role hota hai?,hierarchical_context,ERROR,0.0,0,"Literature young minds ko mould karne me important role play karta hai, kyunki ye learners ko zindagi ke kayi tarah ke narratives se expose karta hai",8.5
126,llama-3.1-8b-instant,Supplementary reader me literature ka kya role hota hai?,rag_style,ERROR,0.0,0,"Literature young minds ko mould karne me important role play karta hai, kyunki ye learners ko zindagi ke kayi tarah ke narratives se expose karta hai",8.5
126,llama-3.1-8b-instant,Supplementary reader me literature ka kya role hota hai?,tree_of_thought,ERROR,0.0,0,"Literature young minds ko mould karne me important role play karta hai, kyunki ye learners ko zindagi ke kayi tarah ke narratives se expose karta hai",8.5
126,llama-3.1-8b-instant,Supplementary reader me literature ka kya role hota hai?,agentic_context,ERROR,0.0,0,"Literature young minds ko mould karne me important role play karta hai, kyunki ye learners ko zindagi ke kayi tarah ke narratives se expose karta hai",8.5
127,llama-3.1-8b-instant,"Kya order aur family hai jisme pheasants aate hain? 900 bird species aur 155 families mein se, pheasants Galliformes order aur Phasinidae family mein aate hain.",zero_shot,ERROR,0.0,0,Pheasants Galliformes order aur Phasinidae family mein aate hain.,8.5
127,llama-3.1-8b-instant,"Kya order aur family hai jisme pheasants aate hain? 900 bird species aur 155 families mein se, pheasants Galliformes order aur Phasinidae family mein aate hain.",few_shot,ERROR,0.0,0,Pheasants Galliformes order aur Phasinidae family mein aate hain.,8.5
127,llama-3.1-8b-instant,"Kya order aur family hai jisme pheasants aate hain? 900 bird species aur 155 families mein se, pheasants Galliformes order aur Phasinidae family mein aate hain.",chain_of_thought,ERROR,0.0,0,Pheasants Galliformes order aur Phasinidae family mein aate hain.,8.5
127,llama-3.1-8b-instant,"Kya order aur family hai jisme pheasants aate hain? 900 bird species aur 155 families mein se, pheasants Galliformes order aur Phasinidae family mein aate hain.",structured_context,ERROR,0.0,0,Pheasants Galliformes order aur Phasinidae family mein aate hain.,8.5
127,llama-3.1-8b-instant,"Kya order aur family hai jisme pheasants aate hain? 900 bird species aur 155 families mein se, pheasants Galliformes order aur Phasinidae family mein aate hain.",hierarchical_context,ERROR,0.0,0,Pheasants Galliformes order aur Phasinidae family mein aate hain.,8.5
127,llama-3.1-8b-instant,"Kya order aur family hai jisme pheasants aate hain? 900 bird species aur 155 families mein se, pheasants Galliformes order aur Phasinidae family mein aate hain.",rag_style,ERROR,0.0,0,Pheasants Galliformes order aur Phasinidae family mein aate hain.,8.5
127,llama-3.1-8b-instant,"Kya order aur family hai jisme pheasants aate hain? 900 bird species aur 155 families mein se, pheasants Galliformes order aur Phasinidae family mein aate hain.",tree_of_thought,ERROR,0.0,0,Pheasants Galliformes order aur Phasinidae family mein aate hain.,8.5
127,llama-3.1-8b-instant,"Kya order aur family hai jisme pheasants aate hain? 900 bird species aur 155 families mein se, pheasants Galliformes order aur Phasinidae family mein aate hain.",agentic_context,ERROR,0.0,0,Pheasants Galliformes order aur Phasinidae family mein aate hain.,8.5
128,llama-3.1-8b-instant,"Teacher ne students se Shakespeare ke Macbeth ke excerpt me se ek specific word ka definition pucha, aur jab related word ke baare me pucha gaya to kisi student ka kya response tha? Teacher ne students se ‘unseamed’ ka matlab pucha, jo thoda mushkil tha. Teacher ne unhe aur prodded, ‘seam’ ka kya matlab hai? Aapne is word ka kabhi use nahi kiya?’ Ek student ne jaldi se ‘cricket ball’ bol diya.",zero_shot,ERROR,0.0,0,Teacher ne ‘unseamed’ word ka definition manga. Jab ‘seam’ ke baare me pucha gaya to ek student ka notable response tha ‘cricket ball’.,8.5
128,llama-3.1-8b-instant,"Teacher ne students se Shakespeare ke Macbeth ke excerpt me se ek specific word ka definition pucha, aur jab related word ke baare me pucha gaya to kisi student ka kya response tha? Teacher ne students se ‘unseamed’ ka matlab pucha, jo thoda mushkil tha. Teacher ne unhe aur prodded, ‘seam’ ka kya matlab hai? Aapne is word ka kabhi use nahi kiya?’ Ek student ne jaldi se ‘cricket ball’ bol diya.",few_shot,ERROR,0.0,0,Teacher ne ‘unseamed’ word ka definition manga. Jab ‘seam’ ke baare me pucha gaya to ek student ka notable response tha ‘cricket ball’.,8.5
128,llama-3.1-8b-instant,"Teacher ne students se Shakespeare ke Macbeth ke excerpt me se ek specific word ka definition pucha, aur jab related word ke baare me pucha gaya to kisi student ka kya response tha? Teacher ne students se ‘unseamed’ ka matlab pucha, jo thoda mushkil tha. Teacher ne unhe aur prodded, ‘seam’ ka kya matlab hai? Aapne is word ka kabhi use nahi kiya?’ Ek student ne jaldi se ‘cricket ball’ bol diya.",chain_of_thought,ERROR,0.0,0,Teacher ne ‘unseamed’ word ka definition manga. Jab ‘seam’ ke baare me pucha gaya to ek student ka notable response tha ‘cricket ball’.,8.5
128,llama-3.1-8b-instant,"Teacher ne students se Shakespeare ke Macbeth ke excerpt me se ek specific word ka definition pucha, aur jab related word ke baare me pucha gaya to kisi student ka kya response tha? Teacher ne students se ‘unseamed’ ka matlab pucha, jo thoda mushkil tha. Teacher ne unhe aur prodded, ‘seam’ ka kya matlab hai? Aapne is word ka kabhi use nahi kiya?’ Ek student ne jaldi se ‘cricket ball’ bol diya.",structured_context,ERROR,0.0,0,Teacher ne ‘unseamed’ word ka definition manga. Jab ‘seam’ ke baare me pucha gaya to ek student ka notable response tha ‘cricket ball’.,8.5
128,llama-3.1-8b-instant,"Teacher ne students se Shakespeare ke Macbeth ke excerpt me se ek specific word ka definition pucha, aur jab related word ke baare me pucha gaya to kisi student ka kya response tha? Teacher ne students se ‘unseamed’ ka matlab pucha, jo thoda mushkil tha. Teacher ne unhe aur prodded, ‘seam’ ka kya matlab hai? Aapne is word ka kabhi use nahi kiya?’ Ek student ne jaldi se ‘cricket ball’ bol diya.",hierarchical_context,ERROR,0.0,0,Teacher ne ‘unseamed’ word ka definition manga. Jab ‘seam’ ke baare me pucha gaya to ek student ka notable response tha ‘cricket ball’.,8.5
128,llama-3.1-8b-instant,"Teacher ne students se Shakespeare ke Macbeth ke excerpt me se ek specific word ka definition pucha, aur jab related word ke baare me pucha gaya to kisi student ka kya response tha? Teacher ne students se ‘unseamed’ ka matlab pucha, jo thoda mushkil tha. Teacher ne unhe aur prodded, ‘seam’ ka kya matlab hai? Aapne is word ka kabhi use nahi kiya?’ Ek student ne jaldi se ‘cricket ball’ bol diya.",rag_style,ERROR,0.0,0,Teacher ne ‘unseamed’ word ka definition manga. Jab ‘seam’ ke baare me pucha gaya to ek student ka notable response tha ‘cricket ball’.,8.5
128,llama-3.1-8b-instant,"Teacher ne students se Shakespeare ke Macbeth ke excerpt me se ek specific word ka definition pucha, aur jab related word ke baare me pucha gaya to kisi student ka kya response tha? Teacher ne students se ‘unseamed’ ka matlab pucha, jo thoda mushkil tha. Teacher ne unhe aur prodded, ‘seam’ ka kya matlab hai? Aapne is word ka kabhi use nahi kiya?’ Ek student ne jaldi se ‘cricket ball’ bol diya.",tree_of_thought,ERROR,0.0,0,Teacher ne ‘unseamed’ word ka definition manga. Jab ‘seam’ ke baare me pucha gaya to ek student ka notable response tha ‘cricket ball’.,8.5
128,llama-3.1-8b-instant,"Teacher ne students se Shakespeare ke Macbeth ke excerpt me se ek specific word ka definition pucha, aur jab related word ke baare me pucha gaya to kisi student ka kya response tha? Teacher ne students se ‘unseamed’ ka matlab pucha, jo thoda mushkil tha. Teacher ne unhe aur prodded, ‘seam’ ka kya matlab hai? Aapne is word ka kabhi use nahi kiya?’ Ek student ne jaldi se ‘cricket ball’ bol diya.",agentic_context,ERROR,0.0,0,Teacher ne ‘unseamed’ word ka definition manga. Jab ‘seam’ ke baare me pucha gaya to ek student ka notable response tha ‘cricket ball’.,8.5
129,llama-3.1-8b-instant,"Sir, electricity ka adhar kya hai?",zero_shot,ERROR,0.0,0,"Electricity ka adhar electron ke pravaah mein hota hai. Jab electron ek conductor se guzarte hain, to ve electricity utpann karte hain.",10.0
129,llama-3.1-8b-instant,"Sir, electricity ka adhar kya hai?",few_shot,ERROR,0.0,0,"Electricity ka adhar electron ke pravaah mein hota hai. Jab electron ek conductor se guzarte hain, to ve electricity utpann karte hain.",0.0
129,llama-3.1-8b-instant,"Sir, electricity ka adhar kya hai?",chain_of_thought,ERROR,0.0,0,"Electricity ka adhar electron ke pravaah mein hota hai. Jab electron ek conductor se guzarte hain, to ve electricity utpann karte hain.",8.5
129,llama-3.1-8b-instant,"Sir, electricity ka adhar kya hai?",structured_context,ERROR,0.0,0,"Electricity ka adhar electron ke pravaah mein hota hai. Jab electron ek conductor se guzarte hain, to ve electricity utpann karte hain.",8.5
129,llama-3.1-8b-instant,"Sir, electricity ka adhar kya hai?",hierarchical_context,ERROR,0.0,0,"Electricity ka adhar electron ke pravaah mein hota hai. Jab electron ek conductor se guzarte hain, to ve electricity utpann karte hain.",1.0
129,llama-3.1-8b-instant,"Sir, electricity ka adhar kya hai?",rag_style,ERROR,0.0,0,"Electricity ka adhar electron ke pravaah mein hota hai. Jab electron ek conductor se guzarte hain, to ve electricity utpann karte hain.",1.0
129,llama-3.1-8b-instant,"Sir, electricity ka adhar kya hai?",tree_of_thought,ERROR,0.0,0,"Electricity ka adhar electron ke pravaah mein hota hai. Jab electron ek conductor se guzarte hain, to ve electricity utpann karte hain.",10.0
129,llama-3.1-8b-instant,"Sir, electricity ka adhar kya hai?",agentic_context,ERROR,0.0,0,"Electricity ka adhar electron ke pravaah mein hota hai. Jab electron ek conductor se guzarte hain, to ve electricity utpann karte hain.",1.0
130,llama-3.1-8b-instant,"Ma'am, kya hum history meh world war ke baare meh jaan sakte hai?",zero_shot,ERROR,0.0,0,"Haan, world war ek aisa conflict hota hai jismein kai desh shamil hote hai, jiske kaaran bahut saare logon ki maut hoti hai aur economy bhi prabhavit hoti hai. World war ke do bade conflicts hain, world war 1 aur world war 2.",8.5
130,llama-3.1-8b-instant,"Ma'am, kya hum history meh world war ke baare meh jaan sakte hai?",few_shot,ERROR,0.0,0,"Haan, world war ek aisa conflict hota hai jismein kai desh shamil hote hai, jiske kaaran bahut saare logon ki maut hoti hai aur economy bhi prabhavit hoti hai. World war ke do bade conflicts hain, world war 1 aur world war 2.",8.5
130,llama-3.1-8b-instant,"Ma'am, kya hum history meh world war ke baare meh jaan sakte hai?",chain_of_thought,ERROR,0.0,0,"Haan, world war ek aisa conflict hota hai jismein kai desh shamil hote hai, jiske kaaran bahut saare logon ki maut hoti hai aur economy bhi prabhavit hoti hai. World war ke do bade conflicts hain, world war 1 aur world war 2.",8.5
130,llama-3.1-8b-instant,"Ma'am, kya hum history meh world war ke baare meh jaan sakte hai?",structured_context,ERROR,0.0,0,"Haan, world war ek aisa conflict hota hai jismein kai desh shamil hote hai, jiske kaaran bahut saare logon ki maut hoti hai aur economy bhi prabhavit hoti hai. World war ke do bade conflicts hain, world war 1 aur world war 2.",8.5
130,llama-3.1-8b-instant,"Ma'am, kya hum history meh world war ke baare meh jaan sakte hai?",hierarchical_context,ERROR,0.0,0,"Haan, world war ek aisa conflict hota hai jismein kai desh shamil hote hai, jiske kaaran bahut saare logon ki maut hoti hai aur economy bhi prabhavit hoti hai. World war ke do bade conflicts hain, world war 1 aur world war 2.",8.5
130,llama-3.1-8b-instant,"Ma'am, kya hum history meh world war ke baare meh jaan sakte hai?",rag_style,ERROR,0.0,0,"Haan, world war ek aisa conflict hota hai jismein kai desh shamil hote hai, jiske kaaran bahut saare logon ki maut hoti hai aur economy bhi prabhavit hoti hai. World war ke do bade conflicts hain, world war 1 aur world war 2.",8.5
130,llama-3.1-8b-instant,"Ma'am, kya hum history meh world war ke baare meh jaan sakte hai?",tree_of_thought,ERROR,0.0,0,"Haan, world war ek aisa conflict hota hai jismein kai desh shamil hote hai, jiske kaaran bahut saare logon ki maut hoti hai aur economy bhi prabhavit hoti hai. World war ke do bade conflicts hain, world war 1 aur world war 2.",8.5
130,llama-3.1-8b-instant,"Ma'am, kya hum history meh world war ke baare meh jaan sakte hai?",agentic_context,ERROR,0.0,0,"Haan, world war ek aisa conflict hota hai jismein kai desh shamil hote hai, jiske kaaran bahut saare logon ki maut hoti hai aur economy bhi prabhavit hoti hai. World war ke do bade conflicts hain, world war 1 aur world war 2.",8.5
131,llama-3.1-8b-instant,"Howard Carter ne Tutankhamun ki mummy ko chiseling aur dissect karna kaun se drastic actions justify kiya? Usne apni defence me kaha ki uske paas kaafi kam choice tha. Agar usne mummy ko free nahi kiya hota, to chor guard ko circumvent karke mummy ko rip kar dete aur gold nikal dete",zero_shot,ERROR,0.0,0,"Carter ne apni actions ko justify kiya ke uske paas kaafi kam choice tha, agar usne mummy ko free nahi kiya hota to chor guard ko circumvent karke mummy ko rip kar dete aur gold chura lete",8.5
131,llama-3.1-8b-instant,"Howard Carter ne Tutankhamun ki mummy ko chiseling aur dissect karna kaun se drastic actions justify kiya? Usne apni defence me kaha ki uske paas kaafi kam choice tha. Agar usne mummy ko free nahi kiya hota, to chor guard ko circumvent karke mummy ko rip kar dete aur gold nikal dete",few_shot,ERROR,0.0,0,"Carter ne apni actions ko justify kiya ke uske paas kaafi kam choice tha, agar usne mummy ko free nahi kiya hota to chor guard ko circumvent karke mummy ko rip kar dete aur gold chura lete",8.5
131,llama-3.1-8b-instant,"Howard Carter ne Tutankhamun ki mummy ko chiseling aur dissect karna kaun se drastic actions justify kiya? Usne apni defence me kaha ki uske paas kaafi kam choice tha. Agar usne mummy ko free nahi kiya hota, to chor guard ko circumvent karke mummy ko rip kar dete aur gold nikal dete",chain_of_thought,ERROR,0.0,0,"Carter ne apni actions ko justify kiya ke uske paas kaafi kam choice tha, agar usne mummy ko free nahi kiya hota to chor guard ko circumvent karke mummy ko rip kar dete aur gold chura lete",9.0
131,llama-3.1-8b-instant,"Howard Carter ne Tutankhamun ki mummy ko chiseling aur dissect karna kaun se drastic actions justify kiya? Usne apni defence me kaha ki uske paas kaafi kam choice tha. Agar usne mummy ko free nahi kiya hota, to chor guard ko circumvent karke mummy ko rip kar dete aur gold nikal dete",structured_context,ERROR,0.0,0,"Carter ne apni actions ko justify kiya ke uske paas kaafi kam choice tha, agar usne mummy ko free nahi kiya hota to chor guard ko circumvent karke mummy ko rip kar dete aur gold chura lete",8.5
131,llama-3.1-8b-instant,"Howard Carter ne Tutankhamun ki mummy ko chiseling aur dissect karna kaun se drastic actions justify kiya? Usne apni defence me kaha ki uske paas kaafi kam choice tha. Agar usne mummy ko free nahi kiya hota, to chor guard ko circumvent karke mummy ko rip kar dete aur gold nikal dete",hierarchical_context,ERROR,0.0,0,"Carter ne apni actions ko justify kiya ke uske paas kaafi kam choice tha, agar usne mummy ko free nahi kiya hota to chor guard ko circumvent karke mummy ko rip kar dete aur gold chura lete",8.5
131,llama-3.1-8b-instant,"Howard Carter ne Tutankhamun ki mummy ko chiseling aur dissect karna kaun se drastic actions justify kiya? Usne apni defence me kaha ki uske paas kaafi kam choice tha. Agar usne mummy ko free nahi kiya hota, to chor guard ko circumvent karke mummy ko rip kar dete aur gold nikal dete",rag_style,ERROR,0.0,0,"Carter ne apni actions ko justify kiya ke uske paas kaafi kam choice tha, agar usne mummy ko free nahi kiya hota to chor guard ko circumvent karke mummy ko rip kar dete aur gold chura lete",8.5
131,llama-3.1-8b-instant,"Howard Carter ne Tutankhamun ki mummy ko chiseling aur dissect karna kaun se drastic actions justify kiya? Usne apni defence me kaha ki uske paas kaafi kam choice tha. Agar usne mummy ko free nahi kiya hota, to chor guard ko circumvent karke mummy ko rip kar dete aur gold nikal dete",tree_of_thought,ERROR,0.0,0,"Carter ne apni actions ko justify kiya ke uske paas kaafi kam choice tha, agar usne mummy ko free nahi kiya hota to chor guard ko circumvent karke mummy ko rip kar dete aur gold chura lete",8.5
131,llama-3.1-8b-instant,"Howard Carter ne Tutankhamun ki mummy ko chiseling aur dissect karna kaun se drastic actions justify kiya? Usne apni defence me kaha ki uske paas kaafi kam choice tha. Agar usne mummy ko free nahi kiya hota, to chor guard ko circumvent karke mummy ko rip kar dete aur gold nikal dete",agentic_context,ERROR,0.0,0,"Carter ne apni actions ko justify kiya ke uske paas kaafi kam choice tha, agar usne mummy ko free nahi kiya hota to chor guard ko circumvent karke mummy ko rip kar dete aur gold chura lete",8.5
132,llama-3.1-8b-instant,"Mrs Pearson, jo ab Mrs Fitzgerald ke body meh hai, wo Mrs Pearson ke family ke saath kya karne wali hai?",zero_shot,ERROR,0.0,0,Wo Mrs Pearson ke family se confront karna chahti hai aur unhe apna authority dikhana chahti hai,0.0
132,llama-3.1-8b-instant,"Mrs Pearson, jo ab Mrs Fitzgerald ke body meh hai, wo Mrs Pearson ke family ke saath kya karne wali hai?",few_shot,ERROR,0.0,0,Wo Mrs Pearson ke family se confront karna chahti hai aur unhe apna authority dikhana chahti hai,0.0
132,llama-3.1-8b-instant,"Mrs Pearson, jo ab Mrs Fitzgerald ke body meh hai, wo Mrs Pearson ke family ke saath kya karne wali hai?",chain_of_thought,ERROR,0.0,0,Wo Mrs Pearson ke family se confront karna chahti hai aur unhe apna authority dikhana chahti hai,0.0
132,llama-3.1-8b-instant,"Mrs Pearson, jo ab Mrs Fitzgerald ke body meh hai, wo Mrs Pearson ke family ke saath kya karne wali hai?",structured_context,ERROR,0.0,0,Wo Mrs Pearson ke family se confront karna chahti hai aur unhe apna authority dikhana chahti hai,0.0
132,llama-3.1-8b-instant,"Mrs Pearson, jo ab Mrs Fitzgerald ke body meh hai, wo Mrs Pearson ke family ke saath kya karne wali hai?",hierarchical_context,ERROR,0.0,0,Wo Mrs Pearson ke family se confront karna chahti hai aur unhe apna authority dikhana chahti hai,8.5
132,llama-3.1-8b-instant,"Mrs Pearson, jo ab Mrs Fitzgerald ke body meh hai, wo Mrs Pearson ke family ke saath kya karne wali hai?",rag_style,ERROR,0.0,0,Wo Mrs Pearson ke family se confront karna chahti hai aur unhe apna authority dikhana chahti hai,0.0
132,llama-3.1-8b-instant,"Mrs Pearson, jo ab Mrs Fitzgerald ke body meh hai, wo Mrs Pearson ke family ke saath kya karne wali hai?",tree_of_thought,ERROR,0.0,0,Wo Mrs Pearson ke family se confront karna chahti hai aur unhe apna authority dikhana chahti hai,2.0
132,llama-3.1-8b-instant,"Mrs Pearson, jo ab Mrs Fitzgerald ke body meh hai, wo Mrs Pearson ke family ke saath kya karne wali hai?",agentic_context,ERROR,0.0,0,Wo Mrs Pearson ke family se confront karna chahti hai aur unhe apna authority dikhana chahti hai,8.5
133,llama-3.1-8b-instant,"Describe the narrator's first night in America. I spent my first night at the YMCA in Central Square, Cambridge, an inexpensive accommodation recommended by my guidebook. It was walking distance from MIT, and steps away from the post office and a supermarket called Purity Supreme.",zero_shot,ERROR,0.0,0,"The narrator spent his first night in America at the YMCA in Central Square, Cambridge, which was an inexpensive accommodation near MIT, the post office, and a supermarket called Purity Supreme.",8.5
133,llama-3.1-8b-instant,"Describe the narrator's first night in America. I spent my first night at the YMCA in Central Square, Cambridge, an inexpensive accommodation recommended by my guidebook. It was walking distance from MIT, and steps away from the post office and a supermarket called Purity Supreme.",few_shot,ERROR,0.0,0,"The narrator spent his first night in America at the YMCA in Central Square, Cambridge, which was an inexpensive accommodation near MIT, the post office, and a supermarket called Purity Supreme.",8.5
133,llama-3.1-8b-instant,"Describe the narrator's first night in America. I spent my first night at the YMCA in Central Square, Cambridge, an inexpensive accommodation recommended by my guidebook. It was walking distance from MIT, and steps away from the post office and a supermarket called Purity Supreme.",chain_of_thought,ERROR,0.0,0,"The narrator spent his first night in America at the YMCA in Central Square, Cambridge, which was an inexpensive accommodation near MIT, the post office, and a supermarket called Purity Supreme.",1.0
133,llama-3.1-8b-instant,"Describe the narrator's first night in America. I spent my first night at the YMCA in Central Square, Cambridge, an inexpensive accommodation recommended by my guidebook. It was walking distance from MIT, and steps away from the post office and a supermarket called Purity Supreme.",structured_context,ERROR,0.0,0,"The narrator spent his first night in America at the YMCA in Central Square, Cambridge, which was an inexpensive accommodation near MIT, the post office, and a supermarket called Purity Supreme.",8.5
133,llama-3.1-8b-instant,"Describe the narrator's first night in America. I spent my first night at the YMCA in Central Square, Cambridge, an inexpensive accommodation recommended by my guidebook. It was walking distance from MIT, and steps away from the post office and a supermarket called Purity Supreme.",hierarchical_context,ERROR,0.0,0,"The narrator spent his first night in America at the YMCA in Central Square, Cambridge, which was an inexpensive accommodation near MIT, the post office, and a supermarket called Purity Supreme.",8.5
133,llama-3.1-8b-instant,"Describe the narrator's first night in America. I spent my first night at the YMCA in Central Square, Cambridge, an inexpensive accommodation recommended by my guidebook. It was walking distance from MIT, and steps away from the post office and a supermarket called Purity Supreme.",rag_style,ERROR,0.0,0,"The narrator spent his first night in America at the YMCA in Central Square, Cambridge, which was an inexpensive accommodation near MIT, the post office, and a supermarket called Purity Supreme.",8.5
133,llama-3.1-8b-instant,"Describe the narrator's first night in America. I spent my first night at the YMCA in Central Square, Cambridge, an inexpensive accommodation recommended by my guidebook. It was walking distance from MIT, and steps away from the post office and a supermarket called Purity Supreme.",tree_of_thought,ERROR,0.0,0,"The narrator spent his first night in America at the YMCA in Central Square, Cambridge, which was an inexpensive accommodation near MIT, the post office, and a supermarket called Purity Supreme.",8.5
133,llama-3.1-8b-instant,"Describe the narrator's first night in America. I spent my first night at the YMCA in Central Square, Cambridge, an inexpensive accommodation recommended by my guidebook. It was walking distance from MIT, and steps away from the post office and a supermarket called Purity Supreme.",agentic_context,ERROR,0.0,0,"The narrator spent his first night in America at the YMCA in Central Square, Cambridge, which was an inexpensive accommodation near MIT, the post office, and a supermarket called Purity Supreme.",8.5
134,llama-3.1-8b-instant,"King Tut ki mummy ke baare mein 1968 mein X-ray examination se kya chaukane wala fact pata chala? 1968 mein, Carter ke discovery ke 40 saal ke baad, ek anatomy professor ne mummy ki X-ray ki aur ek chaukane wala fact reveal kiya: resin ke neeche, uske chest ke andar, uska breast-bone aur front ribs gayab hain.",zero_shot,ERROR,0.0,0,1968 mein X-ray se pata chala ki King Tut ke paas resin ke neeche chest ke andar breast-bone aur front ribs nahi hain.,8.5
134,llama-3.1-8b-instant,"King Tut ki mummy ke baare mein 1968 mein X-ray examination se kya chaukane wala fact pata chala? 1968 mein, Carter ke discovery ke 40 saal ke baad, ek anatomy professor ne mummy ki X-ray ki aur ek chaukane wala fact reveal kiya: resin ke neeche, uske chest ke andar, uska breast-bone aur front ribs gayab hain.",few_shot,ERROR,0.0,0,1968 mein X-ray se pata chala ki King Tut ke paas resin ke neeche chest ke andar breast-bone aur front ribs nahi hain.,8.5
134,llama-3.1-8b-instant,"King Tut ki mummy ke baare mein 1968 mein X-ray examination se kya chaukane wala fact pata chala? 1968 mein, Carter ke discovery ke 40 saal ke baad, ek anatomy professor ne mummy ki X-ray ki aur ek chaukane wala fact reveal kiya: resin ke neeche, uske chest ke andar, uska breast-bone aur front ribs gayab hain.",chain_of_thought,ERROR,0.0,0,1968 mein X-ray se pata chala ki King Tut ke paas resin ke neeche chest ke andar breast-bone aur front ribs nahi hain.,8.5
134,llama-3.1-8b-instant,"King Tut ki mummy ke baare mein 1968 mein X-ray examination se kya chaukane wala fact pata chala? 1968 mein, Carter ke discovery ke 40 saal ke baad, ek anatomy professor ne mummy ki X-ray ki aur ek chaukane wala fact reveal kiya: resin ke neeche, uske chest ke andar, uska breast-bone aur front ribs gayab hain.",structured_context,ERROR,0.0,0,1968 mein X-ray se pata chala ki King Tut ke paas resin ke neeche chest ke andar breast-bone aur front ribs nahi hain.,8.5
134,llama-3.1-8b-instant,"King Tut ki mummy ke baare mein 1968 mein X-ray examination se kya chaukane wala fact pata chala? 1968 mein, Carter ke discovery ke 40 saal ke baad, ek anatomy professor ne mummy ki X-ray ki aur ek chaukane wala fact reveal kiya: resin ke neeche, uske chest ke andar, uska breast-bone aur front ribs gayab hain.",hierarchical_context,ERROR,0.0,0,1968 mein X-ray se pata chala ki King Tut ke paas resin ke neeche chest ke andar breast-bone aur front ribs nahi hain.,8.5
134,llama-3.1-8b-instant,"King Tut ki mummy ke baare mein 1968 mein X-ray examination se kya chaukane wala fact pata chala? 1968 mein, Carter ke discovery ke 40 saal ke baad, ek anatomy professor ne mummy ki X-ray ki aur ek chaukane wala fact reveal kiya: resin ke neeche, uske chest ke andar, uska breast-bone aur front ribs gayab hain.",rag_style,ERROR,0.0,0,1968 mein X-ray se pata chala ki King Tut ke paas resin ke neeche chest ke andar breast-bone aur front ribs nahi hain.,8.5
134,llama-3.1-8b-instant,"King Tut ki mummy ke baare mein 1968 mein X-ray examination se kya chaukane wala fact pata chala? 1968 mein, Carter ke discovery ke 40 saal ke baad, ek anatomy professor ne mummy ki X-ray ki aur ek chaukane wala fact reveal kiya: resin ke neeche, uske chest ke andar, uska breast-bone aur front ribs gayab hain.",tree_of_thought,ERROR,0.0,0,1968 mein X-ray se pata chala ki King Tut ke paas resin ke neeche chest ke andar breast-bone aur front ribs nahi hain.,8.5
134,llama-3.1-8b-instant,"King Tut ki mummy ke baare mein 1968 mein X-ray examination se kya chaukane wala fact pata chala? 1968 mein, Carter ke discovery ke 40 saal ke baad, ek anatomy professor ne mummy ki X-ray ki aur ek chaukane wala fact reveal kiya: resin ke neeche, uske chest ke andar, uska breast-bone aur front ribs gayab hain.",agentic_context,ERROR,0.0,0,1968 mein X-ray se pata chala ki King Tut ke paas resin ke neeche chest ke andar breast-bone aur front ribs nahi hain.,8.5
135,llama-3.1-8b-instant,"Dadi ji ke liye din ka sabse khushiyon bhara adha ghanta ka samay kab hota tha jab narrator university mein hota tha? Sirf dopahar mein woh thodi der ke liye aaraam karti thi taaki chidiyon ko khana khilaye. Jab woh verandah mein baithkar bread ko chhote tukdon mein todti thi, toh hazaron chhote chhote pakshi uske aas paas ikattha ho jaate the, aur ek ajeeb tarah ki shor mach jaata tha. Kuch pakshi uske pairon par, kuch uske kandhe par, aur kuch toh uske sir par baith jaate the. Woh muskuraati thi lekin unhein kabhi bhi bhagaati nahi thi. Yeh uske liye din ka sabse khushiyon bhara adha ghanta hota tha.",zero_shot,ERROR,0.0,0,"Dadi ji ke liye din ka sabse khushiyon bhara adha ghanta ka samay dopahar mein hota tha jab woh aaraam karti thi aur chidiyon ko khana khilati thi. Woh verandah mein baithkar bread ko chhote tukdon mein todti thi, aur hazaron pakshi uske aas paas ikattha ho jaate the, uske pairon par, kandhe par, au",8.5
135,llama-3.1-8b-instant,"Dadi ji ke liye din ka sabse khushiyon bhara adha ghanta ka samay kab hota tha jab narrator university mein hota tha? Sirf dopahar mein woh thodi der ke liye aaraam karti thi taaki chidiyon ko khana khilaye. Jab woh verandah mein baithkar bread ko chhote tukdon mein todti thi, toh hazaron chhote chhote pakshi uske aas paas ikattha ho jaate the, aur ek ajeeb tarah ki shor mach jaata tha. Kuch pakshi uske pairon par, kuch uske kandhe par, aur kuch toh uske sir par baith jaate the. Woh muskuraati thi lekin unhein kabhi bhi bhagaati nahi thi. Yeh uske liye din ka sabse khushiyon bhara adha ghanta hota tha.",few_shot,ERROR,0.0,0,"Dadi ji ke liye din ka sabse khushiyon bhara adha ghanta ka samay dopahar mein hota tha jab woh aaraam karti thi aur chidiyon ko khana khilati thi. Woh verandah mein baithkar bread ko chhote tukdon mein todti thi, aur hazaron pakshi uske aas paas ikattha ho jaate the, uske pairon par, kandhe par, au",8.5
135,llama-3.1-8b-instant,"Dadi ji ke liye din ka sabse khushiyon bhara adha ghanta ka samay kab hota tha jab narrator university mein hota tha? Sirf dopahar mein woh thodi der ke liye aaraam karti thi taaki chidiyon ko khana khilaye. Jab woh verandah mein baithkar bread ko chhote tukdon mein todti thi, toh hazaron chhote chhote pakshi uske aas paas ikattha ho jaate the, aur ek ajeeb tarah ki shor mach jaata tha. Kuch pakshi uske pairon par, kuch uske kandhe par, aur kuch toh uske sir par baith jaate the. Woh muskuraati thi lekin unhein kabhi bhi bhagaati nahi thi. Yeh uske liye din ka sabse khushiyon bhara adha ghanta hota tha.",chain_of_thought,ERROR,0.0,0,"Dadi ji ke liye din ka sabse khushiyon bhara adha ghanta ka samay dopahar mein hota tha jab woh aaraam karti thi aur chidiyon ko khana khilati thi. Woh verandah mein baithkar bread ko chhote tukdon mein todti thi, aur hazaron pakshi uske aas paas ikattha ho jaate the, uske pairon par, kandhe par, au",8.5
135,llama-3.1-8b-instant,"Dadi ji ke liye din ka sabse khushiyon bhara adha ghanta ka samay kab hota tha jab narrator university mein hota tha? Sirf dopahar mein woh thodi der ke liye aaraam karti thi taaki chidiyon ko khana khilaye. Jab woh verandah mein baithkar bread ko chhote tukdon mein todti thi, toh hazaron chhote chhote pakshi uske aas paas ikattha ho jaate the, aur ek ajeeb tarah ki shor mach jaata tha. Kuch pakshi uske pairon par, kuch uske kandhe par, aur kuch toh uske sir par baith jaate the. Woh muskuraati thi lekin unhein kabhi bhi bhagaati nahi thi. Yeh uske liye din ka sabse khushiyon bhara adha ghanta hota tha.",structured_context,ERROR,0.0,0,"Dadi ji ke liye din ka sabse khushiyon bhara adha ghanta ka samay dopahar mein hota tha jab woh aaraam karti thi aur chidiyon ko khana khilati thi. Woh verandah mein baithkar bread ko chhote tukdon mein todti thi, aur hazaron pakshi uske aas paas ikattha ho jaate the, uske pairon par, kandhe par, au",8.5
135,llama-3.1-8b-instant,"Dadi ji ke liye din ka sabse khushiyon bhara adha ghanta ka samay kab hota tha jab narrator university mein hota tha? Sirf dopahar mein woh thodi der ke liye aaraam karti thi taaki chidiyon ko khana khilaye. Jab woh verandah mein baithkar bread ko chhote tukdon mein todti thi, toh hazaron chhote chhote pakshi uske aas paas ikattha ho jaate the, aur ek ajeeb tarah ki shor mach jaata tha. Kuch pakshi uske pairon par, kuch uske kandhe par, aur kuch toh uske sir par baith jaate the. Woh muskuraati thi lekin unhein kabhi bhi bhagaati nahi thi. Yeh uske liye din ka sabse khushiyon bhara adha ghanta hota tha.",hierarchical_context,ERROR,0.0,0,"Dadi ji ke liye din ka sabse khushiyon bhara adha ghanta ka samay dopahar mein hota tha jab woh aaraam karti thi aur chidiyon ko khana khilati thi. Woh verandah mein baithkar bread ko chhote tukdon mein todti thi, aur hazaron pakshi uske aas paas ikattha ho jaate the, uske pairon par, kandhe par, au",8.5
135,llama-3.1-8b-instant,"Dadi ji ke liye din ka sabse khushiyon bhara adha ghanta ka samay kab hota tha jab narrator university mein hota tha? Sirf dopahar mein woh thodi der ke liye aaraam karti thi taaki chidiyon ko khana khilaye. Jab woh verandah mein baithkar bread ko chhote tukdon mein todti thi, toh hazaron chhote chhote pakshi uske aas paas ikattha ho jaate the, aur ek ajeeb tarah ki shor mach jaata tha. Kuch pakshi uske pairon par, kuch uske kandhe par, aur kuch toh uske sir par baith jaate the. Woh muskuraati thi lekin unhein kabhi bhi bhagaati nahi thi. Yeh uske liye din ka sabse khushiyon bhara adha ghanta hota tha.",rag_style,ERROR,0.0,0,"Dadi ji ke liye din ka sabse khushiyon bhara adha ghanta ka samay dopahar mein hota tha jab woh aaraam karti thi aur chidiyon ko khana khilati thi. Woh verandah mein baithkar bread ko chhote tukdon mein todti thi, aur hazaron pakshi uske aas paas ikattha ho jaate the, uske pairon par, kandhe par, au",8.5
135,llama-3.1-8b-instant,"Dadi ji ke liye din ka sabse khushiyon bhara adha ghanta ka samay kab hota tha jab narrator university mein hota tha? Sirf dopahar mein woh thodi der ke liye aaraam karti thi taaki chidiyon ko khana khilaye. Jab woh verandah mein baithkar bread ko chhote tukdon mein todti thi, toh hazaron chhote chhote pakshi uske aas paas ikattha ho jaate the, aur ek ajeeb tarah ki shor mach jaata tha. Kuch pakshi uske pairon par, kuch uske kandhe par, aur kuch toh uske sir par baith jaate the. Woh muskuraati thi lekin unhein kabhi bhi bhagaati nahi thi. Yeh uske liye din ka sabse khushiyon bhara adha ghanta hota tha.",tree_of_thought,ERROR,0.0,0,"Dadi ji ke liye din ka sabse khushiyon bhara adha ghanta ka samay dopahar mein hota tha jab woh aaraam karti thi aur chidiyon ko khana khilati thi. Woh verandah mein baithkar bread ko chhote tukdon mein todti thi, aur hazaron pakshi uske aas paas ikattha ho jaate the, uske pairon par, kandhe par, au",8.5
135,llama-3.1-8b-instant,"Dadi ji ke liye din ka sabse khushiyon bhara adha ghanta ka samay kab hota tha jab narrator university mein hota tha? Sirf dopahar mein woh thodi der ke liye aaraam karti thi taaki chidiyon ko khana khilaye. Jab woh verandah mein baithkar bread ko chhote tukdon mein todti thi, toh hazaron chhote chhote pakshi uske aas paas ikattha ho jaate the, aur ek ajeeb tarah ki shor mach jaata tha. Kuch pakshi uske pairon par, kuch uske kandhe par, aur kuch toh uske sir par baith jaate the. Woh muskuraati thi lekin unhein kabhi bhi bhagaati nahi thi. Yeh uske liye din ka sabse khushiyon bhara adha ghanta hota tha.",agentic_context,ERROR,0.0,0,"Dadi ji ke liye din ka sabse khushiyon bhara adha ghanta ka samay dopahar mein hota tha jab woh aaraam karti thi aur chidiyon ko khana khilati thi. Woh verandah mein baithkar bread ko chhote tukdon mein todti thi, aur hazaron pakshi uske aas paas ikattha ho jaate the, uske pairon par, kandhe par, au",8.5
136,llama-3.1-8b-instant,"Ma'am, kya humne Kalpana Chawla ke baare me padha tha, unka contribution space science me kya tha?",zero_shot,ERROR,0.0,0,"Haan, humne Kalpana Chawla ke baare me padha tha, unka contribution space science me bahut bada tha, unhone NASA ke saath kaam kiya aur space me many missions complete ki.",8.5
136,llama-3.1-8b-instant,"Ma'am, kya humne Kalpana Chawla ke baare me padha tha, unka contribution space science me kya tha?",few_shot,ERROR,0.0,0,"Haan, humne Kalpana Chawla ke baare me padha tha, unka contribution space science me bahut bada tha, unhone NASA ke saath kaam kiya aur space me many missions complete ki.",8.5
136,llama-3.1-8b-instant,"Ma'am, kya humne Kalpana Chawla ke baare me padha tha, unka contribution space science me kya tha?",chain_of_thought,ERROR,0.0,0,"Haan, humne Kalpana Chawla ke baare me padha tha, unka contribution space science me bahut bada tha, unhone NASA ke saath kaam kiya aur space me many missions complete ki.",8.5
136,llama-3.1-8b-instant,"Ma'am, kya humne Kalpana Chawla ke baare me padha tha, unka contribution space science me kya tha?",structured_context,ERROR,0.0,0,"Haan, humne Kalpana Chawla ke baare me padha tha, unka contribution space science me bahut bada tha, unhone NASA ke saath kaam kiya aur space me many missions complete ki.",8.5
136,llama-3.1-8b-instant,"Ma'am, kya humne Kalpana Chawla ke baare me padha tha, unka contribution space science me kya tha?",hierarchical_context,ERROR,0.0,0,"Haan, humne Kalpana Chawla ke baare me padha tha, unka contribution space science me bahut bada tha, unhone NASA ke saath kaam kiya aur space me many missions complete ki.",8.5
136,llama-3.1-8b-instant,"Ma'am, kya humne Kalpana Chawla ke baare me padha tha, unka contribution space science me kya tha?",rag_style,ERROR,0.0,0,"Haan, humne Kalpana Chawla ke baare me padha tha, unka contribution space science me bahut bada tha, unhone NASA ke saath kaam kiya aur space me many missions complete ki.",8.5
136,llama-3.1-8b-instant,"Ma'am, kya humne Kalpana Chawla ke baare me padha tha, unka contribution space science me kya tha?",tree_of_thought,ERROR,0.0,0,"Haan, humne Kalpana Chawla ke baare me padha tha, unka contribution space science me bahut bada tha, unhone NASA ke saath kaam kiya aur space me many missions complete ki.",8.5
136,llama-3.1-8b-instant,"Ma'am, kya humne Kalpana Chawla ke baare me padha tha, unka contribution space science me kya tha?",agentic_context,ERROR,0.0,0,"Haan, humne Kalpana Chawla ke baare me padha tha, unka contribution space science me bahut bada tha, unhone NASA ke saath kaam kiya aur space me many missions complete ki.",8.5
137,llama-3.1-8b-instant,"Kuch common expressions hai jo hume letter start ya end karte waqt avoid karna chahiye, wo kya hai? Humen apne letters ko 'With reference to your letter dated 10 January' jaise hackneyed expressions se start nahi karna chahiye. Iske bajaye hum 'I was glad to receive your letter of 10 January…' ya 'We were happy to note from your letter that the goods have reached you safely…' jaise personalised variations use kar sakte hai. Aur letters ko 'Thanking you' ya 'Awaiting your reply' jaise hanging participles se end nahi karna chahiye, iske bajaye hum 'Thank you' ya 'We/I await/ look forward to your reply' likh sakte hai.",zero_shot,ERROR,0.0,0,Letter start karte waqt humen 'With reference to your letter dated 10 January' jaise hackneyed expressions se bachna chahiye. Iske bajaye hum 'I was glad to receive your letter of 10 January…' jaise personalised variations use kar sakte hai. Aur letter end karte waqt humen 'Thanking you' ya 'Awaitin,8.5
137,llama-3.1-8b-instant,"Kuch common expressions hai jo hume letter start ya end karte waqt avoid karna chahiye, wo kya hai? Humen apne letters ko 'With reference to your letter dated 10 January' jaise hackneyed expressions se start nahi karna chahiye. Iske bajaye hum 'I was glad to receive your letter of 10 January…' ya 'We were happy to note from your letter that the goods have reached you safely…' jaise personalised variations use kar sakte hai. Aur letters ko 'Thanking you' ya 'Awaiting your reply' jaise hanging participles se end nahi karna chahiye, iske bajaye hum 'Thank you' ya 'We/I await/ look forward to your reply' likh sakte hai.",few_shot,ERROR,0.0,0,Letter start karte waqt humen 'With reference to your letter dated 10 January' jaise hackneyed expressions se bachna chahiye. Iske bajaye hum 'I was glad to receive your letter of 10 January…' jaise personalised variations use kar sakte hai. Aur letter end karte waqt humen 'Thanking you' ya 'Awaitin,8.5
137,llama-3.1-8b-instant,"Kuch common expressions hai jo hume letter start ya end karte waqt avoid karna chahiye, wo kya hai? Humen apne letters ko 'With reference to your letter dated 10 January' jaise hackneyed expressions se start nahi karna chahiye. Iske bajaye hum 'I was glad to receive your letter of 10 January…' ya 'We were happy to note from your letter that the goods have reached you safely…' jaise personalised variations use kar sakte hai. Aur letters ko 'Thanking you' ya 'Awaiting your reply' jaise hanging participles se end nahi karna chahiye, iske bajaye hum 'Thank you' ya 'We/I await/ look forward to your reply' likh sakte hai.",chain_of_thought,ERROR,0.0,0,Letter start karte waqt humen 'With reference to your letter dated 10 January' jaise hackneyed expressions se bachna chahiye. Iske bajaye hum 'I was glad to receive your letter of 10 January…' jaise personalised variations use kar sakte hai. Aur letter end karte waqt humen 'Thanking you' ya 'Awaitin,8.5
137,llama-3.1-8b-instant,"Kuch common expressions hai jo hume letter start ya end karte waqt avoid karna chahiye, wo kya hai? Humen apne letters ko 'With reference to your letter dated 10 January' jaise hackneyed expressions se start nahi karna chahiye. Iske bajaye hum 'I was glad to receive your letter of 10 January…' ya 'We were happy to note from your letter that the goods have reached you safely…' jaise personalised variations use kar sakte hai. Aur letters ko 'Thanking you' ya 'Awaiting your reply' jaise hanging participles se end nahi karna chahiye, iske bajaye hum 'Thank you' ya 'We/I await/ look forward to your reply' likh sakte hai.",structured_context,ERROR,0.0,0,Letter start karte waqt humen 'With reference to your letter dated 10 January' jaise hackneyed expressions se bachna chahiye. Iske bajaye hum 'I was glad to receive your letter of 10 January…' jaise personalised variations use kar sakte hai. Aur letter end karte waqt humen 'Thanking you' ya 'Awaitin,8.5
137,llama-3.1-8b-instant,"Kuch common expressions hai jo hume letter start ya end karte waqt avoid karna chahiye, wo kya hai? Humen apne letters ko 'With reference to your letter dated 10 January' jaise hackneyed expressions se start nahi karna chahiye. Iske bajaye hum 'I was glad to receive your letter of 10 January…' ya 'We were happy to note from your letter that the goods have reached you safely…' jaise personalised variations use kar sakte hai. Aur letters ko 'Thanking you' ya 'Awaiting your reply' jaise hanging participles se end nahi karna chahiye, iske bajaye hum 'Thank you' ya 'We/I await/ look forward to your reply' likh sakte hai.",hierarchical_context,ERROR,0.0,0,Letter start karte waqt humen 'With reference to your letter dated 10 January' jaise hackneyed expressions se bachna chahiye. Iske bajaye hum 'I was glad to receive your letter of 10 January…' jaise personalised variations use kar sakte hai. Aur letter end karte waqt humen 'Thanking you' ya 'Awaitin,8.5
137,llama-3.1-8b-instant,"Kuch common expressions hai jo hume letter start ya end karte waqt avoid karna chahiye, wo kya hai? Humen apne letters ko 'With reference to your letter dated 10 January' jaise hackneyed expressions se start nahi karna chahiye. Iske bajaye hum 'I was glad to receive your letter of 10 January…' ya 'We were happy to note from your letter that the goods have reached you safely…' jaise personalised variations use kar sakte hai. Aur letters ko 'Thanking you' ya 'Awaiting your reply' jaise hanging participles se end nahi karna chahiye, iske bajaye hum 'Thank you' ya 'We/I await/ look forward to your reply' likh sakte hai.",rag_style,ERROR,0.0,0,Letter start karte waqt humen 'With reference to your letter dated 10 January' jaise hackneyed expressions se bachna chahiye. Iske bajaye hum 'I was glad to receive your letter of 10 January…' jaise personalised variations use kar sakte hai. Aur letter end karte waqt humen 'Thanking you' ya 'Awaitin,8.5
137,llama-3.1-8b-instant,"Kuch common expressions hai jo hume letter start ya end karte waqt avoid karna chahiye, wo kya hai? Humen apne letters ko 'With reference to your letter dated 10 January' jaise hackneyed expressions se start nahi karna chahiye. Iske bajaye hum 'I was glad to receive your letter of 10 January…' ya 'We were happy to note from your letter that the goods have reached you safely…' jaise personalised variations use kar sakte hai. Aur letters ko 'Thanking you' ya 'Awaiting your reply' jaise hanging participles se end nahi karna chahiye, iske bajaye hum 'Thank you' ya 'We/I await/ look forward to your reply' likh sakte hai.",tree_of_thought,ERROR,0.0,0,Letter start karte waqt humen 'With reference to your letter dated 10 January' jaise hackneyed expressions se bachna chahiye. Iske bajaye hum 'I was glad to receive your letter of 10 January…' jaise personalised variations use kar sakte hai. Aur letter end karte waqt humen 'Thanking you' ya 'Awaitin,8.5
137,llama-3.1-8b-instant,"Kuch common expressions hai jo hume letter start ya end karte waqt avoid karna chahiye, wo kya hai? Humen apne letters ko 'With reference to your letter dated 10 January' jaise hackneyed expressions se start nahi karna chahiye. Iske bajaye hum 'I was glad to receive your letter of 10 January…' ya 'We were happy to note from your letter that the goods have reached you safely…' jaise personalised variations use kar sakte hai. Aur letters ko 'Thanking you' ya 'Awaiting your reply' jaise hanging participles se end nahi karna chahiye, iske bajaye hum 'Thank you' ya 'We/I await/ look forward to your reply' likh sakte hai.",agentic_context,ERROR,0.0,0,Letter start karte waqt humen 'With reference to your letter dated 10 January' jaise hackneyed expressions se bachna chahiye. Iske bajaye hum 'I was glad to receive your letter of 10 January…' jaise personalised variations use kar sakte hai. Aur letter end karte waqt humen 'Thanking you' ya 'Awaitin,8.5
138,llama-3.1-8b-instant,"Sir, mitosis ki prakriya kya hai?",zero_shot,ERROR,0.0,0,Mitosis ek aisi prakriya hai jismein cell do barabari ke cellon mein vibhajit hota hai. Issey cell ki sanrachna aur kary same rehte hain.,8.5
138,llama-3.1-8b-instant,"Sir, mitosis ki prakriya kya hai?",few_shot,ERROR,0.0,0,Mitosis ek aisi prakriya hai jismein cell do barabari ke cellon mein vibhajit hota hai. Issey cell ki sanrachna aur kary same rehte hain.,0.0
138,llama-3.1-8b-instant,"Sir, mitosis ki prakriya kya hai?",chain_of_thought,ERROR,0.0,0,Mitosis ek aisi prakriya hai jismein cell do barabari ke cellon mein vibhajit hota hai. Issey cell ki sanrachna aur kary same rehte hain.,8.5
138,llama-3.1-8b-instant,"Sir, mitosis ki prakriya kya hai?",structured_context,ERROR,0.0,0,Mitosis ek aisi prakriya hai jismein cell do barabari ke cellon mein vibhajit hota hai. Issey cell ki sanrachna aur kary same rehte hain.,8.5
138,llama-3.1-8b-instant,"Sir, mitosis ki prakriya kya hai?",hierarchical_context,ERROR,0.0,0,Mitosis ek aisi prakriya hai jismein cell do barabari ke cellon mein vibhajit hota hai. Issey cell ki sanrachna aur kary same rehte hain.,8.5
138,llama-3.1-8b-instant,"Sir, mitosis ki prakriya kya hai?",rag_style,ERROR,0.0,0,Mitosis ek aisi prakriya hai jismein cell do barabari ke cellon mein vibhajit hota hai. Issey cell ki sanrachna aur kary same rehte hain.,8.5
138,llama-3.1-8b-instant,"Sir, mitosis ki prakriya kya hai?",tree_of_thought,ERROR,0.0,0,Mitosis ek aisi prakriya hai jismein cell do barabari ke cellon mein vibhajit hota hai. Issey cell ki sanrachna aur kary same rehte hain.,8.5
138,llama-3.1-8b-instant,"Sir, mitosis ki prakriya kya hai?",agentic_context,ERROR,0.0,0,Mitosis ek aisi prakriya hai jismein cell do barabari ke cellon mein vibhajit hota hai. Issey cell ki sanrachna aur kary same rehte hain.,8.5
139,llama-3.1-8b-instant,"Sir, kya tum mujhe bata sakte ho ki India ke sabse ucha pahaad kaun sa hai?",zero_shot,ERROR,0.0,0,"India ka sabse ucha pahaad Mount K2 hai, jo Kargil mein sthit hai. Lekin agar hum Mount Everest ki baat karein, jo ki duniya ka sabse ucha pahaad hai, to wo Nepal mein sthit hai.",0.0
139,llama-3.1-8b-instant,"Sir, kya tum mujhe bata sakte ho ki India ke sabse ucha pahaad kaun sa hai?",few_shot,ERROR,0.0,0,"India ka sabse ucha pahaad Mount K2 hai, jo Kargil mein sthit hai. Lekin agar hum Mount Everest ki baat karein, jo ki duniya ka sabse ucha pahaad hai, to wo Nepal mein sthit hai.",1.0
139,llama-3.1-8b-instant,"Sir, kya tum mujhe bata sakte ho ki India ke sabse ucha pahaad kaun sa hai?",chain_of_thought,ERROR,0.0,0,"India ka sabse ucha pahaad Mount K2 hai, jo Kargil mein sthit hai. Lekin agar hum Mount Everest ki baat karein, jo ki duniya ka sabse ucha pahaad hai, to wo Nepal mein sthit hai.",1.0
139,llama-3.1-8b-instant,"Sir, kya tum mujhe bata sakte ho ki India ke sabse ucha pahaad kaun sa hai?",structured_context,ERROR,0.0,0,"India ka sabse ucha pahaad Mount K2 hai, jo Kargil mein sthit hai. Lekin agar hum Mount Everest ki baat karein, jo ki duniya ka sabse ucha pahaad hai, to wo Nepal mein sthit hai.",0.0
139,llama-3.1-8b-instant,"Sir, kya tum mujhe bata sakte ho ki India ke sabse ucha pahaad kaun sa hai?",hierarchical_context,ERROR,0.0,0,"India ka sabse ucha pahaad Mount K2 hai, jo Kargil mein sthit hai. Lekin agar hum Mount Everest ki baat karein, jo ki duniya ka sabse ucha pahaad hai, to wo Nepal mein sthit hai.",8.5
139,llama-3.1-8b-instant,"Sir, kya tum mujhe bata sakte ho ki India ke sabse ucha pahaad kaun sa hai?",rag_style,ERROR,0.0,0,"India ka sabse ucha pahaad Mount K2 hai, jo Kargil mein sthit hai. Lekin agar hum Mount Everest ki baat karein, jo ki duniya ka sabse ucha pahaad hai, to wo Nepal mein sthit hai.",1.0
139,llama-3.1-8b-instant,"Sir, kya tum mujhe bata sakte ho ki India ke sabse ucha pahaad kaun sa hai?",tree_of_thought,ERROR,0.0,0,"India ka sabse ucha pahaad Mount K2 hai, jo Kargil mein sthit hai. Lekin agar hum Mount Everest ki baat karein, jo ki duniya ka sabse ucha pahaad hai, to wo Nepal mein sthit hai.",0.0
139,llama-3.1-8b-instant,"Sir, kya tum mujhe bata sakte ho ki India ke sabse ucha pahaad kaun sa hai?",agentic_context,ERROR,0.0,0,"India ka sabse ucha pahaad Mount K2 hai, jo Kargil mein sthit hai. Lekin agar hum Mount Everest ki baat karein, jo ki duniya ka sabse ucha pahaad hai, to wo Nepal mein sthit hai.",0.0
140,llama-3.1-8b-instant,"Thomas Gray ki poem ke lines mein, jo text mein analyze kiye gaye hain, main message ke alawa kuch specific literary elements hain jo lines ki quality mein contribute karte hain, woh kya hain? Yeh bataane ke liye, poet ne do strong images use kiye hain - 'ek gem' aur 'ek flower', do contrasting places use kiye hain - samundar jo paani se bhara hua hai aur desert jahan paani bilkul nahin hai, aur rhyming words bhi hain - 'serene' aur 'unseen', 'bear' aur 'air', aur pehli aur teesri lines shuru hoti hain same words se - 'full many a', aur lines ki length bhi equal hai, yeh sab milkar iske literary quality ko banate hain",zero_shot,ERROR,0.0,0,"Ismein literary elements hain jo quality mein contribute karte hain, jaise ki do strong images - 'ek gem' aur 'ek flower', do contrasting places - samundar aur desert, rhyming words - 'serene'/'unseen', 'bear'/'air', first aur third lines ke starting words repeat hote hain - 'full many a', aur lines",8.5
140,llama-3.1-8b-instant,"Thomas Gray ki poem ke lines mein, jo text mein analyze kiye gaye hain, main message ke alawa kuch specific literary elements hain jo lines ki quality mein contribute karte hain, woh kya hain? Yeh bataane ke liye, poet ne do strong images use kiye hain - 'ek gem' aur 'ek flower', do contrasting places use kiye hain - samundar jo paani se bhara hua hai aur desert jahan paani bilkul nahin hai, aur rhyming words bhi hain - 'serene' aur 'unseen', 'bear' aur 'air', aur pehli aur teesri lines shuru hoti hain same words se - 'full many a', aur lines ki length bhi equal hai, yeh sab milkar iske literary quality ko banate hain",few_shot,ERROR,0.0,0,"Ismein literary elements hain jo quality mein contribute karte hain, jaise ki do strong images - 'ek gem' aur 'ek flower', do contrasting places - samundar aur desert, rhyming words - 'serene'/'unseen', 'bear'/'air', first aur third lines ke starting words repeat hote hain - 'full many a', aur lines",8.5
140,llama-3.1-8b-instant,"Thomas Gray ki poem ke lines mein, jo text mein analyze kiye gaye hain, main message ke alawa kuch specific literary elements hain jo lines ki quality mein contribute karte hain, woh kya hain? Yeh bataane ke liye, poet ne do strong images use kiye hain - 'ek gem' aur 'ek flower', do contrasting places use kiye hain - samundar jo paani se bhara hua hai aur desert jahan paani bilkul nahin hai, aur rhyming words bhi hain - 'serene' aur 'unseen', 'bear' aur 'air', aur pehli aur teesri lines shuru hoti hain same words se - 'full many a', aur lines ki length bhi equal hai, yeh sab milkar iske literary quality ko banate hain",chain_of_thought,ERROR,0.0,0,"Ismein literary elements hain jo quality mein contribute karte hain, jaise ki do strong images - 'ek gem' aur 'ek flower', do contrasting places - samundar aur desert, rhyming words - 'serene'/'unseen', 'bear'/'air', first aur third lines ke starting words repeat hote hain - 'full many a', aur lines",8.5
140,llama-3.1-8b-instant,"Thomas Gray ki poem ke lines mein, jo text mein analyze kiye gaye hain, main message ke alawa kuch specific literary elements hain jo lines ki quality mein contribute karte hain, woh kya hain? Yeh bataane ke liye, poet ne do strong images use kiye hain - 'ek gem' aur 'ek flower', do contrasting places use kiye hain - samundar jo paani se bhara hua hai aur desert jahan paani bilkul nahin hai, aur rhyming words bhi hain - 'serene' aur 'unseen', 'bear' aur 'air', aur pehli aur teesri lines shuru hoti hain same words se - 'full many a', aur lines ki length bhi equal hai, yeh sab milkar iske literary quality ko banate hain",structured_context,ERROR,0.0,0,"Ismein literary elements hain jo quality mein contribute karte hain, jaise ki do strong images - 'ek gem' aur 'ek flower', do contrasting places - samundar aur desert, rhyming words - 'serene'/'unseen', 'bear'/'air', first aur third lines ke starting words repeat hote hain - 'full many a', aur lines",8.5
140,llama-3.1-8b-instant,"Thomas Gray ki poem ke lines mein, jo text mein analyze kiye gaye hain, main message ke alawa kuch specific literary elements hain jo lines ki quality mein contribute karte hain, woh kya hain? Yeh bataane ke liye, poet ne do strong images use kiye hain - 'ek gem' aur 'ek flower', do contrasting places use kiye hain - samundar jo paani se bhara hua hai aur desert jahan paani bilkul nahin hai, aur rhyming words bhi hain - 'serene' aur 'unseen', 'bear' aur 'air', aur pehli aur teesri lines shuru hoti hain same words se - 'full many a', aur lines ki length bhi equal hai, yeh sab milkar iske literary quality ko banate hain",hierarchical_context,ERROR,0.0,0,"Ismein literary elements hain jo quality mein contribute karte hain, jaise ki do strong images - 'ek gem' aur 'ek flower', do contrasting places - samundar aur desert, rhyming words - 'serene'/'unseen', 'bear'/'air', first aur third lines ke starting words repeat hote hain - 'full many a', aur lines",8.5
140,llama-3.1-8b-instant,"Thomas Gray ki poem ke lines mein, jo text mein analyze kiye gaye hain, main message ke alawa kuch specific literary elements hain jo lines ki quality mein contribute karte hain, woh kya hain? Yeh bataane ke liye, poet ne do strong images use kiye hain - 'ek gem' aur 'ek flower', do contrasting places use kiye hain - samundar jo paani se bhara hua hai aur desert jahan paani bilkul nahin hai, aur rhyming words bhi hain - 'serene' aur 'unseen', 'bear' aur 'air', aur pehli aur teesri lines shuru hoti hain same words se - 'full many a', aur lines ki length bhi equal hai, yeh sab milkar iske literary quality ko banate hain",rag_style,ERROR,0.0,0,"Ismein literary elements hain jo quality mein contribute karte hain, jaise ki do strong images - 'ek gem' aur 'ek flower', do contrasting places - samundar aur desert, rhyming words - 'serene'/'unseen', 'bear'/'air', first aur third lines ke starting words repeat hote hain - 'full many a', aur lines",8.5
140,llama-3.1-8b-instant,"Thomas Gray ki poem ke lines mein, jo text mein analyze kiye gaye hain, main message ke alawa kuch specific literary elements hain jo lines ki quality mein contribute karte hain, woh kya hain? Yeh bataane ke liye, poet ne do strong images use kiye hain - 'ek gem' aur 'ek flower', do contrasting places use kiye hain - samundar jo paani se bhara hua hai aur desert jahan paani bilkul nahin hai, aur rhyming words bhi hain - 'serene' aur 'unseen', 'bear' aur 'air', aur pehli aur teesri lines shuru hoti hain same words se - 'full many a', aur lines ki length bhi equal hai, yeh sab milkar iske literary quality ko banate hain",tree_of_thought,ERROR,0.0,0,"Ismein literary elements hain jo quality mein contribute karte hain, jaise ki do strong images - 'ek gem' aur 'ek flower', do contrasting places - samundar aur desert, rhyming words - 'serene'/'unseen', 'bear'/'air', first aur third lines ke starting words repeat hote hain - 'full many a', aur lines",8.5
140,llama-3.1-8b-instant,"Thomas Gray ki poem ke lines mein, jo text mein analyze kiye gaye hain, main message ke alawa kuch specific literary elements hain jo lines ki quality mein contribute karte hain, woh kya hain? Yeh bataane ke liye, poet ne do strong images use kiye hain - 'ek gem' aur 'ek flower', do contrasting places use kiye hain - samundar jo paani se bhara hua hai aur desert jahan paani bilkul nahin hai, aur rhyming words bhi hain - 'serene' aur 'unseen', 'bear' aur 'air', aur pehli aur teesri lines shuru hoti hain same words se - 'full many a', aur lines ki length bhi equal hai, yeh sab milkar iske literary quality ko banate hain",agentic_context,ERROR,0.0,0,"Ismein literary elements hain jo quality mein contribute karte hain, jaise ki do strong images - 'ek gem' aur 'ek flower', do contrasting places - samundar aur desert, rhyming words - 'serene'/'unseen', 'bear'/'air', first aur third lines ke starting words repeat hote hain - 'full many a', aur lines",8.5
141,llama-3.1-8b-instant,"The Pearl mein 'and' conjunction ka baar-baar use kaise effective ho sakta hai, jaise ki example mein dekha gaya hai? Hum normally itne saare 'and' use nahi karte, lekin yahan story ki action ko reflect karne ke liye aisa chaining karna sahi lagta hai.",zero_shot,ERROR,0.0,0,"Baar-baar 'and' ka use se actions ko chain kar sakte hain, jo ki continuous movement aur sequence ko dikhata hai, jisse story ki flow aur impact pe sahi asar padta hai.",8.5
141,llama-3.1-8b-instant,"The Pearl mein 'and' conjunction ka baar-baar use kaise effective ho sakta hai, jaise ki example mein dekha gaya hai? Hum normally itne saare 'and' use nahi karte, lekin yahan story ki action ko reflect karne ke liye aisa chaining karna sahi lagta hai.",few_shot,ERROR,0.0,0,"Baar-baar 'and' ka use se actions ko chain kar sakte hain, jo ki continuous movement aur sequence ko dikhata hai, jisse story ki flow aur impact pe sahi asar padta hai.",8.5
141,llama-3.1-8b-instant,"The Pearl mein 'and' conjunction ka baar-baar use kaise effective ho sakta hai, jaise ki example mein dekha gaya hai? Hum normally itne saare 'and' use nahi karte, lekin yahan story ki action ko reflect karne ke liye aisa chaining karna sahi lagta hai.",chain_of_thought,ERROR,0.0,0,"Baar-baar 'and' ka use se actions ko chain kar sakte hain, jo ki continuous movement aur sequence ko dikhata hai, jisse story ki flow aur impact pe sahi asar padta hai.",8.5
141,llama-3.1-8b-instant,"The Pearl mein 'and' conjunction ka baar-baar use kaise effective ho sakta hai, jaise ki example mein dekha gaya hai? Hum normally itne saare 'and' use nahi karte, lekin yahan story ki action ko reflect karne ke liye aisa chaining karna sahi lagta hai.",structured_context,ERROR,0.0,0,"Baar-baar 'and' ka use se actions ko chain kar sakte hain, jo ki continuous movement aur sequence ko dikhata hai, jisse story ki flow aur impact pe sahi asar padta hai.",8.5
141,llama-3.1-8b-instant,"The Pearl mein 'and' conjunction ka baar-baar use kaise effective ho sakta hai, jaise ki example mein dekha gaya hai? Hum normally itne saare 'and' use nahi karte, lekin yahan story ki action ko reflect karne ke liye aisa chaining karna sahi lagta hai.",hierarchical_context,ERROR,0.0,0,"Baar-baar 'and' ka use se actions ko chain kar sakte hain, jo ki continuous movement aur sequence ko dikhata hai, jisse story ki flow aur impact pe sahi asar padta hai.",8.5
141,llama-3.1-8b-instant,"The Pearl mein 'and' conjunction ka baar-baar use kaise effective ho sakta hai, jaise ki example mein dekha gaya hai? Hum normally itne saare 'and' use nahi karte, lekin yahan story ki action ko reflect karne ke liye aisa chaining karna sahi lagta hai.",rag_style,ERROR,0.0,0,"Baar-baar 'and' ka use se actions ko chain kar sakte hain, jo ki continuous movement aur sequence ko dikhata hai, jisse story ki flow aur impact pe sahi asar padta hai.",8.5
141,llama-3.1-8b-instant,"The Pearl mein 'and' conjunction ka baar-baar use kaise effective ho sakta hai, jaise ki example mein dekha gaya hai? Hum normally itne saare 'and' use nahi karte, lekin yahan story ki action ko reflect karne ke liye aisa chaining karna sahi lagta hai.",tree_of_thought,ERROR,0.0,0,"Baar-baar 'and' ka use se actions ko chain kar sakte hain, jo ki continuous movement aur sequence ko dikhata hai, jisse story ki flow aur impact pe sahi asar padta hai.",8.5
141,llama-3.1-8b-instant,"The Pearl mein 'and' conjunction ka baar-baar use kaise effective ho sakta hai, jaise ki example mein dekha gaya hai? Hum normally itne saare 'and' use nahi karte, lekin yahan story ki action ko reflect karne ke liye aisa chaining karna sahi lagta hai.",agentic_context,ERROR,0.0,0,"Baar-baar 'and' ka use se actions ko chain kar sakte hain, jo ki continuous movement aur sequence ko dikhata hai, jisse story ki flow aur impact pe sahi asar padta hai.",8.5
142,llama-3.1-8b-instant,"Yaar, yeh goat moustache ka kya scene hai aur kaun log isse carry karte hain?",zero_shot,ERROR,0.0,0,"Goat moustache ek tarah ki patli mooch hai jo naye ameer log, naye businessman aur shopkeeper log carry karte hain, jo occasion ke hisab se upar neeche kar sakte hain",8.5
142,llama-3.1-8b-instant,"Yaar, yeh goat moustache ka kya scene hai aur kaun log isse carry karte hain?",few_shot,"Yaar, yeh goat moustache ka scene hai yeh kahaani hai ki ek goat ki cheechein bahut lambi hain, aur yeh scene mein dikhai deta hai ki woh kaise apni cheechein se kamre mein kuch nahi padh sakte. 

Is scene ko carry karne vale log hain woh jinke baal bhi lambi cheechein hain ya jo is scene mein aakar kehne aate hain ki yeh goat ki cheechein kaisi lambi hain. Ye scene mein aate hain comedy shows, cartoon aur animated films mein.",0.578,242,"Goat moustache ek tarah ki patli mooch hai jo naye ameer log, naye businessman aur shopkeeper log carry karte hain, jo occasion ke hisab se upar neeche kar sakte hain",0.0
142,llama-3.1-8b-instant,"Yaar, yeh goat moustache ka kya scene hai aur kaun log isse carry karte hain?",chain_of_thought,"Yaar, let's break it down step by step:

1. **Goat moustache**: Yeh kya hai? Iska matlab hai ki yeh ek aise style hai jismein moustache ki cheezon ka shape goat ki moustache ki tarah hota hai.

2. **Yeh style ka scene hai**: Kya hoga agar koi aisa style banaye? To yeh style fashion ke shaukon se juda hua ho sakta hai, ya phir iska connection social media ke saath ho sakta hai, jahan log apne new look ko share karte hain.

3. **Is style ko carry karte hain kya log**: Yeh to pata hai ki yeh style ",44.046,388,"Goat moustache ek tarah ki patli mooch hai jo naye ameer log, naye businessman aur shopkeeper log carry karte hain, jo occasion ke hisab se upar neeche kar sakte hain",6.0
142,llama-3.1-8b-instant,"Yaar, yeh goat moustache ka kya scene hai aur kaun log isse carry karte hain?",structured_context,ERROR,0.0,0,"Goat moustache ek tarah ki patli mooch hai jo naye ameer log, naye businessman aur shopkeeper log carry karte hain, jo occasion ke hisab se upar neeche kar sakte hain",8.5
142,llama-3.1-8b-instant,"Yaar, yeh goat moustache ka kya scene hai aur kaun log isse carry karte hain?",hierarchical_context,"Arre bachche, goat moustache ka scene kya hai? 

Yeh ek style hai, jismein aapke chehare ke baalon ko lamba karke munde ki tarah banaaya jata hai. Yeh style bahut hi popular hai, aur iska naam isliye hai kyonki yeh munde ke baalon ki tarah dikhne lagta hai, magar yeh aapke chehare ke baalon par hai.

Is style ko kai log carry karte hain, jaise ki hip-hop stars, rappers, aur kuch hip-hop artists. Yeh style unke chehare ko aur bhi attractive aur stylish banata hai. 

Lekin yeh style aapke school m",0.751,375,"Goat moustache ek tarah ki patli mooch hai jo naye ameer log, naye businessman aur shopkeeper log carry karte hain, jo occasion ke hisab se upar neeche kar sakte hain",8.5
142,llama-3.1-8b-instant,"Yaar, yeh goat moustache ka kya scene hai aur kaun log isse carry karte hain?",rag_style,ERROR,0.0,0,"Goat moustache ek tarah ki patli mooch hai jo naye ameer log, naye businessman aur shopkeeper log carry karte hain, jo occasion ke hisab se upar neeche kar sakte hain",8.5
142,llama-3.1-8b-instant,"Yaar, yeh goat moustache ka kya scene hai aur kaun log isse carry karte hain?",tree_of_thought,ERROR,0.0,0,"Goat moustache ek tarah ki patli mooch hai jo naye ameer log, naye businessman aur shopkeeper log carry karte hain, jo occasion ke hisab se upar neeche kar sakte hain",0.0
142,llama-3.1-8b-instant,"Yaar, yeh goat moustache ka kya scene hai aur kaun log isse carry karte hain?",agentic_context,ERROR,0.0,0,"Goat moustache ek tarah ki patli mooch hai jo naye ameer log, naye businessman aur shopkeeper log carry karte hain, jo occasion ke hisab se upar neeche kar sakte hain",0.0
143,llama-3.1-8b-instant,"Sir, what is difference between archipelago and island, hume samajh nahi aaya?",zero_shot,ERROR,0.0,0,"Archipelago ek samuh hai jo kayi chhote islands se bana hota hai, jaise ki Andaman aur Nicobar islands. Island ek akela bhaag hai jo paani se ghira hota hai. Isliye, archipelago mein kayi islands hote hain lekin island ek akela hota hai.",8.5
143,llama-3.1-8b-instant,"Sir, what is difference between archipelago and island, hume samajh nahi aaya?",few_shot,ERROR,0.0,0,"Archipelago ek samuh hai jo kayi chhote islands se bana hota hai, jaise ki Andaman aur Nicobar islands. Island ek akela bhaag hai jo paani se ghira hota hai. Isliye, archipelago mein kayi islands hote hain lekin island ek akela hota hai.",8.5
143,llama-3.1-8b-instant,"Sir, what is difference between archipelago and island, hume samajh nahi aaya?",chain_of_thought,"Arre, chalo samajh lenge. 

1. **Island**: Ek island ek vishal dharti ka bhaag hai, jo ek se jyada paani se ghira hua hai. Yeh ek self-contained aur alag se khada dharti ka bhaag hota hai, jo apne aap men kafi alag ho sakta hai. Jaise koi bhi desh, jaise ki Bharat, jismein kai jaanwar aur jantu hain, woh bhi ek vishal island hai.

2. **Archipelago**: Ek archipelago ek sankhya me se gane huye islands hote hain, jo ek se jyada paani se ghire hue hote hain aur ek dusre se judhe hue hote hain. Yeh e",59.025,436,"Archipelago ek samuh hai jo kayi chhote islands se bana hota hai, jaise ki Andaman aur Nicobar islands. Island ek akela bhaag hai jo paani se ghira hota hai. Isliye, archipelago mein kayi islands hote hain lekin island ek akela hota hai.",8.5
143,llama-3.1-8b-instant,"Sir, what is difference between archipelago and island, hume samajh nahi aaya?",structured_context,"{""answer"": ""Ek archipelago ek group hain islands, jo ek saath hain aur ek hi sabse mehsoos hoti hain. Dusri or, ek island ek alag hain, jo apna alag sa area hai. Ismein samudaay, jagah, aur anya kadamata hain jo ek archipelago se alag hain."", ""explanation"": ""Jaise ki Antartica ek island hain, jabki Hawaii aur Caribbean ek archipelago hain. Yeh do cheezein alag-alag hain.""}",58.487,207,"Archipelago ek samuh hai jo kayi chhote islands se bana hota hai, jaise ki Andaman aur Nicobar islands. Island ek akela bhaag hai jo paani se ghira hota hai. Isliye, archipelago mein kayi islands hote hain lekin island ek akela hota hai.",8.5
143,llama-3.1-8b-instant,"Sir, what is difference between archipelago and island, hume samajh nahi aaya?",hierarchical_context,"Beta, yeh sach much aasani se samajh mein aayega. 

Ek island ek ek hi dhruv hai, jo ek barf ya khada hai. Yeh ek alag-alag dhruv hota hai, jismein log rehte hain ya nahin. 

Lekin, ek archipelago ek sanchaarvahini hai, jismein do se adhik islands hote hain. Yeh islands ek doosre ke saamne ya alag-alag sthaanon par hote hain. 

To, ek island ek ek hi dhruv hai, jabki archipelago mein do se adhik islands hote hain. 

Udaharan, Andaman aur Nicobar island ek archipelago hai, kyonki yeh do alag-alag",53.762,303,"Archipelago ek samuh hai jo kayi chhote islands se bana hota hai, jaise ki Andaman aur Nicobar islands. Island ek akela bhaag hai jo paani se ghira hota hai. Isliye, archipelago mein kayi islands hote hain lekin island ek akela hota hai.",8.5
143,llama-3.1-8b-instant,"Sir, what is difference between archipelago and island, hume samajh nahi aaya?",rag_style,ERROR,0.0,0,"Archipelago ek samuh hai jo kayi chhote islands se bana hota hai, jaise ki Andaman aur Nicobar islands. Island ek akela bhaag hai jo paani se ghira hota hai. Isliye, archipelago mein kayi islands hote hain lekin island ek akela hota hai.",8.5
143,llama-3.1-8b-instant,"Sir, what is difference between archipelago and island, hume samajh nahi aaya?",tree_of_thought,"Arre, don't worry, main aapko samjhata hoon. 

Pehla soch: 
- Ek archipelago ek jhund (group) hai jo bahut se islands (dweep) se banti hai. Yeh islands ek doosre se judi ho sakti hai ya alag-alag ho sakti hai. 
- Ek island, agar us par koi aisi jagah nahi hai jahan se doosri islands judi ho sakti ho, toh use ek island kahenge. 

Doosri soch:
- Archipelago mein islands ki sankhya bahut hi zyada ho sakti hai, jaise ki Fiji (ek archipelago) mein 332 islands hain. 
- Island ki sankhya kam ho sakti h",35.266,417,"Archipelago ek samuh hai jo kayi chhote islands se bana hota hai, jaise ki Andaman aur Nicobar islands. Island ek akela bhaag hai jo paani se ghira hota hai. Isliye, archipelago mein kayi islands hote hain lekin island ek akela hota hai.",8.5
143,llama-3.1-8b-instant,"Sir, what is difference between archipelago and island, hume samajh nahi aaya?",agentic_context,ERROR,0.0,0,"Archipelago ek samuh hai jo kayi chhote islands se bana hota hai, jaise ki Andaman aur Nicobar islands. Island ek akela bhaag hai jo paani se ghira hota hai. Isliye, archipelago mein kayi islands hote hain lekin island ek akela hota hai.",8.5
144,llama-3.1-8b-instant,"Sir, Newton ke teen laws of motion kya hain, inhein detail mein bataiye?",zero_shot,ERROR,0.0,0,"Newton ke teen laws of motion hain: pehla law ke anusar, koi bhi cheez apni sthiti mein rahegi agar us par koi bahari bal nahi lagta. Doosra law ke anusar, kisi bhi cheez par lagne wala bal uski mass aur uski gati ke beech sambandh ko darshaata hai. Teesra law ke anusar, har action ke liye ek equal ",8.5
144,llama-3.1-8b-instant,"Sir, Newton ke teen laws of motion kya hain, inhein detail mein bataiye?",few_shot,ERROR,0.0,0,"Newton ke teen laws of motion hain: pehla law ke anusar, koi bhi cheez apni sthiti mein rahegi agar us par koi bahari bal nahi lagta. Doosra law ke anusar, kisi bhi cheez par lagne wala bal uski mass aur uski gati ke beech sambandh ko darshaata hai. Teesra law ke anusar, har action ke liye ek equal ",8.5
144,llama-3.1-8b-instant,"Sir, Newton ke teen laws of motion kya hain, inhein detail mein bataiye?",chain_of_thought,ERROR,0.0,0,"Newton ke teen laws of motion hain: pehla law ke anusar, koi bhi cheez apni sthiti mein rahegi agar us par koi bahari bal nahi lagta. Doosra law ke anusar, kisi bhi cheez par lagne wala bal uski mass aur uski gati ke beech sambandh ko darshaata hai. Teesra law ke anusar, har action ke liye ek equal ",8.5
144,llama-3.1-8b-instant,"Sir, Newton ke teen laws of motion kya hain, inhein detail mein bataiye?",structured_context,ERROR,0.0,0,"Newton ke teen laws of motion hain: pehla law ke anusar, koi bhi cheez apni sthiti mein rahegi agar us par koi bahari bal nahi lagta. Doosra law ke anusar, kisi bhi cheez par lagne wala bal uski mass aur uski gati ke beech sambandh ko darshaata hai. Teesra law ke anusar, har action ke liye ek equal ",8.5
144,llama-3.1-8b-instant,"Sir, Newton ke teen laws of motion kya hain, inhein detail mein bataiye?",hierarchical_context,ERROR,0.0,0,"Newton ke teen laws of motion hain: pehla law ke anusar, koi bhi cheez apni sthiti mein rahegi agar us par koi bahari bal nahi lagta. Doosra law ke anusar, kisi bhi cheez par lagne wala bal uski mass aur uski gati ke beech sambandh ko darshaata hai. Teesra law ke anusar, har action ke liye ek equal ",8.5
144,llama-3.1-8b-instant,"Sir, Newton ke teen laws of motion kya hain, inhein detail mein bataiye?",rag_style,ERROR,0.0,0,"Newton ke teen laws of motion hain: pehla law ke anusar, koi bhi cheez apni sthiti mein rahegi agar us par koi bahari bal nahi lagta. Doosra law ke anusar, kisi bhi cheez par lagne wala bal uski mass aur uski gati ke beech sambandh ko darshaata hai. Teesra law ke anusar, har action ke liye ek equal ",8.5
144,llama-3.1-8b-instant,"Sir, Newton ke teen laws of motion kya hain, inhein detail mein bataiye?",tree_of_thought,ERROR,0.0,0,"Newton ke teen laws of motion hain: pehla law ke anusar, koi bhi cheez apni sthiti mein rahegi agar us par koi bahari bal nahi lagta. Doosra law ke anusar, kisi bhi cheez par lagne wala bal uski mass aur uski gati ke beech sambandh ko darshaata hai. Teesra law ke anusar, har action ke liye ek equal ",8.5
144,llama-3.1-8b-instant,"Sir, Newton ke teen laws of motion kya hain, inhein detail mein bataiye?",agentic_context,ERROR,0.0,0,"Newton ke teen laws of motion hain: pehla law ke anusar, koi bhi cheez apni sthiti mein rahegi agar us par koi bahari bal nahi lagta. Doosra law ke anusar, kisi bhi cheez par lagne wala bal uski mass aur uski gati ke beech sambandh ko darshaata hai. Teesra law ke anusar, har action ke liye ek equal ",8.5
145,llama-3.1-8b-instant,"Ma'am, binary fission kya hota hai, isme kitne daughter cells bante hain?",zero_shot,ERROR,0.0,0,"Binary fission ek aisa process hai jisme ek cell do daughter cells me divide hoti hai, isme 2 daughter cells banti hain.",9.0
145,llama-3.1-8b-instant,"Ma'am, binary fission kya hota hai, isme kitne daughter cells bante hain?",few_shot,ERROR,0.0,0,"Binary fission ek aisa process hai jisme ek cell do daughter cells me divide hoti hai, isme 2 daughter cells banti hain.",10.0
145,llama-3.1-8b-instant,"Ma'am, binary fission kya hota hai, isme kitne daughter cells bante hain?",chain_of_thought,ERROR,0.0,0,"Binary fission ek aisa process hai jisme ek cell do daughter cells me divide hoti hai, isme 2 daughter cells banti hain.",10.0
145,llama-3.1-8b-instant,"Ma'am, binary fission kya hota hai, isme kitne daughter cells bante hain?",structured_context,ERROR,0.0,0,"Binary fission ek aisa process hai jisme ek cell do daughter cells me divide hoti hai, isme 2 daughter cells banti hain.",8.5
145,llama-3.1-8b-instant,"Ma'am, binary fission kya hota hai, isme kitne daughter cells bante hain?",hierarchical_context,ERROR,0.0,0,"Binary fission ek aisa process hai jisme ek cell do daughter cells me divide hoti hai, isme 2 daughter cells banti hain.",10.0
145,llama-3.1-8b-instant,"Ma'am, binary fission kya hota hai, isme kitne daughter cells bante hain?",rag_style,ERROR,0.0,0,"Binary fission ek aisa process hai jisme ek cell do daughter cells me divide hoti hai, isme 2 daughter cells banti hain.",10.0
145,llama-3.1-8b-instant,"Ma'am, binary fission kya hota hai, isme kitne daughter cells bante hain?",tree_of_thought,ERROR,0.0,0,"Binary fission ek aisa process hai jisme ek cell do daughter cells me divide hoti hai, isme 2 daughter cells banti hain.",10.0
145,llama-3.1-8b-instant,"Ma'am, binary fission kya hota hai, isme kitne daughter cells bante hain?",agentic_context,ERROR,0.0,0,"Binary fission ek aisa process hai jisme ek cell do daughter cells me divide hoti hai, isme 2 daughter cells banti hain.",8.5
146,llama-3.1-8b-instant,Andrew ko resuscitation attempt ke dauran kaisa lag raha hoga?,zero_shot,ERROR,0.0,0,"Andrew ko bahut hi desperate defeat ka ehsaas ho raha hoga aur usmein ek tarah ki hopelessness chahiye, jab woh bachche ko bachane ki koshish kar raha hai",0.0
146,llama-3.1-8b-instant,Andrew ko resuscitation attempt ke dauran kaisa lag raha hoga?,few_shot,ERROR,0.0,0,"Andrew ko bahut hi desperate defeat ka ehsaas ho raha hoga aur usmein ek tarah ki hopelessness chahiye, jab woh bachche ko bachane ki koshish kar raha hai",0.0
146,llama-3.1-8b-instant,Andrew ko resuscitation attempt ke dauran kaisa lag raha hoga?,chain_of_thought,ERROR,0.0,0,"Andrew ko bahut hi desperate defeat ka ehsaas ho raha hoga aur usmein ek tarah ki hopelessness chahiye, jab woh bachche ko bachane ki koshish kar raha hai",0.0
146,llama-3.1-8b-instant,Andrew ko resuscitation attempt ke dauran kaisa lag raha hoga?,structured_context,ERROR,0.0,0,"Andrew ko bahut hi desperate defeat ka ehsaas ho raha hoga aur usmein ek tarah ki hopelessness chahiye, jab woh bachche ko bachane ki koshish kar raha hai",8.5
146,llama-3.1-8b-instant,Andrew ko resuscitation attempt ke dauran kaisa lag raha hoga?,hierarchical_context,ERROR,0.0,0,"Andrew ko bahut hi desperate defeat ka ehsaas ho raha hoga aur usmein ek tarah ki hopelessness chahiye, jab woh bachche ko bachane ki koshish kar raha hai",0.0
146,llama-3.1-8b-instant,Andrew ko resuscitation attempt ke dauran kaisa lag raha hoga?,rag_style,ERROR,0.0,0,"Andrew ko bahut hi desperate defeat ka ehsaas ho raha hoga aur usmein ek tarah ki hopelessness chahiye, jab woh bachche ko bachane ki koshish kar raha hai",0.0
146,llama-3.1-8b-instant,Andrew ko resuscitation attempt ke dauran kaisa lag raha hoga?,tree_of_thought,ERROR,0.0,0,"Andrew ko bahut hi desperate defeat ka ehsaas ho raha hoga aur usmein ek tarah ki hopelessness chahiye, jab woh bachche ko bachane ki koshish kar raha hai",0.0
146,llama-3.1-8b-instant,Andrew ko resuscitation attempt ke dauran kaisa lag raha hoga?,agentic_context,ERROR,0.0,0,"Andrew ko bahut hi desperate defeat ka ehsaas ho raha hoga aur usmein ek tarah ki hopelessness chahiye, jab woh bachche ko bachane ki koshish kar raha hai",1.0
147,llama-3.1-8b-instant,National Curriculum Framework (NCF) 2005 ka supplementary reader banane mein kya mahatva hai?,zero_shot,"NCF 2005 ka ek bahut hi mahatvapurn yogdaan hai. Yeh ek samagri hai jo shiksha ki disha ko nirdharit karti hai. Ismein shikshakon, shikshakon, aur shiksha vibhag ke logon ke liye guidelines aur suruwaaten hain. Yeh unhein shiksha ki prakriya ko sudharne aur viksit karne mein madad karta hai.

Iska ek mahatvapurn yogdaan yeh hai ki yeh shikshakon ko unke shagirdon ki takneek aur vishay mein sudharne ki anumati deti hai. Yeh unhein unki shiksha ki disha ko sahi tareeke se nirdharit karne mein mada",60.962,416,"NCF 2005 ke hisaab se school mein bachchon ki zindagi ko unki school ke bahar ki zindagi se jodna chahiye, rote learning ko discourage karna chahiye aur child-centred education system ko badhava dena chahiye, jisne supplementary reader banane mein influence kiya.",8.5
147,llama-3.1-8b-instant,National Curriculum Framework (NCF) 2005 ka supplementary reader banane mein kya mahatva hai?,few_shot,ERROR,0.0,0,"NCF 2005 ke hisaab se school mein bachchon ki zindagi ko unki school ke bahar ki zindagi se jodna chahiye, rote learning ko discourage karna chahiye aur child-centred education system ko badhava dena chahiye, jisne supplementary reader banane mein influence kiya.",8.5
147,llama-3.1-8b-instant,National Curriculum Framework (NCF) 2005 ka supplementary reader banane mein kya mahatva hai?,chain_of_thought,ERROR,0.0,0,"NCF 2005 ke hisaab se school mein bachchon ki zindagi ko unki school ke bahar ki zindagi se jodna chahiye, rote learning ko discourage karna chahiye aur child-centred education system ko badhava dena chahiye, jisne supplementary reader banane mein influence kiya.",9.0
147,llama-3.1-8b-instant,National Curriculum Framework (NCF) 2005 ka supplementary reader banane mein kya mahatva hai?,structured_context,ERROR,0.0,0,"NCF 2005 ke hisaab se school mein bachchon ki zindagi ko unki school ke bahar ki zindagi se jodna chahiye, rote learning ko discourage karna chahiye aur child-centred education system ko badhava dena chahiye, jisne supplementary reader banane mein influence kiya.",8.5
147,llama-3.1-8b-instant,National Curriculum Framework (NCF) 2005 ka supplementary reader banane mein kya mahatva hai?,hierarchical_context,ERROR,0.0,0,"NCF 2005 ke hisaab se school mein bachchon ki zindagi ko unki school ke bahar ki zindagi se jodna chahiye, rote learning ko discourage karna chahiye aur child-centred education system ko badhava dena chahiye, jisne supplementary reader banane mein influence kiya.",8.5
147,llama-3.1-8b-instant,National Curriculum Framework (NCF) 2005 ka supplementary reader banane mein kya mahatva hai?,rag_style,ERROR,0.0,0,"NCF 2005 ke hisaab se school mein bachchon ki zindagi ko unki school ke bahar ki zindagi se jodna chahiye, rote learning ko discourage karna chahiye aur child-centred education system ko badhava dena chahiye, jisne supplementary reader banane mein influence kiya.",8.5
147,llama-3.1-8b-instant,National Curriculum Framework (NCF) 2005 ka supplementary reader banane mein kya mahatva hai?,tree_of_thought,ERROR,0.0,0,"NCF 2005 ke hisaab se school mein bachchon ki zindagi ko unki school ke bahar ki zindagi se jodna chahiye, rote learning ko discourage karna chahiye aur child-centred education system ko badhava dena chahiye, jisne supplementary reader banane mein influence kiya.",8.5
147,llama-3.1-8b-instant,National Curriculum Framework (NCF) 2005 ka supplementary reader banane mein kya mahatva hai?,agentic_context,ERROR,0.0,0,"NCF 2005 ke hisaab se school mein bachchon ki zindagi ko unki school ke bahar ki zindagi se jodna chahiye, rote learning ko discourage karna chahiye aur child-centred education system ko badhava dena chahiye, jisne supplementary reader banane mein influence kiya.",8.5
148,llama-3.1-8b-instant,"Ma'am, kya hum apne garden me compost banaye aur kaise?",zero_shot,ERROR,0.0,0,"Haan, hum apne garden me compost banaye, isme kitchen waste, leaves, aur some microorganisms ka use hota hai, hum isse carefully mix karke aur decompose karke banate hain.",8.5
148,llama-3.1-8b-instant,"Ma'am, kya hum apne garden me compost banaye aur kaise?",few_shot,ERROR,0.0,0,"Haan, hum apne garden me compost banaye, isme kitchen waste, leaves, aur some microorganisms ka use hota hai, hum isse carefully mix karke aur decompose karke banate hain.",8.5
148,llama-3.1-8b-instant,"Ma'am, kya hum apne garden me compost banaye aur kaise?",chain_of_thought,ERROR,0.0,0,"Haan, hum apne garden me compost banaye, isme kitchen waste, leaves, aur some microorganisms ka use hota hai, hum isse carefully mix karke aur decompose karke banate hain.",8.5
148,llama-3.1-8b-instant,"Ma'am, kya hum apne garden me compost banaye aur kaise?",structured_context,ERROR,0.0,0,"Haan, hum apne garden me compost banaye, isme kitchen waste, leaves, aur some microorganisms ka use hota hai, hum isse carefully mix karke aur decompose karke banate hain.",8.5
148,llama-3.1-8b-instant,"Ma'am, kya hum apne garden me compost banaye aur kaise?",hierarchical_context,ERROR,0.0,0,"Haan, hum apne garden me compost banaye, isme kitchen waste, leaves, aur some microorganisms ka use hota hai, hum isse carefully mix karke aur decompose karke banate hain.",8.5
148,llama-3.1-8b-instant,"Ma'am, kya hum apne garden me compost banaye aur kaise?",rag_style,ERROR,0.0,0,"Haan, hum apne garden me compost banaye, isme kitchen waste, leaves, aur some microorganisms ka use hota hai, hum isse carefully mix karke aur decompose karke banate hain.",8.5
148,llama-3.1-8b-instant,"Ma'am, kya hum apne garden me compost banaye aur kaise?",tree_of_thought,ERROR,0.0,0,"Haan, hum apne garden me compost banaye, isme kitchen waste, leaves, aur some microorganisms ka use hota hai, hum isse carefully mix karke aur decompose karke banate hain.",8.5
148,llama-3.1-8b-instant,"Ma'am, kya hum apne garden me compost banaye aur kaise?",agentic_context,ERROR,0.0,0,"Haan, hum apne garden me compost banaye, isme kitchen waste, leaves, aur some microorganisms ka use hota hai, hum isse carefully mix karke aur decompose karke banate hain.",8.5
149,llama-3.1-8b-instant,Is play mein main konsi characters hain?,zero_shot,ERROR,0.0,0,"Mrs Annie Pearson, George Pearson, Doris Pearson, Cyril Pearson, aur Mrs Fitzgerald hain",1.0
149,llama-3.1-8b-instant,Is play mein main konsi characters hain?,few_shot,ERROR,0.0,0,"Mrs Annie Pearson, George Pearson, Doris Pearson, Cyril Pearson, aur Mrs Fitzgerald hain",1.0
149,llama-3.1-8b-instant,Is play mein main konsi characters hain?,chain_of_thought,ERROR,0.0,0,"Mrs Annie Pearson, George Pearson, Doris Pearson, Cyril Pearson, aur Mrs Fitzgerald hain",0.0
149,llama-3.1-8b-instant,Is play mein main konsi characters hain?,structured_context,ERROR,0.0,0,"Mrs Annie Pearson, George Pearson, Doris Pearson, Cyril Pearson, aur Mrs Fitzgerald hain",10.0
149,llama-3.1-8b-instant,Is play mein main konsi characters hain?,hierarchical_context,ERROR,0.0,0,"Mrs Annie Pearson, George Pearson, Doris Pearson, Cyril Pearson, aur Mrs Fitzgerald hain",1.0
149,llama-3.1-8b-instant,Is play mein main konsi characters hain?,rag_style,ERROR,0.0,0,"Mrs Annie Pearson, George Pearson, Doris Pearson, Cyril Pearson, aur Mrs Fitzgerald hain",10.0
149,llama-3.1-8b-instant,Is play mein main konsi characters hain?,tree_of_thought,ERROR,0.0,0,"Mrs Annie Pearson, George Pearson, Doris Pearson, Cyril Pearson, aur Mrs Fitzgerald hain",10.0
149,llama-3.1-8b-instant,Is play mein main konsi characters hain?,agentic_context,ERROR,0.0,0,"Mrs Annie Pearson, George Pearson, Doris Pearson, Cyril Pearson, aur Mrs Fitzgerald hain",10.0
150,llama-3.1-8b-instant,"Sir, kya humein remote sensing ke bare mein kuch jaankari hai?",zero_shot,ERROR,0.0,0,"Haan, humein remote sensing ke bare mein kuch jaankari hai. Remote sensing woh technology hai jiske dwara hum earth ke surface ke bare mein data collect karte hain bina directly usse touch kiye. Ye technology satellites, aircraft, aur drones jaise platforms use karti hai aur ye data environmental mo",8.5
150,llama-3.1-8b-instant,"Sir, kya humein remote sensing ke bare mein kuch jaankari hai?",few_shot,ERROR,0.0,0,"Haan, humein remote sensing ke bare mein kuch jaankari hai. Remote sensing woh technology hai jiske dwara hum earth ke surface ke bare mein data collect karte hain bina directly usse touch kiye. Ye technology satellites, aircraft, aur drones jaise platforms use karti hai aur ye data environmental mo",8.5
150,llama-3.1-8b-instant,"Sir, kya humein remote sensing ke bare mein kuch jaankari hai?",chain_of_thought,ERROR,0.0,0,"Haan, humein remote sensing ke bare mein kuch jaankari hai. Remote sensing woh technology hai jiske dwara hum earth ke surface ke bare mein data collect karte hain bina directly usse touch kiye. Ye technology satellites, aircraft, aur drones jaise platforms use karti hai aur ye data environmental mo",8.5
150,llama-3.1-8b-instant,"Sir, kya humein remote sensing ke bare mein kuch jaankari hai?",structured_context,ERROR,0.0,0,"Haan, humein remote sensing ke bare mein kuch jaankari hai. Remote sensing woh technology hai jiske dwara hum earth ke surface ke bare mein data collect karte hain bina directly usse touch kiye. Ye technology satellites, aircraft, aur drones jaise platforms use karti hai aur ye data environmental mo",8.5
150,llama-3.1-8b-instant,"Sir, kya humein remote sensing ke bare mein kuch jaankari hai?",hierarchical_context,ERROR,0.0,0,"Haan, humein remote sensing ke bare mein kuch jaankari hai. Remote sensing woh technology hai jiske dwara hum earth ke surface ke bare mein data collect karte hain bina directly usse touch kiye. Ye technology satellites, aircraft, aur drones jaise platforms use karti hai aur ye data environmental mo",8.5
150,llama-3.1-8b-instant,"Sir, kya humein remote sensing ke bare mein kuch jaankari hai?",rag_style,ERROR,0.0,0,"Haan, humein remote sensing ke bare mein kuch jaankari hai. Remote sensing woh technology hai jiske dwara hum earth ke surface ke bare mein data collect karte hain bina directly usse touch kiye. Ye technology satellites, aircraft, aur drones jaise platforms use karti hai aur ye data environmental mo",8.5
150,llama-3.1-8b-instant,"Sir, kya humein remote sensing ke bare mein kuch jaankari hai?",tree_of_thought,ERROR,0.0,0,"Haan, humein remote sensing ke bare mein kuch jaankari hai. Remote sensing woh technology hai jiske dwara hum earth ke surface ke bare mein data collect karte hain bina directly usse touch kiye. Ye technology satellites, aircraft, aur drones jaise platforms use karti hai aur ye data environmental mo",8.5
150,llama-3.1-8b-instant,"Sir, kya humein remote sensing ke bare mein kuch jaankari hai?",agentic_context,ERROR,0.0,0,"Haan, humein remote sensing ke bare mein kuch jaankari hai. Remote sensing woh technology hai jiske dwara hum earth ke surface ke bare mein data collect karte hain bina directly usse touch kiye. Ye technology satellites, aircraft, aur drones jaise platforms use karti hai aur ye data environmental mo",8.5
151,llama-3.1-8b-instant,"Ma'am, cell membrane kya hoti hai aur iski sanrachna kya hai?",zero_shot,ERROR,0.0,0,"Cell membrane ek patli jhilli hoti hai jo koshika ko gherneti hai, jiski sanrachna lipid aur protein se bani hoti hai, jismein porin aur channel protein bhi shamil hote hain.",8.5
151,llama-3.1-8b-instant,"Ma'am, cell membrane kya hoti hai aur iski sanrachna kya hai?",few_shot,ERROR,0.0,0,"Cell membrane ek patli jhilli hoti hai jo koshika ko gherneti hai, jiski sanrachna lipid aur protein se bani hoti hai, jismein porin aur channel protein bhi shamil hote hain.",8.5
151,llama-3.1-8b-instant,"Ma'am, cell membrane kya hoti hai aur iski sanrachna kya hai?",chain_of_thought,ERROR,0.0,0,"Cell membrane ek patli jhilli hoti hai jo koshika ko gherneti hai, jiski sanrachna lipid aur protein se bani hoti hai, jismein porin aur channel protein bhi shamil hote hain.",8.5
151,llama-3.1-8b-instant,"Ma'am, cell membrane kya hoti hai aur iski sanrachna kya hai?",structured_context,ERROR,0.0,0,"Cell membrane ek patli jhilli hoti hai jo koshika ko gherneti hai, jiski sanrachna lipid aur protein se bani hoti hai, jismein porin aur channel protein bhi shamil hote hain.",8.5
151,llama-3.1-8b-instant,"Ma'am, cell membrane kya hoti hai aur iski sanrachna kya hai?",hierarchical_context,ERROR,0.0,0,"Cell membrane ek patli jhilli hoti hai jo koshika ko gherneti hai, jiski sanrachna lipid aur protein se bani hoti hai, jismein porin aur channel protein bhi shamil hote hain.",0.0
151,llama-3.1-8b-instant,"Ma'am, cell membrane kya hoti hai aur iski sanrachna kya hai?",rag_style,ERROR,0.0,0,"Cell membrane ek patli jhilli hoti hai jo koshika ko gherneti hai, jiski sanrachna lipid aur protein se bani hoti hai, jismein porin aur channel protein bhi shamil hote hain.",8.5
151,llama-3.1-8b-instant,"Ma'am, cell membrane kya hoti hai aur iski sanrachna kya hai?",tree_of_thought,ERROR,0.0,0,"Cell membrane ek patli jhilli hoti hai jo koshika ko gherneti hai, jiski sanrachna lipid aur protein se bani hoti hai, jismein porin aur channel protein bhi shamil hote hain.",0.0
151,llama-3.1-8b-instant,"Ma'am, cell membrane kya hoti hai aur iski sanrachna kya hai?",agentic_context,ERROR,0.0,0,"Cell membrane ek patli jhilli hoti hai jo koshika ko gherneti hai, jiski sanrachna lipid aur protein se bani hoti hai, jismein porin aur channel protein bhi shamil hote hain.",8.5
152,llama-3.1-8b-instant,"Ma'am, genetic engineering kya hota hai?",zero_shot,ERROR,0.0,0,"Genetic engineering ek aisi vidhi hoti hai jismein hum jeevon ke gene ko badalte hain taaki ve humari aavashyakataon ko poora kar sakein. Iska upyog kheti, dawa, aur anya kshetron mein kiya jata hai.",8.5
152,llama-3.1-8b-instant,"Ma'am, genetic engineering kya hota hai?",few_shot,ERROR,0.0,0,"Genetic engineering ek aisi vidhi hoti hai jismein hum jeevon ke gene ko badalte hain taaki ve humari aavashyakataon ko poora kar sakein. Iska upyog kheti, dawa, aur anya kshetron mein kiya jata hai.",8.5
152,llama-3.1-8b-instant,"Ma'am, genetic engineering kya hota hai?",chain_of_thought,ERROR,0.0,0,"Genetic engineering ek aisi vidhi hoti hai jismein hum jeevon ke gene ko badalte hain taaki ve humari aavashyakataon ko poora kar sakein. Iska upyog kheti, dawa, aur anya kshetron mein kiya jata hai.",8.5
152,llama-3.1-8b-instant,"Ma'am, genetic engineering kya hota hai?",structured_context,ERROR,0.0,0,"Genetic engineering ek aisi vidhi hoti hai jismein hum jeevon ke gene ko badalte hain taaki ve humari aavashyakataon ko poora kar sakein. Iska upyog kheti, dawa, aur anya kshetron mein kiya jata hai.",8.5
152,llama-3.1-8b-instant,"Ma'am, genetic engineering kya hota hai?",hierarchical_context,ERROR,0.0,0,"Genetic engineering ek aisi vidhi hoti hai jismein hum jeevon ke gene ko badalte hain taaki ve humari aavashyakataon ko poora kar sakein. Iska upyog kheti, dawa, aur anya kshetron mein kiya jata hai.",8.5
152,llama-3.1-8b-instant,"Ma'am, genetic engineering kya hota hai?",rag_style,ERROR,0.0,0,"Genetic engineering ek aisi vidhi hoti hai jismein hum jeevon ke gene ko badalte hain taaki ve humari aavashyakataon ko poora kar sakein. Iska upyog kheti, dawa, aur anya kshetron mein kiya jata hai.",8.5
152,llama-3.1-8b-instant,"Ma'am, genetic engineering kya hota hai?",tree_of_thought,ERROR,0.0,0,"Genetic engineering ek aisi vidhi hoti hai jismein hum jeevon ke gene ko badalte hain taaki ve humari aavashyakataon ko poora kar sakein. Iska upyog kheti, dawa, aur anya kshetron mein kiya jata hai.",8.5
152,llama-3.1-8b-instant,"Ma'am, genetic engineering kya hota hai?",agentic_context,ERROR,0.0,0,"Genetic engineering ek aisi vidhi hoti hai jismein hum jeevon ke gene ko badalte hain taaki ve humari aavashyakataon ko poora kar sakein. Iska upyog kheti, dawa, aur anya kshetron mein kiya jata hai.",8.5
153,llama-3.1-8b-instant,How did Paul react when his mother and uncle commented on his rocking-horse riding?,zero_shot,ERROR,0.0,0,He gave a blue glare and did not speak to them.,8.5
153,llama-3.1-8b-instant,How did Paul react when his mother and uncle commented on his rocking-horse riding?,few_shot,ERROR,0.0,0,He gave a blue glare and did not speak to them.,8.5
153,llama-3.1-8b-instant,How did Paul react when his mother and uncle commented on his rocking-horse riding?,chain_of_thought,ERROR,0.0,0,He gave a blue glare and did not speak to them.,8.5
153,llama-3.1-8b-instant,How did Paul react when his mother and uncle commented on his rocking-horse riding?,structured_context,"{""answer"": ""Paul khush huwa, kyunki woh apne rocking-horse riding karte samay bahut khush tha."", ""explanation"": ""Is story mein, Paul ek bada beta hai. Uska nani aur chacha ne uske rocking-horse riding par comment kiya. Lekin Paul ne koi reaction nahin diya. Kyunki woh apne rocking-horse riding karte samay bahut khush tha, usne apne chacha aur nani se koi baat nahin ki.""}

Note: The question is likely referring to the short story ""The Rocking-Horse Winner"" by D.H. Lawrence, where the narrator (no",60.66,232,He gave a blue glare and did not speak to them.,8.5
153,llama-3.1-8b-instant,How did Paul react when his mother and uncle commented on his rocking-horse riding?,hierarchical_context,"Bachcho, aaj hum ek bahut hi interesting story sunenge. Yeh story 'The Rocking-Horse Winner' ka hain, jo D.H. Lawrence ne likha tha.

So, Paul ka maa aur chacha use akele baithke rocking horse par bethne ke liye rok rahe the. Unhone mana ki yeh naach buri cheez hai aur isse use adhik se adhik naa karne ki koshish kare. 

Lekin Paul ko isme koi galat baat nahin lagti thi. Usme thoda bhi naachne ka shauk tha. Lekin jab uske maa aur chacha ne use rokne ki koshish ki, to usne khud hi apne maa aur ch",69.328,455,He gave a blue glare and did not speak to them.,8.5
153,llama-3.1-8b-instant,How did Paul react when his mother and uncle commented on his rocking-horse riding?,rag_style,ERROR,0.0,0,He gave a blue glare and did not speak to them.,8.5
153,llama-3.1-8b-instant,How did Paul react when his mother and uncle commented on his rocking-horse riding?,tree_of_thought,ERROR,0.0,0,He gave a blue glare and did not speak to them.,8.5
153,llama-3.1-8b-instant,How did Paul react when his mother and uncle commented on his rocking-horse riding?,agentic_context,ERROR,0.0,0,He gave a blue glare and did not speak to them.,8.5
154,llama-3.1-8b-instant,CV me 'References' ka kya purpose hota hai? Jaise ki school ke Principal jo aapke character aur conduct ko certify kar sakein,zero_shot,ERROR,0.0,0,"CV me 'References' woh log hote hai jinka naam diya hota hai, jaise ki school ka Principal, jo aapke character aur conduct ko certify kar sakein",8.5
154,llama-3.1-8b-instant,CV me 'References' ka kya purpose hota hai? Jaise ki school ke Principal jo aapke character aur conduct ko certify kar sakein,few_shot,ERROR,0.0,0,"CV me 'References' woh log hote hai jinka naam diya hota hai, jaise ki school ka Principal, jo aapke character aur conduct ko certify kar sakein",8.5
154,llama-3.1-8b-instant,CV me 'References' ka kya purpose hota hai? Jaise ki school ke Principal jo aapke character aur conduct ko certify kar sakein,chain_of_thought,ERROR,0.0,0,"CV me 'References' woh log hote hai jinka naam diya hota hai, jaise ki school ka Principal, jo aapke character aur conduct ko certify kar sakein",8.5
154,llama-3.1-8b-instant,CV me 'References' ka kya purpose hota hai? Jaise ki school ke Principal jo aapke character aur conduct ko certify kar sakein,structured_context,ERROR,0.0,0,"CV me 'References' woh log hote hai jinka naam diya hota hai, jaise ki school ka Principal, jo aapke character aur conduct ko certify kar sakein",8.5
154,llama-3.1-8b-instant,CV me 'References' ka kya purpose hota hai? Jaise ki school ke Principal jo aapke character aur conduct ko certify kar sakein,hierarchical_context,ERROR,0.0,0,"CV me 'References' woh log hote hai jinka naam diya hota hai, jaise ki school ka Principal, jo aapke character aur conduct ko certify kar sakein",8.5
154,llama-3.1-8b-instant,CV me 'References' ka kya purpose hota hai? Jaise ki school ke Principal jo aapke character aur conduct ko certify kar sakein,rag_style,ERROR,0.0,0,"CV me 'References' woh log hote hai jinka naam diya hota hai, jaise ki school ka Principal, jo aapke character aur conduct ko certify kar sakein",8.5
154,llama-3.1-8b-instant,CV me 'References' ka kya purpose hota hai? Jaise ki school ke Principal jo aapke character aur conduct ko certify kar sakein,tree_of_thought,ERROR,0.0,0,"CV me 'References' woh log hote hai jinka naam diya hota hai, jaise ki school ka Principal, jo aapke character aur conduct ko certify kar sakein",8.5
154,llama-3.1-8b-instant,CV me 'References' ka kya purpose hota hai? Jaise ki school ke Principal jo aapke character aur conduct ko certify kar sakein,agentic_context,ERROR,0.0,0,"CV me 'References' woh log hote hai jinka naam diya hota hai, jaise ki school ka Principal, jo aapke character aur conduct ko certify kar sakein",9.0
155,llama-3.1-8b-instant,What commercial venture did Mammachi start after Pappachi's retirement?,zero_shot,ERROR,0.0,0,Mammachi started making pickles commercially.,1.0
155,llama-3.1-8b-instant,What commercial venture did Mammachi start after Pappachi's retirement?,few_shot,ERROR,0.0,0,Mammachi started making pickles commercially.,0.0
155,llama-3.1-8b-instant,What commercial venture did Mammachi start after Pappachi's retirement?,chain_of_thought,ERROR,0.0,0,Mammachi started making pickles commercially.,0.0
155,llama-3.1-8b-instant,What commercial venture did Mammachi start after Pappachi's retirement?,structured_context,ERROR,0.0,0,Mammachi started making pickles commercially.,0.0
155,llama-3.1-8b-instant,What commercial venture did Mammachi start after Pappachi's retirement?,hierarchical_context,ERROR,0.0,0,Mammachi started making pickles commercially.,0.0
155,llama-3.1-8b-instant,What commercial venture did Mammachi start after Pappachi's retirement?,rag_style,ERROR,0.0,0,Mammachi started making pickles commercially.,10.0
155,llama-3.1-8b-instant,What commercial venture did Mammachi start after Pappachi's retirement?,tree_of_thought,ERROR,0.0,0,Mammachi started making pickles commercially.,1.0
155,llama-3.1-8b-instant,What commercial venture did Mammachi start after Pappachi's retirement?,agentic_context,ERROR,0.0,0,Mammachi started making pickles commercially.,10.0
156,llama-3.1-8b-instant,Mrs Pearson ko Mrs Fitzgerald ke proposal ke liye kya pehli reaction thi?,zero_shot,ERROR,0.0,0,Mrs Pearson ko lagta hai ki body change karna namumkin hai aur uspe doubt hai,0.0
156,llama-3.1-8b-instant,Mrs Pearson ko Mrs Fitzgerald ke proposal ke liye kya pehli reaction thi?,few_shot,ERROR,0.0,0,Mrs Pearson ko lagta hai ki body change karna namumkin hai aur uspe doubt hai,8.5
156,llama-3.1-8b-instant,Mrs Pearson ko Mrs Fitzgerald ke proposal ke liye kya pehli reaction thi?,chain_of_thought,ERROR,0.0,0,Mrs Pearson ko lagta hai ki body change karna namumkin hai aur uspe doubt hai,0.0
156,llama-3.1-8b-instant,Mrs Pearson ko Mrs Fitzgerald ke proposal ke liye kya pehli reaction thi?,structured_context,ERROR,0.0,0,Mrs Pearson ko lagta hai ki body change karna namumkin hai aur uspe doubt hai,0.0
156,llama-3.1-8b-instant,Mrs Pearson ko Mrs Fitzgerald ke proposal ke liye kya pehli reaction thi?,hierarchical_context,ERROR,0.0,0,Mrs Pearson ko lagta hai ki body change karna namumkin hai aur uspe doubt hai,0.0
156,llama-3.1-8b-instant,Mrs Pearson ko Mrs Fitzgerald ke proposal ke liye kya pehli reaction thi?,rag_style,ERROR,0.0,0,Mrs Pearson ko lagta hai ki body change karna namumkin hai aur uspe doubt hai,0.0
156,llama-3.1-8b-instant,Mrs Pearson ko Mrs Fitzgerald ke proposal ke liye kya pehli reaction thi?,tree_of_thought,ERROR,0.0,0,Mrs Pearson ko lagta hai ki body change karna namumkin hai aur uspe doubt hai,8.5
156,llama-3.1-8b-instant,Mrs Pearson ko Mrs Fitzgerald ke proposal ke liye kya pehli reaction thi?,agentic_context,ERROR,0.0,0,Mrs Pearson ko lagta hai ki body change karna namumkin hai aur uspe doubt hai,1.0
157,llama-3.1-8b-instant,"Sir, kya aap bata sakte hain ki kinetic theory of gases kya hai?",zero_shot,ERROR,0.0,0,"Kinetic theory of gases ke anusar, gas ke anu gati mein rehte hain aur isse hamein pata chalta hai ki kaise gas ke gunon ko samjhna chahiye. Is theory ke anusar, gas ke anu ek-dusre se takraate hain aur isse hamein gas ke dabav, taap, aur aayatan ke baare mein jankari milti hai.",8.5
157,llama-3.1-8b-instant,"Sir, kya aap bata sakte hain ki kinetic theory of gases kya hai?",few_shot,ERROR,0.0,0,"Kinetic theory of gases ke anusar, gas ke anu gati mein rehte hain aur isse hamein pata chalta hai ki kaise gas ke gunon ko samjhna chahiye. Is theory ke anusar, gas ke anu ek-dusre se takraate hain aur isse hamein gas ke dabav, taap, aur aayatan ke baare mein jankari milti hai.",8.5
157,llama-3.1-8b-instant,"Sir, kya aap bata sakte hain ki kinetic theory of gases kya hai?",chain_of_thought,ERROR,0.0,0,"Kinetic theory of gases ke anusar, gas ke anu gati mein rehte hain aur isse hamein pata chalta hai ki kaise gas ke gunon ko samjhna chahiye. Is theory ke anusar, gas ke anu ek-dusre se takraate hain aur isse hamein gas ke dabav, taap, aur aayatan ke baare mein jankari milti hai.",8.5
157,llama-3.1-8b-instant,"Sir, kya aap bata sakte hain ki kinetic theory of gases kya hai?",structured_context,ERROR,0.0,0,"Kinetic theory of gases ke anusar, gas ke anu gati mein rehte hain aur isse hamein pata chalta hai ki kaise gas ke gunon ko samjhna chahiye. Is theory ke anusar, gas ke anu ek-dusre se takraate hain aur isse hamein gas ke dabav, taap, aur aayatan ke baare mein jankari milti hai.",8.5
157,llama-3.1-8b-instant,"Sir, kya aap bata sakte hain ki kinetic theory of gases kya hai?",hierarchical_context,ERROR,0.0,0,"Kinetic theory of gases ke anusar, gas ke anu gati mein rehte hain aur isse hamein pata chalta hai ki kaise gas ke gunon ko samjhna chahiye. Is theory ke anusar, gas ke anu ek-dusre se takraate hain aur isse hamein gas ke dabav, taap, aur aayatan ke baare mein jankari milti hai.",8.5
157,llama-3.1-8b-instant,"Sir, kya aap bata sakte hain ki kinetic theory of gases kya hai?",rag_style,ERROR,0.0,0,"Kinetic theory of gases ke anusar, gas ke anu gati mein rehte hain aur isse hamein pata chalta hai ki kaise gas ke gunon ko samjhna chahiye. Is theory ke anusar, gas ke anu ek-dusre se takraate hain aur isse hamein gas ke dabav, taap, aur aayatan ke baare mein jankari milti hai.",8.5
157,llama-3.1-8b-instant,"Sir, kya aap bata sakte hain ki kinetic theory of gases kya hai?",tree_of_thought,ERROR,0.0,0,"Kinetic theory of gases ke anusar, gas ke anu gati mein rehte hain aur isse hamein pata chalta hai ki kaise gas ke gunon ko samjhna chahiye. Is theory ke anusar, gas ke anu ek-dusre se takraate hain aur isse hamein gas ke dabav, taap, aur aayatan ke baare mein jankari milti hai.",8.5
157,llama-3.1-8b-instant,"Sir, kya aap bata sakte hain ki kinetic theory of gases kya hai?",agentic_context,ERROR,0.0,0,"Kinetic theory of gases ke anusar, gas ke anu gati mein rehte hain aur isse hamein pata chalta hai ki kaise gas ke gunon ko samjhna chahiye. Is theory ke anusar, gas ke anu ek-dusre se takraate hain aur isse hamein gas ke dabav, taap, aur aayatan ke baare mein jankari milti hai.",8.5
158,llama-3.1-8b-instant,Joe Morgan kaun hai?,zero_shot,ERROR,0.0,0,"Joe Morgan ek mota driller hai jiske wife ko unki pehli child ho rahi hai, shaadi ko lagbhag bees saal ho gaye hain",1.0
158,llama-3.1-8b-instant,Joe Morgan kaun hai?,few_shot,ERROR,0.0,0,"Joe Morgan ek mota driller hai jiske wife ko unki pehli child ho rahi hai, shaadi ko lagbhag bees saal ho gaye hain",1.0
158,llama-3.1-8b-instant,Joe Morgan kaun hai?,chain_of_thought,ERROR,0.0,0,"Joe Morgan ek mota driller hai jiske wife ko unki pehli child ho rahi hai, shaadi ko lagbhag bees saal ho gaye hain",0.0
158,llama-3.1-8b-instant,Joe Morgan kaun hai?,structured_context,ERROR,0.0,0,"Joe Morgan ek mota driller hai jiske wife ko unki pehli child ho rahi hai, shaadi ko lagbhag bees saal ho gaye hain",0.0
158,llama-3.1-8b-instant,Joe Morgan kaun hai?,hierarchical_context,ERROR,0.0,0,"Joe Morgan ek mota driller hai jiske wife ko unki pehli child ho rahi hai, shaadi ko lagbhag bees saal ho gaye hain",1.0
158,llama-3.1-8b-instant,Joe Morgan kaun hai?,rag_style,ERROR,0.0,0,"Joe Morgan ek mota driller hai jiske wife ko unki pehli child ho rahi hai, shaadi ko lagbhag bees saal ho gaye hain",1.0
158,llama-3.1-8b-instant,Joe Morgan kaun hai?,tree_of_thought,ERROR,0.0,0,"Joe Morgan ek mota driller hai jiske wife ko unki pehli child ho rahi hai, shaadi ko lagbhag bees saal ho gaye hain",0.0
158,llama-3.1-8b-instant,Joe Morgan kaun hai?,agentic_context,ERROR,0.0,0,"Joe Morgan ek mota driller hai jiske wife ko unki pehli child ho rahi hai, shaadi ko lagbhag bees saal ho gaye hain",1.0
159,llama-3.1-8b-instant,Supplementary reader ke foreword me kin logon ka mention hai jo iske liye kaam karte hain?,zero_shot,ERROR,0.0,0,"Advisory group in languages ke Chairperson, Professor Namwar Singh, aur book ke Chief Advisor, Professor R. Amritavalli.",0.0
159,llama-3.1-8b-instant,Supplementary reader ke foreword me kin logon ka mention hai jo iske liye kaam karte hain?,few_shot,ERROR,0.0,0,"Advisory group in languages ke Chairperson, Professor Namwar Singh, aur book ke Chief Advisor, Professor R. Amritavalli.",0.0
159,llama-3.1-8b-instant,Supplementary reader ke foreword me kin logon ka mention hai jo iske liye kaam karte hain?,chain_of_thought,ERROR,0.0,0,"Advisory group in languages ke Chairperson, Professor Namwar Singh, aur book ke Chief Advisor, Professor R. Amritavalli.",0.0
159,llama-3.1-8b-instant,Supplementary reader ke foreword me kin logon ka mention hai jo iske liye kaam karte hain?,structured_context,ERROR,0.0,0,"Advisory group in languages ke Chairperson, Professor Namwar Singh, aur book ke Chief Advisor, Professor R. Amritavalli.",0.0
159,llama-3.1-8b-instant,Supplementary reader ke foreword me kin logon ka mention hai jo iske liye kaam karte hain?,hierarchical_context,ERROR,0.0,0,"Advisory group in languages ke Chairperson, Professor Namwar Singh, aur book ke Chief Advisor, Professor R. Amritavalli.",0.0
159,llama-3.1-8b-instant,Supplementary reader ke foreword me kin logon ka mention hai jo iske liye kaam karte hain?,rag_style,ERROR,0.0,0,"Advisory group in languages ke Chairperson, Professor Namwar Singh, aur book ke Chief Advisor, Professor R. Amritavalli.",0.0
159,llama-3.1-8b-instant,Supplementary reader ke foreword me kin logon ka mention hai jo iske liye kaam karte hain?,tree_of_thought,ERROR,0.0,0,"Advisory group in languages ke Chairperson, Professor Namwar Singh, aur book ke Chief Advisor, Professor R. Amritavalli.",0.0
159,llama-3.1-8b-instant,Supplementary reader ke foreword me kin logon ka mention hai jo iske liye kaam karte hain?,agentic_context,ERROR,0.0,0,"Advisory group in languages ke Chairperson, Professor Namwar Singh, aur book ke Chief Advisor, Professor R. Amritavalli.",0.0
160,llama-3.1-8b-instant,Officer ko Iona ke bete ki death ki news sunkar kaisa lagta hai? 'Hm! Wo kaise mar gaya?,zero_shot,ERROR,0.0,0,"Officer sirf itna puchte hain ki Iona ke bete ki death ki wajah kya thi, jisse pata chalta hai ki unhe bohot kam empathy hai",8.5
160,llama-3.1-8b-instant,Officer ko Iona ke bete ki death ki news sunkar kaisa lagta hai? 'Hm! Wo kaise mar gaya?,few_shot,ERROR,0.0,0,"Officer sirf itna puchte hain ki Iona ke bete ki death ki wajah kya thi, jisse pata chalta hai ki unhe bohot kam empathy hai",8.5
160,llama-3.1-8b-instant,Officer ko Iona ke bete ki death ki news sunkar kaisa lagta hai? 'Hm! Wo kaise mar gaya?,chain_of_thought,ERROR,0.0,0,"Officer sirf itna puchte hain ki Iona ke bete ki death ki wajah kya thi, jisse pata chalta hai ki unhe bohot kam empathy hai",8.5
160,llama-3.1-8b-instant,Officer ko Iona ke bete ki death ki news sunkar kaisa lagta hai? 'Hm! Wo kaise mar gaya?,structured_context,ERROR,0.0,0,"Officer sirf itna puchte hain ki Iona ke bete ki death ki wajah kya thi, jisse pata chalta hai ki unhe bohot kam empathy hai",8.5
160,llama-3.1-8b-instant,Officer ko Iona ke bete ki death ki news sunkar kaisa lagta hai? 'Hm! Wo kaise mar gaya?,hierarchical_context,ERROR,0.0,0,"Officer sirf itna puchte hain ki Iona ke bete ki death ki wajah kya thi, jisse pata chalta hai ki unhe bohot kam empathy hai",8.5
160,llama-3.1-8b-instant,Officer ko Iona ke bete ki death ki news sunkar kaisa lagta hai? 'Hm! Wo kaise mar gaya?,rag_style,ERROR,0.0,0,"Officer sirf itna puchte hain ki Iona ke bete ki death ki wajah kya thi, jisse pata chalta hai ki unhe bohot kam empathy hai",8.5
160,llama-3.1-8b-instant,Officer ko Iona ke bete ki death ki news sunkar kaisa lagta hai? 'Hm! Wo kaise mar gaya?,tree_of_thought,ERROR,0.0,0,"Officer sirf itna puchte hain ki Iona ke bete ki death ki wajah kya thi, jisse pata chalta hai ki unhe bohot kam empathy hai",8.5
160,llama-3.1-8b-instant,Officer ko Iona ke bete ki death ki news sunkar kaisa lagta hai? 'Hm! Wo kaise mar gaya?,agentic_context,ERROR,0.0,0,"Officer sirf itna puchte hain ki Iona ke bete ki death ki wajah kya thi, jisse pata chalta hai ki unhe bohot kam empathy hai",8.5
161,llama-3.1-8b-instant,"India ke Census 2001 ke hisab se, kitne percent urban Indian households ke paas ghar ke andar latrine nahi thi?",zero_shot,"Census 2001 ka data dekhne par, India mein lagbhag 43.7 percent urban Indian households ke paas ghar ke andar latrine nahi thi.",87.714,117,"Census of India 2001 ke mutabik, lagbhag 26 percent (14 million) urban Indian households ke paas apne ghar ke andar latrine nahi thi",8.5
161,llama-3.1-8b-instant,"India ke Census 2001 ke hisab se, kitne percent urban Indian households ke paas ghar ke andar latrine nahi thi?",few_shot,"Bhaiya, India ke Census 2001 ke hisab se, 36.3 percent urban Indian households ke paas ghar ke andar latrine nahi thi.",24.424,142,"Census of India 2001 ke mutabik, lagbhag 26 percent (14 million) urban Indian households ke paas apne ghar ke andar latrine nahi thi",8.5
161,llama-3.1-8b-instant,"India ke Census 2001 ke hisab se, kitne percent urban Indian households ke paas ghar ke andar latrine nahi thi?",chain_of_thought,"Arre, yeh sawaal bahut majedaar hai. Main iska jawab dena chahta hoon.

Sabse pehle, maine Census 2001 ki jankari nikali. 
Census 2001 India ka ek Census tha jo 2001 mein hua tha.

Ab, maine urban Indian households ke baare mein socha. 
Urban Indian households woh hain jo shaharon mein rahte hain.

Ab, maine ghar ke andar latrine ki baat ki. 
Ghar ke andar latrine woh hain jo ghar ke andar hoti hain aur logon ka upyog karte hain.

Ab, maine iska percentage nikalna hai. 
Humko 2001 ke Census ke d",22.845,365,"Census of India 2001 ke mutabik, lagbhag 26 percent (14 million) urban Indian households ke paas apne ghar ke andar latrine nahi thi",8.5
161,llama-3.1-8b-instant,"India ke Census 2001 ke hisab se, kitne percent urban Indian households ke paas ghar ke andar latrine nahi thi?",structured_context,"{""answer"": ""32.5 percent"", ""explanation"": ""India ke Census 2001 ke anusaar, 32.5 percent urban Indian households ke paas ghar ke andar latrine nahi thi.""}",90.553,136,"Census of India 2001 ke mutabik, lagbhag 26 percent (14 million) urban Indian households ke paas apne ghar ke andar latrine nahi thi",8.5
161,llama-3.1-8b-instant,"India ke Census 2001 ke hisab se, kitne percent urban Indian households ke paas ghar ke andar latrine nahi thi?",hierarchical_context,ERROR,0.0,0,"Census of India 2001 ke mutabik, lagbhag 26 percent (14 million) urban Indian households ke paas apne ghar ke andar latrine nahi thi",8.5
161,llama-3.1-8b-instant,"India ke Census 2001 ke hisab se, kitne percent urban Indian households ke paas ghar ke andar latrine nahi thi?",rag_style,ERROR,0.0,0,"Census of India 2001 ke mutabik, lagbhag 26 percent (14 million) urban Indian households ke paas apne ghar ke andar latrine nahi thi",8.5
161,llama-3.1-8b-instant,"India ke Census 2001 ke hisab se, kitne percent urban Indian households ke paas ghar ke andar latrine nahi thi?",tree_of_thought,ERROR,0.0,0,"Census of India 2001 ke mutabik, lagbhag 26 percent (14 million) urban Indian households ke paas apne ghar ke andar latrine nahi thi",8.5
161,llama-3.1-8b-instant,"India ke Census 2001 ke hisab se, kitne percent urban Indian households ke paas ghar ke andar latrine nahi thi?",agentic_context,ERROR,0.0,0,"Census of India 2001 ke mutabik, lagbhag 26 percent (14 million) urban Indian households ke paas apne ghar ke andar latrine nahi thi",8.5
162,llama-3.1-8b-instant,What was Pappachi's greatest professional regret?,zero_shot,ERROR,0.0,0,Pappachy's greatest regret was not having the moth he discovered named after him.,1.0
162,llama-3.1-8b-instant,What was Pappachi's greatest professional regret?,few_shot,ERROR,0.0,0,Pappachy's greatest regret was not having the moth he discovered named after him.,1.0
162,llama-3.1-8b-instant,What was Pappachi's greatest professional regret?,chain_of_thought,ERROR,0.0,0,Pappachy's greatest regret was not having the moth he discovered named after him.,1.0
162,llama-3.1-8b-instant,What was Pappachi's greatest professional regret?,structured_context,ERROR,0.0,0,Pappachy's greatest regret was not having the moth he discovered named after him.,1.0
162,llama-3.1-8b-instant,What was Pappachi's greatest professional regret?,hierarchical_context,ERROR,0.0,0,Pappachy's greatest regret was not having the moth he discovered named after him.,0.0
162,llama-3.1-8b-instant,What was Pappachi's greatest professional regret?,rag_style,ERROR,0.0,0,Pappachy's greatest regret was not having the moth he discovered named after him.,1.0
162,llama-3.1-8b-instant,What was Pappachi's greatest professional regret?,tree_of_thought,ERROR,0.0,0,Pappachy's greatest regret was not having the moth he discovered named after him.,1.0
162,llama-3.1-8b-instant,What was Pappachi's greatest professional regret?,agentic_context,ERROR,0.0,0,Pappachy's greatest regret was not having the moth he discovered named after him.,1.0
163,llama-3.1-8b-instant,"Ma'am, kya hum biology meh genetics ke baare meh jaan sakte hai?",zero_shot,ERROR,0.0,0,"Haan, genetics ek aisa field hota hai jismein hum heredity aur variation ki study karte hai, jiske anusaar hum organisms ke characteristics ko samajhte hai. Genetics ki applications medicine, agriculture, aur biotechnology meh hoti hai.",8.5
163,llama-3.1-8b-instant,"Ma'am, kya hum biology meh genetics ke baare meh jaan sakte hai?",few_shot,ERROR,0.0,0,"Haan, genetics ek aisa field hota hai jismein hum heredity aur variation ki study karte hai, jiske anusaar hum organisms ke characteristics ko samajhte hai. Genetics ki applications medicine, agriculture, aur biotechnology meh hoti hai.",8.5
163,llama-3.1-8b-instant,"Ma'am, kya hum biology meh genetics ke baare meh jaan sakte hai?",chain_of_thought,ERROR,0.0,0,"Haan, genetics ek aisa field hota hai jismein hum heredity aur variation ki study karte hai, jiske anusaar hum organisms ke characteristics ko samajhte hai. Genetics ki applications medicine, agriculture, aur biotechnology meh hoti hai.",8.5
163,llama-3.1-8b-instant,"Ma'am, kya hum biology meh genetics ke baare meh jaan sakte hai?",structured_context,ERROR,0.0,0,"Haan, genetics ek aisa field hota hai jismein hum heredity aur variation ki study karte hai, jiske anusaar hum organisms ke characteristics ko samajhte hai. Genetics ki applications medicine, agriculture, aur biotechnology meh hoti hai.",8.5
163,llama-3.1-8b-instant,"Ma'am, kya hum biology meh genetics ke baare meh jaan sakte hai?",hierarchical_context,ERROR,0.0,0,"Haan, genetics ek aisa field hota hai jismein hum heredity aur variation ki study karte hai, jiske anusaar hum organisms ke characteristics ko samajhte hai. Genetics ki applications medicine, agriculture, aur biotechnology meh hoti hai.",0.0
163,llama-3.1-8b-instant,"Ma'am, kya hum biology meh genetics ke baare meh jaan sakte hai?",rag_style,ERROR,0.0,0,"Haan, genetics ek aisa field hota hai jismein hum heredity aur variation ki study karte hai, jiske anusaar hum organisms ke characteristics ko samajhte hai. Genetics ki applications medicine, agriculture, aur biotechnology meh hoti hai.",8.5
163,llama-3.1-8b-instant,"Ma'am, kya hum biology meh genetics ke baare meh jaan sakte hai?",tree_of_thought,ERROR,0.0,0,"Haan, genetics ek aisa field hota hai jismein hum heredity aur variation ki study karte hai, jiske anusaar hum organisms ke characteristics ko samajhte hai. Genetics ki applications medicine, agriculture, aur biotechnology meh hoti hai.",8.5
163,llama-3.1-8b-instant,"Ma'am, kya hum biology meh genetics ke baare meh jaan sakte hai?",agentic_context,ERROR,0.0,0,"Haan, genetics ek aisa field hota hai jismein hum heredity aur variation ki study karte hai, jiske anusaar hum organisms ke characteristics ko samajhte hai. Genetics ki applications medicine, agriculture, aur biotechnology meh hoti hai.",8.5
164,llama-3.1-8b-instant,"Soybeans ka kai tarah se upyog hai, khane aur non-food items dono me, list karo. Soybeans bohot versatile hai, kyuki hum inhe poore bean ke roop me, soy sprouts ke roop me, ya phir inhe alag alag food items banane ke liye process kar sakte hai, jese ki soy milk, tofu, tempeh, textured vegetable protein, miso, soy sauce, soy oil aur margarine, aur soy dairy alternatives. Inhe candles aur bio-diesel banane me bhi use kiya jata hai.",zero_shot,"Ye to pata hai ki soybeans bahut versatile hai. Inke kai upyog hain, khane ke liye aur non-food items ke liye bhi. To hum yeh list banate hain:

Khane ke liye:

- Soy milk: Ye ek dairy-free milk hai jo soybeans se banaya jata hai.
- Tofu: Ye ek protein-rich food hai jo soybeans se banaya jata hai.
- Tempeh: Ye ek fermented soy product hai jo soybeans se banaya jata hai.
- Textured vegetable protein (TVP): Ye ek soy-based protein powder hai jo soybeans se banaya jata hai.
- Miso: Ye ek fermented ",92.047,513,"Soybeans ko hum poore bean ke roop me, soy sprouts ke roop me, aur phir inhe alag alag food items banane ke liye process kar sakte hai, jese ki soy milk, tofu, tempeh, textured vegetable protein, miso, soy sauce, soy oil, margarine, aur soy dairy alternatives. Inhe candles aur bio-diesel banane me b",8.5
164,llama-3.1-8b-instant,"Soybeans ka kai tarah se upyog hai, khane aur non-food items dono me, list karo. Soybeans bohot versatile hai, kyuki hum inhe poore bean ke roop me, soy sprouts ke roop me, ya phir inhe alag alag food items banane ke liye process kar sakte hai, jese ki soy milk, tofu, tempeh, textured vegetable protein, miso, soy sauce, soy oil aur margarine, aur soy dairy alternatives. Inhe candles aur bio-diesel banane me bhi use kiya jata hai.",few_shot,ERROR,0.0,0,"Soybeans ko hum poore bean ke roop me, soy sprouts ke roop me, aur phir inhe alag alag food items banane ke liye process kar sakte hai, jese ki soy milk, tofu, tempeh, textured vegetable protein, miso, soy sauce, soy oil, margarine, aur soy dairy alternatives. Inhe candles aur bio-diesel banane me b",8.5
164,llama-3.1-8b-instant,"Soybeans ka kai tarah se upyog hai, khane aur non-food items dono me, list karo. Soybeans bohot versatile hai, kyuki hum inhe poore bean ke roop me, soy sprouts ke roop me, ya phir inhe alag alag food items banane ke liye process kar sakte hai, jese ki soy milk, tofu, tempeh, textured vegetable protein, miso, soy sauce, soy oil aur margarine, aur soy dairy alternatives. Inhe candles aur bio-diesel banane me bhi use kiya jata hai.",chain_of_thought,ERROR,0.0,0,"Soybeans ko hum poore bean ke roop me, soy sprouts ke roop me, aur phir inhe alag alag food items banane ke liye process kar sakte hai, jese ki soy milk, tofu, tempeh, textured vegetable protein, miso, soy sauce, soy oil, margarine, aur soy dairy alternatives. Inhe candles aur bio-diesel banane me b",8.5
164,llama-3.1-8b-instant,"Soybeans ka kai tarah se upyog hai, khane aur non-food items dono me, list karo. Soybeans bohot versatile hai, kyuki hum inhe poore bean ke roop me, soy sprouts ke roop me, ya phir inhe alag alag food items banane ke liye process kar sakte hai, jese ki soy milk, tofu, tempeh, textured vegetable protein, miso, soy sauce, soy oil aur margarine, aur soy dairy alternatives. Inhe candles aur bio-diesel banane me bhi use kiya jata hai.",structured_context,ERROR,0.0,0,"Soybeans ko hum poore bean ke roop me, soy sprouts ke roop me, aur phir inhe alag alag food items banane ke liye process kar sakte hai, jese ki soy milk, tofu, tempeh, textured vegetable protein, miso, soy sauce, soy oil, margarine, aur soy dairy alternatives. Inhe candles aur bio-diesel banane me b",8.5
164,llama-3.1-8b-instant,"Soybeans ka kai tarah se upyog hai, khane aur non-food items dono me, list karo. Soybeans bohot versatile hai, kyuki hum inhe poore bean ke roop me, soy sprouts ke roop me, ya phir inhe alag alag food items banane ke liye process kar sakte hai, jese ki soy milk, tofu, tempeh, textured vegetable protein, miso, soy sauce, soy oil aur margarine, aur soy dairy alternatives. Inhe candles aur bio-diesel banane me bhi use kiya jata hai.",hierarchical_context,ERROR,0.0,0,"Soybeans ko hum poore bean ke roop me, soy sprouts ke roop me, aur phir inhe alag alag food items banane ke liye process kar sakte hai, jese ki soy milk, tofu, tempeh, textured vegetable protein, miso, soy sauce, soy oil, margarine, aur soy dairy alternatives. Inhe candles aur bio-diesel banane me b",8.5
164,llama-3.1-8b-instant,"Soybeans ka kai tarah se upyog hai, khane aur non-food items dono me, list karo. Soybeans bohot versatile hai, kyuki hum inhe poore bean ke roop me, soy sprouts ke roop me, ya phir inhe alag alag food items banane ke liye process kar sakte hai, jese ki soy milk, tofu, tempeh, textured vegetable protein, miso, soy sauce, soy oil aur margarine, aur soy dairy alternatives. Inhe candles aur bio-diesel banane me bhi use kiya jata hai.",rag_style,ERROR,0.0,0,"Soybeans ko hum poore bean ke roop me, soy sprouts ke roop me, aur phir inhe alag alag food items banane ke liye process kar sakte hai, jese ki soy milk, tofu, tempeh, textured vegetable protein, miso, soy sauce, soy oil, margarine, aur soy dairy alternatives. Inhe candles aur bio-diesel banane me b",8.5
164,llama-3.1-8b-instant,"Soybeans ka kai tarah se upyog hai, khane aur non-food items dono me, list karo. Soybeans bohot versatile hai, kyuki hum inhe poore bean ke roop me, soy sprouts ke roop me, ya phir inhe alag alag food items banane ke liye process kar sakte hai, jese ki soy milk, tofu, tempeh, textured vegetable protein, miso, soy sauce, soy oil aur margarine, aur soy dairy alternatives. Inhe candles aur bio-diesel banane me bhi use kiya jata hai.",tree_of_thought,ERROR,0.0,0,"Soybeans ko hum poore bean ke roop me, soy sprouts ke roop me, aur phir inhe alag alag food items banane ke liye process kar sakte hai, jese ki soy milk, tofu, tempeh, textured vegetable protein, miso, soy sauce, soy oil, margarine, aur soy dairy alternatives. Inhe candles aur bio-diesel banane me b",8.5
164,llama-3.1-8b-instant,"Soybeans ka kai tarah se upyog hai, khane aur non-food items dono me, list karo. Soybeans bohot versatile hai, kyuki hum inhe poore bean ke roop me, soy sprouts ke roop me, ya phir inhe alag alag food items banane ke liye process kar sakte hai, jese ki soy milk, tofu, tempeh, textured vegetable protein, miso, soy sauce, soy oil aur margarine, aur soy dairy alternatives. Inhe candles aur bio-diesel banane me bhi use kiya jata hai.",agentic_context,ERROR,0.0,0,"Soybeans ko hum poore bean ke roop me, soy sprouts ke roop me, aur phir inhe alag alag food items banane ke liye process kar sakte hai, jese ki soy milk, tofu, tempeh, textured vegetable protein, miso, soy sauce, soy oil, margarine, aur soy dairy alternatives. Inhe candles aur bio-diesel banane me b",8.5
165,llama-3.1-8b-instant,"What did Pappachi do every day, even in the heat, as a reminder of his past?",zero_shot,ERROR,0.0,0,Pappachy wore a well-pressed three-piece suit and his gold pocket watch every day.,1.0
165,llama-3.1-8b-instant,"What did Pappachi do every day, even in the heat, as a reminder of his past?",few_shot,"Bhaiya Pappachi ki kahaani bahut pyaari hai. Pappachi har din, bahut garam hone par bhi, unke pas di gayi aadatein nahin bhoolte the, unke aaj ke hawaale ko yaad dilane ke liye. 

Woh har din, ek aisi cheez karte the jo unhein unke past ke yadon mein le jaati thi.",29.694,192,Pappachy wore a well-pressed three-piece suit and his gold pocket watch every day.,8.5
165,llama-3.1-8b-instant,"What did Pappachi do every day, even in the heat, as a reminder of his past?",chain_of_thought,ERROR,0.0,0,Pappachy wore a well-pressed three-piece suit and his gold pocket watch every day.,0.0
165,llama-3.1-8b-instant,"What did Pappachi do every day, even in the heat, as a reminder of his past?",structured_context,"{""answer"": ""Pappachi har din mein garmi mein bhi ek cheez karta tha, jo uski paschati bhavnaon ko yaad dilata tha."", ""explanation"": ""Usne har din apne ghar ke andar ek choolha jalaya tha, jisse uski paschati bhavnaon ko yaad aaya aur usne apni paschati bhavnaon ko prakashit kiya.""}",0.307,178,Pappachy wore a well-pressed three-piece suit and his gold pocket watch every day.,8.5
165,llama-3.1-8b-instant,"What did Pappachi do every day, even in the heat, as a reminder of his past?",hierarchical_context,ERROR,0.0,0,Pappachy wore a well-pressed three-piece suit and his gold pocket watch every day.,10.0
165,llama-3.1-8b-instant,"What did Pappachi do every day, even in the heat, as a reminder of his past?",rag_style,"Pappachi har din, bahut majboot garmi mein bhi, apne bhavishya ki yaad mein kya karta tha?  Uska reply hai ki Pappachi har din ek cheez karta tha.",28.435,138,Pappachy wore a well-pressed three-piece suit and his gold pocket watch every day.,8.5
165,llama-3.1-8b-instant,"What did Pappachi do every day, even in the heat, as a reminder of his past?",tree_of_thought,"Let me think in 2-3 different ways...

First thought: Pappachi might be a character from a story, probably from Arundhati Roy's novel 'The God of Small Things'. In this case, Pappachi was a freedom fighter and he probably took out the ashes of the dead body of Mahatma Gandhi from the river every day, even in the heat.

Second thought: Pappachi might be a character from another story where he used to do something different every day. In this case, I'm not sure what it could be.

Third thought: Pa",22.789,311,Pappachy wore a well-pressed three-piece suit and his gold pocket watch every day.,8.5
165,llama-3.1-8b-instant,"What did Pappachi do every day, even in the heat, as a reminder of his past?",agentic_context,"Arre yaar, main samajh gaya hai question ka sab kuch. 

Step 1: Pappachi ka kya karta tha jo use uski past ka yaad dilata tha. 

Step 2: Mera yaad hai ki Pappachi ek aisi cheez hota tha jo uski past ka yaad dilata thi. 

Step 3: Thoda sochne ke baad, main samajh gaya ki Pappachi har din garami mein bhi ek cheez karta tha - Vah apne jwalamukhi ke saath khada hota tha. 

Toh, jawab yeh hai: Pappachi har din, bahut garami mein bhi, apne jwalamukhi ke saath khada hota tha, jise use uski paschim bhar",57.812,296,Pappachy wore a well-pressed three-piece suit and his gold pocket watch every day.,0.0
166,llama-3.1-8b-instant,"Ma'am, prathamik utpaadak kya hote hain aur unki bhumika kya hai?",zero_shot,"Arre bhai, prathamik utpaadak kehte hain vibhinn utpaadon ko banaane wale logon ko, jaise ki kisan, vikreta, kammewal, itihas ke liye to yeh sabhi prathamik utpaadak hain.

Prathamik utpaadak ke kai tareeke hain, jaise ki:

1. Kisan: Ve kheti aur paudhe badhate hain, jo humein chawal, dal, sabziyan aur anya khadya utpaad dete hain.
2. Vikreta: Ve utpaadon ko ek jagah se dusre jagah le jaate hain, aur unhein anya logon tak pahunchaate hain.
3. Kammewal: Ve utpaadon ko banana ya unki upyaas banane",1.169,403,"Prathamik utpaadak paudhe aur shaiwaldar hote hain jo surya urja ka upyog karke bhoomi ko urja pradaan karte hain, jisse jeev jagat ka aahar tantra sanchalit hota hai.",8.5
166,llama-3.1-8b-instant,"Ma'am, prathamik utpaadak kya hote hain aur unki bhumika kya hai?",few_shot,Prathamik utpaadak kheti mein istemaal hote hain. Ve hamaare aas-paas padi hui zameen se khadya saamagri aur anya utpaad banate hain. Unki bhumika hamaare khadya aur anya aavashyaktaon ki purti karne mein aati hai.,56.362,185,"Prathamik utpaadak paudhe aur shaiwaldar hote hain jo surya urja ka upyog karke bhoomi ko urja pradaan karte hain, jisse jeev jagat ka aahar tantra sanchalit hota hai.",8.5
166,llama-3.1-8b-instant,"Ma'am, prathamik utpaadak kya hote hain aur unki bhumika kya hai?",chain_of_thought,ERROR,0.0,0,"Prathamik utpaadak paudhe aur shaiwaldar hote hain jo surya urja ka upyog karke bhoomi ko urja pradaan karte hain, jisse jeev jagat ka aahar tantra sanchalit hota hai.",0.0
166,llama-3.1-8b-instant,"Ma'am, prathamik utpaadak kya hote hain aur unki bhumika kya hai?",structured_context,"{""answer"": ""Prathamik utpaadak vahan, jaise ki gaay, bakra, aur gaiya, jinke dudh, dhan aur anya utpaad utpann hote hain."", ""explanation"": ""Prathamik utpaadak, jise pracheen kisan bhi kaha jata hai, ek utpaadak hota hai jo apne khud ke utpaad, jaise gai, bakra, ya gaiya, ki pasand ki kheti karte hain. Yeh utpaad, jaise dudh, dhan, ya anya utpaad, jisse unka jivan chalata hai. Unki bhumika bahut mahatvapurn hai, kyonki ve apne utpaad se apne parivaar ka jivan chalaate hain aur samaj ko bhi utpaad",0.574,291,"Prathamik utpaadak paudhe aur shaiwaldar hote hain jo surya urja ka upyog karke bhoomi ko urja pradaan karte hain, jisse jeev jagat ka aahar tantra sanchalit hota hai.",8.5
166,llama-3.1-8b-instant,"Ma'am, prathamik utpaadak kya hote hain aur unki bhumika kya hai?",hierarchical_context,ERROR,0.0,0,"Prathamik utpaadak paudhe aur shaiwaldar hote hain jo surya urja ka upyog karke bhoomi ko urja pradaan karte hain, jisse jeev jagat ka aahar tantra sanchalit hota hai.",8.5
166,llama-3.1-8b-instant,"Ma'am, prathamik utpaadak kya hote hain aur unki bhumika kya hai?",rag_style,ERROR,0.0,0,"Prathamik utpaadak paudhe aur shaiwaldar hote hain jo surya urja ka upyog karke bhoomi ko urja pradaan karte hain, jisse jeev jagat ka aahar tantra sanchalit hota hai.",0.0
166,llama-3.1-8b-instant,"Ma'am, prathamik utpaadak kya hote hain aur unki bhumika kya hai?",tree_of_thought,ERROR,0.0,0,"Prathamik utpaadak paudhe aur shaiwaldar hote hain jo surya urja ka upyog karke bhoomi ko urja pradaan karte hain, jisse jeev jagat ka aahar tantra sanchalit hota hai.",8.5
166,llama-3.1-8b-instant,"Ma'am, prathamik utpaadak kya hote hain aur unki bhumika kya hai?",agentic_context,ERROR,0.0,0,"Prathamik utpaadak paudhe aur shaiwaldar hote hain jo surya urja ka upyog karke bhoomi ko urja pradaan karte hain, jisse jeev jagat ka aahar tantra sanchalit hota hai.",0.0
167,llama-3.1-8b-instant,"What was the narrator's routine for making tea at the YMCA? I bought tea bags and a flask, which the salesman in Woolworth’s referred to as a thermos (a flask, he informed me, was used to store whiskey, another thing I had never consumed). For the price of one cup of tea at a coffee shop, I filled the flask with boiling water on my way to work each morning, and brewed the four cups I drank in the course of a day.",zero_shot,"Bhai, yaar, let me tell you, narrator ki routine thi ki har subah, yeh flask mein paani garam karta tha, aur phir yeh tea bags ke saath milakar chai banata tha. Iski madad se yeh ek din mein 4 cups chai peeta tha. Aur yeh sab kuch yeh coffee shop mein ek cup chai ki kiya karne ka daam mein hi kar saka tha.",59.832,242,"The narrator's routine for making tea at the YMCA involved buying tea bags and a thermos, filling it with boiling water on his way to work each morning, and brewing four cups of tea throughout the day.",8.5
167,llama-3.1-8b-instant,"What was the narrator's routine for making tea at the YMCA? I bought tea bags and a flask, which the salesman in Woolworth’s referred to as a thermos (a flask, he informed me, was used to store whiskey, another thing I had never consumed). For the price of one cup of tea at a coffee shop, I filled the flask with boiling water on my way to work each morning, and brewed the four cups I drank in the course of a day.",few_shot,ERROR,0.0,0,"The narrator's routine for making tea at the YMCA involved buying tea bags and a thermos, filling it with boiling water on his way to work each morning, and brewing four cups of tea throughout the day.",8.5
167,llama-3.1-8b-instant,"What was the narrator's routine for making tea at the YMCA? I bought tea bags and a flask, which the salesman in Woolworth’s referred to as a thermos (a flask, he informed me, was used to store whiskey, another thing I had never consumed). For the price of one cup of tea at a coffee shop, I filled the flask with boiling water on my way to work each morning, and brewed the four cups I drank in the course of a day.",chain_of_thought,"Arre bhai, let's break it down step by step:

1. Sabse pehle, narrator ne chai ke bagaas kharidte hain. (First, the narrator buys tea bags.)
2. Fir, unhone ek flask bhi kharidta hai. (Then, they also buy a flask.)
3. Salesman ne unko bataya ki is flask ko thermos kehte hain, aur flask ko whiskey store karna hota hai. (The salesman tells them that this flask is called a thermos and that a flask is used for storing whiskey.)
4. Ab, narrator ne is flask mein chai ka bagaas dala aur usse apne work k",1.041,584,"The narrator's routine for making tea at the YMCA involved buying tea bags and a thermos, filling it with boiling water on his way to work each morning, and brewing four cups of tea throughout the day.",8.5
167,llama-3.1-8b-instant,"What was the narrator's routine for making tea at the YMCA? I bought tea bags and a flask, which the salesman in Woolworth’s referred to as a thermos (a flask, he informed me, was used to store whiskey, another thing I had never consumed). For the price of one cup of tea at a coffee shop, I filled the flask with boiling water on my way to work each morning, and brewed the four cups I drank in the course of a day.",structured_context,ERROR,0.0,0,"The narrator's routine for making tea at the YMCA involved buying tea bags and a thermos, filling it with boiling water on his way to work each morning, and brewing four cups of tea throughout the day.",8.5
167,llama-3.1-8b-instant,"What was the narrator's routine for making tea at the YMCA? I bought tea bags and a flask, which the salesman in Woolworth’s referred to as a thermos (a flask, he informed me, was used to store whiskey, another thing I had never consumed). For the price of one cup of tea at a coffee shop, I filled the flask with boiling water on my way to work each morning, and brewed the four cups I drank in the course of a day.",hierarchical_context,ERROR,0.0,0,"The narrator's routine for making tea at the YMCA involved buying tea bags and a thermos, filling it with boiling water on his way to work each morning, and brewing four cups of tea throughout the day.",8.5
167,llama-3.1-8b-instant,"What was the narrator's routine for making tea at the YMCA? I bought tea bags and a flask, which the salesman in Woolworth’s referred to as a thermos (a flask, he informed me, was used to store whiskey, another thing I had never consumed). For the price of one cup of tea at a coffee shop, I filled the flask with boiling water on my way to work each morning, and brewed the four cups I drank in the course of a day.",rag_style,ERROR,0.0,0,"The narrator's routine for making tea at the YMCA involved buying tea bags and a thermos, filling it with boiling water on his way to work each morning, and brewing four cups of tea throughout the day.",8.5
167,llama-3.1-8b-instant,"What was the narrator's routine for making tea at the YMCA? I bought tea bags and a flask, which the salesman in Woolworth’s referred to as a thermos (a flask, he informed me, was used to store whiskey, another thing I had never consumed). For the price of one cup of tea at a coffee shop, I filled the flask with boiling water on my way to work each morning, and brewed the four cups I drank in the course of a day.",tree_of_thought,ERROR,0.0,0,"The narrator's routine for making tea at the YMCA involved buying tea bags and a thermos, filling it with boiling water on his way to work each morning, and brewing four cups of tea throughout the day.",8.5
167,llama-3.1-8b-instant,"What was the narrator's routine for making tea at the YMCA? I bought tea bags and a flask, which the salesman in Woolworth’s referred to as a thermos (a flask, he informed me, was used to store whiskey, another thing I had never consumed). For the price of one cup of tea at a coffee shop, I filled the flask with boiling water on my way to work each morning, and brewed the four cups I drank in the course of a day.",agentic_context,ERROR,0.0,0,"The narrator's routine for making tea at the YMCA involved buying tea bags and a thermos, filling it with boiling water on his way to work each morning, and brewing four cups of tea throughout the day.",8.5
168,llama-3.1-8b-instant,"Text ke end mein di gayi 'Activity' sections ka kya mukhya uddeshya ya purpose hai? Jaise ki Activity I mein humein kuch words dekhkar unse judi images likhni hoti hai, Activity II mein poetry ya prose likhni hoti hai, Activity III mein ek short story likhni hoti hai aur Activity IV mein environment conservation par stories, poems aur newspaper articles ka style compare karna hota hai.",zero_shot,ERROR,0.0,0,"Activity sections ka general purpose hai ki readers ko practical creative writing exercises mein engage karne ke liye, jaise ki ideas generate karna, poetry ya prose likhna, story start karna aur different writing styles ka analysis karna.",8.5
168,llama-3.1-8b-instant,"Text ke end mein di gayi 'Activity' sections ka kya mukhya uddeshya ya purpose hai? Jaise ki Activity I mein humein kuch words dekhkar unse judi images likhni hoti hai, Activity II mein poetry ya prose likhni hoti hai, Activity III mein ek short story likhni hoti hai aur Activity IV mein environment conservation par stories, poems aur newspaper articles ka style compare karna hota hai.",few_shot,ERROR,0.0,0,"Activity sections ka general purpose hai ki readers ko practical creative writing exercises mein engage karne ke liye, jaise ki ideas generate karna, poetry ya prose likhna, story start karna aur different writing styles ka analysis karna.",8.5
168,llama-3.1-8b-instant,"Text ke end mein di gayi 'Activity' sections ka kya mukhya uddeshya ya purpose hai? Jaise ki Activity I mein humein kuch words dekhkar unse judi images likhni hoti hai, Activity II mein poetry ya prose likhni hoti hai, Activity III mein ek short story likhni hoti hai aur Activity IV mein environment conservation par stories, poems aur newspaper articles ka style compare karna hota hai.",chain_of_thought,ERROR,0.0,0,"Activity sections ka general purpose hai ki readers ko practical creative writing exercises mein engage karne ke liye, jaise ki ideas generate karna, poetry ya prose likhna, story start karna aur different writing styles ka analysis karna.",8.5
168,llama-3.1-8b-instant,"Text ke end mein di gayi 'Activity' sections ka kya mukhya uddeshya ya purpose hai? Jaise ki Activity I mein humein kuch words dekhkar unse judi images likhni hoti hai, Activity II mein poetry ya prose likhni hoti hai, Activity III mein ek short story likhni hoti hai aur Activity IV mein environment conservation par stories, poems aur newspaper articles ka style compare karna hota hai.",structured_context,ERROR,0.0,0,"Activity sections ka general purpose hai ki readers ko practical creative writing exercises mein engage karne ke liye, jaise ki ideas generate karna, poetry ya prose likhna, story start karna aur different writing styles ka analysis karna.",8.5
168,llama-3.1-8b-instant,"Text ke end mein di gayi 'Activity' sections ka kya mukhya uddeshya ya purpose hai? Jaise ki Activity I mein humein kuch words dekhkar unse judi images likhni hoti hai, Activity II mein poetry ya prose likhni hoti hai, Activity III mein ek short story likhni hoti hai aur Activity IV mein environment conservation par stories, poems aur newspaper articles ka style compare karna hota hai.",hierarchical_context,ERROR,0.0,0,"Activity sections ka general purpose hai ki readers ko practical creative writing exercises mein engage karne ke liye, jaise ki ideas generate karna, poetry ya prose likhna, story start karna aur different writing styles ka analysis karna.",8.5
168,llama-3.1-8b-instant,"Text ke end mein di gayi 'Activity' sections ka kya mukhya uddeshya ya purpose hai? Jaise ki Activity I mein humein kuch words dekhkar unse judi images likhni hoti hai, Activity II mein poetry ya prose likhni hoti hai, Activity III mein ek short story likhni hoti hai aur Activity IV mein environment conservation par stories, poems aur newspaper articles ka style compare karna hota hai.",rag_style,ERROR,0.0,0,"Activity sections ka general purpose hai ki readers ko practical creative writing exercises mein engage karne ke liye, jaise ki ideas generate karna, poetry ya prose likhna, story start karna aur different writing styles ka analysis karna.",8.5
168,llama-3.1-8b-instant,"Text ke end mein di gayi 'Activity' sections ka kya mukhya uddeshya ya purpose hai? Jaise ki Activity I mein humein kuch words dekhkar unse judi images likhni hoti hai, Activity II mein poetry ya prose likhni hoti hai, Activity III mein ek short story likhni hoti hai aur Activity IV mein environment conservation par stories, poems aur newspaper articles ka style compare karna hota hai.",tree_of_thought,ERROR,0.0,0,"Activity sections ka general purpose hai ki readers ko practical creative writing exercises mein engage karne ke liye, jaise ki ideas generate karna, poetry ya prose likhna, story start karna aur different writing styles ka analysis karna.",8.5
168,llama-3.1-8b-instant,"Text ke end mein di gayi 'Activity' sections ka kya mukhya uddeshya ya purpose hai? Jaise ki Activity I mein humein kuch words dekhkar unse judi images likhni hoti hai, Activity II mein poetry ya prose likhni hoti hai, Activity III mein ek short story likhni hoti hai aur Activity IV mein environment conservation par stories, poems aur newspaper articles ka style compare karna hota hai.",agentic_context,ERROR,0.0,0,"Activity sections ka general purpose hai ki readers ko practical creative writing exercises mein engage karne ke liye, jaise ki ideas generate karna, poetry ya prose likhna, story start karna aur different writing styles ka analysis karna.",8.5
169,llama-3.1-8b-instant,"Sir, kya hum physics meh torque aur force ke beech antar samajh sakte hai?",zero_shot,ERROR,0.0,0,"Haan, force kisi object par lagne wali ek bal hoti hai, jabki torque force ki rotation ki wajah se hoti hai. Torque ki unit newton-meter hoti hai.",8.5
169,llama-3.1-8b-instant,"Sir, kya hum physics meh torque aur force ke beech antar samajh sakte hai?",few_shot,ERROR,0.0,0,"Haan, force kisi object par lagne wali ek bal hoti hai, jabki torque force ki rotation ki wajah se hoti hai. Torque ki unit newton-meter hoti hai.",8.5
169,llama-3.1-8b-instant,"Sir, kya hum physics meh torque aur force ke beech antar samajh sakte hai?",chain_of_thought,ERROR,0.0,0,"Haan, force kisi object par lagne wali ek bal hoti hai, jabki torque force ki rotation ki wajah se hoti hai. Torque ki unit newton-meter hoti hai.",8.5
169,llama-3.1-8b-instant,"Sir, kya hum physics meh torque aur force ke beech antar samajh sakte hai?",structured_context,ERROR,0.0,0,"Haan, force kisi object par lagne wali ek bal hoti hai, jabki torque force ki rotation ki wajah se hoti hai. Torque ki unit newton-meter hoti hai.",8.5
169,llama-3.1-8b-instant,"Sir, kya hum physics meh torque aur force ke beech antar samajh sakte hai?",hierarchical_context,ERROR,0.0,0,"Haan, force kisi object par lagne wali ek bal hoti hai, jabki torque force ki rotation ki wajah se hoti hai. Torque ki unit newton-meter hoti hai.",8.5
169,llama-3.1-8b-instant,"Sir, kya hum physics meh torque aur force ke beech antar samajh sakte hai?",rag_style,ERROR,0.0,0,"Haan, force kisi object par lagne wali ek bal hoti hai, jabki torque force ki rotation ki wajah se hoti hai. Torque ki unit newton-meter hoti hai.",8.5
169,llama-3.1-8b-instant,"Sir, kya hum physics meh torque aur force ke beech antar samajh sakte hai?",tree_of_thought,ERROR,0.0,0,"Haan, force kisi object par lagne wali ek bal hoti hai, jabki torque force ki rotation ki wajah se hoti hai. Torque ki unit newton-meter hoti hai.",8.5
169,llama-3.1-8b-instant,"Sir, kya hum physics meh torque aur force ke beech antar samajh sakte hai?",agentic_context,ERROR,0.0,0,"Haan, force kisi object par lagne wali ek bal hoti hai, jabki torque force ki rotation ki wajah se hoti hai. Torque ki unit newton-meter hoti hai.",8.5
170,llama-3.1-8b-instant,"Sir, what is economic geography?",zero_shot,ERROR,0.0,0,Economic geography ek aisa vishay hai jismein hum dharti ke saath chalne wale arthik gatividhiyon ke bare mein padhte hain. Ismein hum yeh jaante hain ki kaise arthik gatividhiyan dharti par prabhav daalti hain.,8.5
170,llama-3.1-8b-instant,"Sir, what is economic geography?",few_shot,ERROR,0.0,0,Economic geography ek aisa vishay hai jismein hum dharti ke saath chalne wale arthik gatividhiyon ke bare mein padhte hain. Ismein hum yeh jaante hain ki kaise arthik gatividhiyan dharti par prabhav daalti hain.,8.5
170,llama-3.1-8b-instant,"Sir, what is economic geography?",chain_of_thought,ERROR,0.0,0,Economic geography ek aisa vishay hai jismein hum dharti ke saath chalne wale arthik gatividhiyon ke bare mein padhte hain. Ismein hum yeh jaante hain ki kaise arthik gatividhiyan dharti par prabhav daalti hain.,8.5
170,llama-3.1-8b-instant,"Sir, what is economic geography?",structured_context,ERROR,0.0,0,Economic geography ek aisa vishay hai jismein hum dharti ke saath chalne wale arthik gatividhiyon ke bare mein padhte hain. Ismein hum yeh jaante hain ki kaise arthik gatividhiyan dharti par prabhav daalti hain.,8.5
170,llama-3.1-8b-instant,"Sir, what is economic geography?",hierarchical_context,ERROR,0.0,0,Economic geography ek aisa vishay hai jismein hum dharti ke saath chalne wale arthik gatividhiyon ke bare mein padhte hain. Ismein hum yeh jaante hain ki kaise arthik gatividhiyan dharti par prabhav daalti hain.,8.5
170,llama-3.1-8b-instant,"Sir, what is economic geography?",rag_style,ERROR,0.0,0,Economic geography ek aisa vishay hai jismein hum dharti ke saath chalne wale arthik gatividhiyon ke bare mein padhte hain. Ismein hum yeh jaante hain ki kaise arthik gatividhiyan dharti par prabhav daalti hain.,8.5
170,llama-3.1-8b-instant,"Sir, what is economic geography?",tree_of_thought,ERROR,0.0,0,Economic geography ek aisa vishay hai jismein hum dharti ke saath chalne wale arthik gatividhiyon ke bare mein padhte hain. Ismein hum yeh jaante hain ki kaise arthik gatividhiyan dharti par prabhav daalti hain.,8.5
170,llama-3.1-8b-instant,"Sir, what is economic geography?",agentic_context,ERROR,0.0,0,Economic geography ek aisa vishay hai jismein hum dharti ke saath chalne wale arthik gatividhiyon ke bare mein padhte hain. Ismein hum yeh jaante hain ki kaise arthik gatividhiyan dharti par prabhav daalti hain.,8.5
171,llama-3.1-8b-instant,What is the concept of emergence in biology?,zero_shot,ERROR,0.0,0,"Emergence in biology refers to the phenomenon where complex systems exhibit properties that cannot be predicted from the characteristics of their individual components. For example, the behavior of a flock of birds or a school of fish cannot be predicted from the behavior of individual birds or fish",8.5
171,llama-3.1-8b-instant,What is the concept of emergence in biology?,few_shot,ERROR,0.0,0,"Emergence in biology refers to the phenomenon where complex systems exhibit properties that cannot be predicted from the characteristics of their individual components. For example, the behavior of a flock of birds or a school of fish cannot be predicted from the behavior of individual birds or fish",8.5
171,llama-3.1-8b-instant,What is the concept of emergence in biology?,chain_of_thought,ERROR,0.0,0,"Emergence in biology refers to the phenomenon where complex systems exhibit properties that cannot be predicted from the characteristics of their individual components. For example, the behavior of a flock of birds or a school of fish cannot be predicted from the behavior of individual birds or fish",8.5
171,llama-3.1-8b-instant,What is the concept of emergence in biology?,structured_context,ERROR,0.0,0,"Emergence in biology refers to the phenomenon where complex systems exhibit properties that cannot be predicted from the characteristics of their individual components. For example, the behavior of a flock of birds or a school of fish cannot be predicted from the behavior of individual birds or fish",8.5
171,llama-3.1-8b-instant,What is the concept of emergence in biology?,hierarchical_context,ERROR,0.0,0,"Emergence in biology refers to the phenomenon where complex systems exhibit properties that cannot be predicted from the characteristics of their individual components. For example, the behavior of a flock of birds or a school of fish cannot be predicted from the behavior of individual birds or fish",8.5
171,llama-3.1-8b-instant,What is the concept of emergence in biology?,rag_style,ERROR,0.0,0,"Emergence in biology refers to the phenomenon where complex systems exhibit properties that cannot be predicted from the characteristics of their individual components. For example, the behavior of a flock of birds or a school of fish cannot be predicted from the behavior of individual birds or fish",9.0
171,llama-3.1-8b-instant,What is the concept of emergence in biology?,tree_of_thought,ERROR,0.0,0,"Emergence in biology refers to the phenomenon where complex systems exhibit properties that cannot be predicted from the characteristics of their individual components. For example, the behavior of a flock of birds or a school of fish cannot be predicted from the behavior of individual birds or fish",8.5
171,llama-3.1-8b-instant,What is the concept of emergence in biology?,agentic_context,ERROR,0.0,0,"Emergence in biology refers to the phenomenon where complex systems exhibit properties that cannot be predicted from the characteristics of their individual components. For example, the behavior of a flock of birds or a school of fish cannot be predicted from the behavior of individual birds or fish",8.5
172,llama-3.1-8b-instant,What is the concept of ecological niche?,zero_shot,ERROR,0.0,0,"Ecological niche refers to the specific role and position of a species within its environment. It includes the resources it uses, the space it occupies, and the interactions it has with other species. Each species has a unique ecological niche, and understanding these niches is important for underst",0.0
172,llama-3.1-8b-instant,What is the concept of ecological niche?,few_shot,ERROR,0.0,0,"Ecological niche refers to the specific role and position of a species within its environment. It includes the resources it uses, the space it occupies, and the interactions it has with other species. Each species has a unique ecological niche, and understanding these niches is important for underst",8.5
172,llama-3.1-8b-instant,What is the concept of ecological niche?,chain_of_thought,ERROR,0.0,0,"Ecological niche refers to the specific role and position of a species within its environment. It includes the resources it uses, the space it occupies, and the interactions it has with other species. Each species has a unique ecological niche, and understanding these niches is important for underst",8.5
172,llama-3.1-8b-instant,What is the concept of ecological niche?,structured_context,ERROR,0.0,0,"Ecological niche refers to the specific role and position of a species within its environment. It includes the resources it uses, the space it occupies, and the interactions it has with other species. Each species has a unique ecological niche, and understanding these niches is important for underst",8.5
172,llama-3.1-8b-instant,What is the concept of ecological niche?,hierarchical_context,ERROR,0.0,0,"Ecological niche refers to the specific role and position of a species within its environment. It includes the resources it uses, the space it occupies, and the interactions it has with other species. Each species has a unique ecological niche, and understanding these niches is important for underst",8.5
172,llama-3.1-8b-instant,What is the concept of ecological niche?,rag_style,ERROR,0.0,0,"Ecological niche refers to the specific role and position of a species within its environment. It includes the resources it uses, the space it occupies, and the interactions it has with other species. Each species has a unique ecological niche, and understanding these niches is important for underst",8.5
172,llama-3.1-8b-instant,What is the concept of ecological niche?,tree_of_thought,ERROR,0.0,0,"Ecological niche refers to the specific role and position of a species within its environment. It includes the resources it uses, the space it occupies, and the interactions it has with other species. Each species has a unique ecological niche, and understanding these niches is important for underst",8.5
172,llama-3.1-8b-instant,What is the concept of ecological niche?,agentic_context,ERROR,0.0,0,"Ecological niche refers to the specific role and position of a species within its environment. It includes the resources it uses, the space it occupies, and the interactions it has with other species. Each species has a unique ecological niche, and understanding these niches is important for underst",8.5
173,llama-3.1-8b-instant,Anton Chekhov ki kahani 'The Lament' ki setting kya hai?,zero_shot,ERROR,0.0,0,"Is kahani ki setting ek snowy evening hai, jo ki ek town mein hai jahan street lamps hain aur busy street hai.",0.0
173,llama-3.1-8b-instant,Anton Chekhov ki kahani 'The Lament' ki setting kya hai?,few_shot,ERROR,0.0,0,"Is kahani ki setting ek snowy evening hai, jo ki ek town mein hai jahan street lamps hain aur busy street hai.",0.0
173,llama-3.1-8b-instant,Anton Chekhov ki kahani 'The Lament' ki setting kya hai?,chain_of_thought,ERROR,0.0,0,"Is kahani ki setting ek snowy evening hai, jo ki ek town mein hai jahan street lamps hain aur busy street hai.",0.0
173,llama-3.1-8b-instant,Anton Chekhov ki kahani 'The Lament' ki setting kya hai?,structured_context,ERROR,0.0,0,"Is kahani ki setting ek snowy evening hai, jo ki ek town mein hai jahan street lamps hain aur busy street hai.",0.0
173,llama-3.1-8b-instant,Anton Chekhov ki kahani 'The Lament' ki setting kya hai?,hierarchical_context,ERROR,0.0,0,"Is kahani ki setting ek snowy evening hai, jo ki ek town mein hai jahan street lamps hain aur busy street hai.",1.0
173,llama-3.1-8b-instant,Anton Chekhov ki kahani 'The Lament' ki setting kya hai?,rag_style,ERROR,0.0,0,"Is kahani ki setting ek snowy evening hai, jo ki ek town mein hai jahan street lamps hain aur busy street hai.",1.0
173,llama-3.1-8b-instant,Anton Chekhov ki kahani 'The Lament' ki setting kya hai?,tree_of_thought,ERROR,0.0,0,"Is kahani ki setting ek snowy evening hai, jo ki ek town mein hai jahan street lamps hain aur busy street hai.",0.0
173,llama-3.1-8b-instant,Anton Chekhov ki kahani 'The Lament' ki setting kya hai?,agentic_context,ERROR,0.0,0,"Is kahani ki setting ek snowy evening hai, jo ki ek town mein hai jahan street lamps hain aur busy street hai.",0.0
174,llama-3.1-8b-instant,"Ma'am, kya hum chemistry meh acid aur base ke beech antar samajh sakte hai?",zero_shot,ERROR,0.0,0,"Haan, acid ek aisa substance hota hai jo hydrogen ions ko donate karta hai, jabki base ek aisa substance hota hai jo hydrogen ions ko accept karta hai. Acid aur base ke milne se salt aur water banta hai.",8.5
174,llama-3.1-8b-instant,"Ma'am, kya hum chemistry meh acid aur base ke beech antar samajh sakte hai?",few_shot,ERROR,0.0,0,"Haan, acid ek aisa substance hota hai jo hydrogen ions ko donate karta hai, jabki base ek aisa substance hota hai jo hydrogen ions ko accept karta hai. Acid aur base ke milne se salt aur water banta hai.",8.5
174,llama-3.1-8b-instant,"Ma'am, kya hum chemistry meh acid aur base ke beech antar samajh sakte hai?",chain_of_thought,ERROR,0.0,0,"Haan, acid ek aisa substance hota hai jo hydrogen ions ko donate karta hai, jabki base ek aisa substance hota hai jo hydrogen ions ko accept karta hai. Acid aur base ke milne se salt aur water banta hai.",8.5
174,llama-3.1-8b-instant,"Ma'am, kya hum chemistry meh acid aur base ke beech antar samajh sakte hai?",structured_context,ERROR,0.0,0,"Haan, acid ek aisa substance hota hai jo hydrogen ions ko donate karta hai, jabki base ek aisa substance hota hai jo hydrogen ions ko accept karta hai. Acid aur base ke milne se salt aur water banta hai.",8.5
174,llama-3.1-8b-instant,"Ma'am, kya hum chemistry meh acid aur base ke beech antar samajh sakte hai?",hierarchical_context,ERROR,0.0,0,"Haan, acid ek aisa substance hota hai jo hydrogen ions ko donate karta hai, jabki base ek aisa substance hota hai jo hydrogen ions ko accept karta hai. Acid aur base ke milne se salt aur water banta hai.",8.5
174,llama-3.1-8b-instant,"Ma'am, kya hum chemistry meh acid aur base ke beech antar samajh sakte hai?",rag_style,ERROR,0.0,0,"Haan, acid ek aisa substance hota hai jo hydrogen ions ko donate karta hai, jabki base ek aisa substance hota hai jo hydrogen ions ko accept karta hai. Acid aur base ke milne se salt aur water banta hai.",8.5
174,llama-3.1-8b-instant,"Ma'am, kya hum chemistry meh acid aur base ke beech antar samajh sakte hai?",tree_of_thought,ERROR,0.0,0,"Haan, acid ek aisa substance hota hai jo hydrogen ions ko donate karta hai, jabki base ek aisa substance hota hai jo hydrogen ions ko accept karta hai. Acid aur base ke milne se salt aur water banta hai.",8.5
174,llama-3.1-8b-instant,"Ma'am, kya hum chemistry meh acid aur base ke beech antar samajh sakte hai?",agentic_context,ERROR,0.0,0,"Haan, acid ek aisa substance hota hai jo hydrogen ions ko donate karta hai, jabki base ek aisa substance hota hai jo hydrogen ions ko accept karta hai. Acid aur base ke milne se salt aur water banta hai.",8.5
175,llama-3.1-8b-instant,"Sir, kya hum geography meh plate tectonics ke baare meh jaan sakte hai?",zero_shot,ERROR,0.0,0,"Haan, plate tectonics earth ke crust ki movement ki theory hai, jiske anusaar earth ki satah par kai plates hoti hai jo lagatar move karti hai. In plates ki movement se earthquakes, volcanoes, aur mountain formation hoti hai.",8.5
175,llama-3.1-8b-instant,"Sir, kya hum geography meh plate tectonics ke baare meh jaan sakte hai?",few_shot,ERROR,0.0,0,"Haan, plate tectonics earth ke crust ki movement ki theory hai, jiske anusaar earth ki satah par kai plates hoti hai jo lagatar move karti hai. In plates ki movement se earthquakes, volcanoes, aur mountain formation hoti hai.",8.5
175,llama-3.1-8b-instant,"Sir, kya hum geography meh plate tectonics ke baare meh jaan sakte hai?",chain_of_thought,ERROR,0.0,0,"Haan, plate tectonics earth ke crust ki movement ki theory hai, jiske anusaar earth ki satah par kai plates hoti hai jo lagatar move karti hai. In plates ki movement se earthquakes, volcanoes, aur mountain formation hoti hai.",0.0
175,llama-3.1-8b-instant,"Sir, kya hum geography meh plate tectonics ke baare meh jaan sakte hai?",structured_context,ERROR,0.0,0,"Haan, plate tectonics earth ke crust ki movement ki theory hai, jiske anusaar earth ki satah par kai plates hoti hai jo lagatar move karti hai. In plates ki movement se earthquakes, volcanoes, aur mountain formation hoti hai.",8.5
175,llama-3.1-8b-instant,"Sir, kya hum geography meh plate tectonics ke baare meh jaan sakte hai?",hierarchical_context,ERROR,0.0,0,"Haan, plate tectonics earth ke crust ki movement ki theory hai, jiske anusaar earth ki satah par kai plates hoti hai jo lagatar move karti hai. In plates ki movement se earthquakes, volcanoes, aur mountain formation hoti hai.",8.5
175,llama-3.1-8b-instant,"Sir, kya hum geography meh plate tectonics ke baare meh jaan sakte hai?",rag_style,ERROR,0.0,0,"Haan, plate tectonics earth ke crust ki movement ki theory hai, jiske anusaar earth ki satah par kai plates hoti hai jo lagatar move karti hai. In plates ki movement se earthquakes, volcanoes, aur mountain formation hoti hai.",8.5
175,llama-3.1-8b-instant,"Sir, kya hum geography meh plate tectonics ke baare meh jaan sakte hai?",tree_of_thought,ERROR,0.0,0,"Haan, plate tectonics earth ke crust ki movement ki theory hai, jiske anusaar earth ki satah par kai plates hoti hai jo lagatar move karti hai. In plates ki movement se earthquakes, volcanoes, aur mountain formation hoti hai.",8.5
175,llama-3.1-8b-instant,"Sir, kya hum geography meh plate tectonics ke baare meh jaan sakte hai?",agentic_context,ERROR,0.0,0,"Haan, plate tectonics earth ke crust ki movement ki theory hai, jiske anusaar earth ki satah par kai plates hoti hai jo lagatar move karti hai. In plates ki movement se earthquakes, volcanoes, aur mountain formation hoti hai.",0.0
176,llama-3.1-8b-instant,"Ma'am, what is the concept of rock cycle, yeh kya hota hai?",zero_shot,ERROR,0.0,0,"Rock cycle ki prakriya mein, patthar alag-alag roopon mein badalte hain, jaise igneous, sedimentary, aur metamorphic. Isse hamein pata chalta hai ki kaise patthar prakriti mein badalte hain aur kaise yeh cycle hamein pattharon ke baare mein jankari dete hain.",8.5
176,llama-3.1-8b-instant,"Ma'am, what is the concept of rock cycle, yeh kya hota hai?",few_shot,ERROR,0.0,0,"Rock cycle ki prakriya mein, patthar alag-alag roopon mein badalte hain, jaise igneous, sedimentary, aur metamorphic. Isse hamein pata chalta hai ki kaise patthar prakriti mein badalte hain aur kaise yeh cycle hamein pattharon ke baare mein jankari dete hain.",8.5
176,llama-3.1-8b-instant,"Ma'am, what is the concept of rock cycle, yeh kya hota hai?",chain_of_thought,ERROR,0.0,0,"Rock cycle ki prakriya mein, patthar alag-alag roopon mein badalte hain, jaise igneous, sedimentary, aur metamorphic. Isse hamein pata chalta hai ki kaise patthar prakriti mein badalte hain aur kaise yeh cycle hamein pattharon ke baare mein jankari dete hain.",8.5
176,llama-3.1-8b-instant,"Ma'am, what is the concept of rock cycle, yeh kya hota hai?",structured_context,ERROR,0.0,0,"Rock cycle ki prakriya mein, patthar alag-alag roopon mein badalte hain, jaise igneous, sedimentary, aur metamorphic. Isse hamein pata chalta hai ki kaise patthar prakriti mein badalte hain aur kaise yeh cycle hamein pattharon ke baare mein jankari dete hain.",8.5
176,llama-3.1-8b-instant,"Ma'am, what is the concept of rock cycle, yeh kya hota hai?",hierarchical_context,ERROR,0.0,0,"Rock cycle ki prakriya mein, patthar alag-alag roopon mein badalte hain, jaise igneous, sedimentary, aur metamorphic. Isse hamein pata chalta hai ki kaise patthar prakriti mein badalte hain aur kaise yeh cycle hamein pattharon ke baare mein jankari dete hain.",8.5
176,llama-3.1-8b-instant,"Ma'am, what is the concept of rock cycle, yeh kya hota hai?",rag_style,ERROR,0.0,0,"Rock cycle ki prakriya mein, patthar alag-alag roopon mein badalte hain, jaise igneous, sedimentary, aur metamorphic. Isse hamein pata chalta hai ki kaise patthar prakriti mein badalte hain aur kaise yeh cycle hamein pattharon ke baare mein jankari dete hain.",8.5
176,llama-3.1-8b-instant,"Ma'am, what is the concept of rock cycle, yeh kya hota hai?",tree_of_thought,ERROR,0.0,0,"Rock cycle ki prakriya mein, patthar alag-alag roopon mein badalte hain, jaise igneous, sedimentary, aur metamorphic. Isse hamein pata chalta hai ki kaise patthar prakriti mein badalte hain aur kaise yeh cycle hamein pattharon ke baare mein jankari dete hain.",8.5
176,llama-3.1-8b-instant,"Ma'am, what is the concept of rock cycle, yeh kya hota hai?",agentic_context,ERROR,0.0,0,"Rock cycle ki prakriya mein, patthar alag-alag roopon mein badalte hain, jaise igneous, sedimentary, aur metamorphic. Isse hamein pata chalta hai ki kaise patthar prakriti mein badalte hain aur kaise yeh cycle hamein pattharon ke baare mein jankari dete hain.",8.5
177,llama-3.1-8b-instant,"How did the narrator find a room to rent? It was in this manner that I discovered a room, for immediate occupancy, in a house on a quiet street, the listing said, for eight dollars per week. I copied the number into my guidebook and dialled from a pay telephone, sorting through the coins with which I was still unfamiliar, smaller and lighter than shillings, heavier and brighter than paisas.",zero_shot,ERROR,0.0,0,"The narrator found a room to rent by discovering a listing for a room in a house on a quiet street for eight dollars per week, copying the number into his guidebook, and dialing from a pay telephone.",8.5
177,llama-3.1-8b-instant,"How did the narrator find a room to rent? It was in this manner that I discovered a room, for immediate occupancy, in a house on a quiet street, the listing said, for eight dollars per week. I copied the number into my guidebook and dialled from a pay telephone, sorting through the coins with which I was still unfamiliar, smaller and lighter than shillings, heavier and brighter than paisas.",few_shot,ERROR,0.0,0,"The narrator found a room to rent by discovering a listing for a room in a house on a quiet street for eight dollars per week, copying the number into his guidebook, and dialing from a pay telephone.",8.5
177,llama-3.1-8b-instant,"How did the narrator find a room to rent? It was in this manner that I discovered a room, for immediate occupancy, in a house on a quiet street, the listing said, for eight dollars per week. I copied the number into my guidebook and dialled from a pay telephone, sorting through the coins with which I was still unfamiliar, smaller and lighter than shillings, heavier and brighter than paisas.",chain_of_thought,ERROR,0.0,0,"The narrator found a room to rent by discovering a listing for a room in a house on a quiet street for eight dollars per week, copying the number into his guidebook, and dialing from a pay telephone.",8.5
177,llama-3.1-8b-instant,"How did the narrator find a room to rent? It was in this manner that I discovered a room, for immediate occupancy, in a house on a quiet street, the listing said, for eight dollars per week. I copied the number into my guidebook and dialled from a pay telephone, sorting through the coins with which I was still unfamiliar, smaller and lighter than shillings, heavier and brighter than paisas.",structured_context,ERROR,0.0,0,"The narrator found a room to rent by discovering a listing for a room in a house on a quiet street for eight dollars per week, copying the number into his guidebook, and dialing from a pay telephone.",8.5
177,llama-3.1-8b-instant,"How did the narrator find a room to rent? It was in this manner that I discovered a room, for immediate occupancy, in a house on a quiet street, the listing said, for eight dollars per week. I copied the number into my guidebook and dialled from a pay telephone, sorting through the coins with which I was still unfamiliar, smaller and lighter than shillings, heavier and brighter than paisas.",hierarchical_context,ERROR,0.0,0,"The narrator found a room to rent by discovering a listing for a room in a house on a quiet street for eight dollars per week, copying the number into his guidebook, and dialing from a pay telephone.",8.5
177,llama-3.1-8b-instant,"How did the narrator find a room to rent? It was in this manner that I discovered a room, for immediate occupancy, in a house on a quiet street, the listing said, for eight dollars per week. I copied the number into my guidebook and dialled from a pay telephone, sorting through the coins with which I was still unfamiliar, smaller and lighter than shillings, heavier and brighter than paisas.",rag_style,ERROR,0.0,0,"The narrator found a room to rent by discovering a listing for a room in a house on a quiet street for eight dollars per week, copying the number into his guidebook, and dialing from a pay telephone.",8.5
177,llama-3.1-8b-instant,"How did the narrator find a room to rent? It was in this manner that I discovered a room, for immediate occupancy, in a house on a quiet street, the listing said, for eight dollars per week. I copied the number into my guidebook and dialled from a pay telephone, sorting through the coins with which I was still unfamiliar, smaller and lighter than shillings, heavier and brighter than paisas.",tree_of_thought,ERROR,0.0,0,"The narrator found a room to rent by discovering a listing for a room in a house on a quiet street for eight dollars per week, copying the number into his guidebook, and dialing from a pay telephone.",8.5
177,llama-3.1-8b-instant,"How did the narrator find a room to rent? It was in this manner that I discovered a room, for immediate occupancy, in a house on a quiet street, the listing said, for eight dollars per week. I copied the number into my guidebook and dialled from a pay telephone, sorting through the coins with which I was still unfamiliar, smaller and lighter than shillings, heavier and brighter than paisas.",agentic_context,ERROR,0.0,0,"The narrator found a room to rent by discovering a listing for a room in a house on a quiet street for eight dollars per week, copying the number into his guidebook, and dialing from a pay telephone.",8.5
178,llama-3.1-8b-instant,"India mein actual forest loss rate government ke statistics se kitna alag hai? Reliable data ke mutabiq, India har saal 3.7 million acres forest lose kar raha hai... Actual forest loss government statistics se lagbhag 8 times zyada hai",zero_shot,ERROR,0.0,0,"India mein forest loss ka actual rate government ke statistics se lagbhag 8 times zyada hai, jo kehte hain ki saal mein 3.7 million acres ka nuksaan hota hai",8.5
178,llama-3.1-8b-instant,"India mein actual forest loss rate government ke statistics se kitna alag hai? Reliable data ke mutabiq, India har saal 3.7 million acres forest lose kar raha hai... Actual forest loss government statistics se lagbhag 8 times zyada hai",few_shot,ERROR,0.0,0,"India mein forest loss ka actual rate government ke statistics se lagbhag 8 times zyada hai, jo kehte hain ki saal mein 3.7 million acres ka nuksaan hota hai",8.5
178,llama-3.1-8b-instant,"India mein actual forest loss rate government ke statistics se kitna alag hai? Reliable data ke mutabiq, India har saal 3.7 million acres forest lose kar raha hai... Actual forest loss government statistics se lagbhag 8 times zyada hai",chain_of_thought,ERROR,0.0,0,"India mein forest loss ka actual rate government ke statistics se lagbhag 8 times zyada hai, jo kehte hain ki saal mein 3.7 million acres ka nuksaan hota hai",8.5
178,llama-3.1-8b-instant,"India mein actual forest loss rate government ke statistics se kitna alag hai? Reliable data ke mutabiq, India har saal 3.7 million acres forest lose kar raha hai... Actual forest loss government statistics se lagbhag 8 times zyada hai",structured_context,ERROR,0.0,0,"India mein forest loss ka actual rate government ke statistics se lagbhag 8 times zyada hai, jo kehte hain ki saal mein 3.7 million acres ka nuksaan hota hai",8.5
178,llama-3.1-8b-instant,"India mein actual forest loss rate government ke statistics se kitna alag hai? Reliable data ke mutabiq, India har saal 3.7 million acres forest lose kar raha hai... Actual forest loss government statistics se lagbhag 8 times zyada hai",hierarchical_context,ERROR,0.0,0,"India mein forest loss ka actual rate government ke statistics se lagbhag 8 times zyada hai, jo kehte hain ki saal mein 3.7 million acres ka nuksaan hota hai",8.5
178,llama-3.1-8b-instant,"India mein actual forest loss rate government ke statistics se kitna alag hai? Reliable data ke mutabiq, India har saal 3.7 million acres forest lose kar raha hai... Actual forest loss government statistics se lagbhag 8 times zyada hai",rag_style,ERROR,0.0,0,"India mein forest loss ka actual rate government ke statistics se lagbhag 8 times zyada hai, jo kehte hain ki saal mein 3.7 million acres ka nuksaan hota hai",8.5
178,llama-3.1-8b-instant,"India mein actual forest loss rate government ke statistics se kitna alag hai? Reliable data ke mutabiq, India har saal 3.7 million acres forest lose kar raha hai... Actual forest loss government statistics se lagbhag 8 times zyada hai",tree_of_thought,ERROR,0.0,0,"India mein forest loss ka actual rate government ke statistics se lagbhag 8 times zyada hai, jo kehte hain ki saal mein 3.7 million acres ka nuksaan hota hai",8.5
178,llama-3.1-8b-instant,"India mein actual forest loss rate government ke statistics se kitna alag hai? Reliable data ke mutabiq, India har saal 3.7 million acres forest lose kar raha hai... Actual forest loss government statistics se lagbhag 8 times zyada hai",agentic_context,ERROR,0.0,0,"India mein forest loss ka actual rate government ke statistics se lagbhag 8 times zyada hai, jo kehte hain ki saal mein 3.7 million acres ka nuksaan hota hai",8.5
179,llama-3.1-8b-instant,Kya pata tha kahani ke writer ko Mourad kya karega ghode ke saath?,zero_shot,"Ye to pata nahi tha, lekin kuch logon ka kehna hai ki Mourad ek ghoda khiladi tha aur usne apne ghode ke naam se pehle bhi kai award jeete the. Woh ghoda bahut hi achcha tha aur Mourad ke saath bahut saare match jeete the. 

Isliye, Mourad ko apne ghode ke saath bahut pyaar tha aur wo ghoda uske liye ek pratishtitha saathi tha.",103.869,183,Use chhipa dega aur kam se kam kuchh din toh waapas nahi lega,2.0
179,llama-3.1-8b-instant,Kya pata tha kahani ke writer ko Mourad kya karega ghode ke saath?,few_shot,ERROR,0.0,0,Use chhipa dega aur kam se kam kuchh din toh waapas nahi lega,0.0
179,llama-3.1-8b-instant,Kya pata tha kahani ke writer ko Mourad kya karega ghode ke saath?,chain_of_thought,ERROR,0.0,0,Use chhipa dega aur kam se kam kuchh din toh waapas nahi lega,0.0
179,llama-3.1-8b-instant,Kya pata tha kahani ke writer ko Mourad kya karega ghode ke saath?,structured_context,ERROR,0.0,0,Use chhipa dega aur kam se kam kuchh din toh waapas nahi lega,1.0
179,llama-3.1-8b-instant,Kya pata tha kahani ke writer ko Mourad kya karega ghode ke saath?,hierarchical_context,ERROR,0.0,0,Use chhipa dega aur kam se kam kuchh din toh waapas nahi lega,1.0
179,llama-3.1-8b-instant,Kya pata tha kahani ke writer ko Mourad kya karega ghode ke saath?,rag_style,ERROR,0.0,0,Use chhipa dega aur kam se kam kuchh din toh waapas nahi lega,0.0
179,llama-3.1-8b-instant,Kya pata tha kahani ke writer ko Mourad kya karega ghode ke saath?,tree_of_thought,ERROR,0.0,0,Use chhipa dega aur kam se kam kuchh din toh waapas nahi lega,0.0
179,llama-3.1-8b-instant,Kya pata tha kahani ke writer ko Mourad kya karega ghode ke saath?,agentic_context,ERROR,0.0,0,Use chhipa dega aur kam se kam kuchh din toh waapas nahi lega,0.0
180,llama-3.1-8b-instant,"Sir, kya humne Aryabhata ke baare me padha tha, unka contribution mathematics me kya tha?",zero_shot,ERROR,0.0,0,"Haan, humne Aryabhata ke baare me padha tha, unka contribution mathematics me bahut bada tha, unhone pi ka value calculate kiya aur many mathematical concepts develop kiye.",8.5
180,llama-3.1-8b-instant,"Sir, kya humne Aryabhata ke baare me padha tha, unka contribution mathematics me kya tha?",few_shot,ERROR,0.0,0,"Haan, humne Aryabhata ke baare me padha tha, unka contribution mathematics me bahut bada tha, unhone pi ka value calculate kiya aur many mathematical concepts develop kiye.",8.5
180,llama-3.1-8b-instant,"Sir, kya humne Aryabhata ke baare me padha tha, unka contribution mathematics me kya tha?",chain_of_thought,ERROR,0.0,0,"Haan, humne Aryabhata ke baare me padha tha, unka contribution mathematics me bahut bada tha, unhone pi ka value calculate kiya aur many mathematical concepts develop kiye.",8.5
180,llama-3.1-8b-instant,"Sir, kya humne Aryabhata ke baare me padha tha, unka contribution mathematics me kya tha?",structured_context,ERROR,0.0,0,"Haan, humne Aryabhata ke baare me padha tha, unka contribution mathematics me bahut bada tha, unhone pi ka value calculate kiya aur many mathematical concepts develop kiye.",8.5
180,llama-3.1-8b-instant,"Sir, kya humne Aryabhata ke baare me padha tha, unka contribution mathematics me kya tha?",hierarchical_context,ERROR,0.0,0,"Haan, humne Aryabhata ke baare me padha tha, unka contribution mathematics me bahut bada tha, unhone pi ka value calculate kiya aur many mathematical concepts develop kiye.",8.5
180,llama-3.1-8b-instant,"Sir, kya humne Aryabhata ke baare me padha tha, unka contribution mathematics me kya tha?",rag_style,ERROR,0.0,0,"Haan, humne Aryabhata ke baare me padha tha, unka contribution mathematics me bahut bada tha, unhone pi ka value calculate kiya aur many mathematical concepts develop kiye.",8.5
180,llama-3.1-8b-instant,"Sir, kya humne Aryabhata ke baare me padha tha, unka contribution mathematics me kya tha?",tree_of_thought,ERROR,0.0,0,"Haan, humne Aryabhata ke baare me padha tha, unka contribution mathematics me bahut bada tha, unhone pi ka value calculate kiya aur many mathematical concepts develop kiye.",8.5
180,llama-3.1-8b-instant,"Sir, kya humne Aryabhata ke baare me padha tha, unka contribution mathematics me kya tha?",agentic_context,ERROR,0.0,0,"Haan, humne Aryabhata ke baare me padha tha, unka contribution mathematics me bahut bada tha, unhone pi ka value calculate kiya aur many mathematical concepts develop kiye.",8.5
181,llama-3.1-8b-instant,Khan Azam Khan kya karte hain jab unhe Seth Ramanand ki mooch dikhai deti hai?,zero_shot,ERROR,0.0,0,"Woh Seth Ramanand se gussa hokar kehte hain ki woh apni mooch ke tips neeche kar le, jaise ki uss bakre ki style hai jo woh hai",10.0
181,llama-3.1-8b-instant,Khan Azam Khan kya karte hain jab unhe Seth Ramanand ki mooch dikhai deti hai?,few_shot,ERROR,0.0,0,"Woh Seth Ramanand se gussa hokar kehte hain ki woh apni mooch ke tips neeche kar le, jaise ki uss bakre ki style hai jo woh hai",8.5
181,llama-3.1-8b-instant,Khan Azam Khan kya karte hain jab unhe Seth Ramanand ki mooch dikhai deti hai?,chain_of_thought,ERROR,0.0,0,"Woh Seth Ramanand se gussa hokar kehte hain ki woh apni mooch ke tips neeche kar le, jaise ki uss bakre ki style hai jo woh hai",0.0
181,llama-3.1-8b-instant,Khan Azam Khan kya karte hain jab unhe Seth Ramanand ki mooch dikhai deti hai?,structured_context,ERROR,0.0,0,"Woh Seth Ramanand se gussa hokar kehte hain ki woh apni mooch ke tips neeche kar le, jaise ki uss bakre ki style hai jo woh hai",0.0
181,llama-3.1-8b-instant,Khan Azam Khan kya karte hain jab unhe Seth Ramanand ki mooch dikhai deti hai?,hierarchical_context,ERROR,0.0,0,"Woh Seth Ramanand se gussa hokar kehte hain ki woh apni mooch ke tips neeche kar le, jaise ki uss bakre ki style hai jo woh hai",0.0
181,llama-3.1-8b-instant,Khan Azam Khan kya karte hain jab unhe Seth Ramanand ki mooch dikhai deti hai?,rag_style,ERROR,0.0,0,"Woh Seth Ramanand se gussa hokar kehte hain ki woh apni mooch ke tips neeche kar le, jaise ki uss bakre ki style hai jo woh hai",0.0
181,llama-3.1-8b-instant,Khan Azam Khan kya karte hain jab unhe Seth Ramanand ki mooch dikhai deti hai?,tree_of_thought,ERROR,0.0,0,"Woh Seth Ramanand se gussa hokar kehte hain ki woh apni mooch ke tips neeche kar le, jaise ki uss bakre ki style hai jo woh hai",0.0
181,llama-3.1-8b-instant,Khan Azam Khan kya karte hain jab unhe Seth Ramanand ki mooch dikhai deti hai?,agentic_context,ERROR,0.0,0,"Woh Seth Ramanand se gussa hokar kehte hain ki woh apni mooch ke tips neeche kar le, jaise ki uss bakre ki style hai jo woh hai",0.0
182,llama-3.1-8b-instant,What is the difference between a hurricane and a typhoon?,zero_shot,ERROR,0.0,0,"The difference between a hurricane and a typhoon is actually just a matter of location. Both are types of tropical cyclones, but hurricanes occur in the Atlantic and Northeast Pacific, while typhoons occur in the Northwest Pacific. The storms themselves are essentially the same, with strong winds an",0.0
182,llama-3.1-8b-instant,What is the difference between a hurricane and a typhoon?,few_shot,ERROR,0.0,0,"The difference between a hurricane and a typhoon is actually just a matter of location. Both are types of tropical cyclones, but hurricanes occur in the Atlantic and Northeast Pacific, while typhoons occur in the Northwest Pacific. The storms themselves are essentially the same, with strong winds an",0.0
182,llama-3.1-8b-instant,What is the difference between a hurricane and a typhoon?,chain_of_thought,ERROR,0.0,0,"The difference between a hurricane and a typhoon is actually just a matter of location. Both are types of tropical cyclones, but hurricanes occur in the Atlantic and Northeast Pacific, while typhoons occur in the Northwest Pacific. The storms themselves are essentially the same, with strong winds an",8.5
182,llama-3.1-8b-instant,What is the difference between a hurricane and a typhoon?,structured_context,ERROR,0.0,0,"The difference between a hurricane and a typhoon is actually just a matter of location. Both are types of tropical cyclones, but hurricanes occur in the Atlantic and Northeast Pacific, while typhoons occur in the Northwest Pacific. The storms themselves are essentially the same, with strong winds an",0.0
182,llama-3.1-8b-instant,What is the difference between a hurricane and a typhoon?,hierarchical_context,ERROR,0.0,0,"The difference between a hurricane and a typhoon is actually just a matter of location. Both are types of tropical cyclones, but hurricanes occur in the Atlantic and Northeast Pacific, while typhoons occur in the Northwest Pacific. The storms themselves are essentially the same, with strong winds an",0.0
182,llama-3.1-8b-instant,What is the difference between a hurricane and a typhoon?,rag_style,ERROR,0.0,0,"The difference between a hurricane and a typhoon is actually just a matter of location. Both are types of tropical cyclones, but hurricanes occur in the Atlantic and Northeast Pacific, while typhoons occur in the Northwest Pacific. The storms themselves are essentially the same, with strong winds an",0.0
182,llama-3.1-8b-instant,What is the difference between a hurricane and a typhoon?,tree_of_thought,"Arre, ye dono hi ek hi cheez hai, lekin name aur boundaries ke hisaab se alag hain. 

Pehla soch: Hurricane aur typhoon dono hi tropical cyclones hain, jo maheene ke shuruat mein hoti hain. Unka mukhya antar yeh hai ki ve Indian Ocean aur Bay of Bengal mein padte hain to unhe cyclone kehte hain, jabki Atlantic Ocean aur Pacific Ocean mein padte hain to unhe hurricane kehte hain.

Dusri soch: Unke intensity aur speed ke hisaab se bhi antar hai. Hurricane ke intensity ko Category 1 se lekar Catego",27.898,396,"The difference between a hurricane and a typhoon is actually just a matter of location. Both are types of tropical cyclones, but hurricanes occur in the Atlantic and Northeast Pacific, while typhoons occur in the Northwest Pacific. The storms themselves are essentially the same, with strong winds an",8.5
182,llama-3.1-8b-instant,What is the difference between a hurricane and a typhoon?,agentic_context,ERROR,0.0,0,"The difference between a hurricane and a typhoon is actually just a matter of location. Both are types of tropical cyclones, but hurricanes occur in the Atlantic and Northeast Pacific, while typhoons occur in the Northwest Pacific. The storms themselves are essentially the same, with strong winds an",8.5
183,llama-3.1-8b-instant,"Ma'am, red data book kya hai?",zero_shot,ERROR,0.0,0,"Red Data Book ek suchi hai jo endangered prajatiyon ki jaankari pradaan karti hai. Ismein un prajatiyon ka varnan hota hai jo apni sanrakshan sthiti ke kaaran vibhinn shreniyon mein aati hain, jaise ki critically endangered, endangered, ya vulnerable.",8.5
183,llama-3.1-8b-instant,"Ma'am, red data book kya hai?",few_shot,ERROR,0.0,0,"Red Data Book ek suchi hai jo endangered prajatiyon ki jaankari pradaan karti hai. Ismein un prajatiyon ka varnan hota hai jo apni sanrakshan sthiti ke kaaran vibhinn shreniyon mein aati hain, jaise ki critically endangered, endangered, ya vulnerable.",8.5
183,llama-3.1-8b-instant,"Ma'am, red data book kya hai?",chain_of_thought,ERROR,0.0,0,"Red Data Book ek suchi hai jo endangered prajatiyon ki jaankari pradaan karti hai. Ismein un prajatiyon ka varnan hota hai jo apni sanrakshan sthiti ke kaaran vibhinn shreniyon mein aati hain, jaise ki critically endangered, endangered, ya vulnerable.",8.5
183,llama-3.1-8b-instant,"Ma'am, red data book kya hai?",structured_context,ERROR,0.0,0,"Red Data Book ek suchi hai jo endangered prajatiyon ki jaankari pradaan karti hai. Ismein un prajatiyon ka varnan hota hai jo apni sanrakshan sthiti ke kaaran vibhinn shreniyon mein aati hain, jaise ki critically endangered, endangered, ya vulnerable.",0.0
183,llama-3.1-8b-instant,"Ma'am, red data book kya hai?",hierarchical_context,ERROR,0.0,0,"Red Data Book ek suchi hai jo endangered prajatiyon ki jaankari pradaan karti hai. Ismein un prajatiyon ka varnan hota hai jo apni sanrakshan sthiti ke kaaran vibhinn shreniyon mein aati hain, jaise ki critically endangered, endangered, ya vulnerable.",8.5
183,llama-3.1-8b-instant,"Ma'am, red data book kya hai?",rag_style,ERROR,0.0,0,"Red Data Book ek suchi hai jo endangered prajatiyon ki jaankari pradaan karti hai. Ismein un prajatiyon ka varnan hota hai jo apni sanrakshan sthiti ke kaaran vibhinn shreniyon mein aati hain, jaise ki critically endangered, endangered, ya vulnerable.",8.5
183,llama-3.1-8b-instant,"Ma'am, red data book kya hai?",tree_of_thought,ERROR,0.0,0,"Red Data Book ek suchi hai jo endangered prajatiyon ki jaankari pradaan karti hai. Ismein un prajatiyon ka varnan hota hai jo apni sanrakshan sthiti ke kaaran vibhinn shreniyon mein aati hain, jaise ki critically endangered, endangered, ya vulnerable.",8.5
183,llama-3.1-8b-instant,"Ma'am, red data book kya hai?",agentic_context,ERROR,0.0,0,"Red Data Book ek suchi hai jo endangered prajatiyon ki jaankari pradaan karti hai. Ismein un prajatiyon ka varnan hota hai jo apni sanrakshan sthiti ke kaaran vibhinn shreniyon mein aati hain, jaise ki critically endangered, endangered, ya vulnerable.",8.5
184,llama-3.1-8b-instant,"Hor town ka general appearance aur condition kaisa tha? Hor ek bahut hi grim aur miserable jagah thi, yahan koi vegetation nahi thi, bas dhool aur patthar the, aur saalon se ikattha hua kachra bhi har jagah tha, jo ki bahut hi unlucky thi kyunki yeh town ek aisi jagah par basi thi",zero_shot,ERROR,0.0,0,"Hor ko ek grim aur miserable jagah bataya gaya hai jahan par koi vegetation nahi hai, bas dhool aur patthar hain, aur yahan par saalon se ikattha hua kachra bhi har jagah scattered hai",8.5
184,llama-3.1-8b-instant,"Hor town ka general appearance aur condition kaisa tha? Hor ek bahut hi grim aur miserable jagah thi, yahan koi vegetation nahi thi, bas dhool aur patthar the, aur saalon se ikattha hua kachra bhi har jagah tha, jo ki bahut hi unlucky thi kyunki yeh town ek aisi jagah par basi thi",few_shot,ERROR,0.0,0,"Hor ko ek grim aur miserable jagah bataya gaya hai jahan par koi vegetation nahi hai, bas dhool aur patthar hain, aur yahan par saalon se ikattha hua kachra bhi har jagah scattered hai",8.5
184,llama-3.1-8b-instant,"Hor town ka general appearance aur condition kaisa tha? Hor ek bahut hi grim aur miserable jagah thi, yahan koi vegetation nahi thi, bas dhool aur patthar the, aur saalon se ikattha hua kachra bhi har jagah tha, jo ki bahut hi unlucky thi kyunki yeh town ek aisi jagah par basi thi",chain_of_thought,ERROR,0.0,0,"Hor ko ek grim aur miserable jagah bataya gaya hai jahan par koi vegetation nahi hai, bas dhool aur patthar hain, aur yahan par saalon se ikattha hua kachra bhi har jagah scattered hai",8.5
184,llama-3.1-8b-instant,"Hor town ka general appearance aur condition kaisa tha? Hor ek bahut hi grim aur miserable jagah thi, yahan koi vegetation nahi thi, bas dhool aur patthar the, aur saalon se ikattha hua kachra bhi har jagah tha, jo ki bahut hi unlucky thi kyunki yeh town ek aisi jagah par basi thi",structured_context,ERROR,0.0,0,"Hor ko ek grim aur miserable jagah bataya gaya hai jahan par koi vegetation nahi hai, bas dhool aur patthar hain, aur yahan par saalon se ikattha hua kachra bhi har jagah scattered hai",8.5
184,llama-3.1-8b-instant,"Hor town ka general appearance aur condition kaisa tha? Hor ek bahut hi grim aur miserable jagah thi, yahan koi vegetation nahi thi, bas dhool aur patthar the, aur saalon se ikattha hua kachra bhi har jagah tha, jo ki bahut hi unlucky thi kyunki yeh town ek aisi jagah par basi thi",hierarchical_context,ERROR,0.0,0,"Hor ko ek grim aur miserable jagah bataya gaya hai jahan par koi vegetation nahi hai, bas dhool aur patthar hain, aur yahan par saalon se ikattha hua kachra bhi har jagah scattered hai",8.5
184,llama-3.1-8b-instant,"Hor town ka general appearance aur condition kaisa tha? Hor ek bahut hi grim aur miserable jagah thi, yahan koi vegetation nahi thi, bas dhool aur patthar the, aur saalon se ikattha hua kachra bhi har jagah tha, jo ki bahut hi unlucky thi kyunki yeh town ek aisi jagah par basi thi",rag_style,ERROR,0.0,0,"Hor ko ek grim aur miserable jagah bataya gaya hai jahan par koi vegetation nahi hai, bas dhool aur patthar hain, aur yahan par saalon se ikattha hua kachra bhi har jagah scattered hai",8.5
184,llama-3.1-8b-instant,"Hor town ka general appearance aur condition kaisa tha? Hor ek bahut hi grim aur miserable jagah thi, yahan koi vegetation nahi thi, bas dhool aur patthar the, aur saalon se ikattha hua kachra bhi har jagah tha, jo ki bahut hi unlucky thi kyunki yeh town ek aisi jagah par basi thi",tree_of_thought,ERROR,0.0,0,"Hor ko ek grim aur miserable jagah bataya gaya hai jahan par koi vegetation nahi hai, bas dhool aur patthar hain, aur yahan par saalon se ikattha hua kachra bhi har jagah scattered hai",8.5
184,llama-3.1-8b-instant,"Hor town ka general appearance aur condition kaisa tha? Hor ek bahut hi grim aur miserable jagah thi, yahan koi vegetation nahi thi, bas dhool aur patthar the, aur saalon se ikattha hua kachra bhi har jagah tha, jo ki bahut hi unlucky thi kyunki yeh town ek aisi jagah par basi thi",agentic_context,ERROR,0.0,0,"Hor ko ek grim aur miserable jagah bataya gaya hai jahan par koi vegetation nahi hai, bas dhool aur patthar hain, aur yahan par saalon se ikattha hua kachra bhi har jagah scattered hai",8.5
185,llama-3.1-8b-instant,"Text ke hisab se, factual information likhne aur pleasure ke liye likhne mein kya main difference hai? Jab hum factual information ke bare mein likhte hain, to hum sab log almost similar likhte hain. Lekin jab hum pleasure ke liye likhte hain, to hum sab log same event ko alag-alag tareeke se likh sakte hain.",zero_shot,ERROR,0.0,0,"Jab hum factual information likhte hain, to sab log almost similar likhte hain. Lekin jab hum pleasure ke liye likhte hain, to har koi apne tareeke se same event ko likh sakta hai, jismein unki unique experiences aur imagination reflect hoti hai.",8.5
185,llama-3.1-8b-instant,"Text ke hisab se, factual information likhne aur pleasure ke liye likhne mein kya main difference hai? Jab hum factual information ke bare mein likhte hain, to hum sab log almost similar likhte hain. Lekin jab hum pleasure ke liye likhte hain, to hum sab log same event ko alag-alag tareeke se likh sakte hain.",few_shot,ERROR,0.0,0,"Jab hum factual information likhte hain, to sab log almost similar likhte hain. Lekin jab hum pleasure ke liye likhte hain, to har koi apne tareeke se same event ko likh sakta hai, jismein unki unique experiences aur imagination reflect hoti hai.",8.5
185,llama-3.1-8b-instant,"Text ke hisab se, factual information likhne aur pleasure ke liye likhne mein kya main difference hai? Jab hum factual information ke bare mein likhte hain, to hum sab log almost similar likhte hain. Lekin jab hum pleasure ke liye likhte hain, to hum sab log same event ko alag-alag tareeke se likh sakte hain.",chain_of_thought,ERROR,0.0,0,"Jab hum factual information likhte hain, to sab log almost similar likhte hain. Lekin jab hum pleasure ke liye likhte hain, to har koi apne tareeke se same event ko likh sakta hai, jismein unki unique experiences aur imagination reflect hoti hai.",8.5
185,llama-3.1-8b-instant,"Text ke hisab se, factual information likhne aur pleasure ke liye likhne mein kya main difference hai? Jab hum factual information ke bare mein likhte hain, to hum sab log almost similar likhte hain. Lekin jab hum pleasure ke liye likhte hain, to hum sab log same event ko alag-alag tareeke se likh sakte hain.",structured_context,ERROR,0.0,0,"Jab hum factual information likhte hain, to sab log almost similar likhte hain. Lekin jab hum pleasure ke liye likhte hain, to har koi apne tareeke se same event ko likh sakta hai, jismein unki unique experiences aur imagination reflect hoti hai.",8.5
185,llama-3.1-8b-instant,"Text ke hisab se, factual information likhne aur pleasure ke liye likhne mein kya main difference hai? Jab hum factual information ke bare mein likhte hain, to hum sab log almost similar likhte hain. Lekin jab hum pleasure ke liye likhte hain, to hum sab log same event ko alag-alag tareeke se likh sakte hain.",hierarchical_context,ERROR,0.0,0,"Jab hum factual information likhte hain, to sab log almost similar likhte hain. Lekin jab hum pleasure ke liye likhte hain, to har koi apne tareeke se same event ko likh sakta hai, jismein unki unique experiences aur imagination reflect hoti hai.",8.5
185,llama-3.1-8b-instant,"Text ke hisab se, factual information likhne aur pleasure ke liye likhne mein kya main difference hai? Jab hum factual information ke bare mein likhte hain, to hum sab log almost similar likhte hain. Lekin jab hum pleasure ke liye likhte hain, to hum sab log same event ko alag-alag tareeke se likh sakte hain.",rag_style,ERROR,0.0,0,"Jab hum factual information likhte hain, to sab log almost similar likhte hain. Lekin jab hum pleasure ke liye likhte hain, to har koi apne tareeke se same event ko likh sakta hai, jismein unki unique experiences aur imagination reflect hoti hai.",8.5
185,llama-3.1-8b-instant,"Text ke hisab se, factual information likhne aur pleasure ke liye likhne mein kya main difference hai? Jab hum factual information ke bare mein likhte hain, to hum sab log almost similar likhte hain. Lekin jab hum pleasure ke liye likhte hain, to hum sab log same event ko alag-alag tareeke se likh sakte hain.",tree_of_thought,ERROR,0.0,0,"Jab hum factual information likhte hain, to sab log almost similar likhte hain. Lekin jab hum pleasure ke liye likhte hain, to har koi apne tareeke se same event ko likh sakta hai, jismein unki unique experiences aur imagination reflect hoti hai.",8.5
185,llama-3.1-8b-instant,"Text ke hisab se, factual information likhne aur pleasure ke liye likhne mein kya main difference hai? Jab hum factual information ke bare mein likhte hain, to hum sab log almost similar likhte hain. Lekin jab hum pleasure ke liye likhte hain, to hum sab log same event ko alag-alag tareeke se likh sakte hain.",agentic_context,ERROR,0.0,0,"Jab hum factual information likhte hain, to sab log almost similar likhte hain. Lekin jab hum pleasure ke liye likhte hain, to har koi apne tareeke se same event ko likh sakta hai, jismein unki unique experiences aur imagination reflect hoti hai.",8.5
186,llama-3.1-8b-instant,What did Paul's mother and Uncle Oscar say when they saw him riding the rocking-horse?,zero_shot,ERROR,0.0,0,"His uncle said 'Hello, you young jockey! Riding a winner?' and his mother asked if he wasn't growing too big for a rocking-horse.",0.0
186,llama-3.1-8b-instant,What did Paul's mother and Uncle Oscar say when they saw him riding the rocking-horse?,few_shot,ERROR,0.0,0,"His uncle said 'Hello, you young jockey! Riding a winner?' and his mother asked if he wasn't growing too big for a rocking-horse.",1.0
186,llama-3.1-8b-instant,What did Paul's mother and Uncle Oscar say when they saw him riding the rocking-horse?,chain_of_thought,ERROR,0.0,0,"His uncle said 'Hello, you young jockey! Riding a winner?' and his mother asked if he wasn't growing too big for a rocking-horse.",0.0
186,llama-3.1-8b-instant,What did Paul's mother and Uncle Oscar say when they saw him riding the rocking-horse?,structured_context,ERROR,0.0,0,"His uncle said 'Hello, you young jockey! Riding a winner?' and his mother asked if he wasn't growing too big for a rocking-horse.",1.0
186,llama-3.1-8b-instant,What did Paul's mother and Uncle Oscar say when they saw him riding the rocking-horse?,hierarchical_context,ERROR,0.0,0,"His uncle said 'Hello, you young jockey! Riding a winner?' and his mother asked if he wasn't growing too big for a rocking-horse.",0.0
186,llama-3.1-8b-instant,What did Paul's mother and Uncle Oscar say when they saw him riding the rocking-horse?,rag_style,ERROR,0.0,0,"His uncle said 'Hello, you young jockey! Riding a winner?' and his mother asked if he wasn't growing too big for a rocking-horse.",0.0
186,llama-3.1-8b-instant,What did Paul's mother and Uncle Oscar say when they saw him riding the rocking-horse?,tree_of_thought,ERROR,0.0,0,"His uncle said 'Hello, you young jockey! Riding a winner?' and his mother asked if he wasn't growing too big for a rocking-horse.",0.0
186,llama-3.1-8b-instant,What did Paul's mother and Uncle Oscar say when they saw him riding the rocking-horse?,agentic_context,ERROR,0.0,0,"His uncle said 'Hello, you young jockey! Riding a winner?' and his mother asked if he wasn't growing too big for a rocking-horse.",1.0
187,llama-3.1-8b-instant,What was Pappachi's reaction to the ignominy of retirement?,zero_shot,ERROR,0.0,0,"Pappachy slouched around the compound in sullen circles, watching Mammachi work.",8.5
187,llama-3.1-8b-instant,What was Pappachi's reaction to the ignominy of retirement?,few_shot,ERROR,0.0,0,"Pappachy slouched around the compound in sullen circles, watching Mammachi work.",8.5
187,llama-3.1-8b-instant,What was Pappachi's reaction to the ignominy of retirement?,chain_of_thought,"Arre, yeh sawal bahut confusing hai. Pappachi kaun hai? 

Kya Pappachi ki koi famous character hai? 

Arre, main yaad karta hoon ki Pappachi Kavita Krishnan Nair ke pita ka naam hai, jo ki unke novel ""The Free Voice"" mein aaya hai. 

Lekin, Pappachi ka koi direct connection retirement ke saath nahin hai. 

Arre, to main kya karoon? Pappachi ki story ko follow karoonga. 

Pappachi ek retired government servant the. Woh apne retirement ke baad bahut gharib hua, aur unhone apne beta ka support kiya",57.853,283,"Pappachy slouched around the compound in sullen circles, watching Mammachi work.",8.5
187,llama-3.1-8b-instant,What was Pappachi's reaction to the ignominy of retirement?,structured_context,"{""answer"": ""Pappachi ki reaction aisi thi ki usne apni retirement ki sharmaniya sthiti ko theek se samajh nahi paya tha."", ""explanation"": ""Pappachi ek aisi cheez thi jo retirement ke baad bhi apne kaam mein lagta tha, aur usne apni retirement ki sharmaniya sthiti ko pasand nahi kiya tha.""}",66.732,163,"Pappachy slouched around the compound in sullen circles, watching Mammachi work.",8.5
187,llama-3.1-8b-instant,What was Pappachi's reaction to the ignominy of retirement?,hierarchical_context,ERROR,0.0,0,"Pappachy slouched around the compound in sullen circles, watching Mammachi work.",8.5
187,llama-3.1-8b-instant,What was Pappachi's reaction to the ignominy of retirement?,rag_style,ERROR,0.0,0,"Pappachy slouched around the compound in sullen circles, watching Mammachi work.",8.5
187,llama-3.1-8b-instant,What was Pappachi's reaction to the ignominy of retirement?,tree_of_thought,"Pappachi ka reaction kya tha? 

Pehle to main socha, Pappachi ko retirement ka gyaant maana ho, aur usne apne kaam ko ek achha style se poora kiya ho, lekin jab usne retirement lene ki baat ki, to use bahut dukh hua. 

Phir main socha, Pappachi ko retirement ka gyaant maana ho, lekin usne apne kaam ko ek anokha style se poora kiya ho, aur usne apne aas-paas ke logon ko ek aisi baat kaha ki, ""Main retirement nahin lene wala hoon, main apne kaam ko ek nayi shaili se shuru karunga.""

Aur phir main ",17.091,448,"Pappachy slouched around the compound in sullen circles, watching Mammachi work.",8.5
187,llama-3.1-8b-instant,What was Pappachi's reaction to the ignominy of retirement?,agentic_context,ERROR,0.0,0,"Pappachy slouched around the compound in sullen circles, watching Mammachi work.",8.5
188,llama-3.1-8b-instant,"Dadi ji english school aur music lessons se kyu udas aur pareshan thi? Yeh cheez usse udas karti thi, woh meri lessons mein madad nahi kar sakti thi, aur usse lagta tha ki english school mein jo padhaya ja raha hai woh theek nahi hai, khaskar God aur scriptures ke bare mein kuch nahi sikhaaya ja raha hai. Ek din maine bataya ki humein music lessons di ja rahi hai, toh woh bahut pareshan ho gayi, kyunki usse music ke baare mein galat khayalat the, usse lagta tha ki music sirf randiyon aur bhikariyon ka kaam hai, gentle logon ke liye nahi hai.",zero_shot,ERROR,0.0,0,"Dadi ji udas thi kyunki woh english school ke lessons mein meri madad nahi kar sakti thi, aur usse lagta tha ki school mein western science padhaya ja raha hai lekin God aur scriptures ke baare mein kuch nahi sikhaaya ja raha hai. Music lessons se toh woh aur bhi zyada pareshan ho gayi, kyunki usse ",8.5
188,llama-3.1-8b-instant,"Dadi ji english school aur music lessons se kyu udas aur pareshan thi? Yeh cheez usse udas karti thi, woh meri lessons mein madad nahi kar sakti thi, aur usse lagta tha ki english school mein jo padhaya ja raha hai woh theek nahi hai, khaskar God aur scriptures ke bare mein kuch nahi sikhaaya ja raha hai. Ek din maine bataya ki humein music lessons di ja rahi hai, toh woh bahut pareshan ho gayi, kyunki usse music ke baare mein galat khayalat the, usse lagta tha ki music sirf randiyon aur bhikariyon ka kaam hai, gentle logon ke liye nahi hai.",few_shot,ERROR,0.0,0,"Dadi ji udas thi kyunki woh english school ke lessons mein meri madad nahi kar sakti thi, aur usse lagta tha ki school mein western science padhaya ja raha hai lekin God aur scriptures ke baare mein kuch nahi sikhaaya ja raha hai. Music lessons se toh woh aur bhi zyada pareshan ho gayi, kyunki usse ",8.5
188,llama-3.1-8b-instant,"Dadi ji english school aur music lessons se kyu udas aur pareshan thi? Yeh cheez usse udas karti thi, woh meri lessons mein madad nahi kar sakti thi, aur usse lagta tha ki english school mein jo padhaya ja raha hai woh theek nahi hai, khaskar God aur scriptures ke bare mein kuch nahi sikhaaya ja raha hai. Ek din maine bataya ki humein music lessons di ja rahi hai, toh woh bahut pareshan ho gayi, kyunki usse music ke baare mein galat khayalat the, usse lagta tha ki music sirf randiyon aur bhikariyon ka kaam hai, gentle logon ke liye nahi hai.",chain_of_thought,ERROR,0.0,0,"Dadi ji udas thi kyunki woh english school ke lessons mein meri madad nahi kar sakti thi, aur usse lagta tha ki school mein western science padhaya ja raha hai lekin God aur scriptures ke baare mein kuch nahi sikhaaya ja raha hai. Music lessons se toh woh aur bhi zyada pareshan ho gayi, kyunki usse ",8.5
188,llama-3.1-8b-instant,"Dadi ji english school aur music lessons se kyu udas aur pareshan thi? Yeh cheez usse udas karti thi, woh meri lessons mein madad nahi kar sakti thi, aur usse lagta tha ki english school mein jo padhaya ja raha hai woh theek nahi hai, khaskar God aur scriptures ke bare mein kuch nahi sikhaaya ja raha hai. Ek din maine bataya ki humein music lessons di ja rahi hai, toh woh bahut pareshan ho gayi, kyunki usse music ke baare mein galat khayalat the, usse lagta tha ki music sirf randiyon aur bhikariyon ka kaam hai, gentle logon ke liye nahi hai.",structured_context,ERROR,0.0,0,"Dadi ji udas thi kyunki woh english school ke lessons mein meri madad nahi kar sakti thi, aur usse lagta tha ki school mein western science padhaya ja raha hai lekin God aur scriptures ke baare mein kuch nahi sikhaaya ja raha hai. Music lessons se toh woh aur bhi zyada pareshan ho gayi, kyunki usse ",8.5
188,llama-3.1-8b-instant,"Dadi ji english school aur music lessons se kyu udas aur pareshan thi? Yeh cheez usse udas karti thi, woh meri lessons mein madad nahi kar sakti thi, aur usse lagta tha ki english school mein jo padhaya ja raha hai woh theek nahi hai, khaskar God aur scriptures ke bare mein kuch nahi sikhaaya ja raha hai. Ek din maine bataya ki humein music lessons di ja rahi hai, toh woh bahut pareshan ho gayi, kyunki usse music ke baare mein galat khayalat the, usse lagta tha ki music sirf randiyon aur bhikariyon ka kaam hai, gentle logon ke liye nahi hai.",hierarchical_context,ERROR,0.0,0,"Dadi ji udas thi kyunki woh english school ke lessons mein meri madad nahi kar sakti thi, aur usse lagta tha ki school mein western science padhaya ja raha hai lekin God aur scriptures ke baare mein kuch nahi sikhaaya ja raha hai. Music lessons se toh woh aur bhi zyada pareshan ho gayi, kyunki usse ",8.5
188,llama-3.1-8b-instant,"Dadi ji english school aur music lessons se kyu udas aur pareshan thi? Yeh cheez usse udas karti thi, woh meri lessons mein madad nahi kar sakti thi, aur usse lagta tha ki english school mein jo padhaya ja raha hai woh theek nahi hai, khaskar God aur scriptures ke bare mein kuch nahi sikhaaya ja raha hai. Ek din maine bataya ki humein music lessons di ja rahi hai, toh woh bahut pareshan ho gayi, kyunki usse music ke baare mein galat khayalat the, usse lagta tha ki music sirf randiyon aur bhikariyon ka kaam hai, gentle logon ke liye nahi hai.",rag_style,ERROR,0.0,0,"Dadi ji udas thi kyunki woh english school ke lessons mein meri madad nahi kar sakti thi, aur usse lagta tha ki school mein western science padhaya ja raha hai lekin God aur scriptures ke baare mein kuch nahi sikhaaya ja raha hai. Music lessons se toh woh aur bhi zyada pareshan ho gayi, kyunki usse ",8.5
188,llama-3.1-8b-instant,"Dadi ji english school aur music lessons se kyu udas aur pareshan thi? Yeh cheez usse udas karti thi, woh meri lessons mein madad nahi kar sakti thi, aur usse lagta tha ki english school mein jo padhaya ja raha hai woh theek nahi hai, khaskar God aur scriptures ke bare mein kuch nahi sikhaaya ja raha hai. Ek din maine bataya ki humein music lessons di ja rahi hai, toh woh bahut pareshan ho gayi, kyunki usse music ke baare mein galat khayalat the, usse lagta tha ki music sirf randiyon aur bhikariyon ka kaam hai, gentle logon ke liye nahi hai.",tree_of_thought,ERROR,0.0,0,"Dadi ji udas thi kyunki woh english school ke lessons mein meri madad nahi kar sakti thi, aur usse lagta tha ki school mein western science padhaya ja raha hai lekin God aur scriptures ke baare mein kuch nahi sikhaaya ja raha hai. Music lessons se toh woh aur bhi zyada pareshan ho gayi, kyunki usse ",8.5
188,llama-3.1-8b-instant,"Dadi ji english school aur music lessons se kyu udas aur pareshan thi? Yeh cheez usse udas karti thi, woh meri lessons mein madad nahi kar sakti thi, aur usse lagta tha ki english school mein jo padhaya ja raha hai woh theek nahi hai, khaskar God aur scriptures ke bare mein kuch nahi sikhaaya ja raha hai. Ek din maine bataya ki humein music lessons di ja rahi hai, toh woh bahut pareshan ho gayi, kyunki usse music ke baare mein galat khayalat the, usse lagta tha ki music sirf randiyon aur bhikariyon ka kaam hai, gentle logon ke liye nahi hai.",agentic_context,ERROR,0.0,0,"Dadi ji udas thi kyunki woh english school ke lessons mein meri madad nahi kar sakti thi, aur usse lagta tha ki school mein western science padhaya ja raha hai lekin God aur scriptures ke baare mein kuch nahi sikhaaya ja raha hai. Music lessons se toh woh aur bhi zyada pareshan ho gayi, kyunki usse ",8.5
189,llama-3.1-8b-instant,What is the process of glacier formation?,zero_shot,ERROR,0.0,0,"Glacier formation is the process by which snow and ice accumulate and compact over time, forming a large, slow-moving river of ice. Glaciers form in high-latitude or high-altitude regions where the climate is cold enough for snow to persist year-round. The weight and pressure of the accumulated snow",8.5
189,llama-3.1-8b-instant,What is the process of glacier formation?,few_shot,"Bhaiya glacier formation ka process yeh hai. Glacier formation ek slow process hai, jismein barf ka ice ban jata hai. Yeh process is tarah hota hai:

Ek shuruat mein, barf ke ghane hote hain, jaise ki himalaya aur anya parbaton par. Jab barf ki matra bahut jyada ho jati hai, toh yeh barf thanda ho jata hai aur ice ke roop mein transform ho jata hai.

Iske baad, yeh ice ghana hokar ek layer ban jata hai, jise glaciers kehte hain. Glaciers ek bahut lamba aur choda hua ice ka layer hota hai.

Jab g",75.41,441,"Glacier formation is the process by which snow and ice accumulate and compact over time, forming a large, slow-moving river of ice. Glaciers form in high-latitude or high-altitude regions where the climate is cold enough for snow to persist year-round. The weight and pressure of the accumulated snow",8.5
189,llama-3.1-8b-instant,What is the process of glacier formation?,chain_of_thought,ERROR,0.0,0,"Glacier formation is the process by which snow and ice accumulate and compact over time, forming a large, slow-moving river of ice. Glaciers form in high-latitude or high-altitude regions where the climate is cold enough for snow to persist year-round. The weight and pressure of the accumulated snow",8.5
189,llama-3.1-8b-instant,What is the process of glacier formation?,structured_context,ERROR,0.0,0,"Glacier formation is the process by which snow and ice accumulate and compact over time, forming a large, slow-moving river of ice. Glaciers form in high-latitude or high-altitude regions where the climate is cold enough for snow to persist year-round. The weight and pressure of the accumulated snow",8.5
189,llama-3.1-8b-instant,What is the process of glacier formation?,hierarchical_context,ERROR,0.0,0,"Glacier formation is the process by which snow and ice accumulate and compact over time, forming a large, slow-moving river of ice. Glaciers form in high-latitude or high-altitude regions where the climate is cold enough for snow to persist year-round. The weight and pressure of the accumulated snow",8.5
189,llama-3.1-8b-instant,What is the process of glacier formation?,rag_style,ERROR,0.0,0,"Glacier formation is the process by which snow and ice accumulate and compact over time, forming a large, slow-moving river of ice. Glaciers form in high-latitude or high-altitude regions where the climate is cold enough for snow to persist year-round. The weight and pressure of the accumulated snow",8.5
189,llama-3.1-8b-instant,What is the process of glacier formation?,tree_of_thought,ERROR,0.0,0,"Glacier formation is the process by which snow and ice accumulate and compact over time, forming a large, slow-moving river of ice. Glaciers form in high-latitude or high-altitude regions where the climate is cold enough for snow to persist year-round. The weight and pressure of the accumulated snow",8.5
189,llama-3.1-8b-instant,What is the process of glacier formation?,agentic_context,ERROR,0.0,0,"Glacier formation is the process by which snow and ice accumulate and compact over time, forming a large, slow-moving river of ice. Glaciers form in high-latitude or high-altitude regions where the climate is cold enough for snow to persist year-round. The weight and pressure of the accumulated snow",8.5
190,llama-3.1-8b-instant,"Sir, what is yonder effect in geography?",zero_shot,ERROR,0.0,0,Yonder effect refers to the phenomenon where the perceived distance of an object appears less due to its alignment with other objects in the landscape. This optical illusion can make objects appear closer than they actually are. It's an interesting topic in geography and psychology. Yonder effect is,0.0
190,llama-3.1-8b-instant,"Sir, what is yonder effect in geography?",few_shot,ERROR,0.0,0,Yonder effect refers to the phenomenon where the perceived distance of an object appears less due to its alignment with other objects in the landscape. This optical illusion can make objects appear closer than they actually are. It's an interesting topic in geography and psychology. Yonder effect is,0.0
190,llama-3.1-8b-instant,"Sir, what is yonder effect in geography?",chain_of_thought,ERROR,0.0,0,Yonder effect refers to the phenomenon where the perceived distance of an object appears less due to its alignment with other objects in the landscape. This optical illusion can make objects appear closer than they actually are. It's an interesting topic in geography and psychology. Yonder effect is,0.0
190,llama-3.1-8b-instant,"Sir, what is yonder effect in geography?",structured_context,ERROR,0.0,0,Yonder effect refers to the phenomenon where the perceived distance of an object appears less due to its alignment with other objects in the landscape. This optical illusion can make objects appear closer than they actually are. It's an interesting topic in geography and psychology. Yonder effect is,0.0
190,llama-3.1-8b-instant,"Sir, what is yonder effect in geography?",hierarchical_context,ERROR,0.0,0,Yonder effect refers to the phenomenon where the perceived distance of an object appears less due to its alignment with other objects in the landscape. This optical illusion can make objects appear closer than they actually are. It's an interesting topic in geography and psychology. Yonder effect is,0.0
190,llama-3.1-8b-instant,"Sir, what is yonder effect in geography?",rag_style,ERROR,0.0,0,Yonder effect refers to the phenomenon where the perceived distance of an object appears less due to its alignment with other objects in the landscape. This optical illusion can make objects appear closer than they actually are. It's an interesting topic in geography and psychology. Yonder effect is,0.0
190,llama-3.1-8b-instant,"Sir, what is yonder effect in geography?",tree_of_thought,"Arre, yeh sawal bahut achchha hai. Main iska jawab 3 tarah se sochta hoon:

1. **Yonder effect ko ek aisa prabhav ke roop mein samjhaa jaata hai** jissey ek sthaan par hota hai aur doosre sthaan par prabhav daalne wala hota hai. Ismein geography ki jagah par koi vishesh prabhav hota hai jisse doosra sthaan prabhavit hota hai.
2. **Yonder effect ko ek aisa tarika ke roop mein bhi samjhaa jaata hai** jisse ek sthaan se doosre sthaan tak prabhaav lagaaya ja sakta hai. Ismein geography kee jagah par",116.21,464,Yonder effect refers to the phenomenon where the perceived distance of an object appears less due to its alignment with other objects in the landscape. This optical illusion can make objects appear closer than they actually are. It's an interesting topic in geography and psychology. Yonder effect is,8.5
190,llama-3.1-8b-instant,"Sir, what is yonder effect in geography?",agentic_context,ERROR,0.0,0,Yonder effect refers to the phenomenon where the perceived distance of an object appears less due to its alignment with other objects in the landscape. This optical illusion can make objects appear closer than they actually are. It's an interesting topic in geography and psychology. Yonder effect is,0.0
191,llama-3.1-8b-instant,"Andrew ko pata chale ki bachcha lifeless hai, to uska pehla reaction kya hota hai?",zero_shot,"Bachcha lifeless hai, toh uska pehla reaction bahut bura ho sakta hai. Wah shayad sochta hai ki yeh kya ho raha hai, kya yeh mere bachche ka aakhiri pal hai? Uska dil dhadak raha ho, aur wah apni zindagi mein yeh samay kabhi nahin socha tha.

Andrew bahut chauka ho sakta hai, aur wah apne bachche ko pakadne ki koshish karta hai, lekin usse kuch nahin milta. Uska dil dard se bhar ja raha ho, aur wah apne bachche ki lifeless hali dekhte hue bahut bura laga raha ho.

Uska pehla reaction yeh ho sakt",33.928,351,"Andrew ko sunke ki bachcha lifeless hai, uska face ekdum se thanda ho jata hai aur usko horror ka ehsaas hota hai",8.5
191,llama-3.1-8b-instant,"Andrew ko pata chale ki bachcha lifeless hai, to uska pehla reaction kya hota hai?",few_shot,ERROR,0.0,0,"Andrew ko sunke ki bachcha lifeless hai, uska face ekdum se thanda ho jata hai aur usko horror ka ehsaas hota hai",8.5
191,llama-3.1-8b-instant,"Andrew ko pata chale ki bachcha lifeless hai, to uska pehla reaction kya hota hai?",chain_of_thought,ERROR,0.0,0,"Andrew ko sunke ki bachcha lifeless hai, uska face ekdum se thanda ho jata hai aur usko horror ka ehsaas hota hai",8.5
191,llama-3.1-8b-instant,"Andrew ko pata chale ki bachcha lifeless hai, to uska pehla reaction kya hota hai?",structured_context,"{""answer"": ""Andrew ka dil toot jata hai aur uska pehla reaction ek aisa hota hai jaise ki vah bachche ki taraf badha kr dekhta hai, phir uska mann shant ho jata hai aur vah sochta hai ki kya kiya jaa sakta hai is bachche ki madad ke liye."", ""explanation"": ""Yah reaction sirf ek kahaani hai, har aadmi ka reaction alag hota hai. Lekin aksar aisa hota hai ki log bachche ki taraf darte hain aur unka dil tootta hai.""}",0.486,222,"Andrew ko sunke ki bachcha lifeless hai, uska face ekdum se thanda ho jata hai aur usko horror ka ehsaas hota hai",8.5
191,llama-3.1-8b-instant,"Andrew ko pata chale ki bachcha lifeless hai, to uska pehla reaction kya hota hai?",hierarchical_context,ERROR,0.0,0,"Andrew ko sunke ki bachcha lifeless hai, uska face ekdum se thanda ho jata hai aur usko horror ka ehsaas hota hai",0.0
191,llama-3.1-8b-instant,"Andrew ko pata chale ki bachcha lifeless hai, to uska pehla reaction kya hota hai?",rag_style,ERROR,0.0,0,"Andrew ko sunke ki bachcha lifeless hai, uska face ekdum se thanda ho jata hai aur usko horror ka ehsaas hota hai",8.5
191,llama-3.1-8b-instant,"Andrew ko pata chale ki bachcha lifeless hai, to uska pehla reaction kya hota hai?",tree_of_thought,"Mujhe 3-4 tarah se sochne ki baat hai:

1. **Ek taraf uski bachchi ki lifeless hokar uske parivaar par bura asar pad sakta hai.** Uska pehla reaction shayad uske bachche ki lifeless ke liye darr, chaarhoori, aur hawaayi ho sakta hai.
2. **Dusri taraf, Andrew ko apne bachche ki lifeless ke baare mein pata lagaane ke baad, uska pehla reaction uske bachche ki health aur life ko bachane ke liye tareekon ki talash karna ho sakta hai.** Uska man shayad apne bachche ko bachane ke liye dhadkan se bhara ",29.901,458,"Andrew ko sunke ki bachcha lifeless hai, uska face ekdum se thanda ho jata hai aur usko horror ka ehsaas hota hai",8.5
191,llama-3.1-8b-instant,"Andrew ko pata chale ki bachcha lifeless hai, to uska pehla reaction kya hota hai?",agentic_context,ERROR,0.0,0,"Andrew ko sunke ki bachcha lifeless hai, uska face ekdum se thanda ho jata hai aur usko horror ka ehsaas hota hai",8.5
192,llama-3.1-8b-instant,Andrew Manson kaun hai?,zero_shot,ERROR,0.0,0,"Andrew Manson ek nayi graduate doctor hai jo Dr. Edward Page ke saath Blaenelly naamak chhote Welsh mining town mein apni medical practice shuru ki hai, woh Dr. Edward Page ka assistant hai.",3.0
192,llama-3.1-8b-instant,Andrew Manson kaun hai?,few_shot,ERROR,0.0,0,"Andrew Manson ek nayi graduate doctor hai jo Dr. Edward Page ke saath Blaenelly naamak chhote Welsh mining town mein apni medical practice shuru ki hai, woh Dr. Edward Page ka assistant hai.",1.0
192,llama-3.1-8b-instant,Andrew Manson kaun hai?,chain_of_thought,ERROR,0.0,0,"Andrew Manson ek nayi graduate doctor hai jo Dr. Edward Page ke saath Blaenelly naamak chhote Welsh mining town mein apni medical practice shuru ki hai, woh Dr. Edward Page ka assistant hai.",0.0
192,llama-3.1-8b-instant,Andrew Manson kaun hai?,structured_context,ERROR,0.0,0,"Andrew Manson ek nayi graduate doctor hai jo Dr. Edward Page ke saath Blaenelly naamak chhote Welsh mining town mein apni medical practice shuru ki hai, woh Dr. Edward Page ka assistant hai.",0.0
192,llama-3.1-8b-instant,Andrew Manson kaun hai?,hierarchical_context,ERROR,0.0,0,"Andrew Manson ek nayi graduate doctor hai jo Dr. Edward Page ke saath Blaenelly naamak chhote Welsh mining town mein apni medical practice shuru ki hai, woh Dr. Edward Page ka assistant hai.",0.0
192,llama-3.1-8b-instant,Andrew Manson kaun hai?,rag_style,ERROR,0.0,0,"Andrew Manson ek nayi graduate doctor hai jo Dr. Edward Page ke saath Blaenelly naamak chhote Welsh mining town mein apni medical practice shuru ki hai, woh Dr. Edward Page ka assistant hai.",0.0
192,llama-3.1-8b-instant,Andrew Manson kaun hai?,tree_of_thought,ERROR,0.0,0,"Andrew Manson ek nayi graduate doctor hai jo Dr. Edward Page ke saath Blaenelly naamak chhote Welsh mining town mein apni medical practice shuru ki hai, woh Dr. Edward Page ka assistant hai.",1.0
192,llama-3.1-8b-instant,Andrew Manson kaun hai?,agentic_context,ERROR,0.0,0,"Andrew Manson ek nayi graduate doctor hai jo Dr. Edward Page ke saath Blaenelly naamak chhote Welsh mining town mein apni medical practice shuru ki hai, woh Dr. Edward Page ka assistant hai.",1.0
193,llama-3.1-8b-instant,NCERT ka office kaha hai?,zero_shot,ERROR,0.0,0,"Sri Aurobindo Marg, New Delhi 110016",10.0
193,llama-3.1-8b-instant,NCERT ka office kaha hai?,few_shot,ERROR,0.0,0,"Sri Aurobindo Marg, New Delhi 110016",10.0
193,llama-3.1-8b-instant,NCERT ka office kaha hai?,chain_of_thought,ERROR,0.0,0,"Sri Aurobindo Marg, New Delhi 110016",10.0
193,llama-3.1-8b-instant,NCERT ka office kaha hai?,structured_context,ERROR,0.0,0,"Sri Aurobindo Marg, New Delhi 110016",9.0
193,llama-3.1-8b-instant,NCERT ka office kaha hai?,hierarchical_context,ERROR,0.0,0,"Sri Aurobindo Marg, New Delhi 110016",8.5
193,llama-3.1-8b-instant,NCERT ka office kaha hai?,rag_style,ERROR,0.0,0,"Sri Aurobindo Marg, New Delhi 110016",10.0
193,llama-3.1-8b-instant,NCERT ka office kaha hai?,tree_of_thought,ERROR,0.0,0,"Sri Aurobindo Marg, New Delhi 110016",10.0
193,llama-3.1-8b-instant,NCERT ka office kaha hai?,agentic_context,ERROR,0.0,0,"Sri Aurobindo Marg, New Delhi 110016",10.0
194,llama-3.1-8b-instant,"Jab officer usse uske bete ki mrityu ke bare mein poochta hai, to Iona kaise react karta hai? Iona apni zubaan ko muskaan mein modta hai aur koshish karke kahta hai: 'Mera beta, Barin, is hafte mar gaya.'",zero_shot,ERROR,0.0,0,Iona ek ajeeb si muskaan ke saath react karta hai aur officer ko bata ta hai ki uska beta is hafte mar gaya tha.,10.0
194,llama-3.1-8b-instant,"Jab officer usse uske bete ki mrityu ke bare mein poochta hai, to Iona kaise react karta hai? Iona apni zubaan ko muskaan mein modta hai aur koshish karke kahta hai: 'Mera beta, Barin, is hafte mar gaya.'",few_shot,ERROR,0.0,0,Iona ek ajeeb si muskaan ke saath react karta hai aur officer ko bata ta hai ki uska beta is hafte mar gaya tha.,0.0
194,llama-3.1-8b-instant,"Jab officer usse uske bete ki mrityu ke bare mein poochta hai, to Iona kaise react karta hai? Iona apni zubaan ko muskaan mein modta hai aur koshish karke kahta hai: 'Mera beta, Barin, is hafte mar gaya.'",chain_of_thought,ERROR,0.0,0,Iona ek ajeeb si muskaan ke saath react karta hai aur officer ko bata ta hai ki uska beta is hafte mar gaya tha.,8.5
194,llama-3.1-8b-instant,"Jab officer usse uske bete ki mrityu ke bare mein poochta hai, to Iona kaise react karta hai? Iona apni zubaan ko muskaan mein modta hai aur koshish karke kahta hai: 'Mera beta, Barin, is hafte mar gaya.'",structured_context,ERROR,0.0,0,Iona ek ajeeb si muskaan ke saath react karta hai aur officer ko bata ta hai ki uska beta is hafte mar gaya tha.,8.5
194,llama-3.1-8b-instant,"Jab officer usse uske bete ki mrityu ke bare mein poochta hai, to Iona kaise react karta hai? Iona apni zubaan ko muskaan mein modta hai aur koshish karke kahta hai: 'Mera beta, Barin, is hafte mar gaya.'",hierarchical_context,ERROR,0.0,0,Iona ek ajeeb si muskaan ke saath react karta hai aur officer ko bata ta hai ki uska beta is hafte mar gaya tha.,8.5
194,llama-3.1-8b-instant,"Jab officer usse uske bete ki mrityu ke bare mein poochta hai, to Iona kaise react karta hai? Iona apni zubaan ko muskaan mein modta hai aur koshish karke kahta hai: 'Mera beta, Barin, is hafte mar gaya.'",rag_style,ERROR,0.0,0,Iona ek ajeeb si muskaan ke saath react karta hai aur officer ko bata ta hai ki uska beta is hafte mar gaya tha.,1.0
194,llama-3.1-8b-instant,"Jab officer usse uske bete ki mrityu ke bare mein poochta hai, to Iona kaise react karta hai? Iona apni zubaan ko muskaan mein modta hai aur koshish karke kahta hai: 'Mera beta, Barin, is hafte mar gaya.'",tree_of_thought,ERROR,0.0,0,Iona ek ajeeb si muskaan ke saath react karta hai aur officer ko bata ta hai ki uska beta is hafte mar gaya tha.,0.0
194,llama-3.1-8b-instant,"Jab officer usse uske bete ki mrityu ke bare mein poochta hai, to Iona kaise react karta hai? Iona apni zubaan ko muskaan mein modta hai aur koshish karke kahta hai: 'Mera beta, Barin, is hafte mar gaya.'",agentic_context,ERROR,0.0,0,Iona ek ajeeb si muskaan ke saath react karta hai aur officer ko bata ta hai ki uska beta is hafte mar gaya tha.,8.5
195,llama-3.1-8b-instant,"Kya cheez ne narrator aur uski wife Mary ko poora duniya ka safar karne ke liye prerit kiya? Yaani, unhone Captain James Cook ke 200 saal phele ke duniya bhar ka safar ko duplicate karne ke liye England se sail kiya tha",zero_shot,ERROR,0.0,0,"Narrator aur uski wife Mary ko Captain James Cook ke 200 saal purane duniya bhar ke safar ne inspire kiya tha, aur ve isko duplicate karne ke sapne dekhte aaye the",8.5
195,llama-3.1-8b-instant,"Kya cheez ne narrator aur uski wife Mary ko poora duniya ka safar karne ke liye prerit kiya? Yaani, unhone Captain James Cook ke 200 saal phele ke duniya bhar ka safar ko duplicate karne ke liye England se sail kiya tha",few_shot,ERROR,0.0,0,"Narrator aur uski wife Mary ko Captain James Cook ke 200 saal purane duniya bhar ke safar ne inspire kiya tha, aur ve isko duplicate karne ke sapne dekhte aaye the",8.5
195,llama-3.1-8b-instant,"Kya cheez ne narrator aur uski wife Mary ko poora duniya ka safar karne ke liye prerit kiya? Yaani, unhone Captain James Cook ke 200 saal phele ke duniya bhar ka safar ko duplicate karne ke liye England se sail kiya tha",chain_of_thought,ERROR,0.0,0,"Narrator aur uski wife Mary ko Captain James Cook ke 200 saal purane duniya bhar ke safar ne inspire kiya tha, aur ve isko duplicate karne ke sapne dekhte aaye the",8.5
195,llama-3.1-8b-instant,"Kya cheez ne narrator aur uski wife Mary ko poora duniya ka safar karne ke liye prerit kiya? Yaani, unhone Captain James Cook ke 200 saal phele ke duniya bhar ka safar ko duplicate karne ke liye England se sail kiya tha",structured_context,ERROR,0.0,0,"Narrator aur uski wife Mary ko Captain James Cook ke 200 saal purane duniya bhar ke safar ne inspire kiya tha, aur ve isko duplicate karne ke sapne dekhte aaye the",8.5
195,llama-3.1-8b-instant,"Kya cheez ne narrator aur uski wife Mary ko poora duniya ka safar karne ke liye prerit kiya? Yaani, unhone Captain James Cook ke 200 saal phele ke duniya bhar ka safar ko duplicate karne ke liye England se sail kiya tha",hierarchical_context,ERROR,0.0,0,"Narrator aur uski wife Mary ko Captain James Cook ke 200 saal purane duniya bhar ke safar ne inspire kiya tha, aur ve isko duplicate karne ke sapne dekhte aaye the",8.5
195,llama-3.1-8b-instant,"Kya cheez ne narrator aur uski wife Mary ko poora duniya ka safar karne ke liye prerit kiya? Yaani, unhone Captain James Cook ke 200 saal phele ke duniya bhar ka safar ko duplicate karne ke liye England se sail kiya tha",rag_style,ERROR,0.0,0,"Narrator aur uski wife Mary ko Captain James Cook ke 200 saal purane duniya bhar ke safar ne inspire kiya tha, aur ve isko duplicate karne ke sapne dekhte aaye the",8.5
195,llama-3.1-8b-instant,"Kya cheez ne narrator aur uski wife Mary ko poora duniya ka safar karne ke liye prerit kiya? Yaani, unhone Captain James Cook ke 200 saal phele ke duniya bhar ka safar ko duplicate karne ke liye England se sail kiya tha",tree_of_thought,ERROR,0.0,0,"Narrator aur uski wife Mary ko Captain James Cook ke 200 saal purane duniya bhar ke safar ne inspire kiya tha, aur ve isko duplicate karne ke sapne dekhte aaye the",8.5
195,llama-3.1-8b-instant,"Kya cheez ne narrator aur uski wife Mary ko poora duniya ka safar karne ke liye prerit kiya? Yaani, unhone Captain James Cook ke 200 saal phele ke duniya bhar ka safar ko duplicate karne ke liye England se sail kiya tha",agentic_context,ERROR,0.0,0,"Narrator aur uski wife Mary ko Captain James Cook ke 200 saal purane duniya bhar ke safar ne inspire kiya tha, aur ve isko duplicate karne ke sapne dekhte aaye the",8.5
196,llama-3.1-8b-instant,How did Satyajit feel about Uncle Srinath's repeated requests for help with his daughters' weddings?,zero_shot,ERROR,0.0,0,"He mused about it with a dim smile, acknowledging the 'daughter crisis' as a matter of pride and self-satisfaction in his flush of prosperity.",8.5
196,llama-3.1-8b-instant,How did Satyajit feel about Uncle Srinath's repeated requests for help with his daughters' weddings?,few_shot,ERROR,0.0,0,"He mused about it with a dim smile, acknowledging the 'daughter crisis' as a matter of pride and self-satisfaction in his flush of prosperity.",1.0
196,llama-3.1-8b-instant,How did Satyajit feel about Uncle Srinath's repeated requests for help with his daughters' weddings?,chain_of_thought,ERROR,0.0,0,"He mused about it with a dim smile, acknowledging the 'daughter crisis' as a matter of pride and self-satisfaction in his flush of prosperity.",0.0
196,llama-3.1-8b-instant,How did Satyajit feel about Uncle Srinath's repeated requests for help with his daughters' weddings?,structured_context,ERROR,0.0,0,"He mused about it with a dim smile, acknowledging the 'daughter crisis' as a matter of pride and self-satisfaction in his flush of prosperity.",0.0
196,llama-3.1-8b-instant,How did Satyajit feel about Uncle Srinath's repeated requests for help with his daughters' weddings?,hierarchical_context,ERROR,0.0,0,"He mused about it with a dim smile, acknowledging the 'daughter crisis' as a matter of pride and self-satisfaction in his flush of prosperity.",0.0
196,llama-3.1-8b-instant,How did Satyajit feel about Uncle Srinath's repeated requests for help with his daughters' weddings?,rag_style,ERROR,0.0,0,"He mused about it with a dim smile, acknowledging the 'daughter crisis' as a matter of pride and self-satisfaction in his flush of prosperity.",0.0
196,llama-3.1-8b-instant,How did Satyajit feel about Uncle Srinath's repeated requests for help with his daughters' weddings?,tree_of_thought,ERROR,0.0,0,"He mused about it with a dim smile, acknowledging the 'daughter crisis' as a matter of pride and self-satisfaction in his flush of prosperity.",0.0
196,llama-3.1-8b-instant,How did Satyajit feel about Uncle Srinath's repeated requests for help with his daughters' weddings?,agentic_context,ERROR,0.0,0,"He mused about it with a dim smile, acknowledging the 'daughter crisis' as a matter of pride and self-satisfaction in his flush of prosperity.",8.5
197,llama-3.1-8b-instant,Full-Block style of letter writing ko describe karo. Aajkal letter ke sabhi parts left side pe align hote hain. Is style ko Full-Block style kehte hain.,zero_shot,ERROR,0.0,0,"Full-Block style of letter writing ek modern format hai jahaan letter ke sabhi parts, jaise ki sender ka address, date, addressee ka address, salutation, content aur complimentary close, sabhi left margin pe align hote hain.",8.5
197,llama-3.1-8b-instant,Full-Block style of letter writing ko describe karo. Aajkal letter ke sabhi parts left side pe align hote hain. Is style ko Full-Block style kehte hain.,few_shot,ERROR,0.0,0,"Full-Block style of letter writing ek modern format hai jahaan letter ke sabhi parts, jaise ki sender ka address, date, addressee ka address, salutation, content aur complimentary close, sabhi left margin pe align hote hain.",8.5
197,llama-3.1-8b-instant,Full-Block style of letter writing ko describe karo. Aajkal letter ke sabhi parts left side pe align hote hain. Is style ko Full-Block style kehte hain.,chain_of_thought,ERROR,0.0,0,"Full-Block style of letter writing ek modern format hai jahaan letter ke sabhi parts, jaise ki sender ka address, date, addressee ka address, salutation, content aur complimentary close, sabhi left margin pe align hote hain.",8.5
197,llama-3.1-8b-instant,Full-Block style of letter writing ko describe karo. Aajkal letter ke sabhi parts left side pe align hote hain. Is style ko Full-Block style kehte hain.,structured_context,ERROR,0.0,0,"Full-Block style of letter writing ek modern format hai jahaan letter ke sabhi parts, jaise ki sender ka address, date, addressee ka address, salutation, content aur complimentary close, sabhi left margin pe align hote hain.",8.5
197,llama-3.1-8b-instant,Full-Block style of letter writing ko describe karo. Aajkal letter ke sabhi parts left side pe align hote hain. Is style ko Full-Block style kehte hain.,hierarchical_context,ERROR,0.0,0,"Full-Block style of letter writing ek modern format hai jahaan letter ke sabhi parts, jaise ki sender ka address, date, addressee ka address, salutation, content aur complimentary close, sabhi left margin pe align hote hain.",8.5
197,llama-3.1-8b-instant,Full-Block style of letter writing ko describe karo. Aajkal letter ke sabhi parts left side pe align hote hain. Is style ko Full-Block style kehte hain.,rag_style,ERROR,0.0,0,"Full-Block style of letter writing ek modern format hai jahaan letter ke sabhi parts, jaise ki sender ka address, date, addressee ka address, salutation, content aur complimentary close, sabhi left margin pe align hote hain.",8.5
197,llama-3.1-8b-instant,Full-Block style of letter writing ko describe karo. Aajkal letter ke sabhi parts left side pe align hote hain. Is style ko Full-Block style kehte hain.,tree_of_thought,ERROR,0.0,0,"Full-Block style of letter writing ek modern format hai jahaan letter ke sabhi parts, jaise ki sender ka address, date, addressee ka address, salutation, content aur complimentary close, sabhi left margin pe align hote hain.",8.5
197,llama-3.1-8b-instant,Full-Block style of letter writing ko describe karo. Aajkal letter ke sabhi parts left side pe align hote hain. Is style ko Full-Block style kehte hain.,agentic_context,ERROR,0.0,0,"Full-Block style of letter writing ek modern format hai jahaan letter ke sabhi parts, jaise ki sender ka address, date, addressee ka address, salutation, content aur complimentary close, sabhi left margin pe align hote hain.",0.0
198,llama-3.1-8b-instant,"Kaun sa Brazilian city ko low-cost technologies wale innovative urban plans ke liye example ke roop mein highlight kiya jaata hai? Curitiba in Brazil ka example, jo ki low-cost technologies wale innovative urban plans ke liye global attention gain kar chuka hai, yeh dikhaata hai ki inclusive development models urban renewal ke liye workable hai.",zero_shot,ERROR,0.0,0,Curitiba in Brazil ko uske innovative urban plans ke liye highlight kiya jaata hai jo low-cost technologies ka use karte hain.,8.5
198,llama-3.1-8b-instant,"Kaun sa Brazilian city ko low-cost technologies wale innovative urban plans ke liye example ke roop mein highlight kiya jaata hai? Curitiba in Brazil ka example, jo ki low-cost technologies wale innovative urban plans ke liye global attention gain kar chuka hai, yeh dikhaata hai ki inclusive development models urban renewal ke liye workable hai.",few_shot,ERROR,0.0,0,Curitiba in Brazil ko uske innovative urban plans ke liye highlight kiya jaata hai jo low-cost technologies ka use karte hain.,8.5
198,llama-3.1-8b-instant,"Kaun sa Brazilian city ko low-cost technologies wale innovative urban plans ke liye example ke roop mein highlight kiya jaata hai? Curitiba in Brazil ka example, jo ki low-cost technologies wale innovative urban plans ke liye global attention gain kar chuka hai, yeh dikhaata hai ki inclusive development models urban renewal ke liye workable hai.",chain_of_thought,ERROR,0.0,0,Curitiba in Brazil ko uske innovative urban plans ke liye highlight kiya jaata hai jo low-cost technologies ka use karte hain.,8.5
198,llama-3.1-8b-instant,"Kaun sa Brazilian city ko low-cost technologies wale innovative urban plans ke liye example ke roop mein highlight kiya jaata hai? Curitiba in Brazil ka example, jo ki low-cost technologies wale innovative urban plans ke liye global attention gain kar chuka hai, yeh dikhaata hai ki inclusive development models urban renewal ke liye workable hai.",structured_context,ERROR,0.0,0,Curitiba in Brazil ko uske innovative urban plans ke liye highlight kiya jaata hai jo low-cost technologies ka use karte hain.,8.5
198,llama-3.1-8b-instant,"Kaun sa Brazilian city ko low-cost technologies wale innovative urban plans ke liye example ke roop mein highlight kiya jaata hai? Curitiba in Brazil ka example, jo ki low-cost technologies wale innovative urban plans ke liye global attention gain kar chuka hai, yeh dikhaata hai ki inclusive development models urban renewal ke liye workable hai.",hierarchical_context,ERROR,0.0,0,Curitiba in Brazil ko uske innovative urban plans ke liye highlight kiya jaata hai jo low-cost technologies ka use karte hain.,8.5
198,llama-3.1-8b-instant,"Kaun sa Brazilian city ko low-cost technologies wale innovative urban plans ke liye example ke roop mein highlight kiya jaata hai? Curitiba in Brazil ka example, jo ki low-cost technologies wale innovative urban plans ke liye global attention gain kar chuka hai, yeh dikhaata hai ki inclusive development models urban renewal ke liye workable hai.",rag_style,ERROR,0.0,0,Curitiba in Brazil ko uske innovative urban plans ke liye highlight kiya jaata hai jo low-cost technologies ka use karte hain.,8.5
198,llama-3.1-8b-instant,"Kaun sa Brazilian city ko low-cost technologies wale innovative urban plans ke liye example ke roop mein highlight kiya jaata hai? Curitiba in Brazil ka example, jo ki low-cost technologies wale innovative urban plans ke liye global attention gain kar chuka hai, yeh dikhaata hai ki inclusive development models urban renewal ke liye workable hai.",tree_of_thought,ERROR,0.0,0,Curitiba in Brazil ko uske innovative urban plans ke liye highlight kiya jaata hai jo low-cost technologies ka use karte hain.,8.5
198,llama-3.1-8b-instant,"Kaun sa Brazilian city ko low-cost technologies wale innovative urban plans ke liye example ke roop mein highlight kiya jaata hai? Curitiba in Brazil ka example, jo ki low-cost technologies wale innovative urban plans ke liye global attention gain kar chuka hai, yeh dikhaata hai ki inclusive development models urban renewal ke liye workable hai.",agentic_context,ERROR,0.0,0,Curitiba in Brazil ko uske innovative urban plans ke liye highlight kiya jaata hai jo low-cost technologies ka use karte hain.,8.5
199,llama-3.1-8b-instant,"Yeh concept samjhaaye ki 'vikas sabse accha garbhnirodhak hai' jo ki is text mein mention kiya gaya hai, jisme kaha gaya hai ki jab aay badhti hai, shiksha failti hai aur swasthya behtar hota hai to garbhdharan ki dar ghat jati hai, isliye vikas sabse accha garbhnirodhak hai.",zero_shot,ERROR,0.0,0,"Yeh phrase 'vikas sabse accha garbhnirodhak hai' ka matlab hai ki jab samaj mein aay, shiksha aur swasthya mein sudhar hota hai to garbhdharan ki dar apne aap kam ho jati hai, isse pata chalta hai ki samajik-aarthik vikas jan sankhya niyantran mein mahatvapoorn yogdan de sakta hai.",8.5
199,llama-3.1-8b-instant,"Yeh concept samjhaaye ki 'vikas sabse accha garbhnirodhak hai' jo ki is text mein mention kiya gaya hai, jisme kaha gaya hai ki jab aay badhti hai, shiksha failti hai aur swasthya behtar hota hai to garbhdharan ki dar ghat jati hai, isliye vikas sabse accha garbhnirodhak hai.",few_shot,ERROR,0.0,0,"Yeh phrase 'vikas sabse accha garbhnirodhak hai' ka matlab hai ki jab samaj mein aay, shiksha aur swasthya mein sudhar hota hai to garbhdharan ki dar apne aap kam ho jati hai, isse pata chalta hai ki samajik-aarthik vikas jan sankhya niyantran mein mahatvapoorn yogdan de sakta hai.",8.5
199,llama-3.1-8b-instant,"Yeh concept samjhaaye ki 'vikas sabse accha garbhnirodhak hai' jo ki is text mein mention kiya gaya hai, jisme kaha gaya hai ki jab aay badhti hai, shiksha failti hai aur swasthya behtar hota hai to garbhdharan ki dar ghat jati hai, isliye vikas sabse accha garbhnirodhak hai.",chain_of_thought,ERROR,0.0,0,"Yeh phrase 'vikas sabse accha garbhnirodhak hai' ka matlab hai ki jab samaj mein aay, shiksha aur swasthya mein sudhar hota hai to garbhdharan ki dar apne aap kam ho jati hai, isse pata chalta hai ki samajik-aarthik vikas jan sankhya niyantran mein mahatvapoorn yogdan de sakta hai.",8.5
199,llama-3.1-8b-instant,"Yeh concept samjhaaye ki 'vikas sabse accha garbhnirodhak hai' jo ki is text mein mention kiya gaya hai, jisme kaha gaya hai ki jab aay badhti hai, shiksha failti hai aur swasthya behtar hota hai to garbhdharan ki dar ghat jati hai, isliye vikas sabse accha garbhnirodhak hai.",structured_context,ERROR,0.0,0,"Yeh phrase 'vikas sabse accha garbhnirodhak hai' ka matlab hai ki jab samaj mein aay, shiksha aur swasthya mein sudhar hota hai to garbhdharan ki dar apne aap kam ho jati hai, isse pata chalta hai ki samajik-aarthik vikas jan sankhya niyantran mein mahatvapoorn yogdan de sakta hai.",8.5
199,llama-3.1-8b-instant,"Yeh concept samjhaaye ki 'vikas sabse accha garbhnirodhak hai' jo ki is text mein mention kiya gaya hai, jisme kaha gaya hai ki jab aay badhti hai, shiksha failti hai aur swasthya behtar hota hai to garbhdharan ki dar ghat jati hai, isliye vikas sabse accha garbhnirodhak hai.",hierarchical_context,ERROR,0.0,0,"Yeh phrase 'vikas sabse accha garbhnirodhak hai' ka matlab hai ki jab samaj mein aay, shiksha aur swasthya mein sudhar hota hai to garbhdharan ki dar apne aap kam ho jati hai, isse pata chalta hai ki samajik-aarthik vikas jan sankhya niyantran mein mahatvapoorn yogdan de sakta hai.",8.5
199,llama-3.1-8b-instant,"Yeh concept samjhaaye ki 'vikas sabse accha garbhnirodhak hai' jo ki is text mein mention kiya gaya hai, jisme kaha gaya hai ki jab aay badhti hai, shiksha failti hai aur swasthya behtar hota hai to garbhdharan ki dar ghat jati hai, isliye vikas sabse accha garbhnirodhak hai.",rag_style,ERROR,0.0,0,"Yeh phrase 'vikas sabse accha garbhnirodhak hai' ka matlab hai ki jab samaj mein aay, shiksha aur swasthya mein sudhar hota hai to garbhdharan ki dar apne aap kam ho jati hai, isse pata chalta hai ki samajik-aarthik vikas jan sankhya niyantran mein mahatvapoorn yogdan de sakta hai.",8.5
199,llama-3.1-8b-instant,"Yeh concept samjhaaye ki 'vikas sabse accha garbhnirodhak hai' jo ki is text mein mention kiya gaya hai, jisme kaha gaya hai ki jab aay badhti hai, shiksha failti hai aur swasthya behtar hota hai to garbhdharan ki dar ghat jati hai, isliye vikas sabse accha garbhnirodhak hai.",tree_of_thought,ERROR,0.0,0,"Yeh phrase 'vikas sabse accha garbhnirodhak hai' ka matlab hai ki jab samaj mein aay, shiksha aur swasthya mein sudhar hota hai to garbhdharan ki dar apne aap kam ho jati hai, isse pata chalta hai ki samajik-aarthik vikas jan sankhya niyantran mein mahatvapoorn yogdan de sakta hai.",8.5
199,llama-3.1-8b-instant,"Yeh concept samjhaaye ki 'vikas sabse accha garbhnirodhak hai' jo ki is text mein mention kiya gaya hai, jisme kaha gaya hai ki jab aay badhti hai, shiksha failti hai aur swasthya behtar hota hai to garbhdharan ki dar ghat jati hai, isliye vikas sabse accha garbhnirodhak hai.",agentic_context,ERROR,0.0,0,"Yeh phrase 'vikas sabse accha garbhnirodhak hai' ka matlab hai ki jab samaj mein aay, shiksha aur swasthya mein sudhar hota hai to garbhdharan ki dar apne aap kam ho jati hai, isse pata chalta hai ki samajik-aarthik vikas jan sankhya niyantran mein mahatvapoorn yogdan de sakta hai.",8.5
