sample_id,question,technique,generated_answer,latency_sec,tokens,ground_truth,quality_score
0,"Sir, Bharat ke panchayati raj vyavastha ka uddeshya kya hai?",zero_shot,ERROR,0.0,0,"Bharat ke panchayati raj vyavastha ka uddeshya gram sarkar ko majboot banana aur gaon ke vikas ke liye jimmedari dena hai, jisse gram vikas aur swaraj ka sapna poora ho sake.",8.5
0,"Sir, Bharat ke panchayati raj vyavastha ka uddeshya kya hai?",few_shot,ERROR,0.0,0,"Bharat ke panchayati raj vyavastha ka uddeshya gram sarkar ko majboot banana aur gaon ke vikas ke liye jimmedari dena hai, jisse gram vikas aur swaraj ka sapna poora ho sake.",8.5
0,"Sir, Bharat ke panchayati raj vyavastha ka uddeshya kya hai?",chain_of_thought,ERROR,0.0,0,"Bharat ke panchayati raj vyavastha ka uddeshya gram sarkar ko majboot banana aur gaon ke vikas ke liye jimmedari dena hai, jisse gram vikas aur swaraj ka sapna poora ho sake.",8.5
0,"Sir, Bharat ke panchayati raj vyavastha ka uddeshya kya hai?",structured_context,"{""answer"": ""Bharat ke panchayati raj vyavastha ka uddeshya graam sabhayein banane aur gram sabhayein ke madhyam se gram sabhakon ko swatantrata aur samriddhi pradaan karne ka hai."", ""explanation"": ""Panchayati raj vyavastha ka uddeshya gram sabhako ko sarkari karyon aur vikas yojanon ka niyaman karne ka hai, taki ve apne graamein ki samasyaon ka hal kar sakein. Yeh vyavastha graam sabhako ko swatantrata aur samriddhi pradaan karne ke liye ek platform pradan karta hai, jisse ve apne graamein ko bh",33.976,265,"Bharat ke panchayati raj vyavastha ka uddeshya gram sarkar ko majboot banana aur gaon ke vikas ke liye jimmedari dena hai, jisse gram vikas aur swaraj ka sapna poora ho sake.",8.5
0,"Sir, Bharat ke panchayati raj vyavastha ka uddeshya kya hai?",hierarchical_context,"Bachcho, aaj hum panchayati raj vyavastha par baat karenge. Bharat ke panchayati raj vyavastha ka uddeshya kya hai?

Pehle, hum panchayati raj vyavastha ki madad se kya hota hai. Hum jante hain ki Bharat ka kshetra bahut bada hai aur logon ki sankhya bhi bahut zyada hai. Isliye, ek adhikarik vyavastha ki aavashyakta hoti hai jo logon ki suraksha, svasthya, shiksha, aur utpaadakata mein sahayata kare.

Panchayati raj vyavastha ka uddeshya yeh hai ki gram panchayat, jila panchayat, aur rajya panch",1.049,563,"Bharat ke panchayati raj vyavastha ka uddeshya gram sarkar ko majboot banana aur gaon ke vikas ke liye jimmedari dena hai, jisse gram vikas aur swaraj ka sapna poora ho sake.",8.5
0,"Sir, Bharat ke panchayati raj vyavastha ka uddeshya kya hai?",rag_style,"Arre bhai, Bharat ke panchayati raj vyavastha ka uddeshya hai ki gram sabhaon ko swatantrata aur aadhaarniramya ka sthaan diya jaayega. Yeh vyavastha ki paheli hai ki gram janaon ko unki apni samasyaon ka samadhan khud karne ke liye shaktishali banaya jaayega. Gram sabhaon ko gram panchayat ke madhyam se desh ki vyavastha mein shamil kiya jaayega.",0.399,216,"Bharat ke panchayati raj vyavastha ka uddeshya gram sarkar ko majboot banana aur gaon ke vikas ke liye jimmedari dena hai, jisse gram vikas aur swaraj ka sapna poora ho sake.",8.5
0,"Sir, Bharat ke panchayati raj vyavastha ka uddeshya kya hai?",tree_of_thought,"Mein hoon kuchh vichar kar raha hoon:

1. Panchayati raj vyavastha ka uddeshya hamaare desh ke graamya kshetron mein swatantrata aur swaayatata pradaan karna hai. Iski madad se log apne gram panchayat mein swarajya ka anubhav kar sakte hain aur apne samasyaon ka samadhan kar sakte hain.

2. Is vyavastha ke madhyam se logon ko sarkari yojanaon aur samasyaon ke baare mein jaankari pradaan ki ja rahi hai, jisse vah apne gram panchayat mein sakriya bhoomika nibhayenge.

3. Panchayati raj vyavastha k",0.754,446,"Bharat ke panchayati raj vyavastha ka uddeshya gram sarkar ko majboot banana aur gaon ke vikas ke liye jimmedari dena hai, jisse gram vikas aur swaraj ka sapna poora ho sake.",8.5
0,"Sir, Bharat ke panchayati raj vyavastha ka uddeshya kya hai?",agentic_context,"Arre bhai, main samajh gaya hai question. 

Step 1: Question samajhna - Panchayati raj vyavastha Bharat mein kya kaam karti hai?

Step 2: Jaankari yaad karna - Panchayati raj vyavastha Bharat ke gramin vikas aur shasan ke liye ek aisi vyavastha hai. Ismein gram panchayat, mandal panchayat, aur zilla panchayat shaamil hain.

Step 3: Utar dena - Bharat ke panchayati raj vyavastha ka mukhya uddeshya gram panchayaton, mandal panchayaton, aur zilla panchayaton ki madad se Gramin vikas aur shasan ko s",0.749,371,"Bharat ke panchayati raj vyavastha ka uddeshya gram sarkar ko majboot banana aur gaon ke vikas ke liye jimmedari dena hai, jisse gram vikas aur swaraj ka sapna poora ho sake.",8.5
1,"Pehli baar insaani itihaas mein kaun si 'transcending concern' saamne aayi hai? Jab pehli baar hum insaani itihaas mein dekhte hain ki ek aisi chintaa saamne aayi hai jo ki sirf logon ki nahin, balki poore grah ki suraksha ki baat kar rahi hai. Humne apni maujoodgi ke buniyadi pehluon par ek holistic nazarandaaz shuru kiya hai. Environmental samasya humari mrityu ka sanket nahin hai, yeh humari bhavishya ki passport hai. Naye duniya drishtikon ka uday hua hai",zero_shot,"Aisa ek samay aaya hai jab hum sabhi insaani itihaas mein ek naye sthana par pahunch gaye hain. Pehli baar humne dekha hai ki ek aisi chinta saamne aayi hai jo ki sirf logon ki, balki poore grah ki suraksha ki baat kar rahi hai. 

Yeh ek aisa samay hai jab humne apni maujoodgi ke buniyadi pehluon par ek holistic nazarandaaz shuru kiya hai. Humne socha hai ki hum sirf apne bachchon aur parivaar ke liye hi nahin, balki poore grah ke liye bhi jeevan jite hain. 

Aise mein humne dekha hai ki environ",0.736,526,"Pehli baar insaani itihaas mein saamne aayi 'transcending concern' sirf insaan ki nahin, balki poore grah ki suraksha ki baat kar rahi hai. Yeh ek holistic nazarandaaz ki or badhne ka sanket hai, jismein environmental samasya ko humari mrityu ka sanket nahin, balki bhavishya ki passport maana ja rah",8.5
1,"Pehli baar insaani itihaas mein kaun si 'transcending concern' saamne aayi hai? Jab pehli baar hum insaani itihaas mein dekhte hain ki ek aisi chintaa saamne aayi hai jo ki sirf logon ki nahin, balki poore grah ki suraksha ki baat kar rahi hai. Humne apni maujoodgi ke buniyadi pehluon par ek holistic nazarandaaz shuru kiya hai. Environmental samasya humari mrityu ka sanket nahin hai, yeh humari bhavishya ki passport hai. Naye duniya drishtikon ka uday hua hai",few_shot,ERROR,0.0,0,"Pehli baar insaani itihaas mein saamne aayi 'transcending concern' sirf insaan ki nahin, balki poore grah ki suraksha ki baat kar rahi hai. Yeh ek holistic nazarandaaz ki or badhne ka sanket hai, jismein environmental samasya ko humari mrityu ka sanket nahin, balki bhavishya ki passport maana ja rah",8.5
1,"Pehli baar insaani itihaas mein kaun si 'transcending concern' saamne aayi hai? Jab pehli baar hum insaani itihaas mein dekhte hain ki ek aisi chintaa saamne aayi hai jo ki sirf logon ki nahin, balki poore grah ki suraksha ki baat kar rahi hai. Humne apni maujoodgi ke buniyadi pehluon par ek holistic nazarandaaz shuru kiya hai. Environmental samasya humari mrityu ka sanket nahin hai, yeh humari bhavishya ki passport hai. Naye duniya drishtikon ka uday hua hai",chain_of_thought,ERROR,0.0,0,"Pehli baar insaani itihaas mein saamne aayi 'transcending concern' sirf insaan ki nahin, balki poore grah ki suraksha ki baat kar rahi hai. Yeh ek holistic nazarandaaz ki or badhne ka sanket hai, jismein environmental samasya ko humari mrityu ka sanket nahin, balki bhavishya ki passport maana ja rah",8.5
1,"Pehli baar insaani itihaas mein kaun si 'transcending concern' saamne aayi hai? Jab pehli baar hum insaani itihaas mein dekhte hain ki ek aisi chintaa saamne aayi hai jo ki sirf logon ki nahin, balki poore grah ki suraksha ki baat kar rahi hai. Humne apni maujoodgi ke buniyadi pehluon par ek holistic nazarandaaz shuru kiya hai. Environmental samasya humari mrityu ka sanket nahin hai, yeh humari bhavishya ki passport hai. Naye duniya drishtikon ka uday hua hai",structured_context,ERROR,0.0,0,"Pehli baar insaani itihaas mein saamne aayi 'transcending concern' sirf insaan ki nahin, balki poore grah ki suraksha ki baat kar rahi hai. Yeh ek holistic nazarandaaz ki or badhne ka sanket hai, jismein environmental samasya ko humari mrityu ka sanket nahin, balki bhavishya ki passport maana ja rah",8.5
1,"Pehli baar insaani itihaas mein kaun si 'transcending concern' saamne aayi hai? Jab pehli baar hum insaani itihaas mein dekhte hain ki ek aisi chintaa saamne aayi hai jo ki sirf logon ki nahin, balki poore grah ki suraksha ki baat kar rahi hai. Humne apni maujoodgi ke buniyadi pehluon par ek holistic nazarandaaz shuru kiya hai. Environmental samasya humari mrityu ka sanket nahin hai, yeh humari bhavishya ki passport hai. Naye duniya drishtikon ka uday hua hai",hierarchical_context,ERROR,0.0,0,"Pehli baar insaani itihaas mein saamne aayi 'transcending concern' sirf insaan ki nahin, balki poore grah ki suraksha ki baat kar rahi hai. Yeh ek holistic nazarandaaz ki or badhne ka sanket hai, jismein environmental samasya ko humari mrityu ka sanket nahin, balki bhavishya ki passport maana ja rah",8.5
1,"Pehli baar insaani itihaas mein kaun si 'transcending concern' saamne aayi hai? Jab pehli baar hum insaani itihaas mein dekhte hain ki ek aisi chintaa saamne aayi hai jo ki sirf logon ki nahin, balki poore grah ki suraksha ki baat kar rahi hai. Humne apni maujoodgi ke buniyadi pehluon par ek holistic nazarandaaz shuru kiya hai. Environmental samasya humari mrityu ka sanket nahin hai, yeh humari bhavishya ki passport hai. Naye duniya drishtikon ka uday hua hai",rag_style,ERROR,0.0,0,"Pehli baar insaani itihaas mein saamne aayi 'transcending concern' sirf insaan ki nahin, balki poore grah ki suraksha ki baat kar rahi hai. Yeh ek holistic nazarandaaz ki or badhne ka sanket hai, jismein environmental samasya ko humari mrityu ka sanket nahin, balki bhavishya ki passport maana ja rah",8.5
1,"Pehli baar insaani itihaas mein kaun si 'transcending concern' saamne aayi hai? Jab pehli baar hum insaani itihaas mein dekhte hain ki ek aisi chintaa saamne aayi hai jo ki sirf logon ki nahin, balki poore grah ki suraksha ki baat kar rahi hai. Humne apni maujoodgi ke buniyadi pehluon par ek holistic nazarandaaz shuru kiya hai. Environmental samasya humari mrityu ka sanket nahin hai, yeh humari bhavishya ki passport hai. Naye duniya drishtikon ka uday hua hai",tree_of_thought,ERROR,0.0,0,"Pehli baar insaani itihaas mein saamne aayi 'transcending concern' sirf insaan ki nahin, balki poore grah ki suraksha ki baat kar rahi hai. Yeh ek holistic nazarandaaz ki or badhne ka sanket hai, jismein environmental samasya ko humari mrityu ka sanket nahin, balki bhavishya ki passport maana ja rah",8.5
1,"Pehli baar insaani itihaas mein kaun si 'transcending concern' saamne aayi hai? Jab pehli baar hum insaani itihaas mein dekhte hain ki ek aisi chintaa saamne aayi hai jo ki sirf logon ki nahin, balki poore grah ki suraksha ki baat kar rahi hai. Humne apni maujoodgi ke buniyadi pehluon par ek holistic nazarandaaz shuru kiya hai. Environmental samasya humari mrityu ka sanket nahin hai, yeh humari bhavishya ki passport hai. Naye duniya drishtikon ka uday hua hai",agentic_context,ERROR,0.0,0,"Pehli baar insaani itihaas mein saamne aayi 'transcending concern' sirf insaan ki nahin, balki poore grah ki suraksha ki baat kar rahi hai. Yeh ek holistic nazarandaaz ki or badhne ka sanket hai, jismein environmental samasya ko humari mrityu ka sanket nahin, balki bhavishya ki passport maana ja rah",8.5
2,"Sir, kya aap bata sakte hain ki Mughal empire ka itihaas kya hai?",zero_shot,"Mughal empire ka itihaas bahut hi prasiddh hai. Lekin samajhne ke liye thoda si tarah se samay badal doonga. Mughal sarkar 1526 se 1756 tak chali. Ismein ek bahut hi bada samrajya tha, jiska prarambh Babur ne kiya tha. Uske baad, Humayun, Akbar, Jehangir, Shah Jahan, aur Aurangzeb jaise ek bahut hi prasiddh shahenshahon ne yeh samrajya chalaaya.

Akbar ne Bahut hi sabhyata aur shiksha ke liye yeh samrajya khada kiya. Usne islam, hindu, aur anya dharmon ke sadbhav ko badhaya aur shiksha ka mulya ",0.763,371,"Mughal empire ka itihaas 1526 se 1857 tak ka hai. Iska sansthaapak Babur tha, jo ek turk shaasak tha. Unke baad, Humayun, Akbar, Jahangir, Shahjahan, aur Aurangzeb jaise maharath shaasak huye.",8.5
2,"Sir, kya aap bata sakte hain ki Mughal empire ka itihaas kya hai?",few_shot,"Bhaiya, Mughal empire ka itihaas bahut hi majedaar hai. Yeh ek bohot bada aur shaktishali sultanat tha jo Bharat mein 1526 se 1756 tak reha tha. 

Iska sthaapana Babur ne kiya tha, jo aapne Afganistan aur Central Asia se Bharat aaya tha. Unhone Humayun ko harane ke baad Mughal empire ka sthaapna kardi thi. 

Humayun ki patni Hamida Banu Begum ne unhe apna support diya aur Humayun ne Mughal empire ko viksit kiya. Unka beta Akbar ne empire ko aur bhi viksit kiya aur isse ""Akbar the Great"" ke naam ",5.354,577,"Mughal empire ka itihaas 1526 se 1857 tak ka hai. Iska sansthaapak Babur tha, jo ek turk shaasak tha. Unke baad, Humayun, Akbar, Jahangir, Shahjahan, aur Aurangzeb jaise maharath shaasak huye.",8.5
2,"Sir, kya aap bata sakte hain ki Mughal empire ka itihaas kya hai?",chain_of_thought,"Arre, ye toh bahut hi lamba aur rochak vishay hai. Main aapko iske bare mein kuch chhote-chhote steps mein batata hoon.

**Step 1: Mughal Samrajya ki Shuruat**
Mughal samrajya ka itihaas 1526 mein shuru hua tha jab Babar, jo ek timuri raja tha, ne Delhi par hamla karke yahaan ka pahalwan Bahlul Lodi ko haraya tha. Inhone Mughal sultanate ki sthapna ki.

**Step 2: Akbar ki Sarkar**
Akbar, jo Babar ka beta tha, ne Mughal samrajya ko apne samay ke sabse bade aur samriddh samrajya mein badal diya. U",5.706,732,"Mughal empire ka itihaas 1526 se 1857 tak ka hai. Iska sansthaapak Babur tha, jo ek turk shaasak tha. Unke baad, Humayun, Akbar, Jahangir, Shahjahan, aur Aurangzeb jaise maharath shaasak huye.",8.5
2,"Sir, kya aap bata sakte hain ki Mughal empire ka itihaas kya hai?",structured_context,"{""answer"": ""Mughal empire ka itihaas bahut hi rochak hai, jismein ek baarood ki tarah badhne waalon ke liye ek khubsurat aur shaktishali shahenshahahon ki kahaani hai. Yeh empire 1526 mein Babur ke dwara shuru hua tha, jo Hindustan mein aaya tha aur Delhi ki sarkar ko haraya tha. Babur ke baad, yeh empire apne putra Humayun ke dwara chalaya gaya, lekin unhone Bharat par kamadhenu kiya aur Pakistan ke kutchh mein ghumne gaye. 

Humayun ke baad, unke putra Akbar ne shahenshah bana aur Mughal empir",6.794,651,"Mughal empire ka itihaas 1526 se 1857 tak ka hai. Iska sansthaapak Babur tha, jo ek turk shaasak tha. Unke baad, Humayun, Akbar, Jahangir, Shahjahan, aur Aurangzeb jaise maharath shaasak huye.",5.0
2,"Sir, kya aap bata sakte hain ki Mughal empire ka itihaas kya hai?",hierarchical_context,"Arre beta, Mughal empire ka itihaas bahut hi mahatvapoorn aur rochak hai. Mughal empire Bharat ke itihaas mein ek bahut hi bada aur samriddh sultanat tha, jo 1526 se 1756 tak chala.

Mughal empire ka shuruaat Babur ne kiya tha, jo ek Taimuri shahi tha. Babur ne 1526 mein Panipat ki ladai mein Delhi sultanat ko haraya aur Mughal empire ki sthapana ki. Lekin unka shasan ek anokha tha, vah ek shikhsa prabhutv wala aur shuddh dharma prabhutv wala raja tha.

Babur ke baad, unka beta Humayun shahensha",6.274,787,"Mughal empire ka itihaas 1526 se 1857 tak ka hai. Iska sansthaapak Babur tha, jo ek turk shaasak tha. Unke baad, Humayun, Akbar, Jahangir, Shahjahan, aur Aurangzeb jaise maharath shaasak huye.",8.5
2,"Sir, kya aap bata sakte hain ki Mughal empire ka itihaas kya hai?",rag_style,"Arre bhai, Mughal empire ka itihaas bahut lamba aur majboot hai. Unka vikas 1526 se 1756 tak tha. Mughal empire ka sabse pehla padron waali shakha Babur se shuru hui, jinhone Afghanistan ki takkar mein Humayun ko haraya tha. Lekin baad mein Humayun ne apne bhai Samrat Vikramaditya aur Sher Shah Suri ke khilaaf ladaai ladi aur jeet haasil ki.

Aur phir, Humayun ne apne putra Akbar ko sarkar ki baadshahat sambhali. Akbar ne Mughal sarkar ko bahut majboot banaya aur unhone apne vishal sarkar mein s",8.832,742,"Mughal empire ka itihaas 1526 se 1857 tak ka hai. Iska sansthaapak Babur tha, jo ek turk shaasak tha. Unke baad, Humayun, Akbar, Jahangir, Shahjahan, aur Aurangzeb jaise maharath shaasak huye.",8.5
2,"Sir, kya aap bata sakte hain ki Mughal empire ka itihaas kya hai?",tree_of_thought,"Mujhe 3 tarah se sochne ka mauka milega:

1. **Mughal Empire ka sankshipt itihaas**: Mughal sarkar 1526 mein Babar ke dwara sthapit hui thi aur 1857 tak prasiddh thi. Ismein Akbar, Jahangir, Shahjahan, aur Aurangzeb jaise pramukh sultan shamil hain. Yeh sarkar Bharat mein ek prasiddh sultanat rahi aur iska itihaas Bharatiya itihaas ke ek mahatvapoorn hisse ka hissa hai.

2. **Mughal Empire ka samajik aur arthik itihaas**: Mughal sarkar ne Bharat mein ek prasiddh samajik aur arthik nirmaan kiya. ",6.112,603,"Mughal empire ka itihaas 1526 se 1857 tak ka hai. Iska sansthaapak Babur tha, jo ek turk shaasak tha. Unke baad, Humayun, Akbar, Jahangir, Shahjahan, aur Aurangzeb jaise maharath shaasak huye.",8.5
2,"Sir, kya aap bata sakte hain ki Mughal empire ka itihaas kya hai?",agentic_context,"Arre, Mughal Samrajya ka itihaas bahut hi sundar aur bada hai. Iska shuruaat 1526 mein hua tha jab Babur ne Pani Pat aur Muhammad Lodi ke khilaaf ladai mein jeet ki thi aur Mughal Samrajya ki sthapana ki.

Uske baad, Humayun ne apne purushartha se Babur ki aagahi ko poora kiya aur Mughal Samrajya ko aage badha. Lekin unki maut ke baad, Akbar ne Mughal Samrajya ko ek naya yogdan diya. Vah ek adhikarshil aur shikshit shasan karne wala raja tha jo Apne desh ko ek samriddh aur sthaanstaalit samaj me",7.277,544,"Mughal empire ka itihaas 1526 se 1857 tak ka hai. Iska sansthaapak Babur tha, jo ek turk shaasak tha. Unke baad, Humayun, Akbar, Jahangir, Shahjahan, aur Aurangzeb jaise maharath shaasak huye.",8.5
3,"Ma'am, mitosis kya hota hai, isme kitne phases hote hain?",zero_shot,"Arre beta, mitosis ek prakaar ka cell division hai. Ismein do types hote hain, interphase aur mitotic phase. 

Interphase mein, cell ko relax karna hota hai aur DNA ko replicate karna hota hai. Yeh phase mein 3 sub-phases hote hain: G1, S aur G2.

Mitotic phase mein, cell ko divide karna hota hai aur do bache hote hain. Yeh phase mein 5 sub-phases hote hain: prophase, metaphase, anaphase, telophase aur cytokinesis.

To, mitosis mein 8 phases hoti hain: G1, S, G2, prophase, metaphase, anaphase, t",2.485,236,"Mitosis ek tarah ka cell division process hai, isme 4 phases hote hain - prophase, metaphase, anaphase, aur telophase.",8.5
3,"Ma'am, mitosis kya hota hai, isme kitne phases hote hain?",few_shot,"Beta, mitosis hai cell division ka ek prakriya. Ye prakriya do sabhi cell ke liye zaroori hai, jabki cell apne size aur shape ko badhane ke liye. Ismein kuchh phases hote hain:

1. Prophase: Is phase mein chromatin (DNA) condense ho jaata hai aur mitotic spindle ban jaata hai.
2. Metaphase: Is phase mein sister chromatids ke beech se fibre ban jaati hain aur unhein metaphase plate par rakha jaata hai.
3. Anaphase: Is phase mein sister chromatids alag-alag hokar cell ke andar ki direction mein ba",2.759,303,"Mitosis ek tarah ka cell division process hai, isme 4 phases hote hain - prophase, metaphase, anaphase, aur telophase.",8.5
3,"Ma'am, mitosis kya hota hai, isme kitne phases hote hain?",chain_of_thought,"Arre, mitosis ke bare mein jaante hain? 

Step 1: Mitosis ek prakriya hai jo vivah kaamnayein banane ya vivah kram mein vivah kaamnayein ki purnata karna hota hai.

Step 2: Is prakriya mein, vivah kaamnayein ki purnata hoti hai aur uske baad woh do vivah kaamnayein bante hain.

Step 3: Mitosis ke phases ko hum 5 phases mein alag-alag kar sakte hain. 

Step 4: Phase 1: Prophase - Is phase mein vivah kaamnayein ki purnata hoti hai aur mitotic spindle banata hai.

Step 5: Phase 2: Metaphase - Is ph",3.788,454,"Mitosis ek tarah ka cell division process hai, isme 4 phases hote hain - prophase, metaphase, anaphase, aur telophase.",8.5
3,"Ma'am, mitosis kya hota hai, isme kitne phases hote hain?",structured_context,"{""answer"": ""Mitosis ek prakaar ke srot hai jahan se kaiya ki cell ki vibhajan hoti hai, ismein 5 phases hote hain: Interphase, Prophase, Metaphase, Anaphase aur Telophase. "", ""explanation"": ""Mitosis ki prakriya mein, cell ki DNA ka ek paatla copy banata hai aur iski vibhajan hoti hai, jabki cell ke andar ke anya karkon ko bhi vibhajan hota hai. Is prakriya ka lakshya cell ki vibhajan hota hai, jisse naya kaiya ki cell ban jati hai. Mitosis ki 5 phases ke beech, cell ki DNA ki vibhajan hoti hai a",3.584,265,"Mitosis ek tarah ka cell division process hai, isme 4 phases hote hain - prophase, metaphase, anaphase, aur telophase.",8.5
3,"Ma'am, mitosis kya hota hai, isme kitne phases hote hain?",hierarchical_context,ERROR,0.0,0,"Mitosis ek tarah ka cell division process hai, isme 4 phases hote hain - prophase, metaphase, anaphase, aur telophase.",0.0
3,"Ma'am, mitosis kya hota hai, isme kitne phases hote hain?",rag_style,"Mitosis kya hai, yaar? Mitosis ek prakriya hai jismein ek jeev kelli (cell) ka dhaava (division) hota hai do alag-alag jeevi kelli mein. 

Isme kitne phases hote hain? Mitosis mein 4 phases hote hain: 

1. Prophase: Yahaan se shuruat hoti hai, jismein kelli ki DNA aakarshit hoti hai aur mitotic spindle ki sthiti taiyaar hoti hai. 
2. Metaphase: Yahaan DNA ke chromosomes kelli ke center par jate hain aur mitotic spindle ke saath jude hote hain.
3. Anaphase: Yahaan DNA ke chromosomes do alag-alag ",9.825,375,"Mitosis ek tarah ka cell division process hai, isme 4 phases hote hain - prophase, metaphase, anaphase, aur telophase.",8.5
3,"Ma'am, mitosis kya hota hai, isme kitne phases hote hain?",tree_of_thought,"Mitosis ke baare mein sochne ke baad, main yeh 3 tarah se soch sakta hoon:

1. **Mitosis ko cell division ke roop mein dekha jaa sakta hai**: Yeh ek prakriya hai jismein cell ki DNA ka apnaatam karte hue do naye alag-alag cell utpann hote hain.

2. **Mitosis ke phases ke baare mein sochta hoon**: Mitosis mein kuchh mahatvapurn phases hote hain, jaise ki Interphase, Prophase, Metaphase, Anaphase aur Telophase. In phases ke madhyam se cell ki DNA ka apnaatam hota hai.

3. **Mitosis ko biology ke a",3.845,425,"Mitosis ek tarah ka cell division process hai, isme 4 phases hote hain - prophase, metaphase, anaphase, aur telophase.",8.5
3,"Ma'am, mitosis kya hota hai, isme kitne phases hote hain?",agentic_context,"Arre, mitosis ek process hai jismein ek cell apni bari se doh alag-alag cell banati hai. Yeh process bachchon ke development mein bahut zaroori hai.

Step 1: Understand question - Mitosis kya hota hai aur isme kitne phases hote hain?

Step 2: Recall knowledge - Mitosis mein chaar phases hote hain: 

1. **Interphase**: Yeh phase hai jab cell apne DNA ko prepare karta hai mitosis ke liye. Is phase mein cell apne DNA ko replicate karta hai aur apne mitotic apparatus ko prepare karta hai.

2. **Prop",3.913,486,"Mitosis ek tarah ka cell division process hai, isme 4 phases hote hain - prophase, metaphase, anaphase, aur telophase.",8.5
4,Jab bachcha paida hota hai toh uski kya condition hoti hai?,zero_shot,"Jab bachcha paida hota hai toh uski condition bahut dilchasp aur labhdaar hoti hai. Is samay uski aatma aur sharir doosre se alag hota hai. 

Jaise, aatma uske shareer mein aati hai aur uska pran, jiv, ya aatma uske shareer mein aata hai. 

Aur sharir uske ma-baap se milne ke baad, uske shareer mein aata hai.",3.437,177,Bachcha lifeless paida hota hai,2.0
4,Jab bachcha paida hota hai toh uski kya condition hoti hai?,few_shot,"Bhaiya, jab bachcha paida hota hai toh uski condition aaram se hoti hai. Doctor uske liye kuch check-up karte hain aur phir usko apne maa-papa ke saath milaya jata hai. Unka naam bhi lagaya jata hai aur phir uska jeevan shuru hota hai.",1.306,172,Bachcha lifeless paida hota hai,2.0
4,Jab bachcha paida hota hai toh uski kya condition hoti hai?,chain_of_thought,"Arre bhai, yeh sawal bahut achiyaan hai. Mere paas step-by-step jankari hai.

Sabse pehle, jab bachcha paida hota hai toh uski condition bahut kamjor hoti hai. Iske liye kuchh reasons hain:

1. Bachcha ka sharir bahut kamjor hota hai, isliye uske liye oxygen ki zaroorat bahut jyada hoti hai.
2. Bachcha ka dhaman aur nadiyan bahut kamjor hoti hain, isliye uske liye blood ki zaroorat bahut jyada hoti hai.
3. Bachcha ka mann bahut kamjor hota hai, isliye uske liye energy ki zaroorat bahut jyada hot",1.936,500,Bachcha lifeless paida hota hai,8.5
4,Jab bachcha paida hota hai toh uski kya condition hoti hai?,structured_context,"{""answer"": ""Uski aapni tanaav, shuith, aur shwasna sthiti ka dhyan rakha jaata hai."", ""explanation"": ""Jab bachcha paida hota hai, toh uska sharir tanaav se bhara hota hai aur shuith hota hai. Iske alawa, uski shwasna sthiti bhi badal jaati hai, jisse bachcha pahle se badh jaata hai.""}",4.406,181,Bachcha lifeless paida hota hai,3.0
4,Jab bachcha paida hota hai toh uski kya condition hoti hai?,hierarchical_context,"Beta, jab bachcha paida hota hai toh uski ek kathin aur anokhi sthiti hoti hai. Is samay, uski jeevan shuruaat hoti hai aur ismein bahut saare changes hone lagte hain.

Iske kuch mukhya changes hain:

1. **Anjaanata**: Bachcha paida hone ke baad, uski anjaanata hoti hai. Vah kuch bhi samjh nahi sakta hai aur apne aas-paas ke logon ke alawa kuch nahi jaanta hai.
2. **Nishkarsh**: Bachcha paida hone ke kuch samay baad, uski nishkarsh shuru hoti hai. Inmein, uski aankhen khul jati hain aur vah apne",3.16,633,Bachcha lifeless paida hota hai,8.5
4,Jab bachcha paida hota hai toh uski kya condition hoti hai?,rag_style,"Bachche ki paidaish ke baad ki condition yeh hoti hai: 

1. Vah choti si aatma hoti hai, jismein unka dil, damaan, fuf, pachan trakt, hriday, aur nasa aur hriday ki doosri mukhya shakti hoti hai.

2. Uska vajan lagbhag 2.5 se 3 kilogram hota hai.

3. Bachche ki oonchai lagbhag 45-50 centimeter hoti hai.

4. Uska shareer bhooraa rang ka hota hai aur usmein choti-choti dandiyaan aur haath hoti hain.

5. Bachche ki aankhon mein kala lagbhag 2-3 mahine ke baad dikhne lagti hai.

6. Uska damaan lagbh",5.785,347,Bachcha lifeless paida hota hai,8.5
4,Jab bachcha paida hota hai toh uski kya condition hoti hai?,tree_of_thought,"Mujhe 3-4 vajahon se iske answers mil rahe hain:

1. **Maanav vikaas ke anusaar**: Jaise hi bachcha paida hota hai, uski umar 0 saal hoti hai aur veh is samay kisi bhi condition mein nahi hota hai. Veh ek nayi jeev hai, jismein unke shareer mein aatmvaishishtta nahi hai. 

2. **Maanav shaareerik jeevan ke anusaar**: Jaise hi bachcha paida hota hai, uske shareer mein kai karyakram chalta rahta hai, jaise ki hriday ka dhaaban, shwasan, itihasik aatmvaishishtta ka vikaas, etc. Is prakaar, uski shar",4.073,531,Bachcha lifeless paida hota hai,8.5
4,Jab bachcha paida hota hai toh uski kya condition hoti hai?,agentic_context,"Arre, main samajh gaya. Jab bachcha paida hota hai, toh uski condition bahut kamzor aur niyamit nahin hoti. Uski heartbeat ki speed kam hoti hai, aur uski lungaam ko sahi tarah se karna bhi seekhta hai. Iske alawa, bachche ki temperature bhi kam hoti hai, jiska matalab uska sharir thanda hota hai. 

Step 2: Recall knowledge

Main yaad kar raha hoon ki jab bachche paida hote hain, toh unki heartbeat ki speed lagbhag 100-120 baar prati minute hoti hai. Iske alawa, unki lungaam ki speed bhi kam hot",4.59,379,Bachcha lifeless paida hota hai,8.5
5,"Khan Azam Khan ke claims ko landlord, moneylender aur priest kaise dekhte hain?",zero_shot,ERROR,0.0,0,"Unhein irihaas aur shakki nazron se dekhte hain, kuch usse nakli kehte hain aur kuch kehte hain ki uske purvaj Mughal darbar mein safai karne wale the",8.5
5,"Khan Azam Khan ke claims ko landlord, moneylender aur priest kaise dekhte hain?",few_shot,"Bhaiya, Khan Azam Khan ke claims ko landlord, moneylender aur priest is tarah dekhte hain:

Landlord: Yeh log Khan Azam Khan se kuchh nahi maante, kyonki ve apne maalik ke paas nahi aate. Ve sochte hain ki yeh log apne khud ki baaton mein hi phansi hain. Unhone apne ghar, zameen, aur business ko kharab kar diya hai. Unhe yeh laga hai ki Khan Azam Khan ke claim to poori duniya ko gherne ke liye hai, lekin unhe yeh nahin pata ki ve kaise karein.

Moneylender: Ye log Khan Azam Khan ke claims ko kha",3.98,482,"Unhein irihaas aur shakki nazron se dekhte hain, kuch usse nakli kehte hain aur kuch kehte hain ki uske purvaj Mughal darbar mein safai karne wale the",8.5
5,"Khan Azam Khan ke claims ko landlord, moneylender aur priest kaise dekhte hain?",chain_of_thought,"Arre, yeh sawal bahut mazedaar hai. Chalo, hum isey step-by-step solve karte hain.

**Step 1: Khan Azam Khan ke claims ko samajhna**
Khan Azam Khan ne kya claim ki hain? Unhone kya kaha hai ki landlord, moneylender aur priest unki cheezon ko kaise dekhte hain?

**Step 2: Landlord ke point of view se sochna**
Ek landlord ke liye, apne bheedon ka samarthan aur rent ke aadhar par kaam karna zaroori hai. Agar Khan Azam Khan ke claims ko sunne mein, landlord ko lagta hai ki ve unki cheezon ko theek s",4.306,728,"Unhein irihaas aur shakki nazron se dekhte hain, kuch usse nakli kehte hain aur kuch kehte hain ki uske purvaj Mughal darbar mein safai karne wale the",8.5
5,"Khan Azam Khan ke claims ko landlord, moneylender aur priest kaise dekhte hain?",structured_context,"{""answer"": ""Khan Azam Khan ke claims ko landlord, moneylender aur priest is tarah dekhte hain: 
- Landlord: Unhe yeh lagta hai ki Khan Azam Khan ek aam kisan hai jo apni zameen par kaam karta hai. Vah use ek aisa vyakti samajhte hain jo apni zameen ki duniya mein juda hua hai.
- Moneylender: Unhe lagta hai ki Khan Azam Khan ek aisi cheez hai jo unhe paisa dene mein madad karegi. Vah use ek aisi cheez ke roop mein dekhte hain jo unke paiso ko bacha sakta hai.
- Priest: Unhe lagta hai ki Khan Azam",6.796,401,"Unhein irihaas aur shakki nazron se dekhte hain, kuch usse nakli kehte hain aur kuch kehte hain ki uske purvaj Mughal darbar mein safai karne wale the",8.5
5,"Khan Azam Khan ke claims ko landlord, moneylender aur priest kaise dekhte hain?",hierarchical_context,ERROR,0.0,0,"Unhein irihaas aur shakki nazron se dekhte hain, kuch usse nakli kehte hain aur kuch kehte hain ki uske purvaj Mughal darbar mein safai karne wale the",8.5
5,"Khan Azam Khan ke claims ko landlord, moneylender aur priest kaise dekhte hain?",rag_style,"Khan Azam Khan ke claims ko landlord, moneylender aur priest aise dekhte hain:

- Landlord: Yeh log kisi bhi claim ke liye apni property ko lekar sambhav khatarnaak hain. Woh aisa maanenge ki Khan Azam Khan ne unki property ko chori kiya hai. Woh claim ko ek case banane ke liye aur kadiya hai.

- Moneylender: Ye log claim ko ek aisi chij samjhte hain jo unke paiso ko le ja raha hai. Veh aisa maanenge ki Khan Azam Khan ne unke paiso ko vapas nahin kiya hai aur unhein kadiya hai.

- Priest: Yeh lo",0.71,335,"Unhein irihaas aur shakki nazron se dekhte hain, kuch usse nakli kehte hain aur kuch kehte hain ki uske purvaj Mughal darbar mein safai karne wale the",8.5
5,"Khan Azam Khan ke claims ko landlord, moneylender aur priest kaise dekhte hain?",tree_of_thought,"Mujhe 3 tarah se sochne ki koshish karni hai:

1. **Landlord ke perspective se**: Khan Azam Khan ka claim landlord ke liye ek naya rishta dekhne ki koshish kar sakta hai. Uski property ko lekar ek naya deal ho sakta hai, jismein Khan Azam Khan ko property ke maliyaton aur maintenance ke liye payment karna ho. Isse landlord ko fayda hoga aur Khan Azam Khan ke liye bhi ek naya business opportunity mil sakta hai.

2. **Moneylender ke perspective se**: Moneylender ko Khan Azam Khan ke claim se kya f",3.976,488,"Unhein irihaas aur shakki nazron se dekhte hain, kuch usse nakli kehte hain aur kuch kehte hain ki uske purvaj Mughal darbar mein safai karne wale the",8.5
5,"Khan Azam Khan ke claims ko landlord, moneylender aur priest kaise dekhte hain?",agentic_context,"Arre bhai, question toh yeh hai ki Khan Azam Khan ke claims ko kaise dekhte hain landlord, moneylender aur priest. Let me think...

Step 1: Understand question - Khan Azam Khan ke claims ko kis tareeke se dekha ja sakta hai landlord, moneylender aur priest ke point of view se. Inki nazar mein yeh claims kaunsi cheezein hain jo unhein utsaht kar sakte hain, aur kaunsi cheezein unhein shak karti hain.

Step 2: Recall knowledge - Khan Azam Khan ek neta tha jo UP mein ek major leader the. Inke claim",5.123,628,"Unhein irihaas aur shakki nazron se dekhte hain, kuch usse nakli kehte hain aur kuch kehte hain ki uske purvaj Mughal darbar mein safai karne wale the",8.5
6,The Tale of Melon City mein jab king ne guilt ko postpone karne ka decision liya toh crowd ki kya reaction thi?,zero_shot,"Arre, yeh sawaal theek se samajh nahi aaya. The Tale of Melon City ki koi film ya story to nahin suni thi, toh main samajh nahi sakta ki king ne guilt ko postpone karne ka decision kya liya hai. Agar aap mujhe batayen ki kya hua tha, toh main aapko sahi jawab de sakta hoon.",4.344,167,Crowd restless ho gayi aur log jor jor se bolne lage,8.5
6,The Tale of Melon City mein jab king ne guilt ko postpone karne ka decision liya toh crowd ki kya reaction thi?,few_shot,"Bhai, The Tale of Melon City mein jab king ne guilt ko postpone karne ka decision liya toh crowd bahut gussa ho gaya tha. Unhone king ki decision ko majak bhi kiya aur kehne laga ki yeh decision ek chhote se king ka decision hai, jo koi farak nahin padega. Unhone king ko yeh bhi keh diya ki yeh decision wohi karne ke liye hai jo woh karta hai, par yeh karne se koi faayda nahin hoga.",4.488,225,Crowd restless ho gayi aur log jor jor se bolne lage,8.5
6,The Tale of Melon City mein jab king ne guilt ko postpone karne ka decision liya toh crowd ki kya reaction thi?,chain_of_thought,ERROR,0.0,0,Crowd restless ho gayi aur log jor jor se bolne lage,1.0
6,The Tale of Melon City mein jab king ne guilt ko postpone karne ka decision liya toh crowd ki kya reaction thi?,structured_context,ERROR,0.0,0,Crowd restless ho gayi aur log jor jor se bolne lage,0.0
6,The Tale of Melon City mein jab king ne guilt ko postpone karne ka decision liya toh crowd ki kya reaction thi?,hierarchical_context,"Arre, bhai! Ab main tumhe ek aisi kahani batata hoon jismein ek shahar ke rajaa ne ek decision liya tha, jo bahut hi jaroori tha. Wahi kahani hai ""The Tale of Melon City"".

Tum jaante ho ki king ne guilt ko postpone karne ka decision liya tha, lekin crowd ki reaction kya thi? 

Crowd ne king ko bahut hi bekaar samjha aur unke decision se khush nahi hue. Wo logon ne king ke upar protest ki aur kaha, ""Kya tumhe pata hai ki guilt ki jaanch ka matlab kya hai? Tumne yeh decision kyun liya hai?""

Logo",7.022,438,Crowd restless ho gayi aur log jor jor se bolne lage,8.5
6,The Tale of Melon City mein jab king ne guilt ko postpone karne ka decision liya toh crowd ki kya reaction thi?,rag_style,"Bhai, kya pata, bas yeh hi maloom hai ki king ne guilt ko postpone karne ka decision liya hai, lekin crowd ki reaction kya hogi? Shayad woh frustrated ho jaenge, ya phir kuchh or hoga, bas pata nahi.",5.348,158,Crowd restless ho gayi aur log jor jor se bolne lage,2.0
6,The Tale of Melon City mein jab king ne guilt ko postpone karne ka decision liya toh crowd ki kya reaction thi?,tree_of_thought,"Mujhe 3 tareeke se sochne ka mauka mila hai:

1. **King ke decision ke liye crowd ne aakrosh kiya**: Jaise ki logon ne kaha, ""Yeh faisla galat hai, king ko yeh karne ki jarurat nahi thi. Humne apne gaurav ka khelna hai, aur king ne yeh faisla karke humein apne gaurav ka khelne ki salah di hai.""

2. **Crowd ne king ke decision ko samjhne ki koshish ki**: Logon ne kaha, ""King ne yeh faisla karke humein apne gaurav ka khelne ki salah di hai. Humne inhe samjhna hai ki king ki baat se humein fayda ho",0.875,447,Crowd restless ho gayi aur log jor jor se bolne lage,8.5
6,The Tale of Melon City mein jab king ne guilt ko postpone karne ka decision liya toh crowd ki kya reaction thi?,agentic_context,"Arre yaar, aisa question kuch samajh mein nahin aaya. Kya Tale of Melon City ek kahaani hai jo mein jaanta hoon ya fir yeh ek real incident hai? 

Step 1: Pata lagaun ki yeh kahaani kaun si hai. 

Mujhe pata chala ki yeh kahaani ek pustak ka naam hai. 

Tale of Melon City ek kahaani hai jo ek raja, ek shatru, aur ek city ke baare mein hai. Lekin maine ismein guilt postpone karne ki baat nahin dekhi. 

Main samajh nahin sakta ki aap kaun si kahaani ya real incident ke baare mein puchh rahe hain. ",5.751,313,Crowd restless ho gayi aur log jor jor se bolne lage,8.5
7,"Formal aur informal letters me kaun si difference hai unke purpose ke basis par? Aam taur par do tarah ke letters hote hai, formal jo official business aur information ke liye likhe jate hai aur informal jo personal letters hote hai apne friends aur family se communicate karne ke liye",zero_shot,"Arre, formal aur informal letters me bahut bada difference hai unke purpose ke basis par. Formal letters, jaise ki official business aur information ke liye likhe jate hai, voh professional aur structured hote hai. Voh formal style mein likhe jate hai, jismein formal language, proper grammar aur sahi spellings hona zaroori hai. Voh company ke naam, department ke naam, aur official position ke naam ko darshata hai. Jabki informal letters, jaise ki apne friends aur family se communicate karne ke l",7.592,278,"Formal letters official business aur information convey karne ke liye likhe jate hai, jo ki civic life me requirements ke liye ya public bodies ke liye hote hai. Informal letters, dusri taraf, personal letters hote hai jo friends aur family se communicate karne ke liye use hote hai",8.5
7,"Formal aur informal letters me kaun si difference hai unke purpose ke basis par? Aam taur par do tarah ke letters hote hai, formal jo official business aur information ke liye likhe jate hai aur informal jo personal letters hote hai apne friends aur family se communicate karne ke liye",few_shot,"Bhaiya, formal aur informal letters me bahut badi difference hai unke purpose ke basis par. Formal letters official business aur information ke liye likhe jate hai, jaise ki office mein koi baat karni hai, job ke liye application dene ki jarurat hai, ya koi official information share karni hai. Iske liye language serious aur respectful hota hai, aur saare bhaav aur shabd formal hota hai.

Dusri or, informal letters personal hote hai, jaise ki apne doston ya parivaar ke logon se communicate karna",3.63,376,"Formal letters official business aur information convey karne ke liye likhe jate hai, jo ki civic life me requirements ke liye ya public bodies ke liye hote hai. Informal letters, dusri taraf, personal letters hote hai jo friends aur family se communicate karne ke liye use hote hai",8.5
7,"Formal aur informal letters me kaun si difference hai unke purpose ke basis par? Aam taur par do tarah ke letters hote hai, formal jo official business aur information ke liye likhe jate hai aur informal jo personal letters hote hai apne friends aur family se communicate karne ke liye",chain_of_thought,"Arre, yeh question to bahut achha hai. Main aapko iska jawab step-by-step deta hoon.

1. **Formal aur informal letters ke purpose:** Sabse pehle, humko pata hona chahiye ki formal aur informal letters ke purpose kya hote hai. Formal letters official business aur information ke liye likhe jate hain, jabki informal letters personal relationships aur communication ke liye likhe jate hain.

2. **Formal letters ke characteristics:** Formal letters mein kuchh visheshatayein hoti hain, jinhein hum dekh",3.04,637,"Formal letters official business aur information convey karne ke liye likhe jate hai, jo ki civic life me requirements ke liye ya public bodies ke liye hote hai. Informal letters, dusri taraf, personal letters hote hai jo friends aur family se communicate karne ke liye use hote hai",8.5
7,"Formal aur informal letters me kaun si difference hai unke purpose ke basis par? Aam taur par do tarah ke letters hote hai, formal jo official business aur information ke liye likhe jate hai aur informal jo personal letters hote hai apne friends aur family se communicate karne ke liye",structured_context,ERROR,0.0,0,"Formal letters official business aur information convey karne ke liye likhe jate hai, jo ki civic life me requirements ke liye ya public bodies ke liye hote hai. Informal letters, dusri taraf, personal letters hote hai jo friends aur family se communicate karne ke liye use hote hai",8.5
7,"Formal aur informal letters me kaun si difference hai unke purpose ke basis par? Aam taur par do tarah ke letters hote hai, formal jo official business aur information ke liye likhe jate hai aur informal jo personal letters hote hai apne friends aur family se communicate karne ke liye",hierarchical_context,ERROR,0.0,0,"Formal letters official business aur information convey karne ke liye likhe jate hai, jo ki civic life me requirements ke liye ya public bodies ke liye hote hai. Informal letters, dusri taraf, personal letters hote hai jo friends aur family se communicate karne ke liye use hote hai",8.5
7,"Formal aur informal letters me kaun si difference hai unke purpose ke basis par? Aam taur par do tarah ke letters hote hai, formal jo official business aur information ke liye likhe jate hai aur informal jo personal letters hote hai apne friends aur family se communicate karne ke liye",rag_style,ERROR,0.0,0,"Formal letters official business aur information convey karne ke liye likhe jate hai, jo ki civic life me requirements ke liye ya public bodies ke liye hote hai. Informal letters, dusri taraf, personal letters hote hai jo friends aur family se communicate karne ke liye use hote hai",8.5
7,"Formal aur informal letters me kaun si difference hai unke purpose ke basis par? Aam taur par do tarah ke letters hote hai, formal jo official business aur information ke liye likhe jate hai aur informal jo personal letters hote hai apne friends aur family se communicate karne ke liye",tree_of_thought,"Main kuch vichar kar raha hoon:

1. **Purpose**: Formal letters official business, information, aur notification ke liye likhe jate hain, jabki informal letters personal relationships, emotions, aur vichar prakash karne ke liye likhe jate hain.

2. **Tone**: Formal letters mein aadharsh aur sakaratmak tone hota hai, jabki informal letters mein apne vichar aur bhavnaon ko vyakt karne ke liye mazak aur aakarshit karna hota hai.

3. **Language**: Formal letters mein professional language aur gramma",3.52,367,"Formal letters official business aur information convey karne ke liye likhe jate hai, jo ki civic life me requirements ke liye ya public bodies ke liye hote hai. Informal letters, dusri taraf, personal letters hote hai jo friends aur family se communicate karne ke liye use hote hai",8.5
7,"Formal aur informal letters me kaun si difference hai unke purpose ke basis par? Aam taur par do tarah ke letters hote hai, formal jo official business aur information ke liye likhe jate hai aur informal jo personal letters hote hai apne friends aur family se communicate karne ke liye",agentic_context,"Bhai, main samajh gaya ki tumhara sawal hai formal aur informal letters ke beech ki difference, jo unke purpose ke basis par hoti hai.

Formal letters aur informal letters dono ke alag-alag purpose hote hain. Formal letters official business ya information ke liye likhe jate hain, jaise ki job apply karne ke liye, company ke office se information mangne ke liye, ya official notice ke liye. Yeh letters serious aur respectful hote hain, aur unmein formal language ka upyog kiya jata hai.

Dusri or,",4.665,438,"Formal letters official business aur information convey karne ke liye likhe jate hai, jo ki civic life me requirements ke liye ya public bodies ke liye hote hai. Informal letters, dusri taraf, personal letters hote hai jo friends aur family se communicate karne ke liye use hote hai",8.5
8,"Sir, kya humne Chandrayaan mission ke baare me padha tha, isme kaun se instruments use hue?",zero_shot,"Arre, Chandrayaan mission ke baare me padhne ke baad, main aapko bata sakta hoon ki is mission mein kai instruments use hue the. Chandrayaan-1 mission mein, jismein lunar orbiter aur lunar impactor tha, kuch pramukh instruments yeh the:

1. Terrain Mapping Camera (TMC): Yah camera mission ke liye kaafi mahatvapoorn tha, kyunki yah lunar surface ki chhaviyan lekar aaya tha.
2. High Energy X-ray Spectrometer (HEX): Yah instrument lunar surface ki chemical composition ko samjha sakta tha.
3. Moon I",1.812,432,"Haan, humne Chandrayaan mission ke baare me padha tha, isme many instruments use hue jaise ki terrain mapping camera, lunar laser ranging instrument, aur X-ray spectrometer.",8.5
8,"Sir, kya humne Chandrayaan mission ke baare me padha tha, isme kaun se instruments use hue?",few_shot,"Bhaiya, Chandrayaan mission ke baare me padha tha. Is mission mein kai instruments use hue the, jaise ki:

- Orbiter Camera: Yeh camera chandrama ki taareekh, geology aur environment ko nikalne ke liye use ki ja rahi thi.
- Hyper Spectral Imager: Yeh instrument chandrama ke surface par minerals aur chemicals ko identify karne ke liye use ki rahi thi.
- Lunar Laser Ranging (LLR) instrument: Yeh instrument chandrama ke surface par sthit reflective targets se signals bhejkar unke distance aur motio",5.791,361,"Haan, humne Chandrayaan mission ke baare me padha tha, isme many instruments use hue jaise ki terrain mapping camera, lunar laser ranging instrument, aur X-ray spectrometer.",8.5
8,"Sir, kya humne Chandrayaan mission ke baare me padha tha, isme kaun se instruments use hue?",chain_of_thought,"Chalenge, Chandrayaan mission ke baare me sochenge.

1. **Chandrayaan mission ka introduction**: Chandrayaan mission India ke paas ek lunar mission tha, jo ka intjaar 2008 me chala tha. Is mission ke madhyam se humne chandrayaan par kai nayaansheekhan kiye the.

2. **Mission ke objectives**: Chandrayaan mission ka mukhya uddeshya chandrayaan par kai nayaansheekhan karna tha, jisme chandrayaan ke vishay, uski pahunchi, uske prakritik sathe ka samna karna aur kai nayaansheekhan karne ke liye vibhi",2.987,545,"Haan, humne Chandrayaan mission ke baare me padha tha, isme many instruments use hue jaise ki terrain mapping camera, lunar laser ranging instrument, aur X-ray spectrometer.",8.5
8,"Sir, kya humne Chandrayaan mission ke baare me padha tha, isme kaun se instruments use hue?",structured_context,"{""answer"": ""Haan, Chandrayaan mission ke baare me humne padha tha. Is mission mein kai instruments use hue the, jaise ki:
- Orbiter: Yeh Chandrayaan-1 ki orbiter the, jo Chandrama ke chandrama ke chandrama ka aakash par ghumne ke liye design ki gayi thi.
- Impactor: Yeh Vikram namaak impactor the, jo Chandrama ke pooree aakar par ghumne ke liye design ki gayi thi.
- Lander: Yeh Vikram lander the, jo Chandrama ke pahaad se gusse ke baad usee the.
- Chandrayaan-2 mein kai instruments use hue the, ",4.158,783,"Haan, humne Chandrayaan mission ke baare me padha tha, isme many instruments use hue jaise ki terrain mapping camera, lunar laser ranging instrument, aur X-ray spectrometer.",8.5
8,"Sir, kya humne Chandrayaan mission ke baare me padha tha, isme kaun se instruments use hue?",hierarchical_context,"Chandrayaan mission, yeh ek bahut hi prabhavi aur samayik gatividhi thi, jo India ne 2008 mein launch ki thi. Yeh mission ki shuruaat Bharat ke Chandrayaan-1 naamak satellite se hui thi, jo Chandraay ke orbit mein pahunch gaya tha.

Chandrayaan-1 mein kai instruments use hue the, jo humen Chandraay ke baare mein jaankaari pradaan karne mein madad ki. Ye instruments hain:

1. **Moon Impact Probe (MIP)**: Yeh ek small satellite tha, jo Chandraay ke surface par gir gaya tha. Iska uddeshya Chandraay",8.018,565,"Haan, humne Chandrayaan mission ke baare me padha tha, isme many instruments use hue jaise ki terrain mapping camera, lunar laser ranging instrument, aur X-ray spectrometer.",8.5
8,"Sir, kya humne Chandrayaan mission ke baare me padha tha, isme kaun se instruments use hue?",rag_style,ERROR,0.0,0,"Haan, humne Chandrayaan mission ke baare me padha tha, isme many instruments use hue jaise ki terrain mapping camera, lunar laser ranging instrument, aur X-ray spectrometer.",8.5
8,"Sir, kya humne Chandrayaan mission ke baare me padha tha, isme kaun se instruments use hue?",tree_of_thought,ERROR,0.0,0,"Haan, humne Chandrayaan mission ke baare me padha tha, isme many instruments use hue jaise ki terrain mapping camera, lunar laser ranging instrument, aur X-ray spectrometer.",8.5
8,"Sir, kya humne Chandrayaan mission ke baare me padha tha, isme kaun se instruments use hue?",agentic_context,"Arre, Chandrayaan mission ke baare mein padha tha, to main yeh bataata hoon. 

Step 1: Understand question
Chandrayaan mission ke instruments ke baare mein poochha gaya hai.

Step 2: Recall knowledge
Mujhe yaad hai ki Chandrayaan-1 mission mein kai instruments use hue the, jaise ki:
- Moon Impact Probe (MIP)
- Lunar Laser Ranging Instrument (LLRI)
- High Energy X-Ray Spectrometer (HEX)
- Solar X-Ray Monitor (XSM)
- Terrain Mapping Camera (TMC)
- Lunar Orbiter Camera (LOC)

Chandrayaan-2 mission ",0.679,393,"Haan, humne Chandrayaan mission ke baare me padha tha, isme many instruments use hue jaise ki terrain mapping camera, lunar laser ranging instrument, aur X-ray spectrometer.",8.5
9,"Green Movement kab shuru hua aur uske shuru hone ke thodi der baad kya bada event hua? Itni jaldi aur itni tez se poora human race ko koi movement aaj tak nahin chhua hai jaise ki Green Movement ne, jo lagbhag 25 saal pehle shuru hua tha. 1972 mein New Zealand mein duniya ki pehli nationwide Green party banayi gayi thi.",zero_shot,"Green Movement ka janm 1970 me kiya gaya tha, jab American environmentalist Ruckert ne ""A New Era For Peace and Justice"" ki shikayat ko darshaya, jismein vah ek 'Green Movement' ke liye aawaaz uthaya. Iske baad, 1972 me New Zealand me duniya ki pehli Green party, Green Party of New Zealand, banayi gayi thi, jo ki ek bada event tha.",9.521,249,"Green Movement lagbhag 25 saal pehle 1994 se shuru hua tha (karib 1969 mein). 1972 mein, duniya ki pehli nationwide Green party New Zealand mein banayi gayi thi.",8.5
9,"Green Movement kab shuru hua aur uske shuru hone ke thodi der baad kya bada event hua? Itni jaldi aur itni tez se poora human race ko koi movement aaj tak nahin chhua hai jaise ki Green Movement ne, jo lagbhag 25 saal pehle shuru hua tha. 1972 mein New Zealand mein duniya ki pehli nationwide Green party banayi gayi thi.",few_shot,ERROR,0.0,0,"Green Movement lagbhag 25 saal pehle 1994 se shuru hua tha (karib 1969 mein). 1972 mein, duniya ki pehli nationwide Green party New Zealand mein banayi gayi thi.",8.5
9,"Green Movement kab shuru hua aur uske shuru hone ke thodi der baad kya bada event hua? Itni jaldi aur itni tez se poora human race ko koi movement aaj tak nahin chhua hai jaise ki Green Movement ne, jo lagbhag 25 saal pehle shuru hua tha. 1972 mein New Zealand mein duniya ki pehli nationwide Green party banayi gayi thi.",chain_of_thought,"Mujhe question puchha gaya hai ki Green Movement ka shuruat kab hua aur uske shuru hone ke thodi der baad kya bada event hua. 

Step 1: Green Movement ka shuruat kab hua? 
Mujhe pata hai ki duniya ki pehli Green party New Zealand mein 1972 mein banayi gayi thi, jisse lagbhag 25 saal pehle shuru hua tha. 

Step 2: Iske pehle yeh pata karna hai ki Green Movement ka shuruat kis din hua tha. 
Iske liye, maine 1972 ki date ko dekha. Ismein maine pehli tarikh ko dekha aur uske baad 25 saal ke liye gya",11.871,497,"Green Movement lagbhag 25 saal pehle 1994 se shuru hua tha (karib 1969 mein). 1972 mein, duniya ki pehli nationwide Green party New Zealand mein banayi gayi thi.",8.5
9,"Green Movement kab shuru hua aur uske shuru hone ke thodi der baad kya bada event hua? Itni jaldi aur itni tez se poora human race ko koi movement aaj tak nahin chhua hai jaise ki Green Movement ne, jo lagbhag 25 saal pehle shuru hua tha. 1972 mein New Zealand mein duniya ki pehli nationwide Green party banayi gayi thi.",structured_context,ERROR,0.0,0,"Green Movement lagbhag 25 saal pehle 1994 se shuru hua tha (karib 1969 mein). 1972 mein, duniya ki pehli nationwide Green party New Zealand mein banayi gayi thi.",8.5
9,"Green Movement kab shuru hua aur uske shuru hone ke thodi der baad kya bada event hua? Itni jaldi aur itni tez se poora human race ko koi movement aaj tak nahin chhua hai jaise ki Green Movement ne, jo lagbhag 25 saal pehle shuru hua tha. 1972 mein New Zealand mein duniya ki pehli nationwide Green party banayi gayi thi.",hierarchical_context,ERROR,0.0,0,"Green Movement lagbhag 25 saal pehle 1994 se shuru hua tha (karib 1969 mein). 1972 mein, duniya ki pehli nationwide Green party New Zealand mein banayi gayi thi.",8.5
9,"Green Movement kab shuru hua aur uske shuru hone ke thodi der baad kya bada event hua? Itni jaldi aur itni tez se poora human race ko koi movement aaj tak nahin chhua hai jaise ki Green Movement ne, jo lagbhag 25 saal pehle shuru hua tha. 1972 mein New Zealand mein duniya ki pehli nationwide Green party banayi gayi thi.",rag_style,"Mujhe pata hai ki Green Movement ka shuruat 1972 mein hua tha. Aur uske shuru hone ke thode hi samay baad, 1972 mein hi New Zealand mein duniya ki pehli nationwide Green party banayi gayi thi.",5.313,224,"Green Movement lagbhag 25 saal pehle 1994 se shuru hua tha (karib 1969 mein). 1972 mein, duniya ki pehli nationwide Green party New Zealand mein banayi gayi thi.",8.5
9,"Green Movement kab shuru hua aur uske shuru hone ke thodi der baad kya bada event hua? Itni jaldi aur itni tez se poora human race ko koi movement aaj tak nahin chhua hai jaise ki Green Movement ne, jo lagbhag 25 saal pehle shuru hua tha. 1972 mein New Zealand mein duniya ki pehli nationwide Green party banayi gayi thi.",tree_of_thought,"Mujhe 2-3 cheejein yaad aayi hain:

1. Green movement ki shuruat 1970 ke dashak mein hui thi, lekin ise pehla naam diya gaya tha ""Green Party of New Zealand"" jab ki 1972 mein uska ganna hua tha.
2. Green movement ka prabhav itni jaldi dikhne laga jab 1979 mein Green Party of New Zealand ne apne pehle chunav mein 0.35% se zyada vote haasil kiya tha.
3. Green movement ke ek bade event ka naam hai ""Earth Day"" joka 22 April 1970 ko pehla baar manaya gaya tha.

Ab best answer hoga: 

Green movement k",2.693,444,"Green Movement lagbhag 25 saal pehle 1994 se shuru hua tha (karib 1969 mein). 1972 mein, duniya ki pehli nationwide Green party New Zealand mein banayi gayi thi.",5.0
9,"Green Movement kab shuru hua aur uske shuru hone ke thodi der baad kya bada event hua? Itni jaldi aur itni tez se poora human race ko koi movement aaj tak nahin chhua hai jaise ki Green Movement ne, jo lagbhag 25 saal pehle shuru hua tha. 1972 mein New Zealand mein duniya ki pehli nationwide Green party banayi gayi thi.",agentic_context,"Bhai, ek baar main samajh gaya aur main soch raha hoon. 

Pehle, question padhne ke baad, main socha ki Green Movement ka shuruat kab hua tha. Main yeh janna chahta hoon ki lagbhag 25 saal pehle shuru hua Green Movement ka kya event tha.

Ab, main recall kar raha hoon. Main yeh jaanta hoon ki Green Movement ka shuruat 1970 ki duniya ki pehli Green party ki sthapna se hua tha, jo New Zealand mein 1972 mein ki gayi thi.

Ek baar main soch gaya, main yeh janna chahta hoon ki 1972 mein jo bada event",4.767,441,"Green Movement lagbhag 25 saal pehle 1994 se shuru hua tha (karib 1969 mein). 1972 mein, duniya ki pehli nationwide Green party New Zealand mein banayi gayi thi.",5.0
10,"Passage ko analyse karne ke baad summarise karne ka process kya hota hai? Isme hum note-making wale steps follow karte hain, jaise ki important ideas ko underline karna, unhein abbreviate karke verbs ko short karke likhna, examples, explanations, aur repetition ko avoid karna. Lekin nominalising ke bajaye hum points ko full sentences mein expand karte hain aur suitable connectors se link karte hain.",zero_shot,ERROR,0.0,0,"Key steps hain important ideas ko underline karna, verbs ko short karke unhein likhna, examples, explanations, aur repetition ko avoid karna. Phir nominalising ke bajaye points ko full sentences mein expand karna aur suitable connectors se link karna.",8.5
10,"Passage ko analyse karne ke baad summarise karne ka process kya hota hai? Isme hum note-making wale steps follow karte hain, jaise ki important ideas ko underline karna, unhein abbreviate karke verbs ko short karke likhna, examples, explanations, aur repetition ko avoid karna. Lekin nominalising ke bajaye hum points ko full sentences mein expand karte hain aur suitable connectors se link karte hain.",few_shot,ERROR,0.0,0,"Key steps hain important ideas ko underline karna, verbs ko short karke unhein likhna, examples, explanations, aur repetition ko avoid karna. Phir nominalising ke bajaye points ko full sentences mein expand karna aur suitable connectors se link karna.",8.5
10,"Passage ko analyse karne ke baad summarise karne ka process kya hota hai? Isme hum note-making wale steps follow karte hain, jaise ki important ideas ko underline karna, unhein abbreviate karke verbs ko short karke likhna, examples, explanations, aur repetition ko avoid karna. Lekin nominalising ke bajaye hum points ko full sentences mein expand karte hain aur suitable connectors se link karte hain.",chain_of_thought,ERROR,0.0,0,"Key steps hain important ideas ko underline karna, verbs ko short karke unhein likhna, examples, explanations, aur repetition ko avoid karna. Phir nominalising ke bajaye points ko full sentences mein expand karna aur suitable connectors se link karna.",8.5
10,"Passage ko analyse karne ke baad summarise karne ka process kya hota hai? Isme hum note-making wale steps follow karte hain, jaise ki important ideas ko underline karna, unhein abbreviate karke verbs ko short karke likhna, examples, explanations, aur repetition ko avoid karna. Lekin nominalising ke bajaye hum points ko full sentences mein expand karte hain aur suitable connectors se link karte hain.",structured_context,ERROR,0.0,0,"Key steps hain important ideas ko underline karna, verbs ko short karke unhein likhna, examples, explanations, aur repetition ko avoid karna. Phir nominalising ke bajaye points ko full sentences mein expand karna aur suitable connectors se link karna.",8.5
10,"Passage ko analyse karne ke baad summarise karne ka process kya hota hai? Isme hum note-making wale steps follow karte hain, jaise ki important ideas ko underline karna, unhein abbreviate karke verbs ko short karke likhna, examples, explanations, aur repetition ko avoid karna. Lekin nominalising ke bajaye hum points ko full sentences mein expand karte hain aur suitable connectors se link karte hain.",hierarchical_context,ERROR,0.0,0,"Key steps hain important ideas ko underline karna, verbs ko short karke unhein likhna, examples, explanations, aur repetition ko avoid karna. Phir nominalising ke bajaye points ko full sentences mein expand karna aur suitable connectors se link karna.",8.5
10,"Passage ko analyse karne ke baad summarise karne ka process kya hota hai? Isme hum note-making wale steps follow karte hain, jaise ki important ideas ko underline karna, unhein abbreviate karke verbs ko short karke likhna, examples, explanations, aur repetition ko avoid karna. Lekin nominalising ke bajaye hum points ko full sentences mein expand karte hain aur suitable connectors se link karte hain.",rag_style,ERROR,0.0,0,"Key steps hain important ideas ko underline karna, verbs ko short karke unhein likhna, examples, explanations, aur repetition ko avoid karna. Phir nominalising ke bajaye points ko full sentences mein expand karna aur suitable connectors se link karna.",8.5
10,"Passage ko analyse karne ke baad summarise karne ka process kya hota hai? Isme hum note-making wale steps follow karte hain, jaise ki important ideas ko underline karna, unhein abbreviate karke verbs ko short karke likhna, examples, explanations, aur repetition ko avoid karna. Lekin nominalising ke bajaye hum points ko full sentences mein expand karte hain aur suitable connectors se link karte hain.",tree_of_thought,"Mujhe kai tarah se sochne ke baad, main apne vichar yeh hain:

1. **Pehla Soch:** Passage ko analyse karne ke baad, hum ussme se important points ko nikalte hain aur vein ko full sentences mein expand karte hain. Ismein hum connectors ka use karte hain taaki sabhi points ek dusre se jud sakein.

2. **Doosra Soch:** Passage ko analyse karne ke baad, hum ussme se important ideas ko identify karte hain aur vein ko notes mein likhte hain. Ismein hum note-making ke steps ka follow karte hain, jaise k",0.692,526,"Key steps hain important ideas ko underline karna, verbs ko short karke unhein likhna, examples, explanations, aur repetition ko avoid karna. Phir nominalising ke bajaye points ko full sentences mein expand karna aur suitable connectors se link karna.",8.5
10,"Passage ko analyse karne ke baad summarise karne ka process kya hota hai? Isme hum note-making wale steps follow karte hain, jaise ki important ideas ko underline karna, unhein abbreviate karke verbs ko short karke likhna, examples, explanations, aur repetition ko avoid karna. Lekin nominalising ke bajaye hum points ko full sentences mein expand karte hain aur suitable connectors se link karte hain.",agentic_context,"Arre, pasand aaya. 

Sabse pehle, maine question padha aur samajha hai ki passage ko analyse karne ke baad summarise karne ka process kya hota hai. 

To, maine yeh samjhaya ki note-making ke steps hum follow karte hain, jaise ki important ideas ko underline karna, unhein abbreviate karke verbs ko short karke likhna, examples, explanations, aur repetition ko avoid karna.

Lekin, maine ek twist add kiya hai. Hum nominalising ke bajaye points ko full sentences mein expand karte hain aur suitable co",6.621,422,"Key steps hain important ideas ko underline karna, verbs ko short karke unhein likhna, examples, explanations, aur repetition ko avoid karna. Phir nominalising ke bajaye points ko full sentences mein expand karna aur suitable connectors se link karna.",8.5
11,"Ma'am, human body mein circulatory system kaise kaam karta hai?",zero_shot,"Arre, circulatory system ek bahut hi zaroori system hai human body mein. Yeh heart, blood vessels, aur blood ko connect karta hai, jisse body ko oxygen aur nutrients milte hain aur waste products nikal jaate hain. 

Toh, yeh kaisa kaam karta hai? Heart ek dhaiya se jyada dardi hai jo har minute mein 100 se 120 baar pump karta hai. Yeh pump karne se blood body ke sabhi hisson mein pahunchta hai. 

Blood vessels, jo ki arteries, veins, aur capillaries hain, yeh blood ko body ke sabhi hisson mein p",0.823,447,"Human body mein circulatory system dil, blood vessels, aur blood ke saath milkar kaam karta hai. Yah oxygen aur nutrients ko puray sharir mein pahunchata hai aur carbon dioxide aur waste products ko remove karta hai.",8.5
11,"Ma'am, human body mein circulatory system kaise kaam karta hai?",few_shot,"Beta, circulatory system human body ka ek bahut hi zaroori system hai. Yeh system doosre naam se blood circulation ya cardiovascular system kehte hain. Iska kaam body mein oxygen aur nutrients dena aur carbon dioxide aur paani nikalna hai. Yeh karne ke liye yeh doosre system se juda hai, jaise ki heart, arteries, veins, aur capillaries.

Heart yeh system ka heartbeat karta hai, jisse blood body ke sabhi hisson mein jaata hai. Arteries blood ko heart se nikalne aur body ke hisson mein pahunchane ",5.726,341,"Human body mein circulatory system dil, blood vessels, aur blood ke saath milkar kaam karta hai. Yah oxygen aur nutrients ko puray sharir mein pahunchata hai aur carbon dioxide aur waste products ko remove karta hai.",8.5
11,"Ma'am, human body mein circulatory system kaise kaam karta hai?",chain_of_thought,"Arre, yeh sawal bahut aacha hai. Main aapko iska jawab is tarah se dena chahta hoon: 

1. Circulatory system kaam karna shuru karta hai heart se, jo ki haareta (heart) ke naam se jana jata hai. Heart ek pump ki tarah ka kaam karta hai. 

2. Heart se blood (roo) ek puri disha mein bhara hua hota hai, jo ki body ke sabhi hisson ko paani, oxygen aur nutrients pradan karta hai. 

3. Blood heart se lungon (fain) ke paas jaata hai, jahan se oxygen lekar oxygenated blood (roo) banaata hai. 

4. Oxygena",2.853,402,"Human body mein circulatory system dil, blood vessels, aur blood ke saath milkar kaam karta hai. Yah oxygen aur nutrients ko puray sharir mein pahunchata hai aur carbon dioxide aur waste products ko remove karta hai.",8.5
11,"Ma'am, human body mein circulatory system kaise kaam karta hai?",structured_context,"{""answer"": ""Human body mein circulatory system kaam karta hai prakritik tarah se khoon, oxygen aur nutrients ko dishaantit karna aur moolyaan ko nikaalna."", ""explanation"": ""Circulatory system mein dhiman (arteries), shaktishaali dhiman (veins) aur shiraa (capillaries) shaamil hain. Ye shiraa khoon ko dishaantit karti hain aur oxygen aur nutrients ko sharir ke vibhinn bhaagon mein pahunchaati hain, jabki moolyaan ko sharir se bahar nikalta hai.""}",9.501,216,"Human body mein circulatory system dil, blood vessels, aur blood ke saath milkar kaam karta hai. Yah oxygen aur nutrients ko puray sharir mein pahunchata hai aur carbon dioxide aur waste products ko remove karta hai.",8.5
11,"Ma'am, human body mein circulatory system kaise kaam karta hai?",hierarchical_context,"Beta, circulatory system kaam karna ek bahut hi zaroori kaam hai human body mein. Yeh system hamare shareer ko oxygen aur nutrients provide karta hai, aur hamaare shareer se pighalne wale garm pani ko nikalta hai. 

Yeh system do hote hain: heart aur blood vessels. Heart hamaare shareer ka dildara hai, jo hamesha dhadi hai aur hamaare shareer mein blood ko circulate karta hai. Blood vessels to hamaare shareer mein blood ko transport karte hain, jaise ki arteries, veins aur capillaries.

Jab hum ",3.829,461,"Human body mein circulatory system dil, blood vessels, aur blood ke saath milkar kaam karta hai. Yah oxygen aur nutrients ko puray sharir mein pahunchata hai aur carbon dioxide aur waste products ko remove karta hai.",8.5
11,"Ma'am, human body mein circulatory system kaise kaam karta hai?",rag_style,"Ma'am, circulatory system human body mein blood ke paani aur oxygen ko har part ke tak pahunchane ka kaam karta hai. Yah system doosre naam se cardiovascular system bhi kaha jaata hai. 

Yah system kaam karne ke liye heart, arteries, veins aur blood cells ka upayog karta hai. Heart se nadiyon ke dwara blood har part ke tak jaata hai aur oxygen lene ke baad, yeh garm, paani aur carbon dioxide waapas heart ke pahunchata hai. 

Is tarah, circulatory system kaam karke human body ko sahi tarah se oxy",3.516,246,"Human body mein circulatory system dil, blood vessels, aur blood ke saath milkar kaam karta hai. Yah oxygen aur nutrients ko puray sharir mein pahunchata hai aur carbon dioxide aur waste products ko remove karta hai.",8.5
11,"Ma'am, human body mein circulatory system kaise kaam karta hai?",tree_of_thought,"Arre, ye sawal bahut acha hai! 

Pehla vichar: 
Circulatory system, jo ki blood ki circulation ko badhava deta hai, humare shareer mein oxygen aur nutrients ko jaanwar ke shareer ki sabhi hisson tak pahunchane mein madad karta hai. Yah system ko heart, blood vessels ( arteries aur veins) aur blood cells ka aadhaan hota hai.

Dusra vichar:
Heart, jo ki circulatory system ka sabse mahatvapoorn hissa hai, oxygen aur nutrients se bharpoor blood ko pump karta hai aur jaanwar ke shareer ke hisson se k",3.012,534,"Human body mein circulatory system dil, blood vessels, aur blood ke saath milkar kaam karta hai. Yah oxygen aur nutrients ko puray sharir mein pahunchata hai aur carbon dioxide aur waste products ko remove karta hai.",8.5
11,"Ma'am, human body mein circulatory system kaise kaam karta hai?",agentic_context,ERROR,0.0,0,"Human body mein circulatory system dil, blood vessels, aur blood ke saath milkar kaam karta hai. Yah oxygen aur nutrients ko puray sharir mein pahunchata hai aur carbon dioxide aur waste products ko remove karta hai.",8.5
12,Mother's Day play ki setting kya hai?,zero_shot,"Arre, Mother's Day play ki setting toh ek bahut hi sundar jagah par hoti hai. Ek khushboo se bhara park ya garden, jahan par ek bahut hi sundar mandir ya temple hota hai, uske saath hi ek bahut hi sundar lawn ya garden bhi hota hai. Ye setting show kiya jata hai ki wahan ek bahut hi sundar aur shanti se bhara mahol hai, jahan par maa-baap aur bachche khush rah sakte hain.

Agar play mein ek mahila college ka setting hota hai, toh uske andar ek bahut hi sundar auditorium hota hai, jahan par log b",2.799,386,London ke ek suburb mein Pearson family ka living-room hai,2.0
12,Mother's Day play ki setting kya hai?,few_shot,"Bhaiya, Mother's Day play ki setting ek ghar hai. Yeh ek aisi gali hai jahan ek aam Hindu parivaar rehta hai. Iske andar ek maa aur uska parivaar rehta hai. Ye setting ek ghar ki saari cheezein rakhti hai jaise ki sofa, bed, dining table, aur sabhi tarah ki saamagri.",4.355,173,London ke ek suburb mein Pearson family ka living-room hai,8.5
12,Mother's Day play ki setting kya hai?,chain_of_thought,"Arre, maine socha hai ki Mother's Day play ki setting kya ho sakti hai, toh yeh hai:

1. Play ka naam hi Mother's Day rakha jata hai. Ismein bahut se scenes hain jo Mother's Day ke theme par hain.
2. Play ki setting ek family ki hai, jismein mother, father, aur bachche hote hain.
3. Mother's Day par, family ek sath khana khate hain aur ek doosre ko gift dete hain.
4. Mother ko ek special gift milta hai, jismein ek beautiful necklace ya flower vase hai.
5. Family members ek sath dance karte hain ",1.768,347,London ke ek suburb mein Pearson family ka living-room hai,8.5
12,Mother's Day play ki setting kya hai?,structured_context,"{""answer"": ""Ek chhoti si gharani"", ""explanation"": ""Mother's Day play ki setting ek chhoti si gharani ho sakti hai jahaan maa aur beti ke beech pyaar aur samman ka ek sundar anubhav dikhai de raha ho. Gharaani mein maa ke pas ek bahut hi sundar aur sukhad vaastu ho sakti hai, jaise ki phoolon ki duniya, ek achhi book aur ek khushboo ki disha.""}",3.44,187,London ke ek suburb mein Pearson family ka living-room hai,8.5
12,Mother's Day play ki setting kya hai?,hierarchical_context,"Arre bhai, Mother's Day play ki setting toh bahut hi pyaar aur samman se banayi jati hai. Aapko ek gaon ya village jaisi setting banani hogi, jahaan ek parivaar rehta hai. Aapko us parivaar ki maa ko show karna hoga, jo ki apne beton aur behnon ko bahut pyaar karti hai.

Setting mein aapko ek chhota sa ghar, khaadi, khelne wali jagah, aur baag banane wali jagah shamil karni hogi. Aapko yah bhi dikhana hoga ki maa apne parivaar ke liye kaam karti hai, jaise ki khana banana, kapde dhona, aur apne ",2.043,395,London ke ek suburb mein Pearson family ka living-room hai,4.0
12,Mother's Day play ki setting kya hai?,rag_style,"Maa ke din ki play ki setting ek school mein hai. Ismein ek teacher, ek student aur do maaon ki roles hain. Ye three characters ek school ki stage par baith kar Mother's Day ke avsar par apni maaon ke prati pyar dikhate hain.",2.333,141,London ke ek suburb mein Pearson family ka living-room hai,2.0
12,Mother's Day play ki setting kya hai?,tree_of_thought,ERROR,0.0,0,London ke ek suburb mein Pearson family ka living-room hai,1.0
12,Mother's Day play ki setting kya hai?,agentic_context,"Kya baat hai, Mother's Day play ki setting kya hai? 

Step 1: Understand question - Main samajh raha hoon ki aapko Mother's Day play ki setting puchhne mein kya kehna hai.

Step 2: Recall knowledge - Main soch raha hoon, Mother's Day play ki setting bahut hi pyaar aur samman se jodi jaati hai. Play mein aamtaur par maa kee bhavna, pyaar, aur samman ki gahrai ko darshaya jata hai.

Step 3: Give accurate answer - Mother's Day play ki setting ek ghar ka hai, jahan maa apne parivaar ke saath khushiy",14.675,306,London ke ek suburb mein Pearson family ka living-room hai,8.5
13,"Sir, kya aap bata sakte hain ki ancient civilization of Mesopotamia ka itihaas kya hai?",zero_shot,ERROR,0.0,0,"Ancient civilization of Mesopotamia ka itihaas lagbhag 4500 BCE se 539 BCE tak ka hai. Ismein hamein sulabh sheheron, snaanagharon, aur anya suvidhaon ke avshesh milte hain. Ye log apne samay ke liye bahut aage the aur unhone bahut si nai cheezein khoji.",8.5
13,"Sir, kya aap bata sakte hain ki ancient civilization of Mesopotamia ka itihaas kya hai?",few_shot,ERROR,0.0,0,"Ancient civilization of Mesopotamia ka itihaas lagbhag 4500 BCE se 539 BCE tak ka hai. Ismein hamein sulabh sheheron, snaanagharon, aur anya suvidhaon ke avshesh milte hain. Ye log apne samay ke liye bahut aage the aur unhone bahut si nai cheezein khoji.",8.5
13,"Sir, kya aap bata sakte hain ki ancient civilization of Mesopotamia ka itihaas kya hai?",chain_of_thought,ERROR,0.0,0,"Ancient civilization of Mesopotamia ka itihaas lagbhag 4500 BCE se 539 BCE tak ka hai. Ismein hamein sulabh sheheron, snaanagharon, aur anya suvidhaon ke avshesh milte hain. Ye log apne samay ke liye bahut aage the aur unhone bahut si nai cheezein khoji.",8.5
13,"Sir, kya aap bata sakte hain ki ancient civilization of Mesopotamia ka itihaas kya hai?",structured_context,"{""answer"": ""Mesopotamia ki pracheen sanskriti ek bahut hi prasiddh sanskriti thi, jo lagbhag 4500 varsh pehle shuru hui thi. Iska itihaas 4 majboot shaharon, Sumer, Akkad, Babylon aur Assyria ke aas-paas ghoomta hai. "", ""explanation"": ""Yahaan kuch pramukh bataein hain: Sumer ki sanskriti ne pahla lipi, pahla ganit, aur pahla dharam ki sthapna ki thi. Akkad shahar ne Sumer ke baad rajneeti aur saamrajya ke liye ek naye aayam kha. Babylon ne ek prasiddh sanskriti ko sthapit kiya, jahaan ne keval n",9.905,357,"Ancient civilization of Mesopotamia ka itihaas lagbhag 4500 BCE se 539 BCE tak ka hai. Ismein hamein sulabh sheheron, snaanagharon, aur anya suvidhaon ke avshesh milte hain. Ye log apne samay ke liye bahut aage the aur unhone bahut si nai cheezein khoji.",8.5
13,"Sir, kya aap bata sakte hain ki ancient civilization of Mesopotamia ka itihaas kya hai?",hierarchical_context,"Arre, aap log jaante hain ki Mesopotamia kahaan hai? Ye woh jagah thi jo aaj ka Iraq hai. Lekin yah jagah ek bahut hi mahatvapoorn jagah thi, kyunki yahaan pe ek bahut hi purani sanskriti thi.

Mesopotamia ki sanskriti ki shuruaat lagbhag 4500 varsh pehli thi, jab yahaan pe pehle log aaye the. Ye log ne apne aas-paas ki jagah ko apnaana shuru kar diya aur apne kheti-karne ka kaam shuru kiya. Yeh log ne apne kheti-karne ke liye paani ka upyog karna shuru kiya, jisse unke kheti-karne ki kshamata b",4.301,696,"Ancient civilization of Mesopotamia ka itihaas lagbhag 4500 BCE se 539 BCE tak ka hai. Ismein hamein sulabh sheheron, snaanagharon, aur anya suvidhaon ke avshesh milte hain. Ye log apne samay ke liye bahut aage the aur unhone bahut si nai cheezein khoji.",8.5
13,"Sir, kya aap bata sakte hain ki ancient civilization of Mesopotamia ka itihaas kya hai?",rag_style,"Aapka sawaal bahut hi achha hai. Mesopotamia ki purani sabhyata ka itihaas bahut hi mahatvapoorn aur prasiddh hai.

Mesopotamia ka itihaas lagbhag 4500 varsh purana hai, jab yeh sabhyata ne apna pehla adharsh sthal banaya tha. Is sabhyata ka sthaan lagbhag aajki Iraq ke paas hai.

Is sabhyata ka naam ""Mesopotamia"" se mila hai, jiska arth hai ""desh ke beech"" ya ""deshon ke beech"". Yeh sabhyata Tigris aur Eufrates nadiyon ke beech sthit thi.

Mesopotamia ki sabhyata ne apne itihaas mein kai mahatva",6.181,707,"Ancient civilization of Mesopotamia ka itihaas lagbhag 4500 BCE se 539 BCE tak ka hai. Ismein hamein sulabh sheheron, snaanagharon, aur anya suvidhaon ke avshesh milte hain. Ye log apne samay ke liye bahut aage the aur unhone bahut si nai cheezein khoji.",8.5
13,"Sir, kya aap bata sakte hain ki ancient civilization of Mesopotamia ka itihaas kya hai?",tree_of_thought,"Sir, maine kai tareeke se socha hai:

Pehla soch: Mesopotamia ki sabse pracheen shahari sanskriti ka itihaas lagbhag 4500 varsh pauraniki hai, jo ki Sumerians, Akkadians, Babylonians, Assyrians, aur Chaldeans jaise logon ne sthapit ki thi. In logon ne vishva ki sabse pehle dharti ke paani se upyog karne wali neeche ki kheti ka vikaas kiya tha. Unhone apne sheheron mein vishva ki sabse pehle takneekon ka upyog kiya, jaise ki chhatrion, masjidon, aur dharmik sthalon ka nirmaan.

Dusra soch: Mesopo",7.279,626,"Ancient civilization of Mesopotamia ka itihaas lagbhag 4500 BCE se 539 BCE tak ka hai. Ismein hamein sulabh sheheron, snaanagharon, aur anya suvidhaon ke avshesh milte hain. Ye log apne samay ke liye bahut aage the aur unhone bahut si nai cheezein khoji.",8.5
13,"Sir, kya aap bata sakte hain ki ancient civilization of Mesopotamia ka itihaas kya hai?",agentic_context,"Arre bhai, main to aapki madad karne ke liye taiyar hoon. Mesopotamia, jise ""duniya ke sabse pehle shahar"" ke roop mein janaya jaata hai, uski itihaas bahut hi mahatvapoorn hai. 

Step 1: Mesopotamia ka itihaas kya hai?
Step 2: Yeh pata karte hain ki Mesopotamia ka itihaas kis samay se shuru hua aur kis samay tak chala.

Mesopotamia ki itihaas kai prachin sanskritiyon ka ek mool sanskriti hai. Yeh 4th millennium BCE se 1st millennium CE tak vahana karta raha, jismein Sumer, Akkad, Babylon, Ashur",7.34,760,"Ancient civilization of Mesopotamia ka itihaas lagbhag 4500 BCE se 539 BCE tak ka hai. Ismein hamein sulabh sheheron, snaanagharon, aur anya suvidhaon ke avshesh milte hain. Ye log apne samay ke liye bahut aage the aur unhone bahut si nai cheezein khoji.",8.5
14,"Ma'am, kya hum geography meh natural resources ke baare meh jaan sakte hai?",zero_shot,"Beta, geography mein natural resources ke baare mein jaana bahut zaroori hai. Natural resources kya hain, yeh hain jo Pachtaatva se uplabdh hote hain aur humein unke liye kuch bhi karne ke liye nahi, balki unhein upyog karke hum apne jeevan ko surakshit aur sukhad bana sakte hain.

Geography mein, natural resources ko chhote-chhote categories meh divide kiya jata hai:

1. **Pani**: Jaise water, ocean, sea, river aur lake.
2. **Mitti**: Jaise soil, clay, sand aur pebbles.
3. **Khana**: Jaise food",4.933,439,"Haan, natural resources jaise ki water, mineral, fossil fuels, aur forests bahut mahatvapoorn hoti hai. In resources ki upyogita aur sanrakshan bahut zaruri hai.",8.5
14,"Ma'am, kya hum geography meh natural resources ke baare meh jaan sakte hai?",few_shot,"Bilkul, beta. Geography mein natural resources ke baare mein jaanne ke liye kai topics hain. 

Pehle, yeh jaano ki natural resources kya hain. Natural resources veh resources hai jo prakriti se milte hain aur humein unki madad se jeevan bhar aaraam aur sukhad se bhar sakte hain. Yeh resources do prakaar ke hote hain: renewable aur non-renewable.

Renewable resources woh resources hote hain jo dobara ban sakte hain, jaise ki: 
- Pani (jaise ki nadi, jheel, samudra)
- Suraj ki energy (solar energy",4.829,463,"Haan, natural resources jaise ki water, mineral, fossil fuels, aur forests bahut mahatvapoorn hoti hai. In resources ki upyogita aur sanrakshan bahut zaruri hai.",8.5
14,"Ma'am, kya hum geography meh natural resources ke baare meh jaan sakte hai?",chain_of_thought,"Arre bhai, geography mein natural resources ke baare mein jaanne ke liye hum kuch steps follow kar sakte hai:

1. **Pehle, hum geology aur climate ko samajhna hoga**: Natural resources aise resources hote hain jo prakriti mein paaye jaate hain, jaise ki paani, mitti, aur jalvidyut. Geology aur climate humein yeh samajhne mein madad karta hai ki kya resources kahan paaye jaate hain aur vahanon par kab kaam karte hain.

2. **Fir, hum natural resources ke prakaar ko samajhna hoga**: Natural resourc",4.138,651,"Haan, natural resources jaise ki water, mineral, fossil fuels, aur forests bahut mahatvapoorn hoti hai. In resources ki upyogita aur sanrakshan bahut zaruri hai.",8.5
14,"Ma'am, kya hum geography meh natural resources ke baare meh jaan sakte hai?",structured_context,"{""answer"": ""Haan, bilkul! Geographical sciences mein natural resources ke baare mein bahut kuch seekha jaata hai. Natural resources ke liye kuch pramukh sources hain:\n1. Paryavaran (Environment) - Pani, hawa, mitti, etc.\n2. Jadu (Minerals) - Coal, petroleum, iron, copper, etc.\n3. Jagat (Land) - Agriculture, forestry, grazing, etc.\n4. Jal (Water) - Surface water aur groundwater.\n5. Vayumandal (Atmosphere) - Solar energy, wind energy, etc.\n6. Jeevan (Living resources) - Jeev jantu, khadya, e",6.793,426,"Haan, natural resources jaise ki water, mineral, fossil fuels, aur forests bahut mahatvapoorn hoti hai. In resources ki upyogita aur sanrakshan bahut zaruri hai.",8.5
14,"Ma'am, kya hum geography meh natural resources ke baare meh jaan sakte hai?",hierarchical_context,"Beta, geography mein natural resources ke baare mein jaanne ke liye aapko kuch zaroori cheezein samajhni hongi. Natural resources humare aas-paas ke prakritik drishyaon mein uplabdh hoti hain, jo humara jeevan aur samaj ko prabhavit karte hain.

Pehli baat, natural resources ke kai prakaar hote hain. Yeh hain:

1. **Paudhe**: Jaise ki kheti kaal, dekhne mein sundar phool, jangal, aur anya prakaar ke pataal.
2. **Paani**: Jal, jaisa ki nadiya, jheel, talab, aur barf.
3. **Mehul**: Jaise ki petrol",5.253,783,"Haan, natural resources jaise ki water, mineral, fossil fuels, aur forests bahut mahatvapoorn hoti hai. In resources ki upyogita aur sanrakshan bahut zaruri hai.",8.5
14,"Ma'am, kya hum geography meh natural resources ke baare meh jaan sakte hai?",rag_style,"Arre yaar, bhai geography mein natural resources ke baare mein bahut kuchh jaana jaata hai. 

Natural resources ke baare mein kuchh mahatvapoorn points yeh hain:

1. Pani: Pani humare pas hai, lekin ismein bhi vishesh koshish karni padti hai. Hum pani ko jalvaayu parivartan se bacha sakte hain aur uska upyog aarambhik shiksha, swachchta, aur khadya utpaadon mein kar sakte hain.

2. Urja: Urja ki do prakar hain - vanchit urja aur avyakta urja. Vanchit urja mein coal, petroleum, aur gandhak shaami",7.184,546,"Haan, natural resources jaise ki water, mineral, fossil fuels, aur forests bahut mahatvapoorn hoti hai. In resources ki upyogita aur sanrakshan bahut zaruri hai.",8.5
14,"Ma'am, kya hum geography meh natural resources ke baare meh jaan sakte hai?",tree_of_thought,"Arre, main soch raha hoon... 

1. **Pahadon aur samundar ke paas kya hai**: Main soch raha hoon ki hum geography meh natural resources ke baare meh jaan sakte hai, jaise ki pahadon aur samundar ke paas paani, mineral, aur anya resources hain.

2. **Jalvayu aur makkhan ke paas kya hai**: Main soch raha hoon ki hum geography meh natural resources ke baare meh jaan sakte hai, jaise ki jalvayu aur makkhan ke paas pahadon, nadiyon, aur anya resources hain.

3. **Jameen ke paas kya hai**: Main soch ra",4.607,392,"Haan, natural resources jaise ki water, mineral, fossil fuels, aur forests bahut mahatvapoorn hoti hai. In resources ki upyogita aur sanrakshan bahut zaruri hai.",8.5
14,"Ma'am, kya hum geography meh natural resources ke baare meh jaan sakte hai?",agentic_context,"Arre, hum to jaante hain ki geography mein natural resources ke baare mein kya hota hai! 

Step 1: Samajhne ke baad, maine socha ki hum natural resources ke kai prakaar hotae hain, jaise ki:

- Pani (jaise ki jalvayu, jalen, nadiyan, etc.)
- Bhoo-sampada (jaise ki khooni, rai, khaad, etc.)
- Jad mein energy (jaise ki jalvayu, bhu-mithaai, gahnon ki energy, etc.)
- Prakritik gas aur dhaatu (jaise ki petroleum, coal, gas, etc.)
- Prakritik mausam (jaise ki matwale mausam, matwale mausam, etc.)

St",4.979,556,"Haan, natural resources jaise ki water, mineral, fossil fuels, aur forests bahut mahatvapoorn hoti hai. In resources ki upyogita aur sanrakshan bahut zaruri hai.",8.5
15,"Pass summit ki elevation kya thi, aur wahan kya traditional markers milte hain? Hum finally pass ke top par 5,515 metres par pahunch gaye. Yeh ek bade cairn of rocks se marked tha, jahan white silk scarves aur ragged prayer flags lage hue the.",zero_shot,"Arre, tumne summit par pahunch kar ek bahut hi sundar anubhav kiya hoga! 

Summit ki elevation 5,515 metres thi, aur wahan ek bada cairn of rocks tha jo traditional markers ke roop mein use kiya jata hai. 

Yeh white silk scarves aur ragged prayer flags lage hue the, jo ek prakritik aur spiritual anubhav pradan karte hain. 

Tumhare pass ke top par pahunchne se tumne ek bahut hi unchaayi ko palatne aur apne shareer ki shakti ko samajhne ka anubhav liya hoga.",3.479,265,"Pass summit 5,515 metres par tha, aur yeh ek bade cairn of rocks se marked tha, jahan white silk scarves aur ragged prayer flags lage hue the.",8.5
15,"Pass summit ki elevation kya thi, aur wahan kya traditional markers milte hain? Hum finally pass ke top par 5,515 metres par pahunch gaye. Yeh ek bade cairn of rocks se marked tha, jahan white silk scarves aur ragged prayer flags lage hue the.",few_shot,ERROR,0.0,0,"Pass summit 5,515 metres par tha, aur yeh ek bade cairn of rocks se marked tha, jahan white silk scarves aur ragged prayer flags lage hue the.",8.5
15,"Pass summit ki elevation kya thi, aur wahan kya traditional markers milte hain? Hum finally pass ke top par 5,515 metres par pahunch gaye. Yeh ek bade cairn of rocks se marked tha, jahan white silk scarves aur ragged prayer flags lage hue the.",chain_of_thought,ERROR,0.0,0,"Pass summit 5,515 metres par tha, aur yeh ek bade cairn of rocks se marked tha, jahan white silk scarves aur ragged prayer flags lage hue the.",8.5
15,"Pass summit ki elevation kya thi, aur wahan kya traditional markers milte hain? Hum finally pass ke top par 5,515 metres par pahunch gaye. Yeh ek bade cairn of rocks se marked tha, jahan white silk scarves aur ragged prayer flags lage hue the.",structured_context,ERROR,0.0,0,"Pass summit 5,515 metres par tha, aur yeh ek bade cairn of rocks se marked tha, jahan white silk scarves aur ragged prayer flags lage hue the.",8.5
15,"Pass summit ki elevation kya thi, aur wahan kya traditional markers milte hain? Hum finally pass ke top par 5,515 metres par pahunch gaye. Yeh ek bade cairn of rocks se marked tha, jahan white silk scarves aur ragged prayer flags lage hue the.",hierarchical_context,ERROR,0.0,0,"Pass summit 5,515 metres par tha, aur yeh ek bade cairn of rocks se marked tha, jahan white silk scarves aur ragged prayer flags lage hue the.",8.5
15,"Pass summit ki elevation kya thi, aur wahan kya traditional markers milte hain? Hum finally pass ke top par 5,515 metres par pahunch gaye. Yeh ek bade cairn of rocks se marked tha, jahan white silk scarves aur ragged prayer flags lage hue the.",rag_style,ERROR,0.0,0,"Pass summit 5,515 metres par tha, aur yeh ek bade cairn of rocks se marked tha, jahan white silk scarves aur ragged prayer flags lage hue the.",8.5
15,"Pass summit ki elevation kya thi, aur wahan kya traditional markers milte hain? Hum finally pass ke top par 5,515 metres par pahunch gaye. Yeh ek bade cairn of rocks se marked tha, jahan white silk scarves aur ragged prayer flags lage hue the.",tree_of_thought,"Mujhe kuch vichar aa rahe hain:

1. Jab main apni yatra ke baare mein sochta hoon, toh main sochta hoon ki summit ke elevation par kya tha? Kya wahan par koi traditional markers the, jaise ki flags ya cairn?

2. Agar main ek mountaineer hoon, toh main sochta hoon ki main kaise summit par pahuncha, aur kya maine koi special markers kiya tha?

3. Jab main yeh passage padhta hoon, toh main sochta hoon ki summit ke elevation aur wahan ke markers ke baare mein kuch aur jaankari kya hai?",9.598,278,"Pass summit 5,515 metres par tha, aur yeh ek bade cairn of rocks se marked tha, jahan white silk scarves aur ragged prayer flags lage hue the.",8.5
15,"Pass summit ki elevation kya thi, aur wahan kya traditional markers milte hain? Hum finally pass ke top par 5,515 metres par pahunch gaye. Yeh ek bade cairn of rocks se marked tha, jahan white silk scarves aur ragged prayer flags lage hue the.",agentic_context,"Sab kuch samajh liya, ab sochne ka samay hai.

So, yeh to pata chal gaya hai ki hum summit ki elevation 5,515 metres par pahunch gaye. Ab, traditional markers ke baare mein sochne ka samay hai.

Traditional markers ke baare mein yeh pata chalata hai ki summit par ek bade cairn of rocks se marked tha, jahan white silk scarves aur ragged prayer flags lage hue the. Yeh to pata chal gaya hai ki yeh markers traditional tareeke se lagaye gaye hain, jaise ki white silk scarves aur prayer flags, jo Hima",2.457,305,"Pass summit 5,515 metres par tha, aur yeh ek bade cairn of rocks se marked tha, jahan white silk scarves aur ragged prayer flags lage hue the.",8.5
16,"The Tale of Melon City mein arch ke baare mein conflict kyu hua, King ne plans mein kya change kiya tha?",zero_shot,"The Tale of Melon City mein arch ke baare mein conflict yeh hai ki King ne apne ek bade aur majboot arch ka nirman karne ka faisla kiya tha. Lekin woh ek samajhdaar aur adhikaro ka samman karne wala king tha, isliye usne apne logon ko apni rai leni chaahiye. 

Usne ek baarish ke dauran apne arch ka kuchh hisse tode dekar apne logon ko bataaya aur unka faisla le liya. King ne apne arch ka design badla aur iske saath hi uske baare mein logon ko puchhne aur unke vichar lene ki vyavastha bhi ki.",0.523,246,Jab architect ne plans king ko dikhaye toh usne kuch changes kiye,8.5
16,"The Tale of Melon City mein arch ke baare mein conflict kyu hua, King ne plans mein kya change kiya tha?",few_shot,"Bhaiya, The Tale of Melon City mein arch ke baare mein conflict yeh hua kyunki King ne ek naya plan banaya tha. Uska plan yeh tha ki woh ek bahut bada aur anokha arch banaane ke liye ek andhera paani jama karega. Lekin yeh paani aise jama kiya gaya tha ki woh city ko neeche khinch dena shuru kar dega.

King ka yeh plan sabko pasand nahi aaya, kyunki woh jaante the ki yeh arch city ko nuksan pahuncha dega. Isliye, unhone King se yeh kaha ki woh apne plan ko badal de aur kuch aur karke apni wajah ",3.709,385,Jab architect ne plans king ko dikhaye toh usne kuch changes kiye,8.5
16,"The Tale of Melon City mein arch ke baare mein conflict kyu hua, King ne plans mein kya change kiya tha?",chain_of_thought,ERROR,0.0,0,Jab architect ne plans king ko dikhaye toh usne kuch changes kiye,0.0
16,"The Tale of Melon City mein arch ke baare mein conflict kyu hua, King ne plans mein kya change kiya tha?",structured_context,"{""answer"": ""King ne apni shakti aur arch ke liye ek naya plan badla tha, jismein unhone apni shakti ko badhane ke liye dusron ke saath milne aur unke saath milke apni shakti ko badhane ka faisla kiya tha."", ""explanation"": ""King ne apne arch ke liye ek naya plan badla tha, jismein unhone apni shakti ko badhane ke liye dusron ke saath milne aur unke saath milke apni shakti ko badhane ka faisla kiya tha. Jab unhone yeh suna ki Melon City ki arch ne apne liye ek naya plan badla tha, tab King ne yeh ",3.571,355,Jab architect ne plans king ko dikhaye toh usne kuch changes kiye,5.0
16,"The Tale of Melon City mein arch ke baare mein conflict kyu hua, King ne plans mein kya change kiya tha?",hierarchical_context,"Bachcho, aaj hum The Tale of Melon City par ghumne wale hain. Yeh ek purani kahaani hai jo humein seekhne ke liye bahut achhi hai.

Yeh kahaani hai ek sheher ke baare mein, jiska naam Melon City tha. Is sheher ke king ne ek plan banaya tha, jiska naam 'The Great Melon Project' tha. Is project ke madhyam se, king ne apne sheher ko sabse badi melon farm banane ka plan banaya tha.

Lekin, king ki yeh plans ko sunne ke baad, king ke daftar mein ek chhote se ladke ne king ko bataya ki yeh plan achha ",5.354,704,Jab architect ne plans king ko dikhaye toh usne kuch changes kiye,8.5
16,"The Tale of Melon City mein arch ke baare mein conflict kyu hua, King ne plans mein kya change kiya tha?",rag_style,"Arre, yeh question to bahut aisa hai. 

The Tale of Melon City mein arch ke baare mein conflict kyu hua, King ne plans mein kya change kiya tha?

Jab King ne arch ki design mein ek naya change kiya, to logon ko lagaa ki wah unke adhikaaron ki khatra hai. King ne arch ko aise design kiya tha jiska sahi se upyog karna bahut mushkil tha, aur logon ko laga ki yeh unke liye nuksaan daal sakta hai. Ise dekhkar logon ne apni ninda kar di aur King par protest kiya.

King ne socha ki yeh ek achha idea ha",7.067,542,Jab architect ne plans king ko dikhaye toh usne kuch changes kiye,8.5
16,"The Tale of Melon City mein arch ke baare mein conflict kyu hua, King ne plans mein kya change kiya tha?",tree_of_thought,"Mujhe 3 tareekon se sochne ka mauka diya gaya hai: 

1. **Story mein soch**: Main kya kya padh raha hoon? Isse pata lagta hai ki Melon City mein arch ke baare mein conflict King ke plans ke karan hua. King ne city mein ek naya building banwana socha tha, jo ki arch ke kareeb tha. Isse city ke logon mein galat samajh hogi aur ek conflict utha. 

2. **Logic mein soch**: King ne city mein ek naya building banwana socha tha, jo ki arch ke kareeb tha. Isse city ke logon ko lagta hai ki king unki prop",4.848,434,Jab architect ne plans king ko dikhaye toh usne kuch changes kiye,8.5
16,"The Tale of Melon City mein arch ke baare mein conflict kyu hua, King ne plans mein kya change kiya tha?",agentic_context,ERROR,0.0,0,Jab architect ne plans king ko dikhaye toh usne kuch changes kiye,0.0
17,What is the process of eutrophication?,zero_shot,"Arre, eutrophication ka process yeh hai: ek paani ke kshetra mein, jaise ki jal mein ya jameen mein, hamaare karyon ke kai aisa paryavaranik avishesh hote hain jo jeev-jantuon aur anya aisaan ko viksit karne ke liye aavashyak hote hain. 

Yah process aisa hota hai: jab hamaare karyon ke kai aisa paryavaranik avishesh, jaise ki nitrogen, phosphorus aur potassium, paani ya jameen mein jaate hain, to yeh jeev-jantuon aur anya aisaan ko viksit karne ke liye aavashyak hote hain. 

Lekin jab yeh avish",7.76,372,"Eutrophication is the process by which a body of water becomes enriched with excess nutrients, such as nitrogen and phosphorus. This can lead to an overgrowth of algae, which can deplete the oxygen in the water and harm aquatic life. Eutrophication can be caused by human activities such as agricultu",8.5
17,What is the process of eutrophication?,few_shot,"Bhaiya eutrophication ka process yeh hai: Jab paani mein excessive nutrients jaise nitrogen aur phosphorus daalte hai, toh isse alag-alag prajaatiyon ke paudhe aur janwar jaldi se badhne lagte hai. Yeh paudhe aur janwar paani mein oxygen ka level kam kar dete hain aur isse paani ko kharaab kar dete hain. Is process ko ekneekaran kaha jata hai, jismein paani ki gunvatta kam ho jati hai.",3.417,205,"Eutrophication is the process by which a body of water becomes enriched with excess nutrients, such as nitrogen and phosphorus. This can lead to an overgrowth of algae, which can deplete the oxygen in the water and harm aquatic life. Eutrophication can be caused by human activities such as agricultu",8.5
17,What is the process of eutrophication?,chain_of_thought,"Arre, let's break down eutrophication ka process in simple steps:

**Step 1: Excess nutrients**
- Sabse pehle, jab humnein paani mein excess nutrients jaise nitrogen aur phosphorus dalte hain, ismein microorganisms aur plants ki growth badhti hai.

**Step 2: Algae growth**
- Iske baad, algae ki growth badhti hai, jo ki paani ke surface par grow karti hai. Vah oxygen ki production bhi karta hai, lekin unke death ke baad, vah oxygen ko paani mein dal dete hain.

**Step 3: Oxygen depletion**
- Jab ",2.9,469,"Eutrophication is the process by which a body of water becomes enriched with excess nutrients, such as nitrogen and phosphorus. This can lead to an overgrowth of algae, which can deplete the oxygen in the water and harm aquatic life. Eutrophication can be caused by human activities such as agricultu",8.5
17,What is the process of eutrophication?,structured_context,"{""answer"": ""Eutrophication hai ek prakriya jismein jal mein paani ki gati badh jaati hai aur usmein khana ki matra badh jaati hai."", ""explanation"": ""Is prakriya mein jal mein khana ki matra badhne se microorganisms jaise bacteria aur algae ka vikas hota hai. Ye microorganisms khana ka upyog karke oxygen chhodte hain, jisse jal ki gati badh jaati hai aur paani ka rang badal jaata hai. Eutrophication ke parinaamswaroop jal mein oxygen ki kami ho jaati hai aur jal mein khane ki matra badh jaati hai",3.591,250,"Eutrophication is the process by which a body of water becomes enriched with excess nutrients, such as nitrogen and phosphorus. This can lead to an overgrowth of algae, which can deplete the oxygen in the water and harm aquatic life. Eutrophication can be caused by human activities such as agricultu",8.5
17,What is the process of eutrophication?,hierarchical_context,ERROR,0.0,0,"Eutrophication is the process by which a body of water becomes enriched with excess nutrients, such as nitrogen and phosphorus. This can lead to an overgrowth of algae, which can deplete the oxygen in the water and harm aquatic life. Eutrophication can be caused by human activities such as agricultu",8.5
17,What is the process of eutrophication?,rag_style,"Eutrophication ka process yeh hai: 
Ek samudra ya jalvayu mein suraj ki energy se algae aur plants ke growth mein aadhaaran upyog hota hai. Jab inke baad ismein bacteria ke growth mein aadhaaran upyog hota hai, to inke khatam hone ke baad yeh suraj ki energy ko ek new form mein badal dete hain, jise nitrate aur phosphate ke naam se jaana jaata hai.

Yeh nitrate aur phosphate jalaawar ke paani mein chali jaati hain aur fir se algae aur plants ke growth mein aadhaaran upyog hoti hain, is prakriya ",0.681,349,"Eutrophication is the process by which a body of water becomes enriched with excess nutrients, such as nitrogen and phosphorus. This can lead to an overgrowth of algae, which can deplete the oxygen in the water and harm aquatic life. Eutrophication can be caused by human activities such as agricultu",8.5
17,What is the process of eutrophication?,tree_of_thought,ERROR,0.0,0,"Eutrophication is the process by which a body of water becomes enriched with excess nutrients, such as nitrogen and phosphorus. This can lead to an overgrowth of algae, which can deplete the oxygen in the water and harm aquatic life. Eutrophication can be caused by human activities such as agricultu",8.5
17,What is the process of eutrophication?,agentic_context,ERROR,0.0,0,"Eutrophication is the process by which a body of water becomes enriched with excess nutrients, such as nitrogen and phosphorus. This can lead to an overgrowth of algae, which can deplete the oxygen in the water and harm aquatic life. Eutrophication can be caused by human activities such as agricultu",8.5
18,"Ma'am, mineral kya hota hai?",zero_shot,"Bhai, mineral ek prakrtik vastu hai jo prakrti mein paryaapt maatra mein upasthit hoti hai aur ismein koi jeevik kriya nahin hoti. Ismein paryapt maatra mein ek ya adhik dharti dhatu hoti hai, jaise ki loha, kupar, ya sisa. Mineral aapko paseene, dhantu, dantu, ya hriday rog se laajmi sahayata kar sakte hain.",1.445,172,Mineral ek aisi vastu hoti hai jo prakriti mein paayi jaati hai aur jiske gunon ko hum upyog mein laate hain. Mineral ki aavashyakata humari jeevan shaili ko banaye rakhne ke liye hoti hai.,8.5
18,"Ma'am, mineral kya hota hai?",few_shot,ERROR,0.0,0,Mineral ek aisi vastu hoti hai jo prakriti mein paayi jaati hai aur jiske gunon ko hum upyog mein laate hain. Mineral ki aavashyakata humari jeevan shaili ko banaye rakhne ke liye hoti hai.,8.5
18,"Ma'am, mineral kya hota hai?",chain_of_thought,ERROR,0.0,0,Mineral ek aisi vastu hoti hai jo prakriti mein paayi jaati hai aur jiske gunon ko hum upyog mein laate hain. Mineral ki aavashyakata humari jeevan shaili ko banaye rakhne ke liye hoti hai.,0.0
18,"Ma'am, mineral kya hota hai?",structured_context,"{""answer"": ""Pahadi ya bhoo mein paane wale moolkano, jaise ki paudhon ki matra, dhaati, metheem, aur anya khanij."", ""explanation"": ""Mineral pahadi ya bhoo mein paane wale moolkano hain jo paudhon ki matra, dhaati, metheem, aur anya khanijon mein shaamil hain. Inhein aam taur par paudhon ki jadon ya bhoo ke khane ka hissa mana jata hai.""}",8.502,195,Mineral ek aisi vastu hoti hai jo prakriti mein paayi jaati hai aur jiske gunon ko hum upyog mein laate hain. Mineral ki aavashyakata humari jeevan shaili ko banaye rakhne ke liye hoti hai.,7.5
18,"Ma'am, mineral kya hota hai?",hierarchical_context,"Bachche, mineral ek prakritik vastu hai jo pachtaole aur jameen se nikalta hai. Yeh prakritik vastu vibhinn tatvon se bani hoti hai, jaise ki karbon, hydrogen, oxygen, nitrogen, aur anya. Mineral prakritik roop se utpaadit hote hain aur vibhinn upyogon ke liye kaam aate hain.

Jaise, aapko pata hai ki pani ek mineral hai, aur hamein pani ki aavashyakta hoti hai. Isi tarah, kuchh anya mineral hain jo hamein swasthya aur shaktishali banate hain, jaise ki calcium aur iron.

Mineral prakritik vastuo",2.712,371,Mineral ek aisi vastu hoti hai jo prakriti mein paayi jaati hai aur jiske gunon ko hum upyog mein laate hain. Mineral ki aavashyakata humari jeevan shaili ko banaye rakhne ke liye hoti hai.,8.5
18,"Ma'am, mineral kya hota hai?",rag_style,"Ma'am, mineral ek prakritik sthiti hai jiska upyog vibhinn tarikon se hota hai, jaise ki khane, pani paana, gharelu upyog, ya praudyogiki.",3.389,129,Mineral ek aisi vastu hoti hai jo prakriti mein paayi jaati hai aur jiske gunon ko hum upyog mein laate hain. Mineral ki aavashyakata humari jeevan shaili ko banaye rakhne ke liye hoti hai.,8.5
18,"Ma'am, mineral kya hota hai?",tree_of_thought,"Arre, mere dimaag mein teen cheejein aayi hain:

1. Jab main sochta hoon, toh maanata hai ki mineral ek prakaar ka paryavaran hai, jaise ki khad, maidaan, ya paani.
2. Phir main sochta hoon ki mineral ek prakaar ka samuday hai, jismein vibhinn tatv hote hain, jaise ki loha, copper, aur calcium.
3. Aur last mein main sochta hoon ki mineral ek prakaar ka vastu hai, jo prakriti se milta hai, jaise ki pathar, mool, ya diamond.

Lekin, best answer yeh hai: ""Ma'am, mineral ek prakaar ka vastu hai, jo ",1.629,311,Mineral ek aisi vastu hoti hai jo prakriti mein paayi jaati hai aur jiske gunon ko hum upyog mein laate hain. Mineral ki aavashyakata humari jeevan shaili ko banaye rakhne ke liye hoti hai.,8.5
18,"Ma'am, mineral kya hota hai?",agentic_context,"Arre, pata hai mineral kya hota hai. Mineral ek prakaar ki nativy prakritik samagri hai jo dharti ke viksit hona se utpann hoti hai. Ismein pashuon se adhik se adhik vibhinn tarah ke tatvon ka sammelan hota hai. Mineral ke utpaadon mein paryapti, loha, chuna aur jalvayu aate hain.

Isse samajhne ke liye ek uchit udaaharan yeh hai ki jaise humari dharti mein paryapti ke khane ke tatvon, jalvayu ke tatvon aur chuna ke tatvon ka sammelan hota hai, jaise ki hira, ratti, neelam, diamond, aur chuna ke",3.758,354,Mineral ek aisi vastu hoti hai jo prakriti mein paayi jaati hai aur jiske gunon ko hum upyog mein laate hain. Mineral ki aavashyakata humari jeevan shaili ko banaye rakhne ke liye hoti hai.,5.0
19,1994 mein kaun si ghatna thi jisne India ke shehri girawat ko global taur par ujagar kiya?,zero_shot,"1994 mein Bhopal ghanashayak dhang ke aadheen aur aadhikaron ka prataadhaan India ke shehri girawat ko global taur par ujagar kiya. Yeh ghatna Bhopal mein 1984 mein hui thi, lekin 1994 mein ek aadheen aur aadhikaar kiya gaya, jisne dhang ke aadheen aur aadhikaaron ki khatarnakta ko duniya bhar mein ujagar kiya.",1.445,200,1994 mein Surat mein pneumonic plague ne India ke shehri girawat ko global taur par ujagar kiya,4.0
19,1994 mein kaun si ghatna thi jisne India ke shehri girawat ko global taur par ujagar kiya?,few_shot,"Bhaiya, 1994 mein badi ghatna thi jo India ke shehri girawat ko global taur par ujagar kiya. Woh ghatna thi Mumbai mein bomb blast. 13th March 1993 ko Mumbai mein ek bahut bada bomb blast hua tha jisme 257 logon ne life gavaari kar li thi aur 713 log injured hue the. 

Is ghatna ne India ke shehri girawat ko global taur par ujagar kiya aur logon ko samajhne mein madad ki ki shehri girawat ek aisi cheez hai jo har jagah hoti hai, Bharat ya America, koi bhi desh.

Is ghatna ke baad India ki police",2.625,315,1994 mein Surat mein pneumonic plague ne India ke shehri girawat ko global taur par ujagar kiya,8.5
19,1994 mein kaun si ghatna thi jisne India ke shehri girawat ko global taur par ujagar kiya?,chain_of_thought,"Arre, yeh sawal bahut achi cheez hai. Toh hum isse step-by-step solve karenge.

1. **Samay aur sthiti ka pata karein**: Pehle, humein 1994 ka samay aur sthiti ka pata karna hoga. Is samay mein, India ka shehri vikas bahut tazaa tha aur duniya bhar mein shehri vikas ke maamle mein India ka kadamdaaz hota tha.

2. **Globalization ka samay**: 1990 ke dashak mein, globalization ka samay tha. Is samay mein, duniya bhar mein shehri vikas ke liye kai naye tareeke aur naye tanaav aane lage the.

3. **In",3.05,561,1994 mein Surat mein pneumonic plague ne India ke shehri girawat ko global taur par ujagar kiya,8.5
19,1994 mein kaun si ghatna thi jisne India ke shehri girawat ko global taur par ujagar kiya?,structured_context,"{""answer"": ""Bharatiya Shehri Girawat Abhiyan"", ""explanation"": ""1994 mein Bharatiya Shehri Girawat Abhiyan ne India ke shehri girawat ko global taur par ujagar kiya. Yeh abhiyan astitva, samaj aur aarthik vikas ke muddon par dhyan kendrit karke Bharatiya shehri girawat ko badalne ka prayas karta hai.""}",5.5,198,1994 mein Surat mein pneumonic plague ne India ke shehri girawat ko global taur par ujagar kiya,0.0
19,1994 mein kaun si ghatna thi jisne India ke shehri girawat ko global taur par ujagar kiya?,hierarchical_context,"Beta, 1994 mein ek bahut bada utsah aaya tha India ke shehri vikaas ke bare mein. Lekin hum aapko ek vishesh ghatna ke bare mein batate hain. 

1994 mein, India ka Agra mein ek aisa project kiya gaya jiska naam 'Taj Mahal: Monument of Love' tha. Yah ek film thi jo Taj Mahal ki kahaani karte hue ek 5-minute ka clip tha. Lekin ismein ek bahut bada uddhav tha. Yeh film isliye bada uddhav thi kyunki ismein India ke shehri vikaas aur Taj Mahal ki swachchta aur beemaarpan ko dikhaaya gaya tha.

Lekin ",2.25,567,1994 mein Surat mein pneumonic plague ne India ke shehri girawat ko global taur par ujagar kiya,2.0
19,1994 mein kaun si ghatna thi jisne India ke shehri girawat ko global taur par ujagar kiya?,rag_style,"1994 mein ek bahut hi mahatvapoorn ghatna thi jo India ke shehri girawat ko global taur par ujagar kiya. Woh ghatna thi... 

Slumdog Millionaire se pehle, ek anya film thi jo shehri girawat ko ujagar karne mein madadgi.  1994 mein, film 'Bandit Queen' banai gayi thi jo Phoolan Devi ke jeevan par baseeti thi, jo ek bahut hi poori aur gareebi se ladne wali mahila thi. 

Lekin, jisne India ke shehri girawat ko global taur par ujagar kiya, woh thi film 'Bandit Queen' ki director ki, Shekhar Kapur ke",5.932,466,1994 mein Surat mein pneumonic plague ne India ke shehri girawat ko global taur par ujagar kiya,4.5
19,1994 mein kaun si ghatna thi jisne India ke shehri girawat ko global taur par ujagar kiya?,tree_of_thought,"Ek tarah se sochta hoon: 1994 mein India ke shehri girawat ko global taur par ujagar karne wali ghatna, Bharat mein ek badi girawat thi. 

Doosri tarah se sochta hoon: 1994 mein ek bade girawat ke baad, India ko global taur par aage badhne k liye ek naya safar shuru hua. 

Teesri tarah se sochta hoon: 1994 mein, India ke shehri girawat ko global taur par ujagar karne wali ghatna, Bharat ki aarthik sthiti mein sudhar aane ka samay thi, jo ki desh ko vikasit duniya mein aage badhne mein madad kart",3.531,302,1994 mein Surat mein pneumonic plague ne India ke shehri girawat ko global taur par ujagar kiya,2.0
19,1994 mein kaun si ghatna thi jisne India ke shehri girawat ko global taur par ujagar kiya?,agentic_context,"Arre yaar, maine samajha toh kuch hai. 

1994 mein, ek bahut badi ghatna hui thi jo India ke shehri girawat ko global taur par ujagar ki. 

Ab main soch raha hoon... Ah, yaad aaya!

1994 mein, ek bahut bada incident hua tha, jo kehna jata hai ki ""Agra ke Taj Mahal mein gas leak ho gaya tha."" Lekin yeh sach nahi hai. 

Main phir se soch raha hoon... Ah, yaad aaya!

1994 mein, ek bahut bada incident hua tha, jo shehri girawat ko global taur par ujagar kiya. Yeh incident tha ""Surat ki gas leak."" 19",4.012,540,1994 mein Surat mein pneumonic plague ne India ke shehri girawat ko global taur par ujagar kiya,8.5
20,"Kya saboot hai ki Sahara desert 6000 saal pehle ek 'green' aur 'perfectly liveable' jagah tha? 6000 saal pehle, Sahara ek alag jagah tha, wo green tha. Sahara mein prehistoric rock art mein kuchh aisa dikhaya gaya hai jo hairan kar dene wala hai: hippopotamuses, jo saal bhar paani ki zaroorat hai.",zero_shot,"Sahara desert ka yeh vichar bahut anokha hai. 6000 saal pehle, yeh jagah ek green aur perfectly liveable thi, jiska matlab hai ki yeh wahan par pani aur zaroorat ki cheejein thi. Yeh saaboot prehistoric rock art mein diya gaya hai, jahan par hippopotamuses aur anya jeevon ke chitra hain. Ye chitra kahaani karte hain ki Sahara mein pahle paani ki boond bhi nahin thi, par wahan par jeevan thi. Ye vichar bahut hainkar kar dene wale hain, kyunki humein maloom hai ki Sahara ek desert hai, jahan par p",3.567,323,"6000 saal pehle Sahara green tha, aur prehistoric rock art mein hippopotamuses dikhaye gaye hain, jo saal bhar paani ki zaroorat hai, isse pata chalta hai ki wo ek 'perfectly liveable' environment tha.",8.5
20,"Kya saboot hai ki Sahara desert 6000 saal pehle ek 'green' aur 'perfectly liveable' jagah tha? 6000 saal pehle, Sahara ek alag jagah tha, wo green tha. Sahara mein prehistoric rock art mein kuchh aisa dikhaya gaya hai jo hairan kar dene wala hai: hippopotamuses, jo saal bhar paani ki zaroorat hai.",few_shot,"Bhaiya, Sahara desert ki baat karte hain, to yeh saboot hai ki 6000 saal pehle yeh ek green aur perfectly liveable jagah thi. Sahara ki prehistoric rock art mein hippopotamuses ke nishan paye gaye hain, jo saal bhar paani ki zaroorat karte hain. Yeh ek bahut bada saboot hai ki Sahara mein paani ki availability theek thi aur climate bhi thoda kam hota tha, isliye yeh green jagah thi.

Lekin ab Sahara ek vast desert hai, jahan paani ki kami bahut badi hai. Yeh ek bahut bada change hai, jo 6000 saa",4.663,399,"6000 saal pehle Sahara green tha, aur prehistoric rock art mein hippopotamuses dikhaye gaye hain, jo saal bhar paani ki zaroorat hai, isse pata chalta hai ki wo ek 'perfectly liveable' environment tha.",8.5
20,"Kya saboot hai ki Sahara desert 6000 saal pehle ek 'green' aur 'perfectly liveable' jagah tha? 6000 saal pehle, Sahara ek alag jagah tha, wo green tha. Sahara mein prehistoric rock art mein kuchh aisa dikhaya gaya hai jo hairan kar dene wala hai: hippopotamuses, jo saal bhar paani ki zaroorat hai.",chain_of_thought,"Arre yaar, hum is sawaal ka jawab dene ke liye ek baar phir se sochenge. 

Step 1: Sahara desert ka naam sunke hum sabhi sochenge ki yeh sabse bada desert kya hai. Sahara desert Africa mein sthit hai aur yeh sabse bada desert hai. 

Step 2: Hum sochenge ki Sahara desert 6000 saal pehle kaisa tha. Toh hum pata karenge ki 6000 saal pehle Sahara desert kaisa tha. 

Step 3: Hum pata karenge ki Sahara desert mein prehistoric rock art mein kya dikhaya gaya hai. Toh hum pata karenge ki rock art mein ky",3.972,660,"6000 saal pehle Sahara green tha, aur prehistoric rock art mein hippopotamuses dikhaye gaye hain, jo saal bhar paani ki zaroorat hai, isse pata chalta hai ki wo ek 'perfectly liveable' environment tha.",8.5
20,"Kya saboot hai ki Sahara desert 6000 saal pehle ek 'green' aur 'perfectly liveable' jagah tha? 6000 saal pehle, Sahara ek alag jagah tha, wo green tha. Sahara mein prehistoric rock art mein kuchh aisa dikhaya gaya hai jo hairan kar dene wala hai: hippopotamuses, jo saal bhar paani ki zaroorat hai.",structured_context,ERROR,0.0,0,"6000 saal pehle Sahara green tha, aur prehistoric rock art mein hippopotamuses dikhaye gaye hain, jo saal bhar paani ki zaroorat hai, isse pata chalta hai ki wo ek 'perfectly liveable' environment tha.",8.5
20,"Kya saboot hai ki Sahara desert 6000 saal pehle ek 'green' aur 'perfectly liveable' jagah tha? 6000 saal pehle, Sahara ek alag jagah tha, wo green tha. Sahara mein prehistoric rock art mein kuchh aisa dikhaya gaya hai jo hairan kar dene wala hai: hippopotamuses, jo saal bhar paani ki zaroorat hai.",hierarchical_context,ERROR,0.0,0,"6000 saal pehle Sahara green tha, aur prehistoric rock art mein hippopotamuses dikhaye gaye hain, jo saal bhar paani ki zaroorat hai, isse pata chalta hai ki wo ek 'perfectly liveable' environment tha.",8.5
20,"Kya saboot hai ki Sahara desert 6000 saal pehle ek 'green' aur 'perfectly liveable' jagah tha? 6000 saal pehle, Sahara ek alag jagah tha, wo green tha. Sahara mein prehistoric rock art mein kuchh aisa dikhaya gaya hai jo hairan kar dene wala hai: hippopotamuses, jo saal bhar paani ki zaroorat hai.",rag_style,ERROR,0.0,0,"6000 saal pehle Sahara green tha, aur prehistoric rock art mein hippopotamuses dikhaye gaye hain, jo saal bhar paani ki zaroorat hai, isse pata chalta hai ki wo ek 'perfectly liveable' environment tha.",8.5
20,"Kya saboot hai ki Sahara desert 6000 saal pehle ek 'green' aur 'perfectly liveable' jagah tha? 6000 saal pehle, Sahara ek alag jagah tha, wo green tha. Sahara mein prehistoric rock art mein kuchh aisa dikhaya gaya hai jo hairan kar dene wala hai: hippopotamuses, jo saal bhar paani ki zaroorat hai.",tree_of_thought,ERROR,0.0,0,"6000 saal pehle Sahara green tha, aur prehistoric rock art mein hippopotamuses dikhaye gaye hain, jo saal bhar paani ki zaroorat hai, isse pata chalta hai ki wo ek 'perfectly liveable' environment tha.",8.5
20,"Kya saboot hai ki Sahara desert 6000 saal pehle ek 'green' aur 'perfectly liveable' jagah tha? 6000 saal pehle, Sahara ek alag jagah tha, wo green tha. Sahara mein prehistoric rock art mein kuchh aisa dikhaya gaya hai jo hairan kar dene wala hai: hippopotamuses, jo saal bhar paani ki zaroorat hai.",agentic_context,ERROR,0.0,0,"6000 saal pehle Sahara green tha, aur prehistoric rock art mein hippopotamuses dikhaye gaye hain, jo saal bhar paani ki zaroorat hai, isse pata chalta hai ki wo ek 'perfectly liveable' environment tha.",8.5
21,"When Mourad usko uthata hai, narrator ko kya dikhta hai?",zero_shot,ERROR,0.0,0,Mourad ek sundar safed ghode par baitha hua,8.5
21,"When Mourad usko uthata hai, narrator ko kya dikhta hai?",few_shot,"Bhaiya, jab Mourad usko uthata hai, to narrator ko ek aisa scene dikhta hai jaha Mourad use uthane ke liye bahut zor lagta hai, lekin uske sahare usko nahin utha paata hai.",4.392,151,Mourad ek sundar safed ghode par baitha hua,2.0
21,"When Mourad usko uthata hai, narrator ko kya dikhta hai?",chain_of_thought,"Arre, yeh question kuch confused kar rahi hai. Chaliye, hum isse step-by-step solve karte hain:

1. Mourad usko uthata hai: Yeh kaha hai ki Mourad kisi ko uthata hai, lekin isme koi vishesh cheez nahi hai jo aapko samajhne mein madad karegi.

2. Kya Mourad usko uthata hai: Ab humein Mourad ke baare mein jaanne ki zaroorat hai. Mourad koi cheez ho sakta hai jaise ki ek object, ek person, ya ek animal.

3. Kya Mourad usko uthata hai: Yeh kaha hai ki Mourad usko uthata hai, lekin aur kuch nahi bata",1.003,630,Mourad ek sundar safed ghode par baitha hua,8.5
21,"When Mourad usko uthata hai, narrator ko kya dikhta hai?",structured_context,"{""answer"": ""Vikram bahar nikalta hai"", ""explanation"": ""Jab Mourad usko uthata hai, to narrator ko dekhta hai ki Vikram bahar nikalta hai. Isse lagta hai ki Vikram ka ek aur rup hai jo Mourad ke hawala se nikalta hai.""}",6.33,146,Mourad ek sundar safed ghode par baitha hua,1.0
21,"When Mourad usko uthata hai, narrator ko kya dikhta hai?",hierarchical_context,"Bachche, yeh question thoda difficult hai, lekin mai try karta hoon aapko explain karna. 

Kya aapne ""Mourad"" ki kahaani padhi hai? Yah ek French novel hai jo Gustave Flaubert ne likha tha. Yeh kahaani ek adolescent ladke Mourad Abou El Fath ke baare mein hai, jiske parivar mein ek ladki aur ek ladka hota hai.

Ab, aapka sawaal hai, ""Mourad usko uthata hai, narrator ko kya dikhta hai?"" 

Is question ka jawab aisa hai ki jab Mourad usko uthata hai, to narrator ko Mourad ka ghar ki baari dekhti ha",1.757,372,Mourad ek sundar safed ghode par baitha hua,8.5
21,"When Mourad usko uthata hai, narrator ko kya dikhta hai?",rag_style,"Mourad usko uthate samay, narrator ko Mourad ke aapne ghar ke saamne ek bada, lamba, aur chhota sa ghar dikhata hai.",3.242,128,Mourad ek sundar safed ghode par baitha hua,2.0
21,"When Mourad usko uthata hai, narrator ko kya dikhta hai?",tree_of_thought,"Pehle, main soch sakta hoon ki Mourad usko uthata hai, to narrator apne aas-paas dekhta hai. Uske paas koi naya object ya person nahi hai, lekin unka diya rakhne ki jagah ek bada khali space hai.

Dusra, main soch sakta hoon ki Mourad usko uthata hai, to narrator ek chhota sa khaagaa ya peti dekhta hai jismein kuchh cheezein padhne ko taiyar hai.

Teesa, main soch sakta hoon ki Mourad usko uthata hai, to narrator ek bada sa bhojan ya picnic basket dekhta hai jismein kuchh cheezein khane ko taiya",1.517,281,Mourad ek sundar safed ghode par baitha hua,8.5
21,"When Mourad usko uthata hai, narrator ko kya dikhta hai?",agentic_context,ERROR,0.0,0,Mourad ek sundar safed ghode par baitha hua,8.5
22,What did Satyajit used to enjoy about his success in the village?,zero_shot,"Arre, Satyajit ka kuchh to bahut pasand tha, jiske baare mein humein pata chalta hai. Uske aas-paas ke logon ne unki film ki bahut badi baat ki thi, aur unke gyaan ke karan unki janta ne unhe bahut sammaan diya tha. Satyajit ko uske ghar ke logon ke pichchhe khelne aur unke saath khana khane ka bahut pasand tha.",4.385,179,He enjoyed the wide-eyed wonder and eager homage of people like Uncle Srinath who had use and longing for his money.,8.5
22,What did Satyajit used to enjoy about his success in the village?,few_shot,"Bhaiya Satyajit ki filmen bahut hit ho jaati thi to ve apne gaon ke logon se milkar garmajadgi mein khushi manate the. Ve apne gaon walon ke saath boliye karte, masti karte aur unke sapnon ko sach karne ki ummeedon ko badhate.",1.366,170,He enjoyed the wide-eyed wonder and eager homage of people like Uncle Srinath who had use and longing for his money.,8.5
22,What did Satyajit used to enjoy about his success in the village?,chain_of_thought,"Arre, let's break it down step by step:

1. Satyajit kaun hai? (Who is Satyajit?) 
Satyajit ka naam to aaya hai, lekin maine kya pata, woh kaun hai. (His name came to mind, but I don't know who he is.)

2. Satyajit ko kya kaam aata hai? (What does Satyajit do?) 
Satyajit ek prasiddh film nirmata tha. (Satyajit was a renowned filmmaker.)

3. Satyajit ne kis gaon me success paaya tha? (In which village did Satyajit achieve success?) 
Satyajit ne Pather Panchali film banaaya, jo ki ek gaon ki kahan",1.684,386,He enjoyed the wide-eyed wonder and eager homage of people like Uncle Srinath who had use and longing for his money.,8.5
22,What did Satyajit used to enjoy about his success in the village?,structured_context,"{""answer"": ""Satyajit ka safar dikhaya jata hai ki vah apni film ke safal hona ke baare mein uske gaon ke logon se baat karte the, aur vah unhein apni film ke madhyam se ek badlav ki ummeed dikhate the, aur uske logon ne bhi use bahut pyaar diya."", ""explanation"": ""Satyajit ka safal hona unke gaon ke logon ke liye ek badlav ka pratinidhitva tha, aur vah apni film ke madhyam se unhein ek naya duniya dikhate the, jahaan ve apne jeevan ko badal sakte the.""}",3.469,238,He enjoyed the wide-eyed wonder and eager homage of people like Uncle Srinath who had use and longing for his money.,8.5
22,What did Satyajit used to enjoy about his success in the village?,hierarchical_context,"Arre, beta, Satyajit Ray ka kahaan se connection hai?  He was a Bengali filmmaker, aur uske films ne puri duniya mein bahut kuchh change kiya.

Now, aapko pata hai ki Satyajit Ray ne 'Pather Panchali' jaise filmen banayi, jo ek small village mein set thi. Aur uske characters aur scenes ne logon ko bahut pasand aaye.

Ab, Satyajit Ray ka ek interview tha, jisme usne bataya ki uske liye village ka success ka kya matlab tha. Usne kaha ki uske liye village ka success yeh tha ki log use apne village ",2.741,343,He enjoyed the wide-eyed wonder and eager homage of people like Uncle Srinath who had use and longing for his money.,8.5
22,What did Satyajit used to enjoy about his success in the village?,rag_style,Satyajit kuchh aise hi khush thee the ki unke film village mein aate hain aur log unki filmon ko dekhne aate hain.,3.283,122,He enjoyed the wide-eyed wonder and eager homage of people like Uncle Srinath who had use and longing for his money.,2.0
22,What did Satyajit used to enjoy about his success in the village?,tree_of_thought,"Mujhe 3 tarah se sochne ka mauka mila:

1. Satyajit ka film banane ka shauka tha lekin ab uske ghar ke log film dekhne aa rahe the aur unhe pasand bhi a rahi thi. Uske liye uske ghar ke logon ko dekhkar uska khushi ka sthal ban gaya tha.

2. Uske kshetra mein film ki ghatnaayen aur lokpriyata ke karan, uske gav ke logon ne uski khushi kee chahat ko dekha aur uske liye khushi manao. Isse ek saath ek aisa bhi mahol ban gaya tha.

3. Satyajit ko apni film ke liye ek khaas khushi thi, woh apni film ",0.889,417,He enjoyed the wide-eyed wonder and eager homage of people like Uncle Srinath who had use and longing for his money.,8.5
22,What did Satyajit used to enjoy about his success in the village?,agentic_context,ERROR,0.0,0,He enjoyed the wide-eyed wonder and eager homage of people like Uncle Srinath who had use and longing for his money.,0.0
23,Thomas Gray ke 'An Elegy Written in a Country Churchyard' se diya gaya stanza ka core message ya simple statement kya hai? Full many a gem of purest ray serene The dark unfathom’d caves of ocean bear Full many a flower is born to blush unseen And waste its fragrance in the desert air. Is stanza ka simple statement kya hai: kayi log apne outstanding qualities ke saath jeete hain aur duniya ki nazar mein aane ke bina mar jaate hain.,zero_shot,ERROR,0.0,0,Yeh stanza yeh simple statement deta hai ki kayi log apne outstanding qualities ke saath jeete hain aur duniya ki nazar mein aane ke bina mar jaate hain.,8.5
23,Thomas Gray ke 'An Elegy Written in a Country Churchyard' se diya gaya stanza ka core message ya simple statement kya hai? Full many a gem of purest ray serene The dark unfathom’d caves of ocean bear Full many a flower is born to blush unseen And waste its fragrance in the desert air. Is stanza ka simple statement kya hai: kayi log apne outstanding qualities ke saath jeete hain aur duniya ki nazar mein aane ke bina mar jaate hain.,few_shot,"Bhaiya, ek bahut hi sachchi baat hai! Thomas Gray ke stanzo ka core message yeh hai: ki kayi log apne asli yaadgar gunon ke saath jeevit rehte hain, lekin unki koi nazar nahin aati aur ve aam logon ke samne nahin aate. Ye log apne visheshtaaon ko duniya mein nahin dekh paate aur unke kirdar ko samajhna mushkil ho jata hai.",3.55,298,Yeh stanza yeh simple statement deta hai ki kayi log apne outstanding qualities ke saath jeete hain aur duniya ki nazar mein aane ke bina mar jaate hain.,8.5
23,Thomas Gray ke 'An Elegy Written in a Country Churchyard' se diya gaya stanza ka core message ya simple statement kya hai? Full many a gem of purest ray serene The dark unfathom’d caves of ocean bear Full many a flower is born to blush unseen And waste its fragrance in the desert air. Is stanza ka simple statement kya hai: kayi log apne outstanding qualities ke saath jeete hain aur duniya ki nazar mein aane ke bina mar jaate hain.,chain_of_thought,ERROR,0.0,0,Yeh stanza yeh simple statement deta hai ki kayi log apne outstanding qualities ke saath jeete hain aur duniya ki nazar mein aane ke bina mar jaate hain.,8.5
23,Thomas Gray ke 'An Elegy Written in a Country Churchyard' se diya gaya stanza ka core message ya simple statement kya hai? Full many a gem of purest ray serene The dark unfathom’d caves of ocean bear Full many a flower is born to blush unseen And waste its fragrance in the desert air. Is stanza ka simple statement kya hai: kayi log apne outstanding qualities ke saath jeete hain aur duniya ki nazar mein aane ke bina mar jaate hain.,structured_context,ERROR,0.0,0,Yeh stanza yeh simple statement deta hai ki kayi log apne outstanding qualities ke saath jeete hain aur duniya ki nazar mein aane ke bina mar jaate hain.,8.5
23,Thomas Gray ke 'An Elegy Written in a Country Churchyard' se diya gaya stanza ka core message ya simple statement kya hai? Full many a gem of purest ray serene The dark unfathom’d caves of ocean bear Full many a flower is born to blush unseen And waste its fragrance in the desert air. Is stanza ka simple statement kya hai: kayi log apne outstanding qualities ke saath jeete hain aur duniya ki nazar mein aane ke bina mar jaate hain.,hierarchical_context,"Bachchon, aaj hum Thomas Gray ke 'An Elegy Written in a Country Churchyard' se ek bahut hi anokha aur gahraavakar stanza padhe hain. Is stanza ka core message ya simple statement yah hai: kayi log apne outstanding qualities ke saath jeete hain aur duniya ki nazar mein aane ke bina mar jaate hain.

Isme, Thomas Gray kehti hai ki bahut se log hain jo apne pure aur asli qualities ke saath rehte hain, lekin duniya ki nazar mein inke liye koi mahatvapoorn jagah nahi hai. Ve log apne andar ki jaan, ap",0.833,556,Yeh stanza yeh simple statement deta hai ki kayi log apne outstanding qualities ke saath jeete hain aur duniya ki nazar mein aane ke bina mar jaate hain.,8.5
23,Thomas Gray ke 'An Elegy Written in a Country Churchyard' se diya gaya stanza ka core message ya simple statement kya hai? Full many a gem of purest ray serene The dark unfathom’d caves of ocean bear Full many a flower is born to blush unseen And waste its fragrance in the desert air. Is stanza ka simple statement kya hai: kayi log apne outstanding qualities ke saath jeete hain aur duniya ki nazar mein aane ke bina mar jaate hain.,rag_style,ERROR,0.0,0,Yeh stanza yeh simple statement deta hai ki kayi log apne outstanding qualities ke saath jeete hain aur duniya ki nazar mein aane ke bina mar jaate hain.,8.5
23,Thomas Gray ke 'An Elegy Written in a Country Churchyard' se diya gaya stanza ka core message ya simple statement kya hai? Full many a gem of purest ray serene The dark unfathom’d caves of ocean bear Full many a flower is born to blush unseen And waste its fragrance in the desert air. Is stanza ka simple statement kya hai: kayi log apne outstanding qualities ke saath jeete hain aur duniya ki nazar mein aane ke bina mar jaate hain.,tree_of_thought,ERROR,0.0,0,Yeh stanza yeh simple statement deta hai ki kayi log apne outstanding qualities ke saath jeete hain aur duniya ki nazar mein aane ke bina mar jaate hain.,8.5
23,Thomas Gray ke 'An Elegy Written in a Country Churchyard' se diya gaya stanza ka core message ya simple statement kya hai? Full many a gem of purest ray serene The dark unfathom’d caves of ocean bear Full many a flower is born to blush unseen And waste its fragrance in the desert air. Is stanza ka simple statement kya hai: kayi log apne outstanding qualities ke saath jeete hain aur duniya ki nazar mein aane ke bina mar jaate hain.,agentic_context,ERROR,0.0,0,Yeh stanza yeh simple statement deta hai ki kayi log apne outstanding qualities ke saath jeete hain aur duniya ki nazar mein aane ke bina mar jaate hain.,9.0
24,What did Paul's mother mean by 'luck'?,zero_shot,"Aap log kya puchh rahe hain? Paul ki Mummy ne 'luck' kehkar kya kaha tha? 

Ussne 'luck' ka matlab yeh rakhne ki Paul apne liye kuch bhi karne ka man nahi rakhta, usse kuch bhi kaam nahi hone chahiye.",3.368,136,It's what causes you to have money.,8.5
24,What did Paul's mother mean by 'luck'?,few_shot,"Paul ki maa ne 'luck' ke bare mein kya kaha tha, yeh yah tha ki woh kisi ke aapne karte hue kaam ke liye achha ya bura nahin mana karti thi, woh sirf yeh dikhata tha ki kaam kise ne kiya hai.",1.326,156,It's what causes you to have money.,8.5
24,What did Paul's mother mean by 'luck'?,chain_of_thought,"Arre beta, let's break it down step by step. 

Step 1: Kya hua hai. Paul's mother ne kya kaha hai uska 'luck' (luck) ke bare mein. 

Step 2: Kya possible hai. Paul's mother ne 'luck' ko kya samajha hai. Main sochta hun ki yah 'dhan' (wealth) ho sakta hai, 'bhagya' (fate) ho sakta hai, ya fir koi aur cheez ho sakta hai.

Step 3: Kya chiz hai jo 'luck' ke bare mein kaha gaya hai. Main paata hun ki Paul's mother ne 'kamaye' (earn) ya 'kharche' (spend) ke bare mein kaha tha.

Step 4: Kya chiz hai jo",1.926,629,It's what causes you to have money.,8.5
24,What did Paul's mother mean by 'luck'?,structured_context,"{""answer"": ""bhagya"", ""explanation"": ""Paul ki maan meh 'luck' ka matlab tha bhagya, jo ki koi bhi cheez ho sakti hai jo aapke liye achhi ya bure din ki kaaran bani hai. Yah us samay ki baat kar rahi thi jab Paul ki maan usse apne paas ki chhoti si lambi chidiya ko bahar nikalne ke liye kaha rahi thi.""}",9.463,176,It's what causes you to have money.,8.5
24,What did Paul's mother mean by 'luck'?,hierarchical_context,"Arre bhai, let's talk about Paul's mother. In the story, Paul's mother asks him, ""Lucknow mein kya hua?"" (What happened in Lucknow?). Paul says, ""Mere paas luck nahi thi"" (I didn't have luck).

Now, when Paul's mother says 'luck', she doesn't mean the same thing that we Indians mean by 'luck'. In India, we believe in 'kismat' or 'dhanu', that's the luck of the stars, right? But Paul's mother means something different.

In English, 'luck' means 'chance' or 'opportunity'. It's when something happe",2.687,346,It's what causes you to have money.,8.5
24,What did Paul's mother mean by 'luck'?,rag_style,"Arre, Paul's mother ne kya kaha tha 'luck' ke bare mein? 
Voh keh rahi thi ki uske bacche ki shubh gati, unki khushiyan, unke safal hon, sab kuch unke liye achha hoga.",3.412,139,It's what causes you to have money.,8.5
24,What did Paul's mother mean by 'luck'?,tree_of_thought,"Mujhe kai cheezein sochiye:

1. ""Luck"" ka matlab apne parivaar, doston ya parichit logon ke sath milti khushiyaan, safaltaaen ya khushiyaan ho sakti hai.
2. ""Luck"" ka matlab apne karm ka niyamit phal ho sakta hai, jaise ki hard work aur dedication se safaltaa mil jaaye.
3. ""Luck"" ka matlab bhagya ya kismet ka bhavishya ho sakta hai, jaise ki jo hoga woh hoga, aur hum us par koi nazar nahin rakhte.

Lekin sabse achha jawab yeh hai:

**""Dil ke aansoo, dhairya aur mehnat ka phal.""**

Iske matlab me",2.014,294,It's what causes you to have money.,8.5
24,What did Paul's mother mean by 'luck'?,agentic_context,"Aisa question hai, main samajhne ki koshish karunga. 

Step 1: Understand question
Question hai ki Paul ki maa ne 'luck' ke bare mein kya kaha? Ab main sochta hoon... 

Step 2: Recall knowledge
Jaise main jaanta hoon, ek film hai 'Slumdog Millionaire' jo Mumbai ke ek ladke Paul ki kahani hai. Woh ek quiz show mein parti hai aur ek ladki Latika se pehle se pyar kar raha hai. Ab main sochta hoon ki film mein kya hota hai... 

Step 2 (continued): 
Paul ki maa ne 'luck' ke bare mein kaha hota hai ki",2.803,393,It's what causes you to have money.,8.5
25,"Ma'am, kya humne Rani Lakshmibai ke baare me padha tha, unka role freedom fight me kya tha?",zero_shot,"Arre beta, haan Rani Lakshmibai ke baare mein humne padha hai. Woh ek bahut hi badi aur samriddh rani thi, jo jhansi ke raja Gangadhar Rao ke saath shaadi karke rani ban gayi thi. Unhone British shasakon ke khilaaf ladai ladkar Bharat ki azadi ki ladai mein badi bhoomika nibhayi thi.

Rani Lakshmibai ka role freedom fight mein yah tha ki vah British shasakon ke khilaaf ek azaadi ki ladai shuru karne wali sabse pehle rani thein. Unhone 1857 mein Bharat ki azaadi ki ladai mein shaamil hokar Britis",8.851,370,"Haan, humne Rani Lakshmibai ke baare me padha tha, unka role freedom fight me bahut bada tha, unhone Britishers ke khilaf ladai ladi aur apne desh ki azadi ke liye sangharsh kiya.",8.5
25,"Ma'am, kya humne Rani Lakshmibai ke baare me padha tha, unka role freedom fight me kya tha?",few_shot,"Bhai, jee haan. Rani Lakshmibai, unki kahani bahut hi prasiddh hai. Woh Jhansi ki rani thein, aaj ke Uttar Pradesh mein. Unka role freedom fight mein bahut hi mahatvapoorn tha. Unhone British sarkar ke khilaf ladai ladi, jisne unhe apni gadi se hataya tha.

Unhone Jhansi ki ladkiyon ko sikhaya ki ve apne hukum se apna desh bacha sakti hain. Unhone British sarkar ke khilaf bahut hi accha sahas karta hua, aur apni jawaani se hi woh ladai ladi. Lekin unki maut ek bahut hi sad sad ending thi.

Unhon",4.676,338,"Haan, humne Rani Lakshmibai ke baare me padha tha, unka role freedom fight me bahut bada tha, unhone Britishers ke khilaf ladai ladi aur apne desh ki azadi ke liye sangharsh kiya.",8.5
25,"Ma'am, kya humne Rani Lakshmibai ke baare me padha tha, unka role freedom fight me kya tha?",chain_of_thought,"Arre, yeh sawal to bahut hi aisi hai jo hum sabhi ke dilon mein hai. 

Sabse pehle, hum Rani Lakshmibai ke baare mein jante hain ki vah kiska tha - woh Jhansi ki rani thi. Uska jaananaa aasaani hai ki vah ek bahadur aur samriddh rani thi.

Ab, aao hum uske role freedom fight mein jaante hain. Woh 1857 ke Bharatiya Vidroh mein ek mahatvapoorn bhoomika nibhaayi thi. Vah ek Bharatiya rani thi jo Angrezon ke khilaf ladne ke liye taiyaar thi.

Unka role freedom fight mein yah tha ki vah Angrezon ke s",2.787,396,"Haan, humne Rani Lakshmibai ke baare me padha tha, unka role freedom fight me bahut bada tha, unhone Britishers ke khilaf ladai ladi aur apne desh ki azadi ke liye sangharsh kiya.",8.5
25,"Ma'am, kya humne Rani Lakshmibai ke baare me padha tha, unka role freedom fight me kya tha?",structured_context,"{""answer"": ""Rani Lakshmibai ki jarurat, woh ek swatantrata sangharshkarti theen, unhone British sarkar ke khilaf ladaai lilayi thi. Unka role ek azaadi ke prateek theen, unhone apne desh ke liye apni jawaanon ke saath saath ladai li thi."", ""explanation"": ""Rani Lakshmibai ki kahaani bahut hi prasiddh hai, unhone 1857 ki azaadi ladaai main ek badi bhoomika nibhayi thi. Unhone British sarkar ke khilaf ladne ke liye apne desh ke liye apni jawaanon ke saath mil kar ladai li thi. Unka uttaradayaon mai",4.673,294,"Haan, humne Rani Lakshmibai ke baare me padha tha, unka role freedom fight me bahut bada tha, unhone Britishers ke khilaf ladai ladi aur apne desh ki azadi ke liye sangharsh kiya.",8.5
25,"Ma'am, kya humne Rani Lakshmibai ke baare me padha tha, unka role freedom fight me kya tha?",hierarchical_context,"Bachchon, kya baat hai! Rani Lakshmibai ki kahaani bahut prasiddh hai. Vah Jhansi ki rani thein, jo ki 1857 ke sangram mein ek bahut bada role nibhaayi. Unhone British sarkar ke khilaf ladai ki thi, jiske liye vah bahut prasiddh hain.

Rani Lakshmibai ki kahaani yeh hai ki unki maa, Rani Manikarnika, ki mritya ke baad unki maata-pita ne unhe apne ghar se nikaal diya tha. Vah ek shahaadat prapt mahila thein, jo ne British sarkar ke khilaf ladai ki thi. Vah ek mahila rani thein, jo ne apne desh ki",4.237,621,"Haan, humne Rani Lakshmibai ke baare me padha tha, unka role freedom fight me bahut bada tha, unhone Britishers ke khilaf ladai ladi aur apne desh ki azadi ke liye sangharsh kiya.",8.5
25,"Ma'am, kya humne Rani Lakshmibai ke baare me padha tha, unka role freedom fight me kya tha?",rag_style,"Ma'am, haan, humne Rani Lakshmibai ke baare me padha tha. Vah bahut hi bade roop se Bharatiya swatantrata sangram me aitihasik the thi. Unka role the Jhansi ki rani ke roop me tha, jahin unhone ek ladki ke roop me Bharatiya sena ko ladne ke liye prerit kiya tha. Unhone apne putra aur desh ka balidaan karke bhi swatantrata ki ladai me bade role nyay kiya tha.",5.39,225,"Haan, humne Rani Lakshmibai ke baare me padha tha, unka role freedom fight me bahut bada tha, unhone Britishers ke khilaf ladai ladi aur apne desh ki azadi ke liye sangharsh kiya.",8.5
25,"Ma'am, kya humne Rani Lakshmibai ke baare me padha tha, unka role freedom fight me kya tha?",tree_of_thought,ERROR,0.0,0,"Haan, humne Rani Lakshmibai ke baare me padha tha, unka role freedom fight me bahut bada tha, unhone Britishers ke khilaf ladai ladi aur apne desh ki azadi ke liye sangharsh kiya.",8.5
25,"Ma'am, kya humne Rani Lakshmibai ke baare me padha tha, unka role freedom fight me kya tha?",agentic_context,"Arre, main samajh gaya hai question. 

Step 1: Question ka matlab yeh hai ki aapko Rani Lakshmibai ke baare me puchha gaya hai, aur aapko unke role freedom fight me puchha gaya hai.

Step 2: Yeh yaad karna ki Rani Lakshmibai bahut hi prasiddh swatantrata sangharshak thi, jo ki 1857 ke Bharatiya swatantrata sangharsh me ek aisa naam thi. 

Step 3: Ab answer dena hai, Rani Lakshmibai ki role freedom fight me bahut hi mahatvapoorn thi. Vah Jhansi ke rani thi aur unhone apni deshbhakti aur swatantra",2.803,381,"Haan, humne Rani Lakshmibai ke baare me padha tha, unka role freedom fight me bahut bada tha, unhone Britishers ke khilaf ladai ladi aur apne desh ki azadi ke liye sangharsh kiya.",8.5
26,"Sahara ke context mein 'fossil water' kya hai aur iske kya characteristics hain? Sahara ke neeche toh bahut saare fresh water ke aquifers hain, itne paani ki agar hum ek chhota sa samundar bhar dein toh woh bhi kam pad jayega. Yeh fossil water hai, jo pehle se hi treasure ki tarah rakha hua hai, aur shayad usme se kuch paani toh lakhon saal purana bhi ho sakta hai.",zero_shot,"Sahara ke context mein 'fossil water' ek bahut hi mahatvapoorn concept hai. Yeh wahi hai, jiska aapne bataya hai. Fossil water woh paani hai jo bahut der se pehle ki zamane mein pade ho aur abhi bhi humein mil raha hai. Yah paani Sahara ke neeche ki groundwater mein milti hai, jo ki kai lakh saal purana ho sakta hai.

Fossil water ki kai characteristics hain, jo isey bahut hi rare aur precious banati hai. 

Ek, yeh paani bahut hi sthir hai. Yeh paani koi bhi chhutti, jhagda, ya anya prakar ke ka",4.163,616,"Fossil water se hum sahara ke neeche ke wo bade aquifers samajhte hain jinke andar fresh water hai, jo pehle se hi prehistoric times mein rakha hua hai aur jiske baare mein kahte hain ki wo lakhon saal purana hai. Is water ko clean, refreshing mineral water bola jaata hai.",8.5
26,"Sahara ke context mein 'fossil water' kya hai aur iske kya characteristics hain? Sahara ke neeche toh bahut saare fresh water ke aquifers hain, itne paani ki agar hum ek chhota sa samundar bhar dein toh woh bhi kam pad jayega. Yeh fossil water hai, jo pehle se hi treasure ki tarah rakha hua hai, aur shayad usme se kuch paani toh lakhon saal purana bhi ho sakta hai.",few_shot,ERROR,0.0,0,"Fossil water se hum sahara ke neeche ke wo bade aquifers samajhte hain jinke andar fresh water hai, jo pehle se hi prehistoric times mein rakha hua hai aur jiske baare mein kahte hain ki wo lakhon saal purana hai. Is water ko clean, refreshing mineral water bola jaata hai.",8.5
26,"Sahara ke context mein 'fossil water' kya hai aur iske kya characteristics hain? Sahara ke neeche toh bahut saare fresh water ke aquifers hain, itne paani ki agar hum ek chhota sa samundar bhar dein toh woh bhi kam pad jayega. Yeh fossil water hai, jo pehle se hi treasure ki tarah rakha hua hai, aur shayad usme se kuch paani toh lakhon saal purana bhi ho sakta hai.",chain_of_thought,"Arre bhai, yeh toh bahut hi interesting topic hai. Chaliye, step by step, iske baare mein jaante hain.

**Step 1: Fossil water kya hai?**
Fossil water, jiska scientific naam Groundwater hai, woh hai jo pehle se hi underground mehsoos hota hai. Yeh paani, jo bahut saalon ya even centuries pehle gira tha, abhi bhi underground mehsoos hota hai.

**Step 2: Fossil water ke characteristics kya hain?**
Fossil water ke kuch characteristics hain:
- **Purana paani**: Yeh paani bahut saalon purana ho sakta",3.119,719,"Fossil water se hum sahara ke neeche ke wo bade aquifers samajhte hain jinke andar fresh water hai, jo pehle se hi prehistoric times mein rakha hua hai aur jiske baare mein kahte hain ki wo lakhon saal purana hai. Is water ko clean, refreshing mineral water bola jaata hai.",8.5
26,"Sahara ke context mein 'fossil water' kya hai aur iske kya characteristics hain? Sahara ke neeche toh bahut saare fresh water ke aquifers hain, itne paani ki agar hum ek chhota sa samundar bhar dein toh woh bhi kam pad jayega. Yeh fossil water hai, jo pehle se hi treasure ki tarah rakha hua hai, aur shayad usme se kuch paani toh lakhon saal purana bhi ho sakta hai.",structured_context,"{""answer"": ""Fossil water, Sahara mein ek mahatvapurn water resource hai, jo purane samay se hi bhara ja raha hai."", 
""explanation"": ""Fossil water ke characteristics yeh hain:
1. Purana paani: Yeh paani lakhon saal purana ho sakta hai.
2. Treasure ki tarah: Yeh paani pehle se hi treasure ki tarah rakha ja raha hai.
3. Bahut saare fresh water ke aquifers: Sahara ke neeche bahut saare fresh water ke aquifers hain, jo iske liye ek mahatvapurn source hai.
4. Kuch paani toh lakhon saal purana hai: Ism",7.603,347,"Fossil water se hum sahara ke neeche ke wo bade aquifers samajhte hain jinke andar fresh water hai, jo pehle se hi prehistoric times mein rakha hua hai aur jiske baare mein kahte hain ki wo lakhon saal purana hai. Is water ko clean, refreshing mineral water bola jaata hai.",8.5
26,"Sahara ke context mein 'fossil water' kya hai aur iske kya characteristics hain? Sahara ke neeche toh bahut saare fresh water ke aquifers hain, itne paani ki agar hum ek chhota sa samundar bhar dein toh woh bhi kam pad jayega. Yeh fossil water hai, jo pehle se hi treasure ki tarah rakha hua hai, aur shayad usme se kuch paani toh lakhon saal purana bhi ho sakta hai.",hierarchical_context,"Arre bhai-log, aaj hum Sahara ke context mein ek bahut hi mahatvapoorn vishay ka vichar karenge, jiska naam hai ""fossil water"" ya ""palaeowater"". Yeh ek aisa paani hai jo bahut pehle ke samay mein bhara gaya tha, lekin ab yeh humein milta hai.

Fossil water ka matlab hai ki yeh paani bahut pahele se hi treasure ki tarah rakha hua hai, jaise ki ek khoj kiya gaya khazana. Yeh paani bahut lambi samay se pehle ke samay mein bhara gaya tha, jo kai lakhon saal purana ho sakta hai. Yeh paani Sahara ke n",4.88,875,"Fossil water se hum sahara ke neeche ke wo bade aquifers samajhte hain jinke andar fresh water hai, jo pehle se hi prehistoric times mein rakha hua hai aur jiske baare mein kahte hain ki wo lakhon saal purana hai. Is water ko clean, refreshing mineral water bola jaata hai.",8.5
26,"Sahara ke context mein 'fossil water' kya hai aur iske kya characteristics hain? Sahara ke neeche toh bahut saare fresh water ke aquifers hain, itne paani ki agar hum ek chhota sa samundar bhar dein toh woh bhi kam pad jayega. Yeh fossil water hai, jo pehle se hi treasure ki tarah rakha hua hai, aur shayad usme se kuch paani toh lakhon saal purana bhi ho sakta hai.",rag_style,ERROR,0.0,0,"Fossil water se hum sahara ke neeche ke wo bade aquifers samajhte hain jinke andar fresh water hai, jo pehle se hi prehistoric times mein rakha hua hai aur jiske baare mein kahte hain ki wo lakhon saal purana hai. Is water ko clean, refreshing mineral water bola jaata hai.",8.5
26,"Sahara ke context mein 'fossil water' kya hai aur iske kya characteristics hain? Sahara ke neeche toh bahut saare fresh water ke aquifers hain, itne paani ki agar hum ek chhota sa samundar bhar dein toh woh bhi kam pad jayega. Yeh fossil water hai, jo pehle se hi treasure ki tarah rakha hua hai, aur shayad usme se kuch paani toh lakhon saal purana bhi ho sakta hai.",tree_of_thought,ERROR,0.0,0,"Fossil water se hum sahara ke neeche ke wo bade aquifers samajhte hain jinke andar fresh water hai, jo pehle se hi prehistoric times mein rakha hua hai aur jiske baare mein kahte hain ki wo lakhon saal purana hai. Is water ko clean, refreshing mineral water bola jaata hai.",8.5
26,"Sahara ke context mein 'fossil water' kya hai aur iske kya characteristics hain? Sahara ke neeche toh bahut saare fresh water ke aquifers hain, itne paani ki agar hum ek chhota sa samundar bhar dein toh woh bhi kam pad jayega. Yeh fossil water hai, jo pehle se hi treasure ki tarah rakha hua hai, aur shayad usme se kuch paani toh lakhon saal purana bhi ho sakta hai.",agentic_context,ERROR,0.0,0,"Fossil water se hum sahara ke neeche ke wo bade aquifers samajhte hain jinke andar fresh water hai, jo pehle se hi prehistoric times mein rakha hua hai aur jiske baare mein kahte hain ki wo lakhon saal purana hai. Is water ko clean, refreshing mineral water bola jaata hai.",8.5
27,"Sir, what is biodiversity?",zero_shot,"Arre, biodiversity ke bare mein bolta hoon. Biodiversity ka matlab hai ki ek jaga ya ek jagah par kitne tarah ke jeev, jantu, patthar, paudhe, jamuni, jal, aur hawa hoti hai. Yeh saare ek-doosre ke beech juda hua hota hai aur ek dusre ko banane mein madad karte hain.

Imagine karo, ek jungle mein kya hota hai? Wahaan keede, chidiye, sher, bison, hiran, bhed, paudhe, phool, aur jamuni sab milkar ek dusre ke beech juda hua hoti hai. Yeh sab ek dusre ko banane mein madad karte hain aur ek dusre ke ",1.678,322,Biodiversity ek aisa vishay hai jismein hum dharti par maujood jeev-jantuon ki vividhata ke bare mein padhte hain. Ismein hum yeh jaante hain ki kaise hum jeev-jantuon ki raksha kar sakte hain.,8.5
27,"Sir, what is biodiversity?",few_shot,"Beta, biodiversity ek bahut hi important tarike se ek concept hai. Biodiversity ek shabd hai jo doosron mein 'bhai' aur 'diversity' se milta hai. Iska matlab hai ki aise kai prakaar ke jeev aur prakritik drishyon hote hain jinko hum apne aaspaas dekh sakte hain. Yah jeev aur prakritik drishyon ke alawa, yahaan hamare paas prakriti ka ek bada vivaad bhi hota hai jo humein apne aaspaas dekhne ko milta hai. Ismein trees, birds, animals, plants, insects, aur doosre saare jeev aur prakritik drishyon ",3.804,408,Biodiversity ek aisa vishay hai jismein hum dharti par maujood jeev-jantuon ki vividhata ke bare mein padhte hain. Ismein hum yeh jaante hain ki kaise hum jeev-jantuon ki raksha kar sakte hain.,8.5
27,"Sir, what is biodiversity?",chain_of_thought,"Arre bhai, let's break it down step by step. 

1. Biodiversity ka matlab kya hai?  (What does biodiversity mean?)
Biodiversity ke liye ek shabdon ka jodna hai, jo hai ""biological"" aur ""diversity"".

2. Biological ka matlab kya hai? (What does biological mean?)
Biological ka matlab hai jeev vishayon se juda. Jaise ki jeevon, patjhad, paudhe, jangalon, jalan, samudra, aur jeevan ke anya roop.

3. Diversity ka matlab kya hai? (What does diversity mean?)
Diversity ka matlab hai kuch bhi hua kee vishi",4.408,761,Biodiversity ek aisa vishay hai jismein hum dharti par maujood jeev-jantuon ki vividhata ke bare mein padhte hain. Ismein hum yeh jaante hain ki kaise hum jeev-jantuon ki raksha kar sakte hain.,8.5
27,"Sir, what is biodiversity?",structured_context,"{""answer"": ""Jeevan ki vishishtata"", 
""explanation"": ""Jeevan ki vishishtata hai yeh ki prithvi par hamesha se maujood vibhinn jatiyon ke jeevan aur paryavaran ki vibhinnata hoti aati hai. Ismein phool, patthar, paani, hawa, jeev, pavitra jeev, chhote jeev sab shaamil hain. Biodiversity hamaare duniya ko swasth aur sthayi banaane mein madad karta hai.""}",7.471,198,Biodiversity ek aisa vishay hai jismein hum dharti par maujood jeev-jantuon ki vividhata ke bare mein padhte hain. Ismein hum yeh jaante hain ki kaise hum jeev-jantuon ki raksha kar sakte hain.,8.5
27,"Sir, what is biodiversity?",hierarchical_context,"Beta, biodiversity kya hai? (What is biodiversity?)

Biodiversity ka matlab hai, ek hi jagah par, kai prakar ke jeev aur unke vahanaon ke samagri ka pradarshan. (It means the presence of various types of life and their associates in one place.)

Imagine, yeh samay hai jab hum ek jungle mein jaate hain. Jungle mein, hum paate hain, sabse pehle, ped, jaise ki sal, amla, aur mango. Fir, hum paate hain, pedon ke beech, kai prakar ke phool, jaise ki gulmohar, kamal, aur champa. Ab, hum paate hain, ph",2.069,535,Biodiversity ek aisa vishay hai jismein hum dharti par maujood jeev-jantuon ki vividhata ke bare mein padhte hain. Ismein hum yeh jaante hain ki kaise hum jeev-jantuon ki raksha kar sakte hain.,8.5
27,"Sir, what is biodiversity?",rag_style,"Arre, biodiversity kya hai? Biodiversity hai woh variety jise prakriti mein pata chalta hai. Ismein jeevon aur unke vataavaran ke saath saath anya vibhinn tyaar aur prakritik drishyon ka samavesh hota hai. Jaise, jeev, jantu, patjhad, paudhe, paani, hawa, aur anya prakritik drishyon ke saath saath unki vargaon aur prakaar ke bhi shamil hote hain. Isse prakriti ka ek bada aur samriddh drishya banata hai jo hamen aur aage ki prajnana ke liye mahatvapurn hai.",4.536,241,Biodiversity ek aisa vishay hai jismein hum dharti par maujood jeev-jantuon ki vividhata ke bare mein padhte hain. Ismein hum yeh jaante hain ki kaise hum jeev-jantuon ki raksha kar sakte hain.,8.5
27,"Sir, what is biodiversity?",tree_of_thought,"Sir, biodiversity ka matlab hai apne vaste ki jaankari hai. 

1. Ek aisa vichar hai ki biodiversity hai ek tareeke se prakriti ke sabhi jeev-jantu, jaise ki jantu, patthar, pani, aur hawa ko samajhna. Yeh prakriti ke sabhi bhagon ko cover karta hai aur inka ek saath kaam karna. 

2. Doosra vichar hai ki biodiversity hai prakriti ke sarvajanin jeev-jantu ke vishisht gatiyon ko samajhna. Yeh jeev-jantu ke prakaar, bhaag, aur unke madhyam se chalne ki shakti ko samajhata hai. 

3. Teesra vichar hai",2.874,415,Biodiversity ek aisa vishay hai jismein hum dharti par maujood jeev-jantuon ki vividhata ke bare mein padhte hain. Ismein hum yeh jaante hain ki kaise hum jeev-jantuon ki raksha kar sakte hain.,8.5
27,"Sir, what is biodiversity?",agentic_context,"Arre, biodiversity ka matlab hai ek jgah par viksit hone wale jeev aur unke vishayon ka varata. Ismein pankh, janwar, patte, phool, jangal, nadi, samudra, aur hamaare ghar mein rehte jeev sab shaamil hain. Yeh sab ek- ek ke saath saajhaan rahkar apne jeevan ka anand uthate hain. 

Biodiversity ke liye sabse mahatvapurn cheezein hain jeev, prakaar, aur vartmanata. Yeh sab ek- ek ke saath judi hui hai aur ek aur bhi majboot aur sthayi biodiversity ke liye zaroori hain.",4.785,259,Biodiversity ek aisa vishay hai jismein hum dharti par maujood jeev-jantuon ki vividhata ke bare mein padhte hain. Ismein hum yeh jaante hain ki kaise hum jeev-jantuon ki raksha kar sakte hain.,8.5
28,Riwaj ke hisab se dadi ji ki death ke baad unka body kya kiya gaya tha? Humne unhe bed se uthaya aur riwaj ke mutabik zameen par leta kar laal kapde se dhak diya.,zero_shot,"Arre wah, aapne riwaj ke anusaar hi kiya hai. Dadi ji ki death ke baad aapne unke shareer ko bed se uthaya aur unhe zameen par leta kar laal kapde se dhak diya, jisse unke shareer ko thanda rakhne mein madad mili. Yah ek purani aur majboot riwaj hai, jismein log apne pita, mata, aur anya praudh ko samman dene ke liye unhe zameen par leta kar dhakta hain. Aapne riwaj ke hisab se hamesha aage badhne ke liye shubhkaamnaayein.",0.449,266,Riwaj ke hisab se dadi ji ki death ke baad unka body bed se uthakar zameen par laya gaya aur laal kapde se dhak diya gaya.,8.5
28,Riwaj ke hisab se dadi ji ki death ke baad unka body kya kiya gaya tha? Humne unhe bed se uthaya aur riwaj ke mutabik zameen par leta kar laal kapde se dhak diya.,few_shot,ERROR,0.0,0,Riwaj ke hisab se dadi ji ki death ke baad unka body bed se uthakar zameen par laya gaya aur laal kapde se dhak diya gaya.,8.5
28,Riwaj ke hisab se dadi ji ki death ke baad unka body kya kiya gaya tha? Humne unhe bed se uthaya aur riwaj ke mutabik zameen par leta kar laal kapde se dhak diya.,chain_of_thought,ERROR,0.0,0,Riwaj ke hisab se dadi ji ki death ke baad unka body bed se uthakar zameen par laya gaya aur laal kapde se dhak diya gaya.,8.5
28,Riwaj ke hisab se dadi ji ki death ke baad unka body kya kiya gaya tha? Humne unhe bed se uthaya aur riwaj ke mutabik zameen par leta kar laal kapde se dhak diya.,structured_context,"{""answer"": ""Dadi ji ki death ke baad unka body prathmik roop se zameen par laal kapde se dhak kar dafan kiya ja sakta tha."", ""explanation"": ""Hindu samaj mein, jab kisi bade ki maut hoti hai, to unhein prathmik roop se zameen par dafan karne ka riwaj hai. Iske liye unke sharir ko bed se uthaya jaata hai aur riwaj ke mutabik zameen par leta kar laal kapde se dhak diya jaata hai.""}",12.552,257,Riwaj ke hisab se dadi ji ki death ke baad unka body bed se uthakar zameen par laya gaya aur laal kapde se dhak diya gaya.,8.5
28,Riwaj ke hisab se dadi ji ki death ke baad unka body kya kiya gaya tha? Humne unhe bed se uthaya aur riwaj ke mutabik zameen par leta kar laal kapde se dhak diya.,hierarchical_context,"Beta, aapne ek achha kaam kiya hai. Riwaj ke hisab se, jab kisi bade ke body ko bed se uthaya jata hai, to uske baad uske body ko zameen par le jana hota hai. Isse kaha jata hai ""Antyesti"" ya ""Antim Sanskar"".

Antyesti ke dauran, body ko zameen par le jaakar ek laal kapde se dhak diya jata hai, jo ek shaantipurn prakriya hai. Isse body ko shantikar dena hota hai aur unhein apne ghar wapas jana hota hai. Antyesti ke baad, family aur relatives body ko apne ghar le jaate hain aur uski aarthik aur b",5.54,768,Riwaj ke hisab se dadi ji ki death ke baad unka body bed se uthakar zameen par laya gaya aur laal kapde se dhak diya gaya.,8.5
28,Riwaj ke hisab se dadi ji ki death ke baad unka body kya kiya gaya tha? Humne unhe bed se uthaya aur riwaj ke mutabik zameen par leta kar laal kapde se dhak diya.,rag_style,Dadi ji ki death ke baad unka body zameen par leta kar laal kapde se dhak diya gaya tha.,6.221,157,Riwaj ke hisab se dadi ji ki death ke baad unka body bed se uthakar zameen par laya gaya aur laal kapde se dhak diya gaya.,8.5
28,Riwaj ke hisab se dadi ji ki death ke baad unka body kya kiya gaya tha? Humne unhe bed se uthaya aur riwaj ke mutabik zameen par leta kar laal kapde se dhak diya.,tree_of_thought,"Mujhe kam se kam teen tarah sochne ke vajah se pata chala hai:

1. **Aadmi ki marzi**: Agar dadi ji ne apne death ke samay apne body ko zameen par letne ki iccha koi baarish ki thi, to humein usse sunaana chaahiye. Agar unhone iske liye taiyaar kiya hua tha, to humein unki marzi ko samman karna chaahiye.

2. **Riwaj aur samaj**: Humne yeh socha ki riwaj ke mutabik zameen par leta kar laal kapde se dhak diya gaya hai. Isse yeh pata chalta hai ki humne samaj ki icchaon aur riwajon ko samman kiya h",1.802,485,Riwaj ke hisab se dadi ji ki death ke baad unka body bed se uthakar zameen par laya gaya aur laal kapde se dhak diya gaya.,2.0
28,Riwaj ke hisab se dadi ji ki death ke baad unka body kya kiya gaya tha? Humne unhe bed se uthaya aur riwaj ke mutabik zameen par leta kar laal kapde se dhak diya.,agentic_context,"Arre, dadi ji ki death ke baad unke body ke liye humne kya kiya tha? 

Step 1: Pehle to humne samajh liya ki question kya puchh raha hai. To yeh pata chala ki dadi ji ki death ke baad unke body ke liye kya kiya gaya tha.

Step 2: Ab humne apne pasandida knowledge ko yaad kiya. Humne yeh samajh liya ki Hindu dharm mein death ke baad body ko zameen par laga kar laal kapde se dhak diya jata hai. Isse body ko pure hone mein madad milti hai aur yeh ek purana Hindu riwaj hai.

Step 3: Ab humne accurat",5.65,363,Riwaj ke hisab se dadi ji ki death ke baad unka body bed se uthakar zameen par laya gaya aur laal kapde se dhak diya gaya.,8.5
29,"Sir, climate change ke bare mein batayein, yeh kya hota hai?",zero_shot,"Arre bhai, climate change toh ek bahut hi bada issue hai. Yeh ek prakriya hai jismein prithvi ki temperature badh rahi hai, aur yeh humare aas-paas ki paristhitiyon ko khatre mein daal rahi hai. Yeh hote hain kuch pramukh karan jo issey jodte hain:

1. **Gas emissions**: Hum hamesha se hi petrol, diesel, aur LPG jaisi gason ka upyog karte aaye hain, jo ki green house gases jaise CO2, methane, aur nitrous oxide jaise gases ko utpann karte hain. Ye gases prithvi ki atmosphere mein chhodte hain aur",1.93,480,"Climate change ek prakar ki process hai jo ki earth ke climate ko badal rahi hai. Ye process mein global warming, sea level rise, aur extreme weather events shamil hote hain, jo ki human activities ke karan ho rahe hain aur jinke karan earth ka climate badal raha hai.",8.5
29,"Sir, climate change ke bare mein batayein, yeh kya hota hai?",few_shot,"Bhai climate change ek bahut bada mudda hai. Isse kaha jaata hai ki climate change woh change hai jo hawa ke temperature mein aati hai. Isse paryavaran mein badlaav aata hai, jaise ki glacier melt hote hain, barf baaraft hota hai, aur logon ke liye zameen aur paani mein badlaav aata hai. Yeh sab climate change ke kaaran hota hai.",4.38,196,"Climate change ek prakar ki process hai jo ki earth ke climate ko badal rahi hai. Ye process mein global warming, sea level rise, aur extreme weather events shamil hote hain, jo ki human activities ke karan ho rahe hain aur jinke karan earth ka climate badal raha hai.",8.5
29,"Sir, climate change ke bare mein batayein, yeh kya hota hai?",chain_of_thought,"Arre, climate change ke bare mein batane ki zaroorat hai.

Sabse pehle, climate change ka matlab kya hota hai? Climate change ek vishay hai jismein prithvi ki thanda-garami mein bhut kiya jata hai. Yeh prithvi ki thanda-garami ko badalne se lagta hai, jisse prithvi ki temperature badh jati hai aur jalvayu parivartan hota hai.

Ab, climate change ke kya kaaran hain? Yeh kaaran hain:

1. Jhansi hua carbon dioxide: Hum logon ne apne ghar, gaadi, aur factory mein petrol aur diesel ka upyog kiya jata",2.638,771,"Climate change ek prakar ki process hai jo ki earth ke climate ko badal rahi hai. Ye process mein global warming, sea level rise, aur extreme weather events shamil hote hain, jo ki human activities ke karan ho rahe hain aur jinke karan earth ka climate badal raha hai.",8.5
29,"Sir, climate change ke bare mein batayein, yeh kya hota hai?",structured_context,"{""answer"": ""Climate change ek prakriyik badlaav hai jo prithvi ka temperature badhne aur jalvayu ke pattern mein parivartan lanaa shuru kar deta hai."", ""explanation"": ""Yeh prakriyik badlaav manav karyon ke kaaran hota hai, jaise ki garmigee gaason ke chhalane, vanaspati jalane, aur anya manav karyon se garmigee gaason ka chhaalna. Climate change ka parinaam jalvayu mein badlaav, sarovar aur nadiyon mein paani ki kami, aur anya prakritik aatmvaan prabhaav ho sakte hain.""}",6.6,243,"Climate change ek prakar ki process hai jo ki earth ke climate ko badal rahi hai. Ye process mein global warming, sea level rise, aur extreme weather events shamil hote hain, jo ki human activities ke karan ho rahe hain aur jinke karan earth ka climate badal raha hai.",5.0
29,"Sir, climate change ke bare mein batayein, yeh kya hota hai?",hierarchical_context,"Arre, climate change ek bahut hi bada aur mahatvapurn vishay hai. Climate change ka matlab hai ki prithvi ki thandak aur barf banane ki prakriya mein badlaav aa raha hai. Yah aapko lagta hai ki yeh koi naya shabd hai, lekin yeh aapke aas-paas ki har din ki jeevan mein dikhai deta hai.

Climate change ki khaan se shuru karte hain. Prithvi ki thandak mein badlaav hua hai, jisse barf glaciers aur polar areas mein tabdeel aa raha hai. Yah thandak ka badlaav humare kabjio karan hone wala hai, jaise k",3.267,749,"Climate change ek prakar ki process hai jo ki earth ke climate ko badal rahi hai. Ye process mein global warming, sea level rise, aur extreme weather events shamil hote hain, jo ki human activities ke karan ho rahe hain aur jinke karan earth ka climate badal raha hai.",8.5
29,"Sir, climate change ke bare mein batayein, yeh kya hota hai?",rag_style,"Arre bhai, climate change kya hai? Yeh ek bahut hi bada aur ghatiya prakriya hai jiske kaaran prithvi ki temperature badh rahi hai aur iske sabse bade prabhaav hain jalvayu parivartan ke karan prakritik aapda, jaise ki tufaan, bhukamp, aur samudri seva hota hai. Yeh sabhi prakriyaayen jalvayu parivartan ke kaaran hoti hain.",7.516,206,"Climate change ek prakar ki process hai jo ki earth ke climate ko badal rahi hai. Ye process mein global warming, sea level rise, aur extreme weather events shamil hote hain, jo ki human activities ke karan ho rahe hain aur jinke karan earth ka climate badal raha hai.",8.5
29,"Sir, climate change ke bare mein batayein, yeh kya hota hai?",tree_of_thought,"**Pehla Soch:** Climate change ek prakritik prakriya hai jo pradushan, urja kee avashyaktaa aur anya karanon se hote hain.

**Dusra Soch:** Climate change ek prakritik sthiti hai jismein duniya ki temperature badh rahi hai, jo aarogy, jeevan aur anya kshetron par prabhav pad rahi hai.

**Teesra Soch:** Climate change ek aitihasik prakriya hai jo pradushan, urja kee avashyaktaa, aur anya karanon se hote hain, jo duniya ki aarthik, aarogyik aur rajnitik sthiti par prabhav pad rahi hai.

**Sarvashr",1.813,442,"Climate change ek prakar ki process hai jo ki earth ke climate ko badal rahi hai. Ye process mein global warming, sea level rise, aur extreme weather events shamil hote hain, jo ki human activities ke karan ho rahe hain aur jinke karan earth ka climate badal raha hai.",8.5
29,"Sir, climate change ke bare mein batayein, yeh kya hota hai?",agentic_context,"Arey, climate change ke bare mein batate hain, to yeh ek bahut majboot aur gambhir samasya hai. Climate change ka matlab hai ki dharti ki temperature badh rahi hai, jisse prakriti mein bahut bada parivartan a raha hai.

Yeh climate change ka sabse bada kaaran hain garmi ki chadhni, jo humare paas gas aur carbon dioxide ki mattram mein badhti hai. Isse prakriti mein bahut bada parivartan a raha hai, jaise ki glaishers badhne lage hain, baarishon mein badlav a raha hai, aur kai jeev-jantuon ki aaw",5.127,514,"Climate change ek prakar ki process hai jo ki earth ke climate ko badal rahi hai. Ye process mein global warming, sea level rise, aur extreme weather events shamil hote hain, jo ki human activities ke karan ho rahe hain aur jinke karan earth ka climate badal raha hai.",8.5
30,"Ma'am, cell cycle ke bare mein batayein, yeh kya hota hai?",zero_shot,"Beta, cell cycle ek bahut hi zaroori process hai jo hamare sharir mein cellon ko badhne aur bahar nikalne ke liye jaroori hai. Yeh ek chakravarti process hai jo do charanon mein hota hai: mitosis aur meiosis.

Mitosis cell ko do baalon mein divide karta hai, jismein ek baal pita cell ka original version hai aur doosra baal doosri cell ka new version hai. Is proces mein DNA ka replication hota hai aur mitosis ke andar cell ko do baalon mein divide karta hai.

Meiosis, jabki, cell ko do baalon mei",3.827,421,"Cell cycle ek process hai jismein cell grow, replicate, aur divide hota hai. Ismein interphase, mitosis, aur cytokinesis stages hote hain, jismein cell apne DNA ko replicate karta hai aur do identical daughter cells banata hai.",8.5
30,"Ma'am, cell cycle ke bare mein batayein, yeh kya hota hai?",few_shot,"Beti, cell cycle kya hai? Yeh ek processes hai jismein cell apne jivan ke dauran jaati hai. Ismein dono phase hote hain - interphase aur mitotic phase.

Interphase ke dauran cell growth karta hai, DNA ka replication hota hai, aur cell ko ready karta hai wahan se jaana jahan mitotic phase me. Ismein G1, S, aur G2 phase hote hain. G1 phase me cell growth hota hai, S phase me DNA ka replication hota hai, aur G2 phase me cell ko ready karta hai mitotic phase ke liye.

Mitotic phase me cell ko do baa",4.679,364,"Cell cycle ek process hai jismein cell grow, replicate, aur divide hota hai. Ismein interphase, mitosis, aur cytokinesis stages hote hain, jismein cell apne DNA ko replicate karta hai aur do identical daughter cells banata hai.",8.5
30,"Ma'am, cell cycle ke bare mein batayein, yeh kya hota hai?",chain_of_thought,"Arre, cell cycle ke bare mein batane ki zaroorat hai. Toh yeh hai:

Step 1: Cell cycle ek process hai jo ek cell ke jeevan cycle mein hota hai. Ismein cell ki growth, division aur renewal hoti hai.

Step 2: Cell cycle ko do hissaon mein divide kiya jaata hai: interphase aur mitosis.

Step 3: Interphase kuch up-prakriyaon se bhar jata hai:

- Gap 1 (G1) phase: Is phase mein cell growth hota hai aur DNA replication hota hai.
- Synthesis (S) phase: Is phase mein DNA replication hota hai aur cell ki",2.718,393,"Cell cycle ek process hai jismein cell grow, replicate, aur divide hota hai. Ismein interphase, mitosis, aur cytokinesis stages hote hain, jismein cell apne DNA ko replicate karta hai aur do identical daughter cells banata hai.",8.5
30,"Ma'am, cell cycle ke bare mein batayein, yeh kya hota hai?",structured_context,"{""answer"": ""Cell cycle ek prakriya hai jiska matlab hai koi bhi jeev keel ka vikas aur vikas ke dauran gaints ke vibhinn sthitiyon se guzarne ka process."", ""explanation"": ""Yeh prakriya do prakaar ki hoti hai: mitotic cycle aur intermitotic phase. Mitotic cycle mein cell ka vikas, prasarbhaan aur visheshtaaon mein parivartan hota hai. Intermitotic phase mein cell ko taati hai aur anya gaints ke saath milne se pehle taiyaar hota hai. Yah prakriya unhi jeev keelon ke liye mahatvapoorn hai jinhein v",4.51,262,"Cell cycle ek process hai jismein cell grow, replicate, aur divide hota hai. Ismein interphase, mitosis, aur cytokinesis stages hote hain, jismein cell apne DNA ko replicate karta hai aur do identical daughter cells banata hai.",6.0
30,"Ma'am, cell cycle ke bare mein batayein, yeh kya hota hai?",hierarchical_context,"Beta, cell cycle ek bahut hi mahatvapurn prakriya hai jo kisi bhi jeeviko ka jeevan surakshit rakhti hai. Iska matlab yeh hai ki cell cycle ke madhyam se cell apne jeevan ke aakhri avdhi tak badhti hai aur phir uske baad usse maut mil jaati hai.

Cell cycle mein char mahatvapurn avdhiyan hote hain:

1. **G1 (Gap 1)**: Is avdhi mein cell apne jeevan ke liye svaasth hoti hai aur vibhinn karyon ko poora karta hai, jaise ki koshikaaon ka nirmaan aur anya avashyak karya.
2. **S (Synthesis)**: Is avdh",2.954,515,"Cell cycle ek process hai jismein cell grow, replicate, aur divide hota hai. Ismein interphase, mitosis, aur cytokinesis stages hote hain, jismein cell apne DNA ko replicate karta hai aur do identical daughter cells banata hai.",8.5
30,"Ma'am, cell cycle ke bare mein batayein, yeh kya hota hai?",rag_style,"Beta, cell cycle ek prakriya hai jisme kisi cell ko apni jivan ki pehli se last takki tak pahunchana hota hai. Yeh prakriya do hisson mein banayi ja sakti hai - mitotic cell cycle aur meiotic cell cycle.

Mitotic cell cycle mein, cell ki saamanya koshikaayein banati hai, jo ki ek satah se dube jati hai aur ek anya satah se utpann hoti hai. Yeh prakriya ek ghatak ke roop mein hoti hai, jisme cell ki koshikaayein badlaati hain aur naye koshikaayein utpann hoti hain.

Meiotic cell cycle mein, cell ",4.745,388,"Cell cycle ek process hai jismein cell grow, replicate, aur divide hota hai. Ismein interphase, mitosis, aur cytokinesis stages hote hain, jismein cell apne DNA ko replicate karta hai aur do identical daughter cells banata hai.",8.5
30,"Ma'am, cell cycle ke bare mein batayein, yeh kya hota hai?",tree_of_thought,"Meri soch mein aane wale kaaran:

1. **Cell cycle ke karyakram**: Main soch raha hoon ki cell cycle ek karyakram hai jo cells ko reproduce karne ke liye zaroori hai. Yeh cycle DNA replication, chromosome segregation aur cell division ke dauran hota hai.

2. **Cell cycle ke charan**: Main soch raha hoon ki cell cycle mein kai charan hote hain, jaise ki G1 phase, S phase, G2 phase aur M phase. Har charan mein cells ko alag-alag karyon ko poora karna hota hai.

3. **Cell cycle ke nirdeshak**: Main ",2.674,395,"Cell cycle ek process hai jismein cell grow, replicate, aur divide hota hai. Ismein interphase, mitosis, aur cytokinesis stages hote hain, jismein cell apne DNA ko replicate karta hai aur do identical daughter cells banata hai.",8.5
30,"Ma'am, cell cycle ke bare mein batayein, yeh kya hota hai?",agentic_context,ERROR,0.0,0,"Cell cycle ek process hai jismein cell grow, replicate, aur divide hota hai. Ismein interphase, mitosis, aur cytokinesis stages hote hain, jismein cell apne DNA ko replicate karta hai aur do identical daughter cells banata hai.",8.5
31,Why did Satyajit board the train?,zero_shot,ERROR,0.0,0,He boarded the train to escape from his current situation and the wrenching within him.,8.5
31,Why did Satyajit board the train?,few_shot,Bhaiya Satyajit train board kiya kiya kya? → Satyajit train board kiya ki woh apne dost ko milne jaa raha tha.,3.223,124,He boarded the train to escape from his current situation and the wrenching within him.,2.0
31,Why did Satyajit board the train?,chain_of_thought,"Arre, let's break it down step by step:

1. Toh, Satyajit kya karta hai? (What does Satyajit do?)
2. Koi information nahi di gayi hai, toh hum assumption lagaa sakte hain (No information is given, so we can make an assumption)
3. Aapko lagta hai ki Satyajit ek aam jeevan ke log hai, toh hum soch sakte hain ki woh kuch aise kaam karta hai jo train se jaane ke liye zaroori hota hai (You think Satyajit is an ordinary person, so we can think that he does something that requires traveling by train)
4",0.696,360,He boarded the train to escape from his current situation and the wrenching within him.,8.5
31,Why did Satyajit board the train?,structured_context,"{""answer"": ""Satyajit boardi train kyun ki woh apni behen ko Mumbai le ja raha tha"", ""explanation"": ""Woh apni behen ko Mumbai le ja raha tha aur train wahan se gaati thi, isliye vah train board kiya""}",4.286,132,He boarded the train to escape from his current situation and the wrenching within him.,2.5
31,Why did Satyajit board the train?,hierarchical_context,"Bachchon, aaj hum ek bahut hi achhi kahani sunenge, jiska naam hai 'Piku' ya 'Piku or Mithas'. Lekin hum aaj ek character ke baare mein baat karenge, Satyajit.

Satyajit ek bahut hi bade shaukeen train safar mein aadmi the. Unhe train chalti dikhne se bahut khushi hoti thi. Ek din, Satyajit ne ek train board kiya, lekin humein nahin pata ki ve kyun board kiye.

Ab, bachchon, hum ise jante hain. Satyajit ne train board ki thi kyunki unhe train chalti dekhne ka bahut shaukeen tha. Ve bahut hi bade",1.981,428,He boarded the train to escape from his current situation and the wrenching within him.,8.5
31,Why did Satyajit board the train?,rag_style,"Satyajit board kiya train ke liye kyon?  - Kuch nahi pata, yeh sawal aapne hi pehle hi pucha tha.",3.302,114,He boarded the train to escape from his current situation and the wrenching within him.,0.0
31,Why did Satyajit board the train?,tree_of_thought,"Main 3 tarah soch raha hoon:

1. Satyajit train par chadaa ke liye ek naye safar ka anand le raha hai, ya phir usske liye ek mahatvapoorn destination hai jo usko zindagi ke liye mahatvapoorn hai. 

2. Shaitaan (2006) film ki baat karein, wahaan Satyajit ek aatm-hatya kare wala hamaari dikhayi dete hain. Uske andar ek aisa manovigyaanik vishleshan hota hai jo use train par chadaane ki ichchha karta hai.

3. Ek anya theory yeh hai ki Satyajit train par chadaa usske liye ek aatm-samarpit karyakram ",1.822,342,He boarded the train to escape from his current situation and the wrenching within him.,8.5
31,Why did Satyajit board the train?,agentic_context,"Arre, yeh question thodi confusing hai! Lekin mujhe lagta hai ki Satyajit kaun hai? 

Step 1: Pehle to humein Satyajit kaun hai, yeh samajhna hai. 

Step 2: Ab, mujhe kuchh knowledge aati hai. Kya Satyajit ko koi film hai? Nahi, nahi, Satyajit ka koi film nahi hai. Satyajit ek character hai, lekin yeh kis film ka? Ah, maine to yeh pata nahi lagaya. Kya Satyajit ek novel ya story mein hai? Nahi, nahi, mujhe yeh bhi pata nahi.

Step 3: Ab, maine kuchh socha. Kya Satyajit ek story mein hai jahaan w",3.942,494,He boarded the train to escape from his current situation and the wrenching within him.,8.5
32,"Ma'am, kya hum chemistry mein acid aur base ke bare mein padhenge?",zero_shot,ERROR,0.0,0,"Haan, hum chemistry mein acid aur base ke bare mein padhenge. Acid aur base ke gunon aur unke pratikriyaon ko samajhna humare liye bahut zaroori hai.",8.5
32,"Ma'am, kya hum chemistry mein acid aur base ke bare mein padhenge?",few_shot,ERROR,0.0,0,"Haan, hum chemistry mein acid aur base ke bare mein padhenge. Acid aur base ke gunon aur unke pratikriyaon ko samajhna humare liye bahut zaroori hai.",8.5
32,"Ma'am, kya hum chemistry mein acid aur base ke bare mein padhenge?",chain_of_thought,"Arre, sab kuch dekhein:

Sabse phele, hum acid ka definition dekhenge. Acid kya hota hai? Acid ek aisa hawaatavik ya jeevika sthav hai jo apne saamagriyon ko dene ke liye apne aas-paas ke vaayumand mein hydrogen ion (H+) ka upyog karta hai.

Ab, hum base ka definition dekhenge. Base ek aisa hawaatavik ya jeevika sthav hai jo apne saamagriyon ko dene ke liye apne aas-paas ke vaayumand mein hydroxide ion (OH-) ka upyog karta hai.

Ab, hum acid aur base ke beech ka sawal dekhenge. To, yeh pata chal",4.102,557,"Haan, hum chemistry mein acid aur base ke bare mein padhenge. Acid aur base ke gunon aur unke pratikriyaon ko samajhna humare liye bahut zaroori hai.",8.5
32,"Ma'am, kya hum chemistry mein acid aur base ke bare mein padhenge?",structured_context,"{""answer"": ""Haan, beta, hum chemistry mein acid aur base ke bare mein bahut kuchh padhenge. Acid aur base ke beech ki sambandh, unke gatih, unke utpann hona, unke upyog, aur unke prabhav par padhenge."", ""explanation"": ""Hum apne book mein padhenge ki acid aur base kya hain, unke gatih ke bare mein, aur unke upyog ke bare mein. Hum padhenge ki kai prakaar ke acid aur base hote hain, jaise ki dilute acid, concentrated acid, weak acid, strong acid, weak base, aur strong base. Hum apne pratyek acid a",5.66,342,"Haan, hum chemistry mein acid aur base ke bare mein padhenge. Acid aur base ke gunon aur unke pratikriyaon ko samajhna humare liye bahut zaroori hai.",8.5
32,"Ma'am, kya hum chemistry mein acid aur base ke bare mein padhenge?",hierarchical_context,ERROR,0.0,0,"Haan, hum chemistry mein acid aur base ke bare mein padhenge. Acid aur base ke gunon aur unke pratikriyaon ko samajhna humare liye bahut zaroori hai.",8.5
32,"Ma'am, kya hum chemistry mein acid aur base ke bare mein padhenge?",rag_style,ERROR,0.0,0,"Haan, hum chemistry mein acid aur base ke bare mein padhenge. Acid aur base ke gunon aur unke pratikriyaon ko samajhna humare liye bahut zaroori hai.",8.5
32,"Ma'am, kya hum chemistry mein acid aur base ke bare mein padhenge?",tree_of_thought,ERROR,0.0,0,"Haan, hum chemistry mein acid aur base ke bare mein padhenge. Acid aur base ke gunon aur unke pratikriyaon ko samajhna humare liye bahut zaroori hai.",8.5
32,"Ma'am, kya hum chemistry mein acid aur base ke bare mein padhenge?",agentic_context,ERROR,0.0,0,"Haan, hum chemistry mein acid aur base ke bare mein padhenge. Acid aur base ke gunon aur unke pratikriyaon ko samajhna humare liye bahut zaroori hai.",8.5
33,"Steinbeck ke The Pearl mein di gayi excerpt mein, kya main analogy use kiya gaya hai jo ek town ko describe karta hai, aur writer kaunsa tone apnata hai? Ek town ko animal ki tarah dikhaaya gaya hai. Isme nervous system, head, shoulders aur feet hai... Tone thoda light humour aur sarcastic hai.",zero_shot,ERROR,0.0,0,Writer ne town ko animal ki tarah dikhaane ki main analogy use ki hai. Adopted tone thoda light humour aur sarcastic hai.,8.5
33,"Steinbeck ke The Pearl mein di gayi excerpt mein, kya main analogy use kiya gaya hai jo ek town ko describe karta hai, aur writer kaunsa tone apnata hai? Ek town ko animal ki tarah dikhaaya gaya hai. Isme nervous system, head, shoulders aur feet hai... Tone thoda light humour aur sarcastic hai.",few_shot,ERROR,0.0,0,Writer ne town ko animal ki tarah dikhaane ki main analogy use ki hai. Adopted tone thoda light humour aur sarcastic hai.,8.5
33,"Steinbeck ke The Pearl mein di gayi excerpt mein, kya main analogy use kiya gaya hai jo ek town ko describe karta hai, aur writer kaunsa tone apnata hai? Ek town ko animal ki tarah dikhaaya gaya hai. Isme nervous system, head, shoulders aur feet hai... Tone thoda light humour aur sarcastic hai.",chain_of_thought,ERROR,0.0,0,Writer ne town ko animal ki tarah dikhaane ki main analogy use ki hai. Adopted tone thoda light humour aur sarcastic hai.,8.5
33,"Steinbeck ke The Pearl mein di gayi excerpt mein, kya main analogy use kiya gaya hai jo ek town ko describe karta hai, aur writer kaunsa tone apnata hai? Ek town ko animal ki tarah dikhaaya gaya hai. Isme nervous system, head, shoulders aur feet hai... Tone thoda light humour aur sarcastic hai.",structured_context,"{""answer"": ""The Pearl mein, Steinbeck ne ek town ko ek jaguar ki tarah describe kiya hai, jisme nervous system, head, shoulders, feet aur tail hai, jo is baat ko dikhata hai ki town ek jeev hai jo apne logon ke liye kuch karta hai. Writer ka tone light humour aur sarcastic hai, jisse padne wale ko town ki vividhata aur jeevan ke saath uski sanbaadhit hain."", ""explanation"": ""The Pearl mein, Steinbeck ne ek town ko ek jaguar ki tarah describe kiya hai. Isme, town ke nervous system ko 'nerves' ke r",8.796,472,Writer ne town ko animal ki tarah dikhaane ki main analogy use ki hai. Adopted tone thoda light humour aur sarcastic hai.,8.5
33,"Steinbeck ke The Pearl mein di gayi excerpt mein, kya main analogy use kiya gaya hai jo ek town ko describe karta hai, aur writer kaunsa tone apnata hai? Ek town ko animal ki tarah dikhaaya gaya hai. Isme nervous system, head, shoulders aur feet hai... Tone thoda light humour aur sarcastic hai.",hierarchical_context,"Arre bhai, accha question hai! Steinbeck ke The Pearl mein ek dialogue hai jo ek town ko describe karta hai. Yeh dialogue yeh likhta hai:

""A town like a beast; sometimes it must be struck on the head and beaten over the back before it will move.""

Isme, Steinbeck ek town ko ek animal ki tarah dikhaata hai. Yeh analogy yeh dikhata hai ki town ek jeev hai, jo apne aap ko badal sakta hai. Yeh dialogue thoda light humour aur sarcastic hai, kyunki Steinbeck town ko ek jeev ke roop mein dikhakar yeh ",5.098,658,Writer ne town ko animal ki tarah dikhaane ki main analogy use ki hai. Adopted tone thoda light humour aur sarcastic hai.,8.5
33,"Steinbeck ke The Pearl mein di gayi excerpt mein, kya main analogy use kiya gaya hai jo ek town ko describe karta hai, aur writer kaunsa tone apnata hai? Ek town ko animal ki tarah dikhaaya gaya hai. Isme nervous system, head, shoulders aur feet hai... Tone thoda light humour aur sarcastic hai.",rag_style,ERROR,0.0,0,Writer ne town ko animal ki tarah dikhaane ki main analogy use ki hai. Adopted tone thoda light humour aur sarcastic hai.,8.5
33,"Steinbeck ke The Pearl mein di gayi excerpt mein, kya main analogy use kiya gaya hai jo ek town ko describe karta hai, aur writer kaunsa tone apnata hai? Ek town ko animal ki tarah dikhaaya gaya hai. Isme nervous system, head, shoulders aur feet hai... Tone thoda light humour aur sarcastic hai.",tree_of_thought,"Mujhe kai cheezein aayi hain:

1. **Town ko animal ki tarah dikhana**: Steinbeck ne ek behtareen analogy use kiya hai. Town ko ek animal ki tarah dikhane se, writer ne uski aatma aur vyavhaar ko samajhne ki koshish ki hai. Nervous system, head, shoulders, aur feet ke zariye, writer ne town ki different parts ko describe kiya hai, jaise ki:
 * Nervous system - Town ke nervous system ko 'a nervous system of wires' ke roop mein dekha ja sakta hai, jismein har cheez jodee hue hain.
 * Head - Town ke",1.008,593,Writer ne town ko animal ki tarah dikhaane ki main analogy use ki hai. Adopted tone thoda light humour aur sarcastic hai.,8.5
33,"Steinbeck ke The Pearl mein di gayi excerpt mein, kya main analogy use kiya gaya hai jo ek town ko describe karta hai, aur writer kaunsa tone apnata hai? Ek town ko animal ki tarah dikhaaya gaya hai. Isme nervous system, head, shoulders aur feet hai... Tone thoda light humour aur sarcastic hai.",agentic_context,"Arre, thoda confuse hoon, lekin maine socha hai, kya main Steinbeck ke The Pearl mein ek vishesh excerpt ke baare mein sochta hoon. Aur wahi hai, wahan ek town ko ek animal ki tarah describe kiya gaya hai. 

Kya maine yad kiya hai, Steinbeck ne ek town ko ek animal ki tarah describe kiya hai, jisme nervous system, head, shoulders aur feet hain. Yeh analogy thoda vishayak hai, lekin isse pata chalta hai ki Steinbeck ne town ki vividhata aur rooprekha ko darshaya hai.

Ab tone ke baare mein socha ",6.733,429,Writer ne town ko animal ki tarah dikhaane ki main analogy use ki hai. Adopted tone thoda light humour aur sarcastic hai.,8.5
34,"Sir, what is ecosystem services?",zero_shot,"Arre, ecosystem services hai wo services jo prakriti ka ek hissa hai. Ismein humari aawaazon, janwaron, paudhon, aur anya jeevon ka ek jathha hai jo ek dusre ke sath milti hai aur humein kai tarah ke faayde de sakti hai.

Udaaharan ke liye, paani ki ghatna, hawa ki ghatna, aur mausam ki ghatna - yeh sabhi ecosystem services ke hisson hain. Haan, paudhe humein oxyjen dete hain, aur hawa ki ghatna se humein mausam ki takneek mil jaati hai.

Iske alawa, ecosystem services mein humare gaoon, jungle,",0.58,287,"Ecosystem services ek aisa vishay hai jismein hum ecosystem ke dwara pradaan kiye jaane wale upyogitaon ke bare mein padhte hain. Ismein hum yeh jaante hain ki kaise ecosystem humein oxygen, paani, aur anya upyogitaen pradaan karte hain.",8.5
34,"Sir, what is ecosystem services?",few_shot,ERROR,0.0,0,"Ecosystem services ek aisa vishay hai jismein hum ecosystem ke dwara pradaan kiye jaane wale upyogitaon ke bare mein padhte hain. Ismein hum yeh jaante hain ki kaise ecosystem humein oxygen, paani, aur anya upyogitaen pradaan karte hain.",8.5
34,"Sir, what is ecosystem services?",chain_of_thought,ERROR,0.0,0,"Ecosystem services ek aisa vishay hai jismein hum ecosystem ke dwara pradaan kiye jaane wale upyogitaon ke bare mein padhte hain. Ismein hum yeh jaante hain ki kaise ecosystem humein oxygen, paani, aur anya upyogitaen pradaan karte hain.",8.5
34,"Sir, what is ecosystem services?",structured_context,ERROR,0.0,0,"Ecosystem services ek aisa vishay hai jismein hum ecosystem ke dwara pradaan kiye jaane wale upyogitaon ke bare mein padhte hain. Ismein hum yeh jaante hain ki kaise ecosystem humein oxygen, paani, aur anya upyogitaen pradaan karte hain.",8.5
34,"Sir, what is ecosystem services?",hierarchical_context,ERROR,0.0,0,"Ecosystem services ek aisa vishay hai jismein hum ecosystem ke dwara pradaan kiye jaane wale upyogitaon ke bare mein padhte hain. Ismein hum yeh jaante hain ki kaise ecosystem humein oxygen, paani, aur anya upyogitaen pradaan karte hain.",8.5
34,"Sir, what is ecosystem services?",rag_style,ERROR,0.0,0,"Ecosystem services ek aisa vishay hai jismein hum ecosystem ke dwara pradaan kiye jaane wale upyogitaon ke bare mein padhte hain. Ismein hum yeh jaante hain ki kaise ecosystem humein oxygen, paani, aur anya upyogitaen pradaan karte hain.",8.5
34,"Sir, what is ecosystem services?",tree_of_thought,"Thinking 1: Ecosystem services ka matlab hai ki prakritik sthapano se hamaare jeevan mein kya faayde hote hain. Jaise ki prakritik sthapano se hume oxygen milta hai, paani ki suraksha hoti hai, aur hamaare swasthya ke liye bahut saari chijen milti hain.

Thinking 2: Ecosystem services ek aisa karyakram hai jismein prakritik sthapano ki madad se hume kai sevaen mil sakti hain. Jaise ki prakritik sthapano se humko paani ki suraksha hoti hai, hamaare swasthya ke liye bahut saari chiz milti hain, au",3.835,440,"Ecosystem services ek aisa vishay hai jismein hum ecosystem ke dwara pradaan kiye jaane wale upyogitaon ke bare mein padhte hain. Ismein hum yeh jaante hain ki kaise ecosystem humein oxygen, paani, aur anya upyogitaen pradaan karte hain.",8.5
34,"Sir, what is ecosystem services?",agentic_context,ERROR,0.0,0,"Ecosystem services ek aisa vishay hai jismein hum ecosystem ke dwara pradaan kiye jaane wale upyogitaon ke bare mein padhte hain. Ismein hum yeh jaante hain ki kaise ecosystem humein oxygen, paani, aur anya upyogitaen pradaan karte hain.",8.5
35,"kyun soymilk kuch logon ke liye ek suitable alternative hai, aur ghar par isey kaise banaya ja sakta hai? Soymilk mein lactose (milk sugar) nahi hota aur jo log normal milk se allergic hote hain unke liye yeh peena suitable hai. Soymilk banane ke liye soybeans ko pani mein bhigo kar, pees kar aur phir chaan kar iska liquid nikala jata hai. Agar aapko takleef nahi hai toh aap ghar par bhi isey banaye.",zero_shot,"Soymilk ek acchi alternative hai woh logon ke liye jo milk se allergic hain ya lactose intolerant hain. Aur aap bhi ghar par isey banane ke liye soyebean len aur unhein pani mein bhigo dein. Jab soyebean pani mein bhogi jate hain, toh unka protein aur fiber nikal jata hai aur phir unhein pees kar liquid banaya jata hai. Agar aapko chahiye toh isey chaan kar kee jismein kuch khaane yukta cheezein ho jati hain, jaise ki soy isoprotein (soy lecithin). Ab isey ek blender mein daal kar milk ke anusaa",4.545,350,"Soymilk lactose nahi hota isliye jo log normal milk se allergic hote hain unke liye yeh suitable hai. Ghar par soymilk banane ke liye soybeans ko pani mein bhigona, peesna aur phir uska liquid chaan lena hota hai.",8.5
35,"kyun soymilk kuch logon ke liye ek suitable alternative hai, aur ghar par isey kaise banaya ja sakta hai? Soymilk mein lactose (milk sugar) nahi hota aur jo log normal milk se allergic hote hain unke liye yeh peena suitable hai. Soymilk banane ke liye soybeans ko pani mein bhigo kar, pees kar aur phir chaan kar iska liquid nikala jata hai. Agar aapko takleef nahi hai toh aap ghar par bhi isey banaye.",few_shot,"Bhaiya, soymilk ek bahut hi achha option hai woh logon ke liye jo milk se allergic hote hain ya lactose intolerance hain. Issey unke digestive system ko dard nahi hota.

Soymilk banane ke liye aapko soybeans ki jaroorat hogi. Phir aapko soybeans ko pani mein bhigo kar, pees kar aur phir chaan kar iska liquid nikala hua hai. Is liquid ko ache se chhanakar aur milakar soymilk taiyar karte hain.

Agar aapko soymilk banane ke liye time nahi milta hai toh bhi, aap store mein mila soymilk ka use kar s",3.641,475,"Soymilk lactose nahi hota isliye jo log normal milk se allergic hote hain unke liye yeh suitable hai. Ghar par soymilk banane ke liye soybeans ko pani mein bhigona, peesna aur phir uska liquid chaan lena hota hai.",8.5
35,"kyun soymilk kuch logon ke liye ek suitable alternative hai, aur ghar par isey kaise banaya ja sakta hai? Soymilk mein lactose (milk sugar) nahi hota aur jo log normal milk se allergic hote hain unke liye yeh peena suitable hai. Soymilk banane ke liye soybeans ko pani mein bhigo kar, pees kar aur phir chaan kar iska liquid nikala jata hai. Agar aapko takleef nahi hai toh aap ghar par bhi isey banaye.",chain_of_thought,ERROR,0.0,0,"Soymilk lactose nahi hota isliye jo log normal milk se allergic hote hain unke liye yeh suitable hai. Ghar par soymilk banane ke liye soybeans ko pani mein bhigona, peesna aur phir uska liquid chaan lena hota hai.",8.5
35,"kyun soymilk kuch logon ke liye ek suitable alternative hai, aur ghar par isey kaise banaya ja sakta hai? Soymilk mein lactose (milk sugar) nahi hota aur jo log normal milk se allergic hote hain unke liye yeh peena suitable hai. Soymilk banane ke liye soybeans ko pani mein bhigo kar, pees kar aur phir chaan kar iska liquid nikala jata hai. Agar aapko takleef nahi hai toh aap ghar par bhi isey banaye.",structured_context,"{""answer"": ""Soymilk ek achha vikalp hai jo logon ko pahle se milk peene se allergic hote hain unke liye, ya jo lactose intolerant hote hain unke liye. Issey banane ke liye aapko soybeans ko pani mein bhigo kar, pees kar aur phir chaan kar iska liquid nikalna hoga."", ""explanation"": ""Soymilk banane ke liye aapko soybeans ko pani mein bhigo kar, pees kar aur phir chaan kar iska liquid nikalna hoga. Isse aapko lactose-free milk mil jayega jo aap apne breakfast me shamil kar sakte hain ya koi bhi rec",4.612,421,"Soymilk lactose nahi hota isliye jo log normal milk se allergic hote hain unke liye yeh suitable hai. Ghar par soymilk banane ke liye soybeans ko pani mein bhigona, peesna aur phir uska liquid chaan lena hota hai.",8.5
35,"kyun soymilk kuch logon ke liye ek suitable alternative hai, aur ghar par isey kaise banaya ja sakta hai? Soymilk mein lactose (milk sugar) nahi hota aur jo log normal milk se allergic hote hain unke liye yeh peena suitable hai. Soymilk banane ke liye soybeans ko pani mein bhigo kar, pees kar aur phir chaan kar iska liquid nikala jata hai. Agar aapko takleef nahi hai toh aap ghar par bhi isey banaye.",hierarchical_context,"Arre bhai, aaj hum soymilk ke baare mein jaanege. Soymilk kuch logon ke liye ek suitable alternative hai, kyonki isme lactose (doodh ke chini) nahin hota hai. Jinhone normal doodh se allergy hai, unke liye soymilk peene ke liye bahut achha hai.

Ab, soymilk kaise banaya ja sakta hai, yeh sunne aayein. Soymilk banane ke liye aapko soybeans ki zaroorat hogi. Agar aapko soybeans mil jaate hain, toh isse aap pani mein bhigo sakte hain. Phir ise pees kar le aap, aur fir chaan karke iska liquid nikale",6.014,508,"Soymilk lactose nahi hota isliye jo log normal milk se allergic hote hain unke liye yeh suitable hai. Ghar par soymilk banane ke liye soybeans ko pani mein bhigona, peesna aur phir uska liquid chaan lena hota hai.",8.5
35,"kyun soymilk kuch logon ke liye ek suitable alternative hai, aur ghar par isey kaise banaya ja sakta hai? Soymilk mein lactose (milk sugar) nahi hota aur jo log normal milk se allergic hote hain unke liye yeh peena suitable hai. Soymilk banane ke liye soybeans ko pani mein bhigo kar, pees kar aur phir chaan kar iska liquid nikala jata hai. Agar aapko takleef nahi hai toh aap ghar par bhi isey banaye.",rag_style,ERROR,0.0,0,"Soymilk lactose nahi hota isliye jo log normal milk se allergic hote hain unke liye yeh suitable hai. Ghar par soymilk banane ke liye soybeans ko pani mein bhigona, peesna aur phir uska liquid chaan lena hota hai.",8.5
35,"kyun soymilk kuch logon ke liye ek suitable alternative hai, aur ghar par isey kaise banaya ja sakta hai? Soymilk mein lactose (milk sugar) nahi hota aur jo log normal milk se allergic hote hain unke liye yeh peena suitable hai. Soymilk banane ke liye soybeans ko pani mein bhigo kar, pees kar aur phir chaan kar iska liquid nikala jata hai. Agar aapko takleef nahi hai toh aap ghar par bhi isey banaye.",tree_of_thought,"Mujhe kuch vichar aaye hain:

1. Soymilk banane ke liye soybeans ka upyog kiya ja sakta hai, jisme lactose nahi hota aur yeh logon ke liye suitable hai jo milk se allergic hain.
2. Ghar par soymilk banane ke liye soybeans ko pani mein bhigo kar, pees kar aur phir chaan kar iska liquid nikala ja sakta hai.
3. Soymilk mein lactose nahi hota, issey wo log pia sakte hain jo milk se allergic hain, aur yeh ek healthy aur tasty alternative hai.

Ab best answer:

Soymilk ek bahut hi sundar aur healthy a",3.552,454,"Soymilk lactose nahi hota isliye jo log normal milk se allergic hote hain unke liye yeh suitable hai. Ghar par soymilk banane ke liye soybeans ko pani mein bhigona, peesna aur phir uska liquid chaan lena hota hai.",8.5
35,"kyun soymilk kuch logon ke liye ek suitable alternative hai, aur ghar par isey kaise banaya ja sakta hai? Soymilk mein lactose (milk sugar) nahi hota aur jo log normal milk se allergic hote hain unke liye yeh peena suitable hai. Soymilk banane ke liye soybeans ko pani mein bhigo kar, pees kar aur phir chaan kar iska liquid nikala jata hai. Agar aapko takleef nahi hai toh aap ghar par bhi isey banaye.",agentic_context,"Arre, main samajh gaya hai question. Kya pata, soymilk kuch logon ke liye ek suitable alternative hai kyunki yeh lactose (dudh ke cheeni) se bharosa hai aur jo log normal dudh se allergic hote hain unke liye yeh peena suitable hai.

Step 1: Samajh gaya hai question.

Step 2: Ab main yaad karta hoon ki soymilk banane ke liye kya kya karna hota hai. Soymilk banane ke liye soybeans ko pani mein bhigo kar, pees kar aur phir chaan kar iska liquid nikala jata hai.

Step 3: Ab main answer de raha hoon:",5.131,527,"Soymilk lactose nahi hota isliye jo log normal milk se allergic hote hain unke liye yeh suitable hai. Ghar par soymilk banane ke liye soybeans ko pani mein bhigona, peesna aur phir uska liquid chaan lena hota hai.",8.5
36,"Ma'am, ecosystem kya hota hai aur iske kitne prakaar hote hain?",zero_shot,"Ecosystem ek bahut hi jatil concept hai, lekin main isse aasani se samajhne ki koshish karungi.

Ecosystem ek jatil prakriya hai jismein prakriti ki sabhi bhag, jaise ki jeev (plants, animals), khaddar (soil), jal (water), hawa (air), aadharshil (sunlight), aur anya factors, ek-door ek-doosre ke saath judi hui hain. Ye sabhi bhag ek-doosre par nirbhar hote hain aur ek saath mil kar ek sahi aur sthira ekta banati hain.

Ecosystem ke kai prakaar hote hain:

1. **Taal prakaar ka ecosystem**: Jahan ",3.325,615,"Ecosystem ek aisa system hota hai jismein jeev-jantu, vanaspati, aur abhaavik tatva apas mein pratikriya karte hain. Ecosystem ke teen prakaar hote hain: jal ecosystem, thal ecosystem, aur van ecosystem.",8.5
36,"Ma'am, ecosystem kya hota hai aur iske kitne prakaar hote hain?",few_shot,"Beta ecosystem ek prakaar ka natural system hai jahaan jeev aur unke aas-paas ka environment ek dusre se juda hua hota hai. Ye system jeev, jeev ke liye uplabdh khadya, pani, aur anya svaasthya upayogya vastuon ka ek aisa joda hota hai. Jahan jeev apne environment ko saaf aur swasth rakhte hain, aur wahi environment jeev ko unki aavashyak chahiye pahunchaata hai.

Ecosystem ke kai prakaar hote hain, jaise ki:

- Jungle ecosystem: Yahaan trees, plants, jangal ke jeev, aur anya jeev ek dusre se ju",5.877,472,"Ecosystem ek aisa system hota hai jismein jeev-jantu, vanaspati, aur abhaavik tatva apas mein pratikriya karte hain. Ecosystem ke teen prakaar hote hain: jal ecosystem, thal ecosystem, aur van ecosystem.",8.5
36,"Ma'am, ecosystem kya hota hai aur iske kitne prakaar hote hain?",chain_of_thought,"Aapke sawal ka jawab dena hai, lekin pehle ek ghutna kheenchta hoon:

1. **Ecosystem ki sabse pehli cheez**: Ecosystem ek jatil prakriya hai jo prakriti ke vibhinn bhagon ko ek saath judaati hai, jaise ki jeev, bhumi, jal, haav, aur prakritik gatiyan.

2. **Ecosystem ke prakaar**: Ecosystem ke kai prakaar hote hain, lekin yeh sabse aam prakaar hain:
 * **Taapmaan-vyavastha**: Ye ecosystem vishesh taapmaan mein jeevate hain, jaise ki alpine, arctic, aur tropical.
 * **Jal-vyavastha**: Ye ecosyste",3.889,510,"Ecosystem ek aisa system hota hai jismein jeev-jantu, vanaspati, aur abhaavik tatva apas mein pratikriya karte hain. Ecosystem ke teen prakaar hote hain: jal ecosystem, thal ecosystem, aur van ecosystem.",8.5
36,"Ma'am, ecosystem kya hota hai aur iske kitne prakaar hote hain?",structured_context,ERROR,0.0,0,"Ecosystem ek aisa system hota hai jismein jeev-jantu, vanaspati, aur abhaavik tatva apas mein pratikriya karte hain. Ecosystem ke teen prakaar hote hain: jal ecosystem, thal ecosystem, aur van ecosystem.",8.5
36,"Ma'am, ecosystem kya hota hai aur iske kitne prakaar hote hain?",hierarchical_context,ERROR,0.0,0,"Ecosystem ek aisa system hota hai jismein jeev-jantu, vanaspati, aur abhaavik tatva apas mein pratikriya karte hain. Ecosystem ke teen prakaar hote hain: jal ecosystem, thal ecosystem, aur van ecosystem.",8.5
36,"Ma'am, ecosystem kya hota hai aur iske kitne prakaar hote hain?",rag_style,ERROR,0.0,0,"Ecosystem ek aisa system hota hai jismein jeev-jantu, vanaspati, aur abhaavik tatva apas mein pratikriya karte hain. Ecosystem ke teen prakaar hote hain: jal ecosystem, thal ecosystem, aur van ecosystem.",8.5
36,"Ma'am, ecosystem kya hota hai aur iske kitne prakaar hote hain?",tree_of_thought,"Mujhe kai tarah se sochne ke option hain:

**Pehla Soch:** Ecosystem ek vyavastha hai jismein jiva aur shaili donon ek dusre ke saath judi hui hain. Yah prakriti ke vibhinn tatvon ke beech ek sambandh hai jo jivan ke chakra ko chalata hai.

**Dusra Soch:** Ecosystem ko prakriti ke ek hisse ke roop mein dekh sakte hain, jismein jiva, shaili, pani, hawa, aur bhoomi saari ek disha mein kaam karte hain.

**Teesra Soch:** Ecosystem ek vastu hai jo jivan ke liye mahatvapoorn hai, jismein jiva aur shai",7.957,500,"Ecosystem ek aisa system hota hai jismein jeev-jantu, vanaspati, aur abhaavik tatva apas mein pratikriya karte hain. Ecosystem ke teen prakaar hote hain: jal ecosystem, thal ecosystem, aur van ecosystem.",8.5
36,"Ma'am, ecosystem kya hota hai aur iske kitne prakaar hote hain?",agentic_context,"Bilkul, main samajh gaya. 

Step 1: Pura question padhne ke baad, main samajh gaya ki question ecosystem ke bare mein hai, jismein kya hota hai aur iske kitne prakaar hote hain.

Step 2: Ab main is prakriya ko yaad karta hoon. Ecosystem ek vastavik prakriya hai, jismein jeev aur ajeev duniya ke elements samanya roop se sammilit hote hain aur ek ekdoosri se judne ke liye kaam karte hain. Ismein jeev (janwar, patthar, pashu, jangal, nadi, udan, paani, etc) aur ajeev (mitthi, khara, loha, etc) sabh",6.049,490,"Ecosystem ek aisa system hota hai jismein jeev-jantu, vanaspati, aur abhaavik tatva apas mein pratikriya karte hain. Ecosystem ke teen prakaar hote hain: jal ecosystem, thal ecosystem, aur van ecosystem.",8.5
37,What is the process of plate tectonics?,zero_shot,"Arre, plate tectonics ka process bahut hi jatil hai. Lekin main isko samajhne ki koshish karta hun.

Plate tectonics ka matlab hai plateon ke naam se, jo ki zameen ke upar ki dharti ke vibhinn hisson ko kaha jata hai. Ye platein ek dusre ke saath judi aur alag hoti rehti hain, aur yeh process time ke saath badal raha hai.

Is process mein, platein ek dusre ke saath judne ke liye naye plate banate hain, ya fir ek dusre ke saath judne ke liye alag ho jaate hain. Yeh platein apni disha mein badh ra",3.775,374,"Plate tectonics is the process by which the Earth's lithosphere is broken into large plates that move relative to each other. These plates can move apart, collide, or slide past each other, resulting in geological phenomena such as earthquakes, volcanoes, and mountain formation. The process of plate",8.5
37,What is the process of plate tectonics?,few_shot,"Bhai, plate tectonics ka process hai yeh: doosre ek plate ki tarah apni plate earth ke vibhinn hisson par chalti hai, jaise ki continents, mountains aur oceans. Yeh plates ek dusre se milte, alag ho jaati hain ya ek dusre ke andar nikal jati hain. Yah plate movement earth ke vibhinn jagah par mausam, jameen aur pani ke tareeke ko badalta hai.

Plate tectonics mein teen prakar ke plate movement hote hain: 

- Convergence: Do plates ek dusre ke andar jaati hain, jaise ki Himalayas ki utpaadak kriy",2.809,365,"Plate tectonics is the process by which the Earth's lithosphere is broken into large plates that move relative to each other. These plates can move apart, collide, or slide past each other, resulting in geological phenomena such as earthquakes, volcanoes, and mountain formation. The process of plate",8.5
37,What is the process of plate tectonics?,chain_of_thought,"Arre, plate tectonics ka process ko samajhne ke liye hum is prakriya ko charan charan dekhte hain:

1. **Plate Tectonics ki Prakriya Shuru Hui**: Pehle, hamari prithvi ko kai plateon mein vibhajit kiya gaya hai. In plateon ka naam plate hota hai. In plateon ke beech mein ek bahut hi chhoti si ghatna hoti hai jiska naam plate boundary hota hai.

2. **Plate Boundary**: Plate Boundary ek sthan hai jaha plate ek doosre se milte hain ya chhedte hain. Yeh sthan bahut hi mahatvapoorn hai kyunki yaha pl",4.139,574,"Plate tectonics is the process by which the Earth's lithosphere is broken into large plates that move relative to each other. These plates can move apart, collide, or slide past each other, resulting in geological phenomena such as earthquakes, volcanoes, and mountain formation. The process of plate",8.5
37,What is the process of plate tectonics?,structured_context,"{""answer"": ""Pate tectonics ka process ye hai, jisme plate earth ki surface par chalti hain aur achi-burjhi ki dishaon mein chalti hain."", ""explanation"": ""Yah process earth ke surface par plate ki bhinna-bhinna kshetron ko sambandh rakhne ke liye hota hai. Plate kuch time ke baad ek-ek anya plate ke saath mil jati hain ya alag ho jati hain, jo earth ke surface par tectonic plates ka nirman karta hai. Yah plate chalti hain, milti hain ya alag ho jati hain, jisse earth ke surface par khatre, jaise ",5.656,268,"Plate tectonics is the process by which the Earth's lithosphere is broken into large plates that move relative to each other. These plates can move apart, collide, or slide past each other, resulting in geological phenomena such as earthquakes, volcanoes, and mountain formation. The process of plate",8.5
37,What is the process of plate tectonics?,hierarchical_context,"Bachche, aaj hum plate tectonics ke baare mein seekhenge. Plate tectonics ek aisi prakriya hai jismein Paurashirik (plates) earth ke thal ke upar chalte hain. Ye plates ek dusre ke saath judi hui hai lekin unka upar waala hissa theek se jodaa nahin hota hai.

Ab, plate tectonics ke kaaran kya hota hai? Iske liye, hum is baat ka dhyan rakhein ki plate tectonics mein teen prakar ki plates hote hain:

1. **Continental plates**: Ye plates jaise ki Bharat aur Africa ki plates hain, jo samudr se alag ",3.358,772,"Plate tectonics is the process by which the Earth's lithosphere is broken into large plates that move relative to each other. These plates can move apart, collide, or slide past each other, resulting in geological phenomena such as earthquakes, volcanoes, and mountain formation. The process of plate",8.5
37,What is the process of plate tectonics?,rag_style,ERROR,0.0,0,"Plate tectonics is the process by which the Earth's lithosphere is broken into large plates that move relative to each other. These plates can move apart, collide, or slide past each other, resulting in geological phenomena such as earthquakes, volcanoes, and mountain formation. The process of plate",8.5
37,What is the process of plate tectonics?,tree_of_thought,"Maine kuchh sochne ke baad, yeh hai meri 3 possible vichar:

1. **Planet ki surface ki movement**: Plate tectonics ek process hai jismein planet ki surface ki plates, jaise ki lithospheric plates, ek doosre ke saamne aati hain aur ek doosre ki movement mein badal jaati hain. Yeh plates ek doosre ke saamne aati hain aur ek doosre ki boundary par milti hain.

2. **Earth ki surface ki transformation**: Plate tectonics ek process hai jismein Earth ki surface ki composition aur structure mein badlav ",0.604,381,"Plate tectonics is the process by which the Earth's lithosphere is broken into large plates that move relative to each other. These plates can move apart, collide, or slide past each other, resulting in geological phenomena such as earthquakes, volcanoes, and mountain formation. The process of plate",8.5
37,What is the process of plate tectonics?,agentic_context,ERROR,0.0,0,"Plate tectonics is the process by which the Earth's lithosphere is broken into large plates that move relative to each other. These plates can move apart, collide, or slide past each other, resulting in geological phenomena such as earthquakes, volcanoes, and mountain formation. The process of plate",8.5
38,Rashtriya Pustakalay Framework (NCF) 2005 ka school life ke baare mein kya main suggestion hai?,zero_shot,"Rashtriya Pustakalay Framework (NCF) 2005 ka main suggestion yeh hai ki school life ko achhe se samajhne ke liye, bachchon ko apne vichaaron, vishwason aur anubhavon ko vyakt karne ka mauka dena chahiye. Yeh framework bachchon ko apni pehchaan aur shiksha ko badhane ke liye naye drishtikon aur vichar pradan karta hai.

Is framework ke anusar, school life mein bachchon ko apne prashn, vichar aur anubhavon ka samna karne ka mauka diya jata hai. Yeh unhe apne vichaaron ko soochit karne, anyayon ko ",1.684,414,NCF 2005 ke hisaab se school mein bachchon ki zindagi ko unki school ke bahar ki zindagi se jodna chahiye,8.5
38,Rashtriya Pustakalay Framework (NCF) 2005 ka school life ke baare mein kya main suggestion hai?,few_shot,"Bhaiya, NCF 2005 ka school life ke baare mein ek bahut hi bada suggestion hai. Ye hai ki padhai ko adhik anuchit aur swatantran banaya jana chahiye. NCF 2005 ke anusaar, school ke palan mein padhai ko adhik anubhavit aur anandit banaya jana chahiye.

Iske dar ke anusar, school mein padhai ko adhik sanchalit aur vyaktigat banaya jana chahiye. Shikshakon ko padhai ke saath-saath vyaktigat sambandh banane aur unke vishwas ko badhane ka mauka dena chahiye.

NCF 2005 ke anusaar, school ke palan mein ",4.888,598,NCF 2005 ke hisaab se school mein bachchon ki zindagi ko unki school ke bahar ki zindagi se jodna chahiye,4.2
38,Rashtriya Pustakalay Framework (NCF) 2005 ka school life ke baare mein kya main suggestion hai?,chain_of_thought,"Arre, main is question ka samadhan dena chahta hoon. 

Step 1: Rashtriya Pustakalay Framework (NCF) 2005 ka school life ke baare mein kya main suggestion hai? 
Toh iska matlab hai ki main NCF 2005 ke anusaar school life ke baare mein kya nirdesh deta hai.

Step 2: NCF 2005 ek framework hai jo school education ko sudharne ke liye banaaya gaya tha. Yeh framework school education ko achhe se samajhne aur samajhane ke liye nirdesh deta hai.

Step 3: NCF 2005 ke anusaar school life ka main focus hai ",12.979,506,NCF 2005 ke hisaab se school mein bachchon ki zindagi ko unki school ke bahar ki zindagi se jodna chahiye,8.5
38,Rashtriya Pustakalay Framework (NCF) 2005 ka school life ke baare mein kya main suggestion hai?,structured_context,"{""answer"": ""Vidyalay ki aavashyakta, shiksha ka aadhaarban, shikshakon ka bharosa aur vishvaas, shikshakon ki vartayuktata, aarogya aur samridhi, aatm-sanskar aur jatil samasyaon ka samadhan."", ""explanation"": ""Rashtriya Pustakalay Framework (NCF) 2005 ki main suggestion yeh hai ki vidyalay, shiksha ka aadhaarban banayein, shikshakon ka bharosa aur vishvaas badhayein, unki vartayuktata ka dhyan rakhein, aarogya aur samridhi ka khyaal rakhein, aatm-sanskar aur jatil samasyaon ka samadhan karein. Y",4.637,332,NCF 2005 ke hisaab se school mein bachchon ki zindagi ko unki school ke bahar ki zindagi se jodna chahiye,2.0
38,Rashtriya Pustakalay Framework (NCF) 2005 ka school life ke baare mein kya main suggestion hai?,hierarchical_context,ERROR,0.0,0,NCF 2005 ke hisaab se school mein bachchon ki zindagi ko unki school ke bahar ki zindagi se jodna chahiye,0.0
38,Rashtriya Pustakalay Framework (NCF) 2005 ka school life ke baare mein kya main suggestion hai?,rag_style,"Main unki aapko batata hoon ki Rashtriya Pustakalay Framework (NCF) 2005 ka school life ke baare mein kya suggestion hai. 

Yeh framework school life ko behtar banane ke liye kai suggestion deti hai. Yeh hain:

1. School life ko gatividhi se adhik anubhav ke roop mein dekha jana chahiye. Shikshakon ko chahiye ki ve shikshakon ko anubhav pradaan karne mein madad karein.
2. Shikshakon ko chahiye ki ve apne shikshakon ke liye ek samarthanatmak samasya ke roop mein dekhain, na ki ek buraai ke roop m",3.909,463,NCF 2005 ke hisaab se school mein bachchon ki zindagi ko unki school ke bahar ki zindagi se jodna chahiye,8.5
38,Rashtriya Pustakalay Framework (NCF) 2005 ka school life ke baare mein kya main suggestion hai?,tree_of_thought,"Maine teen tareekon se vichar kiye:

1. **Adhik sampoorna aur samvedhit shiksha**: NCF 2005 ke anusaar, school life ko adhik sampoorna aur samvedhit banaya jaata hai. Yeh framework shikshakon aur shishakon ko samajhne mein madad karta hai ki vah kaise ek dusre ke saath bhaavnaatmak roop se jud sakte hain.
2. **Kshetralayak aur anuchintanatmak shiksha**: NCF 2005 school life ko kshetralayak aur anuchintanatmak banane par zor deta hai. Yeh framework shikshakon ko shikshakon ko kshetralayak aur anu",4.954,568,NCF 2005 ke hisaab se school mein bachchon ki zindagi ko unki school ke bahar ki zindagi se jodna chahiye,8.5
38,Rashtriya Pustakalay Framework (NCF) 2005 ka school life ke baare mein kya main suggestion hai?,agentic_context,"Sahab, maine samajh liya hai question.

Step 1: Pustakalay Framework 2005 ki baat hai, jo kuchh bade changes laati hai school life mein.

Step 2: Maine knowledge ko review kiya hai. NCF 2005 ke under, school ki life mein yeh suggestion aayi hai:

- School life ko holistic banaya gaya hai, jo shiksha, khel, sangeet, naach aur anya activities ko shamil karta hai.
- Shiksha ko student-centric banaya gaya hai, jismein unke interests aur needs par focus kiya gaya hai.
- Learning outcomes ko define ki",4.865,491,NCF 2005 ke hisaab se school mein bachchon ki zindagi ko unki school ke bahar ki zindagi se jodna chahiye,8.5
39,"Sahara ke pehle ke 'green' period aur uske baad ki desertification ka kaaran konsi natural phenomenon hai? Sahara ki green period paleo-monsoon ki migration ke kaaran hui thi, jismein earth ki motion ka bhi role tha.",zero_shot,"Sahara ke pehle ke 'green' period aur uske baad ki desertification ka kaaran ek natural phenomenon hai, jo ki paleo-monsoon ki migration se juda hai. Jab paleo-monsoon Sahara ke kshetra mein aata tha, toh iske karan Sahara ki mitti aur mausam bahut hi green aur surajmukh hua karta tha.

Iske baad, jab paleo-monsoon Sahara se dour hua, toh Sahara ki mitti aur mausam se suraj ke prabhav ke bina reh gaya, jisse uski desertification ho gayi.

Tumhare jawab mein iske alaawa, earth ki motion ka bhi ro",4.699,357,"Paleo-monsoon ki migration, jo earth ki motion ke dynamics, axial tilt aur perihelion ke variations se driven thi, ne Sahara ke climate shifts ka kaaran banaya. Monsoon ki northward shift se 'green' period aaya, jabki southward shift se desertification hui.",8.5
39,"Sahara ke pehle ke 'green' period aur uske baad ki desertification ka kaaran konsi natural phenomenon hai? Sahara ki green period paleo-monsoon ki migration ke kaaran hui thi, jismein earth ki motion ka bhi role tha.",few_shot,ERROR,0.0,0,"Paleo-monsoon ki migration, jo earth ki motion ke dynamics, axial tilt aur perihelion ke variations se driven thi, ne Sahara ke climate shifts ka kaaran banaya. Monsoon ki northward shift se 'green' period aaya, jabki southward shift se desertification hui.",8.5
39,"Sahara ke pehle ke 'green' period aur uske baad ki desertification ka kaaran konsi natural phenomenon hai? Sahara ki green period paleo-monsoon ki migration ke kaaran hui thi, jismein earth ki motion ka bhi role tha.",chain_of_thought,"Dekhna hai Sahara ke pehle ke 'green' period aur uske baad ki desertification ka kaaran kya hai. 

Step 1: Sabse pehle, Sahara ke pehle ke 'green' period aur uske baad ki desertification ka sthal aur samay dekhna hoga. Sahara ek vast desert hai jo Africa par sthit hai, aur yah 4-5 crore varsh pehle ek 'green' region tha. 

Step 2: Iske baad, Sahara ke pehle ke 'green' period ke liye ek theory ka pata lagana hoga. Ek theory hai ki Sahara ke pehle ke 'green' period paleo-monsoon ki migration ke ka",10.015,523,"Paleo-monsoon ki migration, jo earth ki motion ke dynamics, axial tilt aur perihelion ke variations se driven thi, ne Sahara ke climate shifts ka kaaran banaya. Monsoon ki northward shift se 'green' period aaya, jabki southward shift se desertification hui.",8.5
39,"Sahara ke pehle ke 'green' period aur uske baad ki desertification ka kaaran konsi natural phenomenon hai? Sahara ki green period paleo-monsoon ki migration ke kaaran hui thi, jismein earth ki motion ka bhi role tha.",structured_context,ERROR,0.0,0,"Paleo-monsoon ki migration, jo earth ki motion ke dynamics, axial tilt aur perihelion ke variations se driven thi, ne Sahara ke climate shifts ka kaaran banaya. Monsoon ki northward shift se 'green' period aaya, jabki southward shift se desertification hui.",8.5
39,"Sahara ke pehle ke 'green' period aur uske baad ki desertification ka kaaran konsi natural phenomenon hai? Sahara ki green period paleo-monsoon ki migration ke kaaran hui thi, jismein earth ki motion ka bhi role tha.",hierarchical_context,"Aapke sawal ka jawab dilana ek aisi choti si ghatna hai jo bahut lambi ulti hai. Sahara ke pehle ke ""green"" period aur uske baad ki desertification ka kaaran ek natural phenomenon hai, jise ""Milankovitch cycles"" kahte hain.

Milankovitch cycles yeh hai ki Paryaavaran mein prakaat ho raha change Earth ki motion ke kaaran hota hai. Earth ka motion, jaise ki uski ghoomna, aakar aur uske axis ke khaton ki orientation, planet par jalvayu aur maausam ko badalne ka kaaran ban jata hai.

Pehle, Sahara k",5.958,459,"Paleo-monsoon ki migration, jo earth ki motion ke dynamics, axial tilt aur perihelion ke variations se driven thi, ne Sahara ke climate shifts ka kaaran banaya. Monsoon ki northward shift se 'green' period aaya, jabki southward shift se desertification hui.",8.5
39,"Sahara ke pehle ke 'green' period aur uske baad ki desertification ka kaaran konsi natural phenomenon hai? Sahara ki green period paleo-monsoon ki migration ke kaaran hui thi, jismein earth ki motion ka bhi role tha.",rag_style,"Aapko Sahara ke pehle ke 'green' period aur uske baad ki desertification ka kaaran puchha gaya hai. 

Jawab yeh hai ki Sahara ki green period paleo-monsoon ki migration ke kaaran hui thi, jismein earth ki motion ka bhi role tha. Iske matlab yeh hai ki Sahara ke pehle yah ek green aur surajit jagah thi, jahan paleo-monsoon ke paani ki baarish kaam karti thi. Lekin jab paleo-monsoon ne apna rasta badla aur Sahara se door ho gaya, toh jahan par green jagah thi, vahan sahare ke desert ban gaye.",3.527,277,"Paleo-monsoon ki migration, jo earth ki motion ke dynamics, axial tilt aur perihelion ke variations se driven thi, ne Sahara ke climate shifts ka kaaran banaya. Monsoon ki northward shift se 'green' period aaya, jabki southward shift se desertification hui.",8.5
39,"Sahara ke pehle ke 'green' period aur uske baad ki desertification ka kaaran konsi natural phenomenon hai? Sahara ki green period paleo-monsoon ki migration ke kaaran hui thi, jismein earth ki motion ka bhi role tha.",tree_of_thought,"Maine is prashn par charcha karke teen alag-alag vichar sunaaye hain. 

Vichar 1: 
Pehla vichar hai ki Sahara ke green period aur uske baad ki desertification ka kaaran Earth ki motion ki parivartan hai. Jab Earth ki motion parivartit hoti hai, toh uske aas-paas ke grahamat ki sthiti bhi badalti hai. Iske dauraan paleo-monsoon ki migration hoti hai, jisse Sahara ko green period milta hai. Lekin jab Earth ki motion phir se parivartit hoti hai, toh grahamat ki sthiti badalti hai aur Sahara ki dese",3.07,755,"Paleo-monsoon ki migration, jo earth ki motion ke dynamics, axial tilt aur perihelion ke variations se driven thi, ne Sahara ke climate shifts ka kaaran banaya. Monsoon ki northward shift se 'green' period aaya, jabki southward shift se desertification hui.",8.5
39,"Sahara ke pehle ke 'green' period aur uske baad ki desertification ka kaaran konsi natural phenomenon hai? Sahara ki green period paleo-monsoon ki migration ke kaaran hui thi, jismein earth ki motion ka bhi role tha.",agentic_context,"Yeh sawal bahut interesting hai. Main samajhne ki koshish kar raha hoon.

Step 1: Samajhne ki koshish
Sahara ke pehle green period aur uske baad ki desertification ka kya karan hoga? Sahara ki green period paleo-monsoon ki migration ke kaaran hui thi, jismein earth ki motion ka bhi role tha. Yeh pata chal raha hai ki Sahara ek desert nahin tha, balki ek green aur fertile jagah thi.

Step 2: Yaad karna
Main yaad kar raha hoon ki paleo-monsoon ki migration ek natural phenomenon tha jo Sahara ki gr",6.811,467,"Paleo-monsoon ki migration, jo earth ki motion ke dynamics, axial tilt aur perihelion ke variations se driven thi, ne Sahara ke climate shifts ka kaaran banaya. Monsoon ki northward shift se 'green' period aaya, jabki southward shift se desertification hui.",8.5
40,"Ma'am, water cycle kya hota hai?",zero_shot,"Beta, water cycle ek bahut hi mahatvapurn prakriya hai jo paani ka gatividhi ko samjhati hai. Yeh prakriya mein paani ki bhoomi par urja se upar ki or chalta hai, fir vapas bhoomi par aata hai.

Pehle prakriya hai evaporation, jahan paani garmi ke kaaran gas mein badal jata hai aur uski aakaash mein chalta hai. Fir yeh paani aakaash mein chadhta hai aur yeh prakriya condensation hoti hai, jahan paani gas mein se dhooli ho jati hai aur barf ya paani ki badi boondon mein badal jata hai.

Issi baad",3.88,398,"Water cycle ek aisi prakriya hai jismein paani vaayumandal se Prithvi par aata hai aur phir se vaayumandal mein wapas chala jata hai. Ismein vaashpikaran, sanchayan, aur varsha shaamil hai.",8.5
40,"Ma'am, water cycle kya hota hai?",few_shot,"Pehlaanji, water cycle ek bahut hi zaroori process hai jo pani ko dharti par se upar le jata hai. Ismein pani uske garam hone se vaport hota hai, phir vah aasman mein chadhta hai aur basu ban jata hai. Phir basu barf ki tarah se hawa mein girta hai, jisse unhein barf ban jata hai. Jab barf garam hone lagta hai, to vah phir se pani ban jata hai aur dharti par gir jata hai. Is tarah se pani dharti par se upar le jata hai aur phir se dharti par gir jata hai.",3.558,242,"Water cycle ek aisi prakriya hai jismein paani vaayumandal se Prithvi par aata hai aur phir se vaayumandal mein wapas chala jata hai. Ismein vaashpikaran, sanchayan, aur varsha shaamil hai.",8.5
40,"Ma'am, water cycle kya hota hai?",chain_of_thought,ERROR,0.0,0,"Water cycle ek aisi prakriya hai jismein paani vaayumandal se Prithvi par aata hai aur phir se vaayumandal mein wapas chala jata hai. Ismein vaashpikaran, sanchayan, aur varsha shaamil hai.",8.5
40,"Ma'am, water cycle kya hota hai?",structured_context,"{""answer"": ""Haan ji, paani chakra ya water cycle ek bahut hi mahatvapurn prakriya hai jo prithvi par paani ki ghoomna ko sambhalta hai."", ""explanation"": ""Ismein paani ki teevrata badalti hai, jaise ki vah garama hokar ghataal ho jata hai, jaisa ki saritaon mein paani badhta hai, ya phir vah thanda hokar baraf ban jata hai, jaisa ki sansadhan mein paani baraf ban jata hai. Iske alawa, paani aakash mein chadhta hai aur vah baadalon ki roop mein pee jata hai, jisse paani vah jagah par pata jata hai",8.69,263,"Water cycle ek aisi prakriya hai jismein paani vaayumandal se Prithvi par aata hai aur phir se vaayumandal mein wapas chala jata hai. Ismein vaashpikaran, sanchayan, aur varsha shaamil hai.",8.5
40,"Ma'am, water cycle kya hota hai?",hierarchical_context,"Arre, water cycle kya hota hai, yeh to sabhi ko pata hai, lekin main isse ek baar fir se samjhaungi. Water cycle ya jal chakra ek badi choti kahaani hai, jismein paani ki kai cheezein hoti hain. 

Ismein paani uske garm hone se udta hai, aur vahan se uske thande hone se barf ya garm hone se vaport hota hai. Iske baad, vaport aasman mein chalta hai aur yeh usske thande hone se baraf se badal jaata hai. Jab baraf thanda ho jaata hai, to use baadal mein ek taral (droplet) ke roop mein lagata hai, j",2.93,359,"Water cycle ek aisi prakriya hai jismein paani vaayumandal se Prithvi par aata hai aur phir se vaayumandal mein wapas chala jata hai. Ismein vaashpikaran, sanchayan, aur varsha shaamil hai.",8.5
40,"Ma'am, water cycle kya hota hai?",rag_style,"Aapko pata hai ki water cycle kya hota hai?  Wahi, water cycle ek prakriya hai jismein jal paani apne ghir pani ke roop mein garam hone ke baad vapas aasman mein chadhta hai, uske baad ve clouds mehsoos hota hai, jahan se ve barish ke roop mein prithvi par aate hain. Yeh prakriya kabhi-kabhi aur phir se shuru hoti hai.",2.428,191,"Water cycle ek aisi prakriya hai jismein paani vaayumandal se Prithvi par aata hai aur phir se vaayumandal mein wapas chala jata hai. Ismein vaashpikaran, sanchayan, aur varsha shaamil hai.",8.5
40,"Ma'am, water cycle kya hota hai?",tree_of_thought,"Sabse pehle, main sochunga ki pani ka chakra kya hai.

Pehla vichaar: Water cycle ek prakriya hai jismein pani samudra, vaayumandaliya, aur bhoomi ke beech ghoomta hai. Ismein pani barf mein badal jaata hai, phir barf garam hone par paani mein badal jaata hai, aur phir se samudra mein jaa sakta hai.

Doosra vichaar: Pani ka chakra ek mahatvapoorn prakriya hai jismein hawa, bhoomi, aur samudra ke beech pani ka aapna srot hota hai. Ismein pani barf, gheena, aur varsha ke roop mein bhoomi par padta",4.856,489,"Water cycle ek aisi prakriya hai jismein paani vaayumandal se Prithvi par aata hai aur phir se vaayumandal mein wapas chala jata hai. Ismein vaashpikaran, sanchayan, aur varsha shaamil hai.",8.5
40,"Ma'am, water cycle kya hota hai?",agentic_context,"Arre, chalo samjhate hain! Water cycle ki baat karein. 

Step 1: Question understand kiya hai, jiska matlab hai ki humko pata chal gaya hai ki question kya hai. 

Step 2: Ab humko pata chalne wala hai ki humko kya recall karna hai. Water cycle ki baat karni hai, toh humko yaad rakhna hoga ki water cycle kya hai. 

Step 3: Ab hum answer denge. Water cycle ek process hota hai jismein paani ek cheez se dusri cheez mein badalta rehta hai. Yeh process is prakaar hota hai: 

- Paani uss cheez se shuru",5.013,478,"Water cycle ek aisi prakriya hai jismein paani vaayumandal se Prithvi par aata hai aur phir se vaayumandal mein wapas chala jata hai. Ismein vaashpikaran, sanchayan, aur varsha shaamil hai.",8.5
41,"Agar hume essay likhne me difficulty aa rahi hai to use easy banane ke liye kaun se do methods follow kar sakte hain? Hum log ko toh shuruwat me likhna bohot mushkil lagta hai, lekin hum isse easy bana sakte hain yaar, topic ke baare me soch kar, ya toh brainstorming kar ke, jisme hum group me baith kar apne apne ideas share karte hain, ya phir ek sheet pe note kar lete hain jo bhi idea aa raha hai",zero_shot,ERROR,0.0,0,"Text me do methods suggest kiye gaye hain, ek toh group me brainstorming karna, aur doosra apne ideas ko ek sheet pe note karna jab bhi idea aaye",8.5
41,"Agar hume essay likhne me difficulty aa rahi hai to use easy banane ke liye kaun se do methods follow kar sakte hain? Hum log ko toh shuruwat me likhna bohot mushkil lagta hai, lekin hum isse easy bana sakte hain yaar, topic ke baare me soch kar, ya toh brainstorming kar ke, jisme hum group me baith kar apne apne ideas share karte hain, ya phir ek sheet pe note kar lete hain jo bhi idea aa raha hai",few_shot,ERROR,0.0,0,"Text me do methods suggest kiye gaye hain, ek toh group me brainstorming karna, aur doosra apne ideas ko ek sheet pe note karna jab bhi idea aaye",8.5
41,"Agar hume essay likhne me difficulty aa rahi hai to use easy banane ke liye kaun se do methods follow kar sakte hain? Hum log ko toh shuruwat me likhna bohot mushkil lagta hai, lekin hum isse easy bana sakte hain yaar, topic ke baare me soch kar, ya toh brainstorming kar ke, jisme hum group me baith kar apne apne ideas share karte hain, ya phir ek sheet pe note kar lete hain jo bhi idea aa raha hai",chain_of_thought,ERROR,0.0,0,"Text me do methods suggest kiye gaye hain, ek toh group me brainstorming karna, aur doosra apne ideas ko ek sheet pe note karna jab bhi idea aaye",8.5
41,"Agar hume essay likhne me difficulty aa rahi hai to use easy banane ke liye kaun se do methods follow kar sakte hain? Hum log ko toh shuruwat me likhna bohot mushkil lagta hai, lekin hum isse easy bana sakte hain yaar, topic ke baare me soch kar, ya toh brainstorming kar ke, jisme hum group me baith kar apne apne ideas share karte hain, ya phir ek sheet pe note kar lete hain jo bhi idea aa raha hai",structured_context,ERROR,0.0,0,"Text me do methods suggest kiye gaye hain, ek toh group me brainstorming karna, aur doosra apne ideas ko ek sheet pe note karna jab bhi idea aaye",8.5
41,"Agar hume essay likhne me difficulty aa rahi hai to use easy banane ke liye kaun se do methods follow kar sakte hain? Hum log ko toh shuruwat me likhna bohot mushkil lagta hai, lekin hum isse easy bana sakte hain yaar, topic ke baare me soch kar, ya toh brainstorming kar ke, jisme hum group me baith kar apne apne ideas share karte hain, ya phir ek sheet pe note kar lete hain jo bhi idea aa raha hai",hierarchical_context,ERROR,0.0,0,"Text me do methods suggest kiye gaye hain, ek toh group me brainstorming karna, aur doosra apne ideas ko ek sheet pe note karna jab bhi idea aaye",8.5
41,"Agar hume essay likhne me difficulty aa rahi hai to use easy banane ke liye kaun se do methods follow kar sakte hain? Hum log ko toh shuruwat me likhna bohot mushkil lagta hai, lekin hum isse easy bana sakte hain yaar, topic ke baare me soch kar, ya toh brainstorming kar ke, jisme hum group me baith kar apne apne ideas share karte hain, ya phir ek sheet pe note kar lete hain jo bhi idea aa raha hai",rag_style,ERROR,0.0,0,"Text me do methods suggest kiye gaye hain, ek toh group me brainstorming karna, aur doosra apne ideas ko ek sheet pe note karna jab bhi idea aaye",8.5
41,"Agar hume essay likhne me difficulty aa rahi hai to use easy banane ke liye kaun se do methods follow kar sakte hain? Hum log ko toh shuruwat me likhna bohot mushkil lagta hai, lekin hum isse easy bana sakte hain yaar, topic ke baare me soch kar, ya toh brainstorming kar ke, jisme hum group me baith kar apne apne ideas share karte hain, ya phir ek sheet pe note kar lete hain jo bhi idea aa raha hai",tree_of_thought,ERROR,0.0,0,"Text me do methods suggest kiye gaye hain, ek toh group me brainstorming karna, aur doosra apne ideas ko ek sheet pe note karna jab bhi idea aaye",8.5
41,"Agar hume essay likhne me difficulty aa rahi hai to use easy banane ke liye kaun se do methods follow kar sakte hain? Hum log ko toh shuruwat me likhna bohot mushkil lagta hai, lekin hum isse easy bana sakte hain yaar, topic ke baare me soch kar, ya toh brainstorming kar ke, jisme hum group me baith kar apne apne ideas share karte hain, ya phir ek sheet pe note kar lete hain jo bhi idea aa raha hai",agentic_context,ERROR,0.0,0,"Text me do methods suggest kiye gaye hain, ek toh group me brainstorming karna, aur doosra apne ideas ko ek sheet pe note karna jab bhi idea aaye",8.5
42,"Iona Potapov, cab driver ka description kya hai story me?",zero_shot,"Arre, Iona Potapov story me ek Russian cab driver hai jo Moscow me kaam karta hai. Yah ek aam aadmi hai jo apne parivaar ke saath rehne ki koshish karta hai, lekin uske paas ek kathin aay kai bhi hai. Woh ek taxi chalata hai jisse uske parivaar ki zaroorat poori hoti hai.",4.357,157,"Iona Potapov ko bahut white aur phantom jaise dikhaya gaya hai, woh double bent ho kar motionless khada hai",2.0
42,"Iona Potapov, cab driver ka description kya hai story me?",few_shot,"Iona Potapov, usi cab driver ke bare mein baat karte hue, wah ek Russian immigrant tha jo America aaya tha apni family ke saath. Uske baare mein kaha gaya hai ki vah bahut hi honest aur samajhdar aadmi tha, jo apne passengers ki help karta tha.",2.348,163,"Iona Potapov ko bahut white aur phantom jaise dikhaya gaya hai, woh double bent ho kar motionless khada hai",8.5
42,"Iona Potapov, cab driver ka description kya hai story me?",chain_of_thought,"Arre, yeh samajhne ki zaroorat hai. 

Step 1: Iona Potapov, story me ek cab driver hai ya ni?
Step 2: Kabhi bhi, story me, kab driver ka description karna jaroori nahin hai. Lekin agar woh ek character hai, to woh kya role play karta hai?
Step 3: Iona Potapov, story me ek cab driver hai, aur use ek kathor situation me dikhaya jata hai. 
Step 4: Woh ek cab driver hai, jise ek kathor situation me dikhaya jata hai, to woh kya kar sakta hai? 
Step 5: Woh apne pasenger ko safely pahunchane ki koshish",1.602,306,"Iona Potapov ko bahut white aur phantom jaise dikhaya gaya hai, woh double bent ho kar motionless khada hai",8.5
42,"Iona Potapov, cab driver ka description kya hai story me?",structured_context,"{""answer"": ""Iona Potapov ek Russian immigrant hai, jo ek taxi driver banke apne parivaar ke liye kuch karna chahta hai. Vah ek aisa vyakti hai jo apne sapnon ko poora karne ke liye kathin paristhitiyon se guzar raha hai."", ""explanation"": ""Iona Potapov story me ek prabhavi aur sancharu vyakti ki bhoomika nibhata hai. Uska lakshya apne parivaar ke liye ek accha jeevan banane ka hai, jiske liye vah kathin paristhitiyon se guzar raha hai. Uska safar ek samanya admi ki kathinaiyon ko darshata hai, jo",10.754,267,"Iona Potapov ko bahut white aur phantom jaise dikhaya gaya hai, woh double bent ho kar motionless khada hai",2.0
42,"Iona Potapov, cab driver ka description kya hai story me?",hierarchical_context,"Aapki sawal ka jawab hai! Iona Potapov ek Russian vyakti hai, jiska vartalap ek cab driver ke sath hota hai. Cab driver ek Indian vyakti hai jiska naam na diya gaya hai. Iona Potapov ek vyakti hai jo apne aas-paas ke vyaktiyon ke baare mein jaankari karta hai aur unki zarooraton ko pata karta hai. Vah apne cab driver ke sath ek samvad mein shamil hota hai jismein wo uske baare mein kuch jaanne ke liye usse poochta hai.",3.531,221,"Iona Potapov ko bahut white aur phantom jaise dikhaya gaya hai, woh double bent ho kar motionless khada hai",8.5
42,"Iona Potapov, cab driver ka description kya hai story me?",rag_style,"Aapne knowledge diya hai, lekin main nahin samajh paa raha hoon ki Iona Potapov cab driver ka description kya hai story me. Yeh knowledge kuch samajh nahin aayi, kya aap isme thoda andaz badal sakte hain?",1.377,150,"Iona Potapov ko bahut white aur phantom jaise dikhaya gaya hai, woh double bent ho kar motionless khada hai",8.5
42,"Iona Potapov, cab driver ka description kya hai story me?",tree_of_thought,"Arre, let me sochun kuchh.

Pehla vichar: Iona Potapov ek cab driver hai jo apne passengers ke saath acchi tarah se baat karta hai aur unki zaroorat ka samadhan karta hai.

Dusra vichar: Iona Potapov ek cab driver hai jo apne passengers ke liye bahut hi aadmi hai, woh unki zaroorat ka samadhan karta hai aur unhein apne ghar tak pahunchne mein madad karta hai.

Teesa vichar: Iona Potapov ek cab driver hai jo apne passengers ke saath bahut hi achha vichar karta hai, woh unhein apne ghar tak pahunc",4.619,371,"Iona Potapov ko bahut white aur phantom jaise dikhaya gaya hai, woh double bent ho kar motionless khada hai",1.0
42,"Iona Potapov, cab driver ka description kya hai story me?",agentic_context,"Suno, maine suna hai ki Iona Potapov, ek cab driver hai jo ek Russian immigrant hai. Woh ek bahut hi sabhy aur sukhad kaam karta hai, lekin ek din woh ek bahut hi khatarnaak ghera mein ghumne par hain. 

Maine suna hai ki woh ek chhote se chhote ladke ka baap hai, jo use bahut pyaar karta hai. Woh apne parivaar ki pasine mein ghumne ke liye bahut umeed karta hai. 

Lekin woh ek bahut hi khatarnaak duniya mein rehta hai, jahaan use kai samasyaon ka samna karna padta hai. Woh apne parivaar ki pasi",4.855,475,"Iona Potapov ko bahut white aur phantom jaise dikhaya gaya hai, woh double bent ho kar motionless khada hai",8.5
43,"Soyabean kaunse family mein aate hain, aur unke typical growing conditions kya hote hain? Soyabean legume family mein aate hain. Ye beans leguminous soyabean plant ke seeds hote hain. Inhe alag-alag tarah ke soils pe aur kayi tarah ke climates mein ugaya ja sakta hai.",zero_shot,"Arre, soyabean ke bare mein janna chahte ho? Toh main aapko batata hoon ki soyabean legume family mein aate hain. Ye beans leguminous soyabean plant ke seeds hote hain, jinhone kai tarah ke climates aur alag-alag tarah ke soils pe aasani se ughalne ka kaam kiya hai.

Soyabean ke liye typical growing conditions yeh hote hain: 
- Unke liye thoda kam se kam 4-5 inch ki mitti ki depth chahiye.
- Soyabean ko 6-8 hours ki taapmaan chahiye, jo 60-90°F (15-32°C) ke beech hota hai.
- Unke liye thoda barf",3.541,318,Soyabean legume family mein aate hain aur inhe alag-alag tarah ke soils pe aur kayi tarah ke climates mein ugaya ja sakta hai.,8.5
43,"Soyabean kaunse family mein aate hain, aur unke typical growing conditions kya hote hain? Soyabean legume family mein aate hain. Ye beans leguminous soyabean plant ke seeds hote hain. Inhe alag-alag tarah ke soils pe aur kayi tarah ke climates mein ugaya ja sakta hai.",few_shot,ERROR,0.0,0,Soyabean legume family mein aate hain aur inhe alag-alag tarah ke soils pe aur kayi tarah ke climates mein ugaya ja sakta hai.,8.5
43,"Soyabean kaunse family mein aate hain, aur unke typical growing conditions kya hote hain? Soyabean legume family mein aate hain. Ye beans leguminous soyabean plant ke seeds hote hain. Inhe alag-alag tarah ke soils pe aur kayi tarah ke climates mein ugaya ja sakta hai.",chain_of_thought,"Doston, humein soyabean ke bare mein jaanna hai. 

Step 1: Soyabean kaunse family mein aate hain?
- Soyabean legume family mein aate hain. Ye beans leguminous soyabean plant ke seeds hote hain.

Step 2: Unke typical growing conditions kya hote hain?
- Ye legume family ke hote hain, jisse unka growing conditions alag hota hai.
- Soyabean ko samudra ke level se 400-1000 meter ki oonchai par ubharne ke liye accha hota hai.
- Unke liye 4-6 feet ki oonchai ke saath thoda sa pani aur thanda vaatavaran",10.905,507,Soyabean legume family mein aate hain aur inhe alag-alag tarah ke soils pe aur kayi tarah ke climates mein ugaya ja sakta hai.,8.5
43,"Soyabean kaunse family mein aate hain, aur unke typical growing conditions kya hote hain? Soyabean legume family mein aate hain. Ye beans leguminous soyabean plant ke seeds hote hain. Inhe alag-alag tarah ke soils pe aur kayi tarah ke climates mein ugaya ja sakta hai.",structured_context,"{""answer"": ""Soyabean Fabaceae family mein aate hain"", ""explanation"": ""Soyabean ke liye typical growing conditions lagbhag 10-20 degree Celsius ke temperature, 50-70 cm ki vaarshik varshaa hoti hai, aur inhein aaramdayak soil mein 4-6 ghante ki raat mein ugaaya ja sakta hai.""}",5.465,227,Soyabean legume family mein aate hain aur inhe alag-alag tarah ke soils pe aur kayi tarah ke climates mein ugaya ja sakta hai.,8.5
43,"Soyabean kaunse family mein aate hain, aur unke typical growing conditions kya hote hain? Soyabean legume family mein aate hain. Ye beans leguminous soyabean plant ke seeds hote hain. Inhe alag-alag tarah ke soils pe aur kayi tarah ke climates mein ugaya ja sakta hai.",hierarchical_context,"Beta, Soyabean ko Leguminosae parivar mein padhne ka avsar milta hai. Ye parivar ka ek bahut hi prasiddh aur mahatvapoorn aang hai, jismein kai prakaar ke vriksh aur paudhe padhte hain. 

Soyabean ko kai tarah ke soil aur climate mein ugaya ja sakta hai, isliye yeh ek bahut hi lokpriya kheti hai. Soyabean ki kai upyog hain, jaise ki iske badee seed, tootaa, aur oil. Ye sabhi upyog soyabean ke paudhe ke seeds se prapt hote hain.

Soyabean ke growing conditions bahut hi aaramdayak hote hain. Yeh p",1.87,527,Soyabean legume family mein aate hain aur inhe alag-alag tarah ke soils pe aur kayi tarah ke climates mein ugaya ja sakta hai.,8.5
43,"Soyabean kaunse family mein aate hain, aur unke typical growing conditions kya hote hain? Soyabean legume family mein aate hain. Ye beans leguminous soyabean plant ke seeds hote hain. Inhe alag-alag tarah ke soils pe aur kayi tarah ke climates mein ugaya ja sakta hai.",rag_style,"Soyabean kya family mein aate hain? 
Soyabean legume family mein aate hain. Vah leguminous soyabean plant ke seeds hote hain.",5.202,189,Soyabean legume family mein aate hain aur inhe alag-alag tarah ke soils pe aur kayi tarah ke climates mein ugaya ja sakta hai.,8.5
43,"Soyabean kaunse family mein aate hain, aur unke typical growing conditions kya hote hain? Soyabean legume family mein aate hain. Ye beans leguminous soyabean plant ke seeds hote hain. Inhe alag-alag tarah ke soils pe aur kayi tarah ke climates mein ugaya ja sakta hai.",tree_of_thought,"Arre mere doston, maine soyabean ke baare mein kuchh socha hai. 

Pehla vichar yeh hai ki soyabean Leguminosae family mein aate hain. Yeh family legumes ko milati hai. Is family mein hara, gobar, kala chana, arhar, chhole, moong, matar, lobiya, kala urad, khesari dal, chane, makhana, babchi, mungfali, babul, ber, kikar, khejadi, babool, badam, akhrot, amaranth aadhi sabziyan aur daliyan aati hain. 

Soyabean ko alag-alag tarah ke soils pe aur kayi tarah ke climates mein ugaya ja sakta hai. Yeh s",1.824,452,Soyabean legume family mein aate hain aur inhe alag-alag tarah ke soils pe aur kayi tarah ke climates mein ugaya ja sakta hai.,8.5
43,"Soyabean kaunse family mein aate hain, aur unke typical growing conditions kya hote hain? Soyabean legume family mein aate hain. Ye beans leguminous soyabean plant ke seeds hote hain. Inhe alag-alag tarah ke soils pe aur kayi tarah ke climates mein ugaya ja sakta hai.",agentic_context,"Bhai, maine samjh liya hai. Soyabean ek legume family ke beans hote hain, aur ye leguminous soyabean plant ke seeds hain. 

Step 2: Recall knowledge
Mujhe pata hai ki soyabean legume family mein aate hain. Ye beans leguminous soyabean plant ke seeds hote hain. Inhe alag-alag tarah ke soils pe aur kayi tarah ke climates mein ugaya ja sakta hai.

Step 3: Give accurate answer
Soyabean legume family mein aate hain, aur ye leguminous soyabean plant ke seeds hain. Unke growing conditions bahut versati",4.577,392,Soyabean legume family mein aate hain aur inhe alag-alag tarah ke soils pe aur kayi tarah ke climates mein ugaya ja sakta hai.,8.5
44,"Ma'am, what is a sedimentary rock, kya ye koi igneous rock hai?",zero_shot,"Arre, beta, sedimentary rock to koi alag cheez hai. Ye rock banane ke liye pehle soil ya anya chhote-chhote particles ek dusre ke neeche pressure ke saath jam jaate hain. Jab ye pressure aur samay ke saath badhta hai, toh voh ek solid rock ban jaate hain. 

Igneous rock aur sedimentary rock dono alag-alag hote hain. Ignite rock to magma ya lava se banta hai, jabki sedimentary rock soil ya particles ke jamne se banta hai. Isliye, sedimentary rock to igneous rock nahin hai, balki iski apni alag ch",2.479,221,"Nahi, sedimentary rock ek tarah ka rock hai jo sediments se banta hai, jaise ki sand, silt, aur clay, ye rocks compression aur cementation se banate hain.",8.5
44,"Ma'am, what is a sedimentary rock, kya ye koi igneous rock hai?",few_shot,"Arre, beta, sedimentary rock toh koi igneous rock nahin hai. Yeh rock banane ka process alag hai. Yeh rock pehle maanav aadi ya jalvi matter se taiyaar hote hain, jaise ki mud, sand, shells, ya fossils. Phir yeh matter under pressure aur temperature ke kaaran ek solid form mein badal jaata hai, jisse sedimentary rock ban jata hai.

Sedimentary rock mein kai prakaar ke rocks padte hain, jaise ki shale, limestone, sandstone, aur mudstone. Ye rocks bahut hi aam hain aur earth ke surface par bahut h",2.445,244,"Nahi, sedimentary rock ek tarah ka rock hai jo sediments se banta hai, jaise ki sand, silt, aur clay, ye rocks compression aur cementation se banate hain.",8.5
44,"Ma'am, what is a sedimentary rock, kya ye koi igneous rock hai?",chain_of_thought,"Arre, ma'am, sedimentary rock kya hai, ya phir ye igneous rock hai, uske baare mein baat karein.

Sabse pehle, ma'am, igneous rock kya hai, ya phir bataun. Igneous rock ve rocks hain jo magma ya lava se banate hain. Magma ya lava ko thanda hone par, yeh rock ban jaati hai.

Ab, ma'am, sedimentary rock kya hai. Sedimentary rock ve rocks hain jo isprawal ke tukdon se banate hain. Isprawal ke tukde, jaise ki kanker, chhali, aur anya tukde, barf ke tukde, ya anya chijein, dharti ke neeche ek jagah p",1.756,349,"Nahi, sedimentary rock ek tarah ka rock hai jo sediments se banta hai, jaise ki sand, silt, aur clay, ye rocks compression aur cementation se banate hain.",2.5
44,"Ma'am, what is a sedimentary rock, kya ye koi igneous rock hai?",structured_context,"{""answer"": ""Nahin, yeh ek alag type ka rock hai"", ""explanation"": ""Sedimentary rock, yeh rock jo dhool, chikkan, ya anya particles se banata hai. Ye particles ismein jamkar ek solid rock banate hain. Yeh rock igneous rock se alag hai, jismein magma ya lava se banata hai. Sedimentary rock mein pahle se hi exist karne wale matter se banata hai, jaise ki sea shells, plant material, ya animal remains.""}",3.473,197,"Nahi, sedimentary rock ek tarah ka rock hai jo sediments se banta hai, jaise ki sand, silt, aur clay, ye rocks compression aur cementation se banate hain.",8.5
44,"Ma'am, what is a sedimentary rock, kya ye koi igneous rock hai?",hierarchical_context,"Beta, sedimentary rock aur igneous rock dono alag-alag hain. 

Igneous rock voh hote hain jo direct se magma se banate hain, jaise ki basalt ya granite. Yah rock kisi bhi jagah se nahi banate, balki yah apne andar se hota hai.

Sedimentary rock, jaise ki shail, khad, ya maida, ismein pehle kuch bhi hota tha, jaise ki chhutta, paudhe ke phool, ya jeev, aur fir yah sabhi cheezein ek jagah par aakar jama ho jati hain. Jab yah sabhi cheezein ekdoosri ke andar se mil jati hain to ve ek hard rock ke r",1.712,331,"Nahi, sedimentary rock ek tarah ka rock hai jo sediments se banta hai, jaise ki sand, silt, aur clay, ye rocks compression aur cementation se banate hain.",8.5
44,"Ma'am, what is a sedimentary rock, kya ye koi igneous rock hai?",rag_style,"Arre, beta, sedimentary rock nahi hai igneous rock. Yah rock banaane ke liye, pehle choti-choti cheejein jaise mitti, shells aur particles yahd se aati hain, aur phir yeh cheejein ek dusre ke saath milakar ek block banati hain. Isse ye sedimentary rock ban jati hai.",3.352,172,"Nahi, sedimentary rock ek tarah ka rock hai jo sediments se banta hai, jaise ki sand, silt, aur clay, ye rocks compression aur cementation se banate hain.",8.5
44,"Ma'am, what is a sedimentary rock, kya ye koi igneous rock hai?",tree_of_thought,"Arre, ek sedimentary rock kya hai? 

Pehla soch: Ye igneous rock nahin hai. Yeh rock jo thodi der tak apne aaspaas ke mausam aur jeevan ki jagah par upasthit hote hain, unke tukdon ya chun chun kar bane hote hain.

Dusra soch: Ye igneous rock nahin, yeh rocks jo patthar aur dharti ke tukdon ko kuch samay ke liye jama karke banate hain, wo rocks hoti hain.

Teesa soch: Yeh igneous rock nahin, yeh rocks jo samudri jeevan, mausam, aur anya jagahon se upasthit tukdon ko ek jagah par jama krke banate",1.723,407,"Nahi, sedimentary rock ek tarah ka rock hai jo sediments se banta hai, jaise ki sand, silt, aur clay, ye rocks compression aur cementation se banate hain.",8.5
44,"Ma'am, what is a sedimentary rock, kya ye koi igneous rock hai?",agentic_context,"Arre, sabse pehle to main samajh rahi hoon ki aapne poocha hai sedimentary rock kya hai aur kya yeh igneous rock hai. 

Step 2: Yaad kar rahi hoon ki sedimentary rocks kaise utpann hote hain. Unke baare mein janna hai ki ve igneous rocks ki tarah nahin hote. 

Step 3: Ab main aapko bata rahi hoon, sedimentary rocks woh rocks hain jo mausam, jali hui cheezein, samudra jeev, aur anya chijon se utpann hote hain. Yeh rocks thodi der tak apne ghatna sthal par hi rahkar thanda hone ke baad, ek solid f",4.738,361,"Nahi, sedimentary rock ek tarah ka rock hai jo sediments se banta hai, jaise ki sand, silt, aur clay, ye rocks compression aur cementation se banate hain.",8.5
45,"Soy ke main nutritional aur health benefits kya hain, text ke hisab se? Soy mein high quality protein ka bahut accha source hai, saturated fats kam hote hain aur cholesterol bhi nahi hota. Vitamins, khaskar Vitamin B complex, minerals jaise magnesium, calcium, iron, potassium aur copper, aur fibres bhi bahut hote hain. Abhi ke samay mein iska bahut recommendation ho raha hai kyunki yeh Low Density Lipoprotein (LDL) ko kam karne ki capability rakhta hai, jo ki ek bad cholesterol hai. Food and Drug Administration (FDA) ne confirm kiya hai ki soy protein wale foods coronary heart disease ka risk kam karne wale hote hain.",zero_shot,"Soy ke nutritional aur health benefits bahut hi achhi hain. Isme high-quality protein ka bahut achha source hai, jo kayi tarah ke health problems se bacha sakta hai. Soy mein saturated fats kam hote hain aur cholesterol nahi hota, jo ki blood pressure aur heart disease ko rokne mein madad karta hai.

Isme vitamins ke sath-sath minerals bhi bahut hote hain, jaise ki magnesium, calcium, iron, potassium aur copper. Ye minerals bone health, energy level aur immune system ko strong banane mein madad ",3.586,460,"Soy ek bahut accha source hai high-quality protein ka, saturated fats kam hote hain, cholesterol-free hai, aur vitamins, especially B complex, minerals aur fibres se bhi rich hai. Iska recommendation hota hai kyunki yeh LDL levels ko kam kar sakta hai aur coronary heart disease ka risk bhi kam kar s",8.5
45,"Soy ke main nutritional aur health benefits kya hain, text ke hisab se? Soy mein high quality protein ka bahut accha source hai, saturated fats kam hote hain aur cholesterol bhi nahi hota. Vitamins, khaskar Vitamin B complex, minerals jaise magnesium, calcium, iron, potassium aur copper, aur fibres bhi bahut hote hain. Abhi ke samay mein iska bahut recommendation ho raha hai kyunki yeh Low Density Lipoprotein (LDL) ko kam karne ki capability rakhta hai, jo ki ek bad cholesterol hai. Food and Drug Administration (FDA) ne confirm kiya hai ki soy protein wale foods coronary heart disease ka risk kam karne wale hote hain.",few_shot,"Soy ke kai faayde hain. Ismein protein ki badi maatra hai jo body ke liye accha hai. Yeh saturated fats kam hota hai aur cholesterol bhi kam hota hai. Ismein vitamins jaise Vitamin B complex, minerals jaise magnesium, calcium, iron, potassium aur copper bhi hota hai. Fibres bhi bahut hota hai jo paachan ko achha karta hai. Yeh LDL (bad cholesterol) ko kam karne ki shakti rakhta hai, jo coronary heart disease ka karan banta hai. Toh soy ke khane se coronary heart disease ke risk kam ho sakte hain",4.454,379,"Soy ek bahut accha source hai high-quality protein ka, saturated fats kam hote hain, cholesterol-free hai, aur vitamins, especially B complex, minerals aur fibres se bhi rich hai. Iska recommendation hota hai kyunki yeh LDL levels ko kam kar sakta hai aur coronary heart disease ka risk bhi kam kar s",8.5
45,"Soy ke main nutritional aur health benefits kya hain, text ke hisab se? Soy mein high quality protein ka bahut accha source hai, saturated fats kam hote hain aur cholesterol bhi nahi hota. Vitamins, khaskar Vitamin B complex, minerals jaise magnesium, calcium, iron, potassium aur copper, aur fibres bhi bahut hote hain. Abhi ke samay mein iska bahut recommendation ho raha hai kyunki yeh Low Density Lipoprotein (LDL) ko kam karne ki capability rakhta hai, jo ki ek bad cholesterol hai. Food and Drug Administration (FDA) ne confirm kiya hai ki soy protein wale foods coronary heart disease ka risk kam karne wale hote hain.",chain_of_thought,"Soy ke nutritional aur health benefits ko samajhne ke liye, hum is prakriya ko follow karenge:

1. **Protein ka source**: Soy high quality protein ka bahut accha source hai. Isse hamare shareer ko zarooratmand proteins ke liye sahi maatra mein milta hai, jisse hamare shareer ki majbooti aur tarboz hai.

2. **Saturated fats kam**: Soy mein saturated fats kam hote hain, jo ki ek aise fat hain jo hamari sehat ke liye hawa-kat hai. Isse hamare shareer ke liye koi nuksaan nahin hota hai.

3. **Choles",5.072,752,"Soy ek bahut accha source hai high-quality protein ka, saturated fats kam hote hain, cholesterol-free hai, aur vitamins, especially B complex, minerals aur fibres se bhi rich hai. Iska recommendation hota hai kyunki yeh LDL levels ko kam kar sakta hai aur coronary heart disease ka risk bhi kam kar s",8.5
45,"Soy ke main nutritional aur health benefits kya hain, text ke hisab se? Soy mein high quality protein ka bahut accha source hai, saturated fats kam hote hain aur cholesterol bhi nahi hota. Vitamins, khaskar Vitamin B complex, minerals jaise magnesium, calcium, iron, potassium aur copper, aur fibres bhi bahut hote hain. Abhi ke samay mein iska bahut recommendation ho raha hai kyunki yeh Low Density Lipoprotein (LDL) ko kam karne ki capability rakhta hai, jo ki ek bad cholesterol hai. Food and Drug Administration (FDA) ne confirm kiya hai ki soy protein wale foods coronary heart disease ka risk kam karne wale hote hain.",structured_context,"{""answer"": ""Soy ke kai nutritional aur health benefits hain, jaise ki:"", 
""explanation"": ""Soy mein high quality protein ka bahut accha source hota hai, jisse muscles aur bones ki strength badh jati hai. Iske alawa, soy mein saturated fats kam hote hain aur cholesterol nahin hota hai, jisse heart ki problems kam hoti hain. Soy mein vitamins, minerals aur fibres bhi bahut hote hain. Ismein Vitamin B complex, magnesium, calcium, iron, potassium aur copper jaise nutrients hote hain, jo ki body ko he",6.596,455,"Soy ek bahut accha source hai high-quality protein ka, saturated fats kam hote hain, cholesterol-free hai, aur vitamins, especially B complex, minerals aur fibres se bhi rich hai. Iska recommendation hota hai kyunki yeh LDL levels ko kam kar sakta hai aur coronary heart disease ka risk bhi kam kar s",8.5
45,"Soy ke main nutritional aur health benefits kya hain, text ke hisab se? Soy mein high quality protein ka bahut accha source hai, saturated fats kam hote hain aur cholesterol bhi nahi hota. Vitamins, khaskar Vitamin B complex, minerals jaise magnesium, calcium, iron, potassium aur copper, aur fibres bhi bahut hote hain. Abhi ke samay mein iska bahut recommendation ho raha hai kyunki yeh Low Density Lipoprotein (LDL) ko kam karne ki capability rakhta hai, jo ki ek bad cholesterol hai. Food and Drug Administration (FDA) ne confirm kiya hai ki soy protein wale foods coronary heart disease ka risk kam karne wale hote hain.",hierarchical_context,"Soy ke nutritional aur health benefits bahut hi acche hain. Ismein high-quality protein ka bahut accha source hota hai, jo ki apne sharir ko nijaat aur majbooti pradaan karta hai. Iske alawa, soy mein saturated fats kam hote hain aur cholesterol nahi hota hai, jo ki coronary heart disease ke liye ek bade kaaran hote hain.

Soy mein vitaminon ka bhi bahut accha bhandaar hota hai, khaskar Vitamin B complex. Yeh sharir ki energy pradaan karte hain aur nervous system ko majboot banate hain. Iske ala",4.799,552,"Soy ek bahut accha source hai high-quality protein ka, saturated fats kam hote hain, cholesterol-free hai, aur vitamins, especially B complex, minerals aur fibres se bhi rich hai. Iska recommendation hota hai kyunki yeh LDL levels ko kam kar sakta hai aur coronary heart disease ka risk bhi kam kar s",8.5
45,"Soy ke main nutritional aur health benefits kya hain, text ke hisab se? Soy mein high quality protein ka bahut accha source hai, saturated fats kam hote hain aur cholesterol bhi nahi hota. Vitamins, khaskar Vitamin B complex, minerals jaise magnesium, calcium, iron, potassium aur copper, aur fibres bhi bahut hote hain. Abhi ke samay mein iska bahut recommendation ho raha hai kyunki yeh Low Density Lipoprotein (LDL) ko kam karne ki capability rakhta hai, jo ki ek bad cholesterol hai. Food and Drug Administration (FDA) ne confirm kiya hai ki soy protein wale foods coronary heart disease ka risk kam karne wale hote hain.",rag_style,"Soy ke main nutritional aur health benefits kya hain?

Soy ke kai nutritional aur health benefits hain. Yeh high quality protein ka bahut accha source hai, jo ki sharaab kee garmi mein na garam ho jata hai aur cholesterol kam karti hai. Ismein Vitamins, minerals aur fibres bahut hote hain, jo ki sharir ke liye bahut acche hain. 

Soy ke kai swasthya labh hain, jaise ki yeh bad cholesterol ko kam karne ki kshamta rakhta hai. Isliye yeh coronary heart disease ke risk ko kam karne mein madad karta ",4.527,404,"Soy ek bahut accha source hai high-quality protein ka, saturated fats kam hote hain, cholesterol-free hai, aur vitamins, especially B complex, minerals aur fibres se bhi rich hai. Iska recommendation hota hai kyunki yeh LDL levels ko kam kar sakta hai aur coronary heart disease ka risk bhi kam kar s",8.5
45,"Soy ke main nutritional aur health benefits kya hain, text ke hisab se? Soy mein high quality protein ka bahut accha source hai, saturated fats kam hote hain aur cholesterol bhi nahi hota. Vitamins, khaskar Vitamin B complex, minerals jaise magnesium, calcium, iron, potassium aur copper, aur fibres bhi bahut hote hain. Abhi ke samay mein iska bahut recommendation ho raha hai kyunki yeh Low Density Lipoprotein (LDL) ko kam karne ki capability rakhta hai, jo ki ek bad cholesterol hai. Food and Drug Administration (FDA) ne confirm kiya hai ki soy protein wale foods coronary heart disease ka risk kam karne wale hote hain.",tree_of_thought,"Soy ke nutritional aur health benefits par kuch think karte hain:

1. **Protein aur fibre ka source**: Soy mein high quality protein aur fibre ka accha source hota hai, jo cardiovascular health ko behtar banata hai aur pachan ko sudharata hai.
2. **Cholesterol aur saturated fats ki kami**: Soy mein saturated fats kam hote hain aur cholesterol bhi nahi hota, jisse LDL (bad cholesterol) ka level kam hota hai aur coronary heart disease ka risk kam hota hai.
3. **Vitamins aur minerals ka source**: S",3.674,474,"Soy ek bahut accha source hai high-quality protein ka, saturated fats kam hote hain, cholesterol-free hai, aur vitamins, especially B complex, minerals aur fibres se bhi rich hai. Iska recommendation hota hai kyunki yeh LDL levels ko kam kar sakta hai aur coronary heart disease ka risk bhi kam kar s",8.5
45,"Soy ke main nutritional aur health benefits kya hain, text ke hisab se? Soy mein high quality protein ka bahut accha source hai, saturated fats kam hote hain aur cholesterol bhi nahi hota. Vitamins, khaskar Vitamin B complex, minerals jaise magnesium, calcium, iron, potassium aur copper, aur fibres bhi bahut hote hain. Abhi ke samay mein iska bahut recommendation ho raha hai kyunki yeh Low Density Lipoprotein (LDL) ko kam karne ki capability rakhta hai, jo ki ek bad cholesterol hai. Food and Drug Administration (FDA) ne confirm kiya hai ki soy protein wale foods coronary heart disease ka risk kam karne wale hote hain.",agentic_context,"Soy ke nutritional aur health benefits kya hain? 

Soy ek bahut hi accha food hai jo hamare shareer ke liye bahut hi upyogi hain. Ismein high quality protein ka bahut accha source hai, jo hamare shareer ke liye zaroori hai. Iske alawa, soy mein saturated fats kam hote hain aur cholesterol bhi nahi hota, jo ki coronary heart disease ke khatre ko kam karne mein madad karta hai.

Soy mein vitamins aur minerals ka bhi bahut hi accha source hai. Vitamins ke hisab se, ismein Vitamin B complex, jo ki h",5.838,645,"Soy ek bahut accha source hai high-quality protein ka, saturated fats kam hote hain, cholesterol-free hai, aur vitamins, especially B complex, minerals aur fibres se bhi rich hai. Iska recommendation hota hai kyunki yeh LDL levels ko kam kar sakta hai aur coronary heart disease ka risk bhi kam kar s",8.5
46,Summarising ka primary purpose kya hai? Agar main points report karne hain to hum summary present karte hain,zero_shot,"Summarising ka primary purpose yeh hai ki aap koi bhi content, jaise ki report, article, ya koi bhi document ko kuchh logon ke liye seekhne ya samjhne ke liye chhotaa aur samajhneey kar diya jaaye. 

Jab aap main points report karne hain, to hum summary present karte hain taki logon ko kuchh hi samay mein main points ya mukhya bhaag samajh sakein. Isse logon ke liye report par aakarshneey aur samay bachaneey bhi hoga.",3.584,214,Summarising ka primary purpose original source ke main points report karna hai,8.5
46,Summarising ka primary purpose kya hai? Agar main points report karne hain to hum summary present karte hain,few_shot,"Bhaiya, summarising ka primary purpose yeh hai ki aap koi bhi topic ya content ko chhotey aakaar mein samjhayen. Yeh aapko important points ya information ko highlight karne mein madad karta hai, aur aapke audience ko kuchh pehle se hi maloom information nahi dena padta hai.

Agar aap points report karne hain to haan, hum summary present karte hain. Yeh aapke report ko adhik attractive aur samay bachane mein madad karta hai. Aapko kuchh main points ko select karna hota hai, unhein samajhne wala ",1.634,294,Summarising ka primary purpose original source ke main points report karna hai,8.5
46,Summarising ka primary purpose kya hai? Agar main points report karne hain to hum summary present karte hain,chain_of_thought,"Arre, summarising ka primary purpose samajhna hain. 

Sabse pehle, summary ka concept samajhna hain. Summary kya hai? Agar koi bhi article, report ya document hai, toh hum uska mukhya bhaag nikaal ke ek chhoti si jaankari create karte hain, jo ki main points ya mukhya baten ko samajhane mein madad karta hai.

Ab, primary purpose ki baat karein. Summarising ka primary purpose kya hai? 

1. Main points ko identify karna: Hum apne report ya document mein kya main points hain, yeh identify karte hai",3.005,451,Summarising ka primary purpose original source ke main points report karna hai,2.0
46,Summarising ka primary purpose kya hai? Agar main points report karne hain to hum summary present karte hain,structured_context,"{""answer"": ""Summarising ka primary purpose hai ki badi jaankari ko chhota aur samjhneeya roop me present karna."", ""explanation"": ""Agar aap points report kar rahe hain to hum summary present karte hain taaki padne wale ko jaanne ke liye sabse zaroori jaankari mil sake.""}",4.473,166,Summarising ka primary purpose original source ke main points report karna hai,8.5
46,Summarising ka primary purpose kya hai? Agar main points report karne hain to hum summary present karte hain,hierarchical_context,"Bilkul, bachchon! Summarising ka primary purpose yeh hai ki aap koi bhi text ya content ka mahatvapurn aur mahatvdaayak bhaag ko seekhne ke liye ek chhota aur saral roop mein prastut karein.

Agar aap points report karne hain, toh hum summary present karte hain, kyunki yeh points report ko vyaktigat aur detaild mein prastut karta hai. Lekin, summary aapko ek chhota aur samajhdaar roop mein points report ke sabse mahatvapurn bhaagon ko prastut karta hai.

Yeh karna aapke liye mahatvapurn hai kyun",0.791,421,Summarising ka primary purpose original source ke main points report karna hai,8.5
46,Summarising ka primary purpose kya hai? Agar main points report karne hain to hum summary present karte hain,rag_style,Summarising ka primary purpose yeh hai ki vishay ka mukhya point present karna aur vishal content ko chhota aur samajhne mein aasaan banana. Agar main points report karne hain to hum summary present karte hain taaki logon ko vishay ki jaroorat ka samay nahi chahiye aur vah aakalpik rup mein vishay par aakhri nishkarsh mil sake.,5.439,197,Summarising ka primary purpose original source ke main points report karna hai,8.5
46,Summarising ka primary purpose kya hai? Agar main points report karne hain to hum summary present karte hain,tree_of_thought,"Maine inka jawab teen alag-alag tareeke se socha hai:

1. **Pratham Soch:** Summarising ka primary purpose yah hai ki logon ko bahut zyada information dekhne se bachaya ja sake, aur ve sirf sabse mahatvapurn points ko samjh payein.
2. **Doosra Soch:** Agar main points report karne hain to hum summary present karte hain, toh yah lagta hai ki hum aisi baatein chun kar aayenge jo sabse zaroori hain aur jo ki logon ko samajh aayegi.
3. **Teesra Soch:** Summarising ka primary purpose yah bhi hai ki l",1.854,463,Summarising ka primary purpose original source ke main points report karna hai,8.5
46,Summarising ka primary purpose kya hai? Agar main points report karne hain to hum summary present karte hain,agentic_context,"Sabse pehle, main samajh raha hoon ki yah question kya keh raha hai.

Step 1: Understand question
Yah question summarising ke baare mein puch raha hai, aur primary purpose ke bare mein puch raha hai. Iske madhyam se main samajh raha hoon ki summarising kya hai aur iske utpadan ke liye kya purpose hai.

Step 2: Recall knowledge
Main yaad kar raha hoon ki summarising ek process hai jismein aap ek bada document, report ya article ko chhoti si jaankari mein badalte hain. Is process ke madhyam se aap",4.797,380,Summarising ka primary purpose original source ke main points report karna hai,8.5
47,"Ma'am, gene expression ke bare mein batayein, yeh kya hota hai?",zero_shot,"Arre, gene expression toh ek bahut hi zaroori cheez hai! Gene expression kya hai, yeh ye hai ki our body mein jo genes hote hain, unke kuch hisaan kya karna hain, yeh decide karta hai. 

Udaaharan ke liye, aapko jaanakar hai ki aapke paas ek gene hai jo aapko blonde hair de raha hai. Lekin yeh gene hi kuch nahi, yeh kuch hisaan karta hai ki aapka hair ka color kaisa ho, aur yeh hisaan karna gene expression se hota hai.

Gene expression ko hum apne genes ke kuch parts ko activate ya deactivate ka",1.897,402,"Gene expression ek process hai jismein genes apne proteins ko banate hain. Ye process mein transcription, translation, aur regulation shamil hain, jismein genes apne mRNA ko banate hain, jo ki ribosomes mein jata hai aur proteins ko banata hai.",8.5
47,"Ma'am, gene expression ke bare mein batayein, yeh kya hota hai?",few_shot,"Beta, gene expression ek bahut hi important topic hai. Yeh kuch is tarah se hai: Jeevan mein, humare DNA mein kai gentic information hoti hai, jise gene kaha jata hai. Ye genes humare baare mein kuch specific information dete hain, jaise ki hum kya dekh sakte hain, hum kya sun sakte hain, hum kya khate hain, etc.

Ab, jab hum ek gene ko actuate karte hain, toh yeh information DNA se protein ki tarah ke molecule tak jaati hai. Is prakriya ko gene expression kahte hain. Ye prakriya humare genes ko",4.782,397,"Gene expression ek process hai jismein genes apne proteins ko banate hain. Ye process mein transcription, translation, aur regulation shamil hain, jismein genes apne mRNA ko banate hain, jo ki ribosomes mein jata hai aur proteins ko banata hai.",8.5
47,"Ma'am, gene expression ke bare mein batayein, yeh kya hota hai?",chain_of_thought,"Arre, gene expression ke bare mein batane ki koshish karta hoon. 

Step 1: Sabse pehle, humein jaanne ki zaroorat hai ki kya hai gene. Gene, yeh hamaare DNA ki ek chhota part hai, jiska kaam DNA se RNA banane ka hota hai. Yeh RNA phir se protein banane ka kaam karta hai. 

Step 2: Ab, hum jaante hain ki kya hai gene expression. Gene expression, yeh hamaare genes ke DNA ko RNA mein badalne ka process hai, jisse hume protein milte hain. Yeh process gene se RNA tak aur RNA se protein tak hota hai.
",4.412,775,"Gene expression ek process hai jismein genes apne proteins ko banate hain. Ye process mein transcription, translation, aur regulation shamil hain, jismein genes apne mRNA ko banate hain, jo ki ribosomes mein jata hai aur proteins ko banata hai.",8.5
47,"Ma'am, gene expression ke bare mein batayein, yeh kya hota hai?",structured_context,"{""answer"": ""Gene expression ka matlab hai ki kiske genes aapke sharir mein kya karta hain, aur isse aapke shwasan system, immune system, aur anya karyon mein badlaav aata hai."", ""explanation"": ""Gene expression aapke DNA ki encoding information ko protein mein convert karne ka process hai. Ismein aapke genes ki information ko aapke ribosome par chalaaya jata hai, aur vah aapke protiens ko banaane ke liye information ka upyog karte hain. Is prakriya mein aapke karyon ko apne kaam karna hota hai, j",7.575,247,"Gene expression ek process hai jismein genes apne proteins ko banate hain. Ye process mein transcription, translation, aur regulation shamil hain, jismein genes apne mRNA ko banate hain, jo ki ribosomes mein jata hai aur proteins ko banata hai.",8.5
47,"Ma'am, gene expression ke bare mein batayein, yeh kya hota hai?",hierarchical_context,"Chalo, gene expression ek bahut hi zaroori aur rochak vishay hai. Yeh hamein yeh samajhne mein madad karta hai ki kaise humare sharir mein kuch bhi hota hai.

Gene expression yeh prakriya hai jab humare DNA ki information ko protein mein badla jata hai. Yeh prakriya ek jagat se dusre jagat mein hai. DNA mein information hai, lekin yeh information protein mein kaise badalte hai, yeh to koi nahi pata.

Yeh prakriya kuch is tarah se hoti hai:

1. **Gene Activation**: Jab koi gene activate hota hai,",3.184,576,"Gene expression ek process hai jismein genes apne proteins ko banate hain. Ye process mein transcription, translation, aur regulation shamil hain, jismein genes apne mRNA ko banate hain, jo ki ribosomes mein jata hai aur proteins ko banata hai.",8.5
47,"Ma'am, gene expression ke bare mein batayein, yeh kya hota hai?",rag_style,"Arre beta, gene expression toh ek bahut hi mahatvapoorn vishay hai. 
Gene expression woh prakriya hai jismein DNA ke kshetra se protiens ki truti banati hai. 
Is prakriya mein, protiens ki truti banane ke liye DNA ki koshikayein apni koshikayein mein chali jati hain aur unmein protiens ki truti banati hain.
Yeh prakriya kai prakar ke niyantranon dwara niyantrit hoti hai, jaise ki hormonal niyantran, protiens ki truti ke liye koshikayein ki gatividhi, aur aise hi kai anya niyantran.

Ab, beta, ye",6.375,785,"Gene expression ek process hai jismein genes apne proteins ko banate hain. Ye process mein transcription, translation, aur regulation shamil hain, jismein genes apne mRNA ko banate hain, jo ki ribosomes mein jata hai aur proteins ko banata hai.",8.5
47,"Ma'am, gene expression ke bare mein batayein, yeh kya hota hai?",tree_of_thought,"Ek baar main sochta hoon... 

1. **Gene expression ki definition**: Mai sochta hoon ki gene expression kya hai? Yeh ek visheshtaa hai jo DNA ke kshetr se RNA (ribonucleic acid) banane mein aati hai. RNA ke madhyam se proteins banate hain, jo ki cell ke karyakram ko nirdeshit karte hain. 

2. **Gene expression ki prakriya**: Mai sochta hoon ki gene expression kaise hoti hai? Yeh prakriya kewal DNA se RNA banane mein hi nahin hai. Iske liye kai step hote hain: DNA ko transkripsi mein badla jata ha",7.028,461,"Gene expression ek process hai jismein genes apne proteins ko banate hain. Ye process mein transcription, translation, aur regulation shamil hain, jismein genes apne mRNA ko banate hain, jo ki ribosomes mein jata hai aur proteins ko banata hai.",8.5
47,"Ma'am, gene expression ke bare mein batayein, yeh kya hota hai?",agentic_context,"Arre, ye sawal toh bahut hi aacha hai!  Gene expression ke bare mein, main aapko yeh batata hoon ki yeh ek visheshtaa hai jo kuchh gene ke liye hoti hai.

Step 1: Question samajhna - Gene expression kya hai?

Step 2: Jaankaari yaad karna - Gene expression ki paheli hai ki yeh kya hota hai jab ek gene apne karyon ko kaise taiyaar karta hai. Yeh taapsee mein hua hai jismein ek gene ki DNA sequence ko protein banane ke liye taiyaar kiya jaata hai.

Step 3: Sabse pehle, aapko pata chalna chahiye ki ",5.45,761,"Gene expression ek process hai jismein genes apne proteins ko banate hain. Ye process mein transcription, translation, aur regulation shamil hain, jismein genes apne mRNA ko banate hain, jo ki ribosomes mein jata hai aur proteins ko banata hai.",8.5
48,"Ma'am, kya hum apne ghar me fertilizer banaye aur kaise?",zero_shot,"Arre, beta, fertilizer banane ke liye humein kuch achhe ingredients ki aavashyakata hoti hai. Sabse pehle, humein compost banana hoga. Iske liye humein khaad, phoolon ke ped, patte, aur anya organic matter ko ek saath milakar ek container me dalna hoga.

Phir, humein ismein kuch bhiyaan kiya ja sakte hai jaise ki neem ke patte, dhaniya ke patte, aur anya sabhiye cheezein jinka antibacterial properties hota hai. Iske liye humein in sabhi cheezon ko ek saath milakar ek mixture banane hain.

Ab, hu",6.027,432,"Haan, hum apne ghar me fertilizer banaye, isme kitchen waste, leaves, aur some microorganisms ka use hota hai, hum isse carefully mix karke aur decompose karke banate hain.",8.5
48,"Ma'am, kya hum apne ghar me fertilizer banaye aur kaise?",few_shot,"Bilkul, beta. Hum apne ghar me fertilizer banane ke liye kuch simple steps follow kar sakte hain. 

Sabse pehle, humein khad (compost) aur khane wala dhany ka upyog karna hoga. Aap in dono ko ek saath milaakar ek mixture banaa sakte hain.

Ek baat yaad rakhein, beta, fertilizer banane ke liye humein khad ko ek saath milaane ke liye kuch din tak dhyan se rakho. Isse khad aur khane wala dhany ka saath-milata hua ek achha fertilizer ban jayega.

Ab, aap is fertilizer ko apne ghar ke paudhon ke liye",3.99,432,"Haan, hum apne ghar me fertilizer banaye, isme kitchen waste, leaves, aur some microorganisms ka use hota hai, hum isse carefully mix karke aur decompose karke banate hain.",8.5
48,"Ma'am, kya hum apne ghar me fertilizer banaye aur kaise?",chain_of_thought,"Ma'am, aapke sawal ka jawab main iss prakaar dena chahta hoon:

**Step 1: Fertilizers ke liye sambhavit vikalp**
Hum apne ghar mein fertilizer banane ke liye kuch vikalp kar sakte hain, jaise k:

- Jangli jadi-butiyan se (jaise kai, dhania, sabut haldi, etc.)
- Khadya bachiyan (jaise kuchh ke ped ke poshak, etc.)
- Gaon ki gaiyon ke pee ke liye upyog kiye jaaane wale poshak (jaise kuchh ke pee ka poshak, etc.)

**Step 2: Fertilizer banane ke liye sambhavit vidhi**
Hum jaise-jaise vikalp chun sak",5.19,646,"Haan, hum apne ghar me fertilizer banaye, isme kitchen waste, leaves, aur some microorganisms ka use hota hai, hum isse carefully mix karke aur decompose karke banate hain.",8.5
48,"Ma'am, kya hum apne ghar me fertilizer banaye aur kaise?",structured_context,"{""answer"": ""Haan, aap apne ghar mein fertilizer banaye sakte hain, lekin yeh process thoda complicated hai. Aapko kuch saamagri ki aavashyakata hogi jaise: khaddar ka paudhe ka poshak, gobar, phool ke ped, gandhak, aur paani. Ab yeh step-by-step process hain jisme aap fertilizer banaye: 

1. Sabse pehle, aapko khaddar ka paudhe ka poshak aur gobar ko ek saath milakar ek mixture banane honge. Ismein phool ke ped aur gandhak ka upyog karein.
2. Ab is mixture ko 15-20 din ke liye ek thali mein rakh",5.235,442,"Haan, hum apne ghar me fertilizer banaye, isme kitchen waste, leaves, aur some microorganisms ka use hota hai, hum isse carefully mix karke aur decompose karke banate hain.",8.5
48,"Ma'am, kya hum apne ghar me fertilizer banaye aur kaise?",hierarchical_context,"Beta, ghar par fertilizer banane ki kossish karna ek achha vichar hai. Fertilizer banane ke liye humein kuch zaroori cheezein aur upkarnon ki aavashyakata hoti hai.

Pehle, humein kai prakaar ke padarthon ki aavashyakata hoti hai jaise ki khad, pasina, chini, aur gandhak. Ye sab cheezein hum apne ghar me mil sakti hain.

Ab, humein fertilizer banane ke liye ek upkaran ki aavashyakata hoti hai, jise hum neem ke tel ke tank mein bana sakte hain. Iske alawa, humein ek chhota sa container bhi chahiy",5.263,576,"Haan, hum apne ghar me fertilizer banaye, isme kitchen waste, leaves, aur some microorganisms ka use hota hai, hum isse carefully mix karke aur decompose karke banate hain.",8.5
48,"Ma'am, kya hum apne ghar me fertilizer banaye aur kaise?",rag_style,"Ma'am, agar aap apne ghar me fertilizer banane ki koshish karte hain, to yeh ek achha vichar hai. Lekin yeh dhyan rakhen ki fertilizers banaane ke liye kuchh zaroori cheezein aavashyak hain. 

Sabse pehle, aapko ismein paani, khaad (manure), aur kuchh anya padarthon ki aavashyakata hogi. Aap apne ghar me paani aur khaad se fertilizer bana sakte hain. Paani ko ubaal kar, ismein khaad milayein aur isey 24 ghante ke liye rest karen.

Agar aapke paas khaad nahin hai, to aap apne ghar me khadya atma-",5.398,598,"Haan, hum apne ghar me fertilizer banaye, isme kitchen waste, leaves, aur some microorganisms ka use hota hai, hum isse carefully mix karke aur decompose karke banate hain.",8.5
48,"Ma'am, kya hum apne ghar me fertilizer banaye aur kaise?",tree_of_thought,"Mujhe 3 tarah se socha hai:

1. **Gobar ka upyog**: Ghar me gobar ki majbooti se fertilizer bana sakte hain. Ismein gobar ko saaf karna hoga, phir usse paani milakar ek chhanv mein dalna hoga. Iske baad, isey sunahare mitti mein milakar fertilizer ready kar sakte hain.

2. **Jaitun aur aam ke pedon se**: Jaitun aur aam ke pedon se hum ek aisa fertilizer bana sakte hain jo khadya hoga. Ismein jaitun aur aam ke patteon ko milkar ek chhanv mein dalna hoga, phir usmein isey sunahare mitti milakar fe",6.642,474,"Haan, hum apne ghar me fertilizer banaye, isme kitchen waste, leaves, aur some microorganisms ka use hota hai, hum isse carefully mix karke aur decompose karke banate hain.",8.5
48,"Ma'am, kya hum apne ghar me fertilizer banaye aur kaise?",agentic_context,"Arre bhai, aapke paas fertilizer banane ke liye kuch aise upay hain jinka aap apne ghar me try kar sakte hain. 

Step 1: Understand question - Aapke paas fertilizer banane ke liye kya vikalp hain aur yeh kaise kiya ja sakta hai?

Step 2: Recall knowledge - Aapko yeh jaanane ki aavashyakata hai ki fertilizer banane ke liye aapko kya chij ki avashyakata hogi. Aapke paas aapne ghar me kuch aise chij hain jinka upyog karke aap fertilizer ban sakate hain jaise ki:

- Jaivik khad (Compost): Yeh aapke ",4.718,780,"Haan, hum apne ghar me fertilizer banaye, isme kitchen waste, leaves, aur some microorganisms ka use hota hai, hum isse carefully mix karke aur decompose karke banate hain.",8.5
49,"Sir, kya humein biogeochemical cycles ke bare mein kuch jaankari hai?",zero_shot,"Arre, biogeochemical cycles to hai jo prakriti ki ek aisi prakriya hai jismein khoon, jal, mitti, hawa, aur jeev mein milti chemical elements ki ghoomna hoti hai. Ye cycles prakriti ko balance rakhte hain aur uske liye zaroori hain.

Udaharan ke liye, carbon cycle mein carbon dioxide gas jal, mitti, aur hawa ke beech ghoomta hai. Ye gas jal mein samudra aur nadiyon mein paaya jata hai, jahan se ye mitti ke liye jaata hai aur phir yeh mitti mein se carbon dioxide gas ban jata hai aur hawa mein ch",5.869,310,"Haan, humein biogeochemical cycles ke bare mein kuch jaankari hai. Biogeochemical cycles woh processes hote hain jo nutrients aur elements ko ecosystem mein move karte hain. Ye cycles carbon, nitrogen, phosphorus, aur sulfur jaise elements ko include karte hain aur ye ecosystem ke functioning ko aff",8.5
49,"Sir, kya humein biogeochemical cycles ke bare mein kuch jaankari hai?",few_shot,"Bhaiya biogeochemical cycles toh ek bahut hi zaroori vishay hai, jiske baare mein samajhna bahut jaroori hai. Biogeochemical cycles vah process hain jismein prakriti ki tatv, jaise carbon, nitrogen, oxygen, aur anya, Earth par aate hain aur wahan se dubara nikal jate hain. Yeh cycles humare jalvaayu ko niyantrit karne mein madad karte hain aur prakriti ki samriddhi ko bachaate hain.

Biogeochemical cycles mein kai prakaar ke tatv shamil hote hain, jaise:

- Carbon cycle: Yeh cycle carbon dioxide",2.929,529,"Haan, humein biogeochemical cycles ke bare mein kuch jaankari hai. Biogeochemical cycles woh processes hote hain jo nutrients aur elements ko ecosystem mein move karte hain. Ye cycles carbon, nitrogen, phosphorus, aur sulfur jaise elements ko include karte hain aur ye ecosystem ke functioning ko aff",8.5
49,"Sir, kya humein biogeochemical cycles ke bare mein kuch jaankari hai?",chain_of_thought,"Arre, biogeochemical cycle, yeh ek bahut hi mahatvapurn vishay hai. Main iske bare mein aapko kuch jaankari dena chahta hoon.

**Step 1:** Biogeochemical cycle, yeh ek prakriya hai jismein prithvi ke tatvon ke srot mein parivartan hota hai. Ismein prakritik tatvon ka srot, jaise ki pani, mitti, aur hawa, inhein ek dusre ke beech parivartan karne ki prakriya shaamil hai.

**Step 2:** Biogeochemical cycle mein kai prakar ke tatvon ka srot hota hai, jaise ki carbon cycle, nitrogen cycle, oxygen cyc",5.082,645,"Haan, humein biogeochemical cycles ke bare mein kuch jaankari hai. Biogeochemical cycles woh processes hote hain jo nutrients aur elements ko ecosystem mein move karte hain. Ye cycles carbon, nitrogen, phosphorus, aur sulfur jaise elements ko include karte hain aur ye ecosystem ke functioning ko aff",8.5
49,"Sir, kya humein biogeochemical cycles ke bare mein kuch jaankari hai?",structured_context,"{""answer"": ""Haan bhai, humein biogeochemical cycles ke bare mein bahut kuch pata hai."", ""explanation"": ""Biogeochemical cycles prakriti ke tatvon ko samajhne mein madad karte hain jo prakriti mein prabhavit hain. Ye cycles prakriti ke tatvon ko ek dusre se prastut karte hain, jaise ki paani, methane, aur carbon. In cycles ke madhyam se prakriti ke tatvon ko prabhavit aur sashakt kiya jata hai. Biogeochemical cycles ke pramukh tatvon mein shamil hain: carbon cycle, oxygen cycle, nitrogen cycle, au",6.581,273,"Haan, humein biogeochemical cycles ke bare mein kuch jaankari hai. Biogeochemical cycles woh processes hote hain jo nutrients aur elements ko ecosystem mein move karte hain. Ye cycles carbon, nitrogen, phosphorus, aur sulfur jaise elements ko include karte hain aur ye ecosystem ke functioning ko aff",8.5
49,"Sir, kya humein biogeochemical cycles ke bare mein kuch jaankari hai?",hierarchical_context,"Arre beta, biogeochemical cycles toh humein bahut hi jaroori jaankari hai. Biogeochemical cycles ke bare mein main aapko yeh batata hoon.

Biogeochemical cycle ek prakriya hai jismein prakriti ki tatvayein (elements) ek doosre se ghumti hain. Ye tatvayein prithvi ke bhukhand, jal, vayumandaliya aur jeev-jantu ke beech ghumti hain. 

Ek biogeochemical cycle mein kai sthitiyan shamil hain:

1. **Source**: Tatva ki prakritik sthiti, jaise ki prithvi ke bhukhand se carbon dioxide ka utpaadan.
2. **U",1.304,631,"Haan, humein biogeochemical cycles ke bare mein kuch jaankari hai. Biogeochemical cycles woh processes hote hain jo nutrients aur elements ko ecosystem mein move karte hain. Ye cycles carbon, nitrogen, phosphorus, aur sulfur jaise elements ko include karte hain aur ye ecosystem ke functioning ko aff",8.5
49,"Sir, kya humein biogeochemical cycles ke bare mein kuch jaankari hai?",rag_style,"Aapke saamne ek baat bahut zaroori hai, sir. Biogeochemical cycles aapke paas jaankari denge ki kaise prakriti mein vastuon ka ghoomna hota hai aur unka upyog hua kartata hai. 

Inmein se kuch pramukh cycles hai:

1. Carbon cycle: Yah cycle carbon dhatu ka ghoomna hai, jo prakriti mein sabse adhik mahtvapurn hota hai. Is cycle mein carbon dhatu ke ghoomne ke liye photosynthesis, respiration, aur decomposition jaisi prakriyaon ka upyog hota hai.

2. Nitrogen cycle: Yah cycle nitrogen dhatu ka gho",7.919,516,"Haan, humein biogeochemical cycles ke bare mein kuch jaankari hai. Biogeochemical cycles woh processes hote hain jo nutrients aur elements ko ecosystem mein move karte hain. Ye cycles carbon, nitrogen, phosphorus, aur sulfur jaise elements ko include karte hain aur ye ecosystem ke functioning ko aff",8.5
49,"Sir, kya humein biogeochemical cycles ke bare mein kuch jaankari hai?",tree_of_thought,"Arre bhai, mainne kuch think kiya hai aur ab main aapko kuch options de raha hoon.

1. **Pahla vichar:** Biogeochemical cycles ek prakriya hain jismein prithvi ke vibhinn bhagon ke beech jeev, paryavaran, aur rasaayanik tatvon ke chakr chalate hain. Ye chakr jeev, jal, mitti, vaayu, aur anya tatvon ke beech chalate hain, aur inka uddeshya prithvi par jeev kee jeevan-shakti ki urja ka prabandhan karna hai.

2. **Dusra vichar:** Biogeochemical cycles ka arth hai jeev aur paryavaran ke beech rasaay",5.044,636,"Haan, humein biogeochemical cycles ke bare mein kuch jaankari hai. Biogeochemical cycles woh processes hote hain jo nutrients aur elements ko ecosystem mein move karte hain. Ye cycles carbon, nitrogen, phosphorus, aur sulfur jaise elements ko include karte hain aur ye ecosystem ke functioning ko aff",8.5
49,"Sir, kya humein biogeochemical cycles ke bare mein kuch jaankari hai?",agentic_context,"Bilkul, sir! Biogeochemical cycles ke bare mein humein jaankari hai. Biogeochemical cycles, jaise ki carbon cycle, nitrogen cycle, oxygen cycle, aur sulfur cycle, in sabhi mein prakriti ki moolik tatvaon ka chakra hai jo prakriti mein anek bar tabdeel hota hai.

Carbon cycle mein carbon ki avastha mein badlav hota hai, jaise ki iska gas mein ubaarpurana ho jata hai ya iska sambandh pedon aur jeev-jantuon ke saath hota hai. Nitrogen cycle mein nitrogen ki avastha mein badlav hota hai, jaise ki is",6.974,560,"Haan, humein biogeochemical cycles ke bare mein kuch jaankari hai. Biogeochemical cycles woh processes hote hain jo nutrients aur elements ko ecosystem mein move karte hain. Ye cycles carbon, nitrogen, phosphorus, aur sulfur jaise elements ko include karte hain aur ye ecosystem ke functioning ko aff",8.5
