question,answer
"Sir, Bharat ke panchayati raj vyavastha ka uddeshya kya hai?","Bharat ke panchayati raj vyavastha ka uddeshya gram sarkar ko majboot banana aur gaon ke vikas ke liye jimmedari dena hai, jisse gram vikas aur swaraj ka sapna poora ho sake."
"Pehli baar insaani itihaas mein kaun si 'transcending concern' saamne aayi hai? Jab pehli baar hum insaani itihaas mein dekhte hain ki ek aisi chintaa saamne aayi hai jo ki sirf logon ki nahin, balki poore grah ki suraksha ki baat kar rahi hai. Humne apni maujoodgi ke buniyadi pehluon par ek holistic nazarandaaz shuru kiya hai. Environmental samasya humari mrityu ka sanket nahin hai, yeh humari bhavishya ki passport hai. Naye duniya drishtikon ka uday hua hai","Pehli baar insaani itihaas mein saamne aayi 'transcending concern' sirf insaan ki nahin, balki poore grah ki suraksha ki baat kar rahi hai. Yeh ek holistic nazarandaaz ki or badhne ka sanket hai, jismein environmental samasya ko humari mrityu ka sanket nahin, balki bhavishya ki passport maana ja raha hai."
"Sir, kya aap bata sakte hain ki Mughal empire ka itihaas kya hai?","Mughal empire ka itihaas 1526 se 1857 tak ka hai. Iska sansthaapak Babur tha, jo ek turk shaasak tha. Unke baad, Humayun, Akbar, Jahangir, Shahjahan, aur Aurangzeb jaise maharath shaasak huye."
"Ma'am, mitosis kya hota hai, isme kitne phases hote hain?","Mitosis ek tarah ka cell division process hai, isme 4 phases hote hain - prophase, metaphase, anaphase, aur telophase."
Jab bachcha paida hota hai toh uski kya condition hoti hai?,Bachcha lifeless paida hota hai
"Khan Azam Khan ke claims ko landlord, moneylender aur priest kaise dekhte hain?","Unhein irihaas aur shakki nazron se dekhte hain, kuch usse nakli kehte hain aur kuch kehte hain ki uske purvaj Mughal darbar mein safai karne wale the"
The Tale of Melon City mein jab king ne guilt ko postpone karne ka decision liya toh crowd ki kya reaction thi?,Crowd restless ho gayi aur log jor jor se bolne lage
"Formal aur informal letters me kaun si difference hai unke purpose ke basis par? Aam taur par do tarah ke letters hote hai, formal jo official business aur information ke liye likhe jate hai aur informal jo personal letters hote hai apne friends aur family se communicate karne ke liye","Formal letters official business aur information convey karne ke liye likhe jate hai, jo ki civic life me requirements ke liye ya public bodies ke liye hote hai. Informal letters, dusri taraf, personal letters hote hai jo friends aur family se communicate karne ke liye use hote hai"
"Sir, kya humne Chandrayaan mission ke baare me padha tha, isme kaun se instruments use hue?","Haan, humne Chandrayaan mission ke baare me padha tha, isme many instruments use hue jaise ki terrain mapping camera, lunar laser ranging instrument, aur X-ray spectrometer."
"Green Movement kab shuru hua aur uske shuru hone ke thodi der baad kya bada event hua? Itni jaldi aur itni tez se poora human race ko koi movement aaj tak nahin chhua hai jaise ki Green Movement ne, jo lagbhag 25 saal pehle shuru hua tha. 1972 mein New Zealand mein duniya ki pehli nationwide Green party banayi gayi thi.","Green Movement lagbhag 25 saal pehle 1994 se shuru hua tha (karib 1969 mein). 1972 mein, duniya ki pehli nationwide Green party New Zealand mein banayi gayi thi."
"Passage ko analyse karne ke baad summarise karne ka process kya hota hai? Isme hum note-making wale steps follow karte hain, jaise ki important ideas ko underline karna, unhein abbreviate karke verbs ko short karke likhna, examples, explanations, aur repetition ko avoid karna. Lekin nominalising ke bajaye hum points ko full sentences mein expand karte hain aur suitable connectors se link karte hain.","Key steps hain important ideas ko underline karna, verbs ko short karke unhein likhna, examples, explanations, aur repetition ko avoid karna. Phir nominalising ke bajaye points ko full sentences mein expand karna aur suitable connectors se link karna."
"Ma'am, human body mein circulatory system kaise kaam karta hai?","Human body mein circulatory system dil, blood vessels, aur blood ke saath milkar kaam karta hai. Yah oxygen aur nutrients ko puray sharir mein pahunchata hai aur carbon dioxide aur waste products ko remove karta hai."
Mother's Day play ki setting kya hai?,London ke ek suburb mein Pearson family ka living-room hai
"Sir, kya aap bata sakte hain ki ancient civilization of Mesopotamia ka itihaas kya hai?","Ancient civilization of Mesopotamia ka itihaas lagbhag 4500 BCE se 539 BCE tak ka hai. Ismein hamein sulabh sheheron, snaanagharon, aur anya suvidhaon ke avshesh milte hain. Ye log apne samay ke liye bahut aage the aur unhone bahut si nai cheezein khoji."
"Ma'am, kya hum geography meh natural resources ke baare meh jaan sakte hai?","Haan, natural resources jaise ki water, mineral, fossil fuels, aur forests bahut mahatvapoorn hoti hai. In resources ki upyogita aur sanrakshan bahut zaruri hai."
"Pass summit ki elevation kya thi, aur wahan kya traditional markers milte hain? Hum finally pass ke top par 5,515 metres par pahunch gaye. Yeh ek bade cairn of rocks se marked tha, jahan white silk scarves aur ragged prayer flags lage hue the.","Pass summit 5,515 metres par tha, aur yeh ek bade cairn of rocks se marked tha, jahan white silk scarves aur ragged prayer flags lage hue the."
"The Tale of Melon City mein arch ke baare mein conflict kyu hua, King ne plans mein kya change kiya tha?",Jab architect ne plans king ko dikhaye toh usne kuch changes kiye
What is the process of eutrophication?,"Eutrophication is the process by which a body of water becomes enriched with excess nutrients, such as nitrogen and phosphorus. This can lead to an overgrowth of algae, which can deplete the oxygen in the water and harm aquatic life. Eutrophication can be caused by human activities such as agricultural runoff, sewage, and industrial waste."
"Ma'am, mineral kya hota hai?",Mineral ek aisi vastu hoti hai jo prakriti mein paayi jaati hai aur jiske gunon ko hum upyog mein laate hain. Mineral ki aavashyakata humari jeevan shaili ko banaye rakhne ke liye hoti hai.
1994 mein kaun si ghatna thi jisne India ke shehri girawat ko global taur par ujagar kiya?,1994 mein Surat mein pneumonic plague ne India ke shehri girawat ko global taur par ujagar kiya
"Kya saboot hai ki Sahara desert 6000 saal pehle ek 'green' aur 'perfectly liveable' jagah tha? 6000 saal pehle, Sahara ek alag jagah tha, wo green tha. Sahara mein prehistoric rock art mein kuchh aisa dikhaya gaya hai jo hairan kar dene wala hai: hippopotamuses, jo saal bhar paani ki zaroorat hai.","6000 saal pehle Sahara green tha, aur prehistoric rock art mein hippopotamuses dikhaye gaye hain, jo saal bhar paani ki zaroorat hai, isse pata chalta hai ki wo ek 'perfectly liveable' environment tha."
"When Mourad usko uthata hai, narrator ko kya dikhta hai?",Mourad ek sundar safed ghode par baitha hua
What did Satyajit used to enjoy about his success in the village?,He enjoyed the wide-eyed wonder and eager homage of people like Uncle Srinath who had use and longing for his money.
Thomas Gray ke 'An Elegy Written in a Country Churchyard' se diya gaya stanza ka core message ya simple statement kya hai? Full many a gem of purest ray serene The dark unfathom’d caves of ocean bear Full many a flower is born to blush unseen And waste its fragrance in the desert air. Is stanza ka simple statement kya hai: kayi log apne outstanding qualities ke saath jeete hain aur duniya ki nazar mein aane ke bina mar jaate hain.,Yeh stanza yeh simple statement deta hai ki kayi log apne outstanding qualities ke saath jeete hain aur duniya ki nazar mein aane ke bina mar jaate hain.
What did Paul's mother mean by 'luck'?,It's what causes you to have money.
"Ma'am, kya humne Rani Lakshmibai ke baare me padha tha, unka role freedom fight me kya tha?","Haan, humne Rani Lakshmibai ke baare me padha tha, unka role freedom fight me bahut bada tha, unhone Britishers ke khilaf ladai ladi aur apne desh ki azadi ke liye sangharsh kiya."
"Sahara ke context mein 'fossil water' kya hai aur iske kya characteristics hain? Sahara ke neeche toh bahut saare fresh water ke aquifers hain, itne paani ki agar hum ek chhota sa samundar bhar dein toh woh bhi kam pad jayega. Yeh fossil water hai, jo pehle se hi treasure ki tarah rakha hua hai, aur shayad usme se kuch paani toh lakhon saal purana bhi ho sakta hai.","Fossil water se hum sahara ke neeche ke wo bade aquifers samajhte hain jinke andar fresh water hai, jo pehle se hi prehistoric times mein rakha hua hai aur jiske baare mein kahte hain ki wo lakhon saal purana hai. Is water ko clean, refreshing mineral water bola jaata hai."
"Sir, what is biodiversity?",Biodiversity ek aisa vishay hai jismein hum dharti par maujood jeev-jantuon ki vividhata ke bare mein padhte hain. Ismein hum yeh jaante hain ki kaise hum jeev-jantuon ki raksha kar sakte hain.
Riwaj ke hisab se dadi ji ki death ke baad unka body kya kiya gaya tha? Humne unhe bed se uthaya aur riwaj ke mutabik zameen par leta kar laal kapde se dhak diya.,Riwaj ke hisab se dadi ji ki death ke baad unka body bed se uthakar zameen par laya gaya aur laal kapde se dhak diya gaya.
"Sir, climate change ke bare mein batayein, yeh kya hota hai?","Climate change ek prakar ki process hai jo ki earth ke climate ko badal rahi hai. Ye process mein global warming, sea level rise, aur extreme weather events shamil hote hain, jo ki human activities ke karan ho rahe hain aur jinke karan earth ka climate badal raha hai."
"Ma'am, cell cycle ke bare mein batayein, yeh kya hota hai?","Cell cycle ek process hai jismein cell grow, replicate, aur divide hota hai. Ismein interphase, mitosis, aur cytokinesis stages hote hain, jismein cell apne DNA ko replicate karta hai aur do identical daughter cells banata hai."
Why did Satyajit board the train?,He boarded the train to escape from his current situation and the wrenching within him.
"Ma'am, kya hum chemistry mein acid aur base ke bare mein padhenge?","Haan, hum chemistry mein acid aur base ke bare mein padhenge. Acid aur base ke gunon aur unke pratikriyaon ko samajhna humare liye bahut zaroori hai."
"Steinbeck ke The Pearl mein di gayi excerpt mein, kya main analogy use kiya gaya hai jo ek town ko describe karta hai, aur writer kaunsa tone apnata hai? Ek town ko animal ki tarah dikhaaya gaya hai. Isme nervous system, head, shoulders aur feet hai... Tone thoda light humour aur sarcastic hai.",Writer ne town ko animal ki tarah dikhaane ki main analogy use ki hai. Adopted tone thoda light humour aur sarcastic hai.
"Sir, what is ecosystem services?","Ecosystem services ek aisa vishay hai jismein hum ecosystem ke dwara pradaan kiye jaane wale upyogitaon ke bare mein padhte hain. Ismein hum yeh jaante hain ki kaise ecosystem humein oxygen, paani, aur anya upyogitaen pradaan karte hain."
"kyun soymilk kuch logon ke liye ek suitable alternative hai, aur ghar par isey kaise banaya ja sakta hai? Soymilk mein lactose (milk sugar) nahi hota aur jo log normal milk se allergic hote hain unke liye yeh peena suitable hai. Soymilk banane ke liye soybeans ko pani mein bhigo kar, pees kar aur phir chaan kar iska liquid nikala jata hai. Agar aapko takleef nahi hai toh aap ghar par bhi isey banaye.","Soymilk lactose nahi hota isliye jo log normal milk se allergic hote hain unke liye yeh suitable hai. Ghar par soymilk banane ke liye soybeans ko pani mein bhigona, peesna aur phir uska liquid chaan lena hota hai."
"Ma'am, ecosystem kya hota hai aur iske kitne prakaar hote hain?","Ecosystem ek aisa system hota hai jismein jeev-jantu, vanaspati, aur abhaavik tatva apas mein pratikriya karte hain. Ecosystem ke teen prakaar hote hain: jal ecosystem, thal ecosystem, aur van ecosystem."
What is the process of plate tectonics?,"Plate tectonics is the process by which the Earth's lithosphere is broken into large plates that move relative to each other. These plates can move apart, collide, or slide past each other, resulting in geological phenomena such as earthquakes, volcanoes, and mountain formation. The process of plate tectonics is driven by convection currents in the Earth's mantle."
Rashtriya Pustakalay Framework (NCF) 2005 ka school life ke baare mein kya main suggestion hai?,NCF 2005 ke hisaab se school mein bachchon ki zindagi ko unki school ke bahar ki zindagi se jodna chahiye
"Sahara ke pehle ke 'green' period aur uske baad ki desertification ka kaaran konsi natural phenomenon hai? Sahara ki green period paleo-monsoon ki migration ke kaaran hui thi, jismein earth ki motion ka bhi role tha.","Paleo-monsoon ki migration, jo earth ki motion ke dynamics, axial tilt aur perihelion ke variations se driven thi, ne Sahara ke climate shifts ka kaaran banaya. Monsoon ki northward shift se 'green' period aaya, jabki southward shift se desertification hui."
"Ma'am, water cycle kya hota hai?","Water cycle ek aisi prakriya hai jismein paani vaayumandal se Prithvi par aata hai aur phir se vaayumandal mein wapas chala jata hai. Ismein vaashpikaran, sanchayan, aur varsha shaamil hai."
"Agar hume essay likhne me difficulty aa rahi hai to use easy banane ke liye kaun se do methods follow kar sakte hain? Hum log ko toh shuruwat me likhna bohot mushkil lagta hai, lekin hum isse easy bana sakte hain yaar, topic ke baare me soch kar, ya toh brainstorming kar ke, jisme hum group me baith kar apne apne ideas share karte hain, ya phir ek sheet pe note kar lete hain jo bhi idea aa raha hai","Text me do methods suggest kiye gaye hain, ek toh group me brainstorming karna, aur doosra apne ideas ko ek sheet pe note karna jab bhi idea aaye"
"Iona Potapov, cab driver ka description kya hai story me?","Iona Potapov ko bahut white aur phantom jaise dikhaya gaya hai, woh double bent ho kar motionless khada hai"
"Soyabean kaunse family mein aate hain, aur unke typical growing conditions kya hote hain? Soyabean legume family mein aate hain. Ye beans leguminous soyabean plant ke seeds hote hain. Inhe alag-alag tarah ke soils pe aur kayi tarah ke climates mein ugaya ja sakta hai.",Soyabean legume family mein aate hain aur inhe alag-alag tarah ke soils pe aur kayi tarah ke climates mein ugaya ja sakta hai.
"Ma'am, what is a sedimentary rock, kya ye koi igneous rock hai?","Nahi, sedimentary rock ek tarah ka rock hai jo sediments se banta hai, jaise ki sand, silt, aur clay, ye rocks compression aur cementation se banate hain."
"Soy ke main nutritional aur health benefits kya hain, text ke hisab se? Soy mein high quality protein ka bahut accha source hai, saturated fats kam hote hain aur cholesterol bhi nahi hota. Vitamins, khaskar Vitamin B complex, minerals jaise magnesium, calcium, iron, potassium aur copper, aur fibres bhi bahut hote hain. Abhi ke samay mein iska bahut recommendation ho raha hai kyunki yeh Low Density Lipoprotein (LDL) ko kam karne ki capability rakhta hai, jo ki ek bad cholesterol hai. Food and Drug Administration (FDA) ne confirm kiya hai ki soy protein wale foods coronary heart disease ka risk kam karne wale hote hain.","Soy ek bahut accha source hai high-quality protein ka, saturated fats kam hote hain, cholesterol-free hai, aur vitamins, especially B complex, minerals aur fibres se bhi rich hai. Iska recommendation hota hai kyunki yeh LDL levels ko kam kar sakta hai aur coronary heart disease ka risk bhi kam kar sakta hai."
Summarising ka primary purpose kya hai? Agar main points report karne hain to hum summary present karte hain,Summarising ka primary purpose original source ke main points report karna hai
"Ma'am, gene expression ke bare mein batayein, yeh kya hota hai?","Gene expression ek process hai jismein genes apne proteins ko banate hain. Ye process mein transcription, translation, aur regulation shamil hain, jismein genes apne mRNA ko banate hain, jo ki ribosomes mein jata hai aur proteins ko banata hai."
"Ma'am, kya hum apne ghar me fertilizer banaye aur kaise?","Haan, hum apne ghar me fertilizer banaye, isme kitchen waste, leaves, aur some microorganisms ka use hota hai, hum isse carefully mix karke aur decompose karke banate hain."
"Sir, kya humein biogeochemical cycles ke bare mein kuch jaankari hai?","Haan, humein biogeochemical cycles ke bare mein kuch jaankari hai. Biogeochemical cycles woh processes hote hain jo nutrients aur elements ko ecosystem mein move karte hain. Ye cycles carbon, nitrogen, phosphorus, aur sulfur jaise elements ko include karte hain aur ye ecosystem ke functioning ko affect karte hain. Biogeochemical cycles ke bare mein jaankari se humein ecosystem services ke bare mein samajhne mein madad milti hai."
"Ma'am, kya hum history mein Indus Valley Civilization ke bare mein padhenge?","Haan, hum history mein Indus Valley Civilization ke bare mein padhenge. Indus Valley Civilization ka itihas bahut hi purana hai aur hume iske baare mein padhne se bahut kuch seekhne ko milta hai."
"Lester R. Brown ne earth ke chaar pramukh biological systems ka naam bataya hai, unke mahatva ko bhi samjhaaye. Lester R. Brown ne apni kitab The Global Economic Prospect mein kaha hai ki earth ke chaar pramukh biological systems hain - fisheries, forests, grasslands, aur croplands - jo global economic system ki neev banate hain. In systems se hume food milti hai, aur ye industry ke liye lagbhag saare raw materials bhi provide karte hain, minerals aur petroleum-derived synthetics ko chhodkar.","Lester R. Brown ne earth ke chaar pramukh biological systems ko fisheries, forests, grasslands, aur croplands bataya hai. Ye systems bohot mahatvapoorn hain kyunki ve global economic system ki neev banate hain, hume food aur industry ke liye lagbhag saare raw materials provide karte hain, minerals aur petroleum-derived synthetics ko chhodkar."
"Sir, kya humne Jagadish Chandra Bose ke baare me padha tha, unka contribution science me kya tha?","Haan, humne Jagadish Chandra Bose ke baare me padha tha, unka contribution science me bahut bada tha, unhone many scientific experiments kiye aur plants ke baare me bahut kuch discover kiya."
Kya humein earthquake ke baad tsunami ki chetavani mil sakti hai?,"Haan, earthquake ke baad tsunami ki chetavani mil sakti hai. Tsunami warning systems detect changes in ocean waves and alert authorities, who then warn people in the affected areas. Yeh system bahut tezi se kaam karta hai taaki logon ko samay par chetavani mil sake."
"Sir, what is plate tectonics theory?",Plate tectonics theory ek aisi theory hai jismein hum dharti ke saath chalne wale Patton ke bare mein padhte hain. Ismein hum yeh jaante hain ki ye Patton kaise chalte hain aur unke prabhav ko kaise dekhte hain.
"Sir, biodiversity hotspot kya hota hai aur Bharat mein kitne biodiversity hotspots hain?","Biodiversity hotspot ek aisa region hota hai jahan bahut si prajatiyan paayi jaati hain. Bharat mein 4 biodiversity hotspots hain, jo ki Himalaya, Western Ghats, Indo-Burma, aur Sundaland hain."
"Wavewalker boat ke baare mein batao, jo family ne apne safar ke liye use kiya tha. Humari Wavewalker boat, 23 metre, 30 ton ka lakdi ke hull waali boat, professionally banayi gayi thi, aur humne mahino tak usse taiyar kiya aur sabse khatarnaak mausam mein test kiya tha.","Wavewalker 23 metre, 30 ton ka lakdi ke hull waali boat thi, jo professionally banayi gayi thi. Family ne mahino tak usse taiyar kiya aur sabse khatarnaak mausam mein test kiya tha."
"Sir, what is an ecosystem, kya ye koi living thing hai?","Nahi, ecosystem ek tarah ka biological community hai jisme living aur non-living components interact karte hain, jaise ki plants, animals, soil, air, aur water."
"Disaster ke baad ship ko repair karne aur flooding ko manage karne mein narrator ko kaun kaun se challenges ka saamna karna pada? Jab starboard side se paani andar aa raha tha, toh narrator ne kya kya kiya?","Narrator ko starboard side ke holes pe canvas stretch karna aur waterproof hatch covers secure karna bahut mushkil laga. Uske baad hand pumps block ho gaye, electric pump short-circuit ho gayi, aur do spare hand pumps bhi samundar mein gir gaye. Phir narrator ne chartroom ke neeche se ek aur electric pump dhundha aur use connect kiya, jo ki finally kaam kar gaya."
"Ma'am, photosynthesis kya hota hai?","Photosynthesis ek aisa prakriya hai jismein paudhe surya ki roshni, carbon dioxide, aur paani ka upyog karke glucose aur oxygen banate hain. Yeh prakriya paudhon ke liye bahut mahatvapoorn hai."
"Ma'am, kya ancient India meh koi mahila ruler thi?","Haan, ancient India meh kai mahila rulers thi, jaise ki Rani Lakshmibai, Rani Durgavati, aur Razia Sultan. Unhone apne samay meh bahut sahi prashasan kiya tha."
"Kuch literary pieces ya chapters jo text ke starting me list hain, wo kya kya hain? Jaise ki The Portrait of a Lady, A Photograph, We’re Not Afraid to Die... if We Can All Be Together, Discovering Tut: the Saga Continues, The Laburnum Top, The Voice of the Rain, The Ailing Planet: the Green Movement’s Role, Childhood, The Adventure, Silk Road, aur Father to Son.","Text me kai titles list hain, jaise ki The Portrait of a Lady, A Photograph, We’re Not Afraid to Die... if We Can All Be Together, Discovering Tut: the Saga Continues, The Laburnum Top, The Voice of the Rain, The Ailing Planet: the Green Movement’s Role, Childhood, The Adventure, Silk Road, aur Father to Son."
"Jonathan ne apne papa se 5 January ko jab unse poocha gaya ki unki survival ke chances kya hain, toh usne kya kahaa?","Jonathan ne kaha, 'humein marne ka dar nahi hai agar hum sab saath ho - tum, mummy, sue aur main'. Is statement se unki himmat aur parivaar ki ekta dikhayi di"
"Ma'am, what is the concept of ecosystem, yeh kya hota hai?","Ecosystem ki prakriya mein, jeev-jaantu, ped-paudhe, aur anya jeev apne aas-paas ke vatavaran ke saath milke ek system banate hain. Isse hamein pata chalta hai ki kaise yeh sabhi tatva ek-dusre par nirbhar hain aur ek saath milkar kaam karte hain."
"Ma'am, chemical reaction kya hota hai aur iske prakaar kya hain?","Chemical reaction ek prakriya hai jismein ek ya ek se adhik rasayon ka parivartan hota hai, jiske prakaar oxidation, reduction, acid-base reaction aur combustion reaction hain."
"High altitude par lower atmospheric pressure ne vehicle ke fuel tank pe kya effect kiya, aur Tsetan ne kaisa react kiya? Vah petrol tank ke paas ruk gaya aur top ko partially unscrew kiya, jiske baad ek loud hiss sunai di. Lower atmospheric pressure ke kaaran fuel expand ho raha tha. Mujhe lagta hai ki yeh khatarnaak tha. 'Shayad, sir,' Tsetan hansne laga 'lekin smoking mat karna.","Lower atmospheric pressure ke kaaran fuel tank me fuel expand ho gaya, jab Tsetan ne top ko partially unscrew kiya to loud hiss sunai di. Tsetan ne potential danger ko acknowledge kiya lekin hans ke taal di, sirf 'smoking mat karna' advise kiya."
"Ma'am, trigonometry kya hoti hai?",Trigonometry ek aisa vishay hai jismein hum tribhujon ke bare mein padhte hain. Ismein hum yeh jaante hain ki kaise hum tribhujon ke konon aur bhujaon ke bare mein ganana kar sakte hain.
"Sir, monsoon ke bare mein batayein, yeh kya hota hai?","Monsoon ek seasonal wind pattern hai jo ki India mein garmiyon ke dauraan hota hai. Ye wind pattern India ko garm aur humid air laate hain, jisse ki monsoon ke dauraan barish hoti hai."
"Sir, mitosis kya hai aur iske charan kya hain?","Mitosis ek prakaar ki koshika vibhajan hai jismein koshika do saman koshikaon mein vibhajit hoti hai, jiske charanon mein interphase, prophase, metaphase, anaphase aur telophase shamil hain."
"Ma'am, ecosystem ke bare mein batayein, yeh kya hota hai?","Ecosystem ek prakar ka system hai jismein jeev aur unke environment ke beech mein interaction hota hai. Ye system mein producers, consumers, aur decomposers shamil hote hain, jo ki ek dusre par nirbhar hote hain aur ek balance maintain karte hain."
"Ma'am, kinetic energy ka kya formula hota hai?","Kinetic energy ka formula 0.5 mv^2 hota hai, jahan m mass hota hai aur v velocity hoti hai. Isse hum kisi bhi cheez ki gati aur bhari ko dekhte hain."
"Ma'am, water cycle ke bare mein batayein, yeh kya hota hai?","Water cycle ek process hai jismein paani earth ke beech mein cycle hota hai. Ye process mein evaporation, condensation, aur precipitation shamil hain, jismein paani vapor mein badalta hai, clouds mein condense hota hai, aur phir barish ya snow ke roop mein earth par girta hai."
"King Tut ki burial kaunse season mein hui thi, iska kya proof tha?","Ek shroud pe willow, olive leaves, wild celery, lotus petals aur cornflowers ke garland the, jo March ya April mein burial hone ka purana proof tha"
"Sir, Indian constitution ke bare mein batayein, yeh kab banaya gaya tha?","Indian constitution 26 November 1949 ko banaya gaya tha, lekin yeh 26 January 1950 ko lagu hua tha. Ismein 22 parts, 395 articles, aur 8 schedules hain, jo ki India ke shasan aur nagrikon ke adhikaron ko define karte hain."
What does the text imply about the role of pride and social status in the community?,"The text implies that pride and social status are deeply ingrained in the community, leading to conflicts and resentments, especially when boundaries are crossed."
"Sir, kinetic energy ka formula kya hai, hum isse kaise calculate karte hain?","Kinetic energy ka formula 1/2 mv^2 hai, jahaan m mass aur v velocity hoti hai, hum isse is formula se calculate karte hain."
"Khan Sahib ne train journey ke dauraan Gangadharpant ko britisher ke presence ko kaise explain kiya? - Arre dekh, har carriage pe chhota sa Union Jack paint hai, yeh ek gentle reminder hai ki hum britisher territory mein hain.","Khan Sahib ne GBMR ke har carriage pe chhote Union Jack ko dikhaya, aur samjhaya ki yeh ek gentle reminder hai ki ve britisher territory mein hain."
Class XI ke supplementary reader ka ISBN number kya hai?,81-7450-556-311073
"Ma'am, Newton ke teen laws kya hain?","Newton ke teen laws hain - first law (inertia), second law (force aur acceleration), aur third law (action aur reaction). Ye laws humein gati aur force ke baare mein samjhate hain."
"Text ke hisaab se, kaunsa literary technique fact aur fiction ko alag karne ka tarika hai? Exaggeration bhi ek tarika hai jisse fact aur fiction ko alag kiya jaata hai.",Exaggeration ko fact aur fiction ko alag karne ka ek tarika samjha gaya hai.
"Sir, what is difference between speed and velocity, dono mein kya antar hai?","Speed aur velocity dono gati se sambandhit hain, lekin speed mein sirf gati ki maatra hoti hai, jabki velocity mein gati ki maatra aur disha bhi hoti hai."
"Sir, sound wave kya hoti hai?",Sound wave ek aisi tarang hoti hai jo hawa ya anya madhyam se guzarti hai. Yah tarang kanon ko prabhavit karti hai aur humein dhvani sunaati hai.
"Sir, plate tectonics kya hai aur iske kya mahatvapurn parinaam hain?","Plate tectonics prithvi ki satah par chaliye plateno ki gatividhi ko darshata hai, jiske kaaran bhukamp, jwalamukhi visphoton aur pahadon ki rachna hoti hai."
"Zahi Hawass ke hisab se, mummy itni kharaab condition mein kyun hai? “Mummy ki condition bohot kharaab hai kyunki Carter ne 1920s mein kya kiya,” Zahi Hawass ne kaha, jo ki Egypt ke Supreme Council of Antiquities ka Secretary General hai","Zahi Hawass, Egypt ke Supreme Council of Antiquities ka Secretary General, ne kaha ki mummy ki condition bohot kharaab hai kyunki Carter ne 1920s mein jo kiya tha"
"Hornby Road pe Professor Gaitonde ne dekhe koi do bade British departmental stores, jahan pe Handloom House building nahi thi, balki Boots aur Woolworth departmental stores thi, aur Lloyds, Barclays jaise British banks ke offices bhi thi?",Professor Gaitonde ne Hornby Road pe Boots aur Woolworth departmental stores dekhe
"Ma'am, chemical bonding kya hota hai?",Chemical bonding ek aisa prakriya hai jismein do ya do se adhik atoms ek saath judte hain aur ek molecule banate hain. Ismein electron ke share hone ya exchange hone se bonding hoti hai.
"Ma'am, acid aur base kya hote hain?",Acid aur base ek aise rasayan hote hain jo apne pH ke aadhar par alag hote hain. Acid ka pH kam hota hai aur base ka pH adhik hota hai.
Jab narrator ne akela ghode ki sawari karne ki koshish ki to kya hua?,Ghode ne saat belon ko chod diya aur vah usse gir pada
"Text ke hisab se, games khelne se sportsmanship kaise develop hota hai? Aur, games khelne se, jeetne aur haarne ka anubhav hota hai, jo sportsmanship ki bhavna ko badhata hai, aur isse hum life ke problems ko wisely aur naturally deal karne mein madad milti hai.","Games khelne se sportsmanship ki bhavna badhti hai, kyunki isse hum jeetne aur haarne ka anubhav karte hain, jo humein life ke problems ko wisely aur naturally deal karne mein madad karta hai, aur yeh Olympic motto ko sahi sabit karta hai ki 'jeetna ya haarna nahin, balki hissa lena aur apna best dena hi sabse zaruri hai'."
Pass utarte hue lunch kahan par rukke aur wahan kya ho raha tha?,"Unhone lunch ek workcamp me liya jo ek sukhe namak ke talab ke paas tha. Wahan bahut activity ho rahi thi, aadmi pickaxes aur phavde lekar namak khod rahe the, aur blue trucks lagatar talab se namak bhare hue nikal rahe the."
"Sir, kya tum mujhe bata sakte ho ki India ke sabse bade jungle kaun se hain?","India ke sabse bade jungle Amazon jungle nahi hain, kyunki Amazon jungle South America mein hain. India ke sabse bade jungle Western Ghats aur Eastern Himalayas hain."
"King Tut ke saath precious gold artifacts ke alaawa aur kya cheezein daily use ki chai thi jo unke saath dabai gayi thi? Lekin Tut ke saath afterlife mein use karne ke liye Rozmarra ki cheezein bhi thi: board games, bronze razor, linen undergarments, khane peene ki cheezein aur wine.","King Tut ke saath afterlife ke liyeRozmarra ki cheezein bhi dabai gayi thi, jaise ki board games, bronze razor, linen undergarments, khane peene ki cheezein aur wine."
"Wavewalker ko itni badi damage hone ke baad, narrator ko apni survival ke liye kya ummeed thi? Humne dekha ki boat ke neeche paani ki line ke neeche ek bada leak tha, aur jab maine check kiya toh pata chala ki boat ke sabse bade rib frames keel tak smash ho gaye the. Asal mein, starboard hull ka ek pura section sirf kuch cupboard partitions se uthaya hua tha. Hum wave ke hit hone ke 15 ghante tak zinda the, lekin Wavewalker itna lamba nahi chalega ki hum Australia tak pahunch sake. Maine apne charts check kiye aur dekha ki east mein kuch hundred kilometre door do chhote islands hain. Unmein se ek, Ile Amsterdam, ek French scientific base tha. Humari ekmatr ummeed yeh thi ki hum in chhoti chhoti islands tak pahunch sake, jo ki ek bade samundar mein sirf pinpricks jaise thi.","Narrator ki sirf ek ummeed thi ki wo do chhote islands tak pahunch sake, jismein se ek Ile Amsterdam tha, jo ki ek French scientific base tha, jo ki kuch hundred kilometre east mein tha. Unhone inhein 'vast ocean ke pinpricks' kaha kyunki Wavewalker itna damaged tha ki Australia tak nahi pahunch sakta tha."
"Acchi notes mein information ko logically kaise divide aur sub-divide karna chahiye? Information ko logically divide aur sub-divide karne ke liye figures/letters ka use hota hai. Divisions is tarah se ki jati hain: Main sections - 1, 2, 3, etc. Sub-sections - (i), (ii), (iii), etc. Sub-sub-sections - (a), (b), (c), etc.","Acchi notes mein, information ko logically divide aur sub-divide karne ke liye figures/letters ka use kiya jata hai. Main sections ko 1, 2, 3, etc. number diya jata hai, sub-sections mein (i), (ii), (iii), etc. ka use hota hai, aur sub-sub-sections mein (a), (b), (c), etc. ka use kiya jata hai."
"Sir, kya hum chemistry meh organic chemistry ke baare meh jaan sakte hai?","Haan, organic chemistry ek aisa branch hota hai jismein hum carbon-based compounds ki study karte hai, jaise ki hydrocarbons, alcohols, aur acids. Organic chemistry ki applications medicine, agriculture, aur industry meh hoti hai."
"Sir, biodiversity ke bare mein batayein, yeh kya hota hai?","Biodiversity ka matlab hai kisi ek jagah par paye jaane wale sabhi jeev-jantu, paudhe, aur micro-organisms ki vividhata. Yeh humari prithvi ki sahajeevi vividhata ko darshata hai."
"World Commission on Environment and Development ke hisab se, sustainable development ka definition kya hai? Sustainable development ka concept 1987 mein popular hua tha, aur ismein kaha gaya tha ki yeh development hai jo present ke needs ko pura karta hai, lekin future generations ke needs ko compromise karte hue nahi","Sustainable development ka definition hai ki yeh development hai jo present ke needs ko pura karta hai, lekin future generations ke needs ko compromise karte hue nahi, matlab ki hum resources ka use karte hain lekin future generations ke liye zaruri cheezein natural world se hataye nahi"
"Bharat mein shahari parivahan mein niti vikritiyon ka ek bada parinaam kya hai? Niti vikritiyon ke kaaran gaadiyon par nirbharata badh rahi hai, sadak upyogkartaon ke liye suraksha khatre badh rahe hain, aur bhoomi upyog yojnaayein logon ki aavashyakataon ke aadhar par nahi, balki mukhyatah niji motor chalit vaahanon ka upyog sugam banane ke liye banayi ja rahi hain. Isliye yeh aashcharya ki baat nahi hai ki paidal chalne wale aur saikil chalane wale, jo adhikansh shahari kendron mein choti ghanton mein 30 se 70 pratishat traffic banaate hain, sadak durghatnaon mein mare hue logon ki badi sankhya bhi banaate hain.","Shahari parivahan mein niti vikritiyon ke kaaran gaadiyon par nirbharata badh rahi hai, sadak upyogkartaon ke liye suraksha khatre badh rahe hain, aur bhoomi upyog yojnaayein logon ki aavashyakataon se zyada niji motor chalit vaahanon ko prathmikta deti hain, jisse paidal chalne wale aur saikil chalane wale sadak durghatnaon mein mare hue logon ki badi sankhya bante hain."
"Sir, what is seismology aur ismein hum kya seekhte hain?",Seismology ek aisa vishay hai jismein hum bhukamp aur earthquake ke baare mein padhte hain. Ismein hum yeh jaante hain ki bhukamp kaise aate hain aur unke prabhav ko kaise kam kiya ja sakta hai.
"Class XI ke liye is textbook ka main aim kya hai? Ye textbook Class XI ke liye National Curriculum Framework 2005 ke sujhaav par based hai, jisme English syllabus diya gaya hai, jo ki learners ko language ka use karke abstract thought aur knowledge acquisition me proficiency develop karne me madad karta hai.","Is textbook ka aim Class XI ke learners ko English me proficiency develop karne me madad karna hai, jisme language ko abstract thought aur knowledge acquisition ke liye instrument ke roop me use kiya jata hai."
What did Paul's sister Joan say about his rocking-horse riding?,She said he was always riding like that.
Andrew kya karta hai bachche ko bachane ki koshish karne ke liye?,Andrew garm aur thande pani ka use karke ek special tarika se bachche ko saans dilane ki koshish karta hai
"Latin phrase 'mens sana in corpore sano' ka kya matlab hai aur ismein kya emphasize kiya gaya hai? Jab hum is Greek ideal ki baat karte hain jo Latin phrase 'mens sana in corpore sano' mein hai, toh humein yeh nahin bhulna chahiye ki pehle mind ka zikr kiya gaya hai","Latin phrase 'mens sana in corpore sano' ka matlab hai 'healthy mind in healthy body'. Text mein emphasize kiya gaya hai ki mind ko pehle mention kiya gaya hai, jo uski priority ko darshata hai"
"Sir, what is difference between producers and consumers, dono mein kya antar hai?","Producers woh jeev hote hain jo apna khana khud banate hain, jaise ki paudhe. Consumers woh jeev hote hain jo doosron ke banaaye hue khane ko khate hain, jaise ki janwar."
"Sir, plate tectonics ke bare mein batayein, yeh kya hota hai?","Plate tectonics prithvi ki satah par chalne wale plateon ke movement ko describe karta hai, jo ki earthquakes, volcanoes aur mountain formation ke liye jimmedar hote hain. Ye process arbon years se chal raha hai aur abi bhi jaari hai."
What document did Holmes have in his hand when he emerged from his bed?,A long foolscap document.
How did Ammu explain Mammachi's reaction to Pappachi's death?,Ammu said Mammachi cried more out of habit than love.
"Ma'am, photosynthesis ke process ke bare mein batayein?","Photosynthesis ek process hai jismein paudhe sunlight, carbon dioxide, aur water ka use karke glucose aur oxygen banate hain. Ye process chlorophyll ki presence mein hota hai, jo ki paudhon ke patton mein paya jata hai."
"Formal letters ke liye complimentary closes aur signatures ke examples do, aam taur par letters politely is tarah se khatam hote hain - Thank you, With regards, With best wishes, Hope to see you soon, Hope to receive an early reply etc. Complimentary close ke baad 'Yours sincerely/ Yours truly' likha jata hai, aur agle line me writer ka signature hota hai.","Formal letters usually polite phrases jaise ki 'Thank you', 'With regards', ya 'Hope to receive an early reply' se khatam hote hain. In phrases ke baad complimentary close aata hai jaise 'Yours sincerely' ya 'Yours truly', aur phir writer ka signature agle line me hota hai."
Seth Ramanand aur Khan Azam Khan ke beech daadi wale conflict ko explain karo,"Seth Ramanand, jo ek grocer aur moneylender hai, usne apni daadi ko tiger moustache jaisi banayi, jo Khan Azam Khan ko bahut gussa dilaati hai, kyunki vah tiger moustache pehenta hai aur use apne noble ancestry ka symbol maanta hai"
"Kaun si ghatna thi jisne narrator aur uski daadi ke dosti ko badal diya? Jab meri parents shehar mein settle ho gaye, toh unhone humein bulaya. Woh humari dosti ka ek naya modh tha.","Unki dosti ka turning point woh tha jab narrator ke parents ne shehar mein settle hone ke baad unhe bulaya. Uske baad daadi narrator ke school jaane ke liye nahi aati thi, kyunki woh ab english school motor bus se jaata tha, aur daadi ne gaon ke kutte ki jagah shehar ke apne ghar ke aangan mein chidiyon ko khana khilana shuru kar diya tha."
"Professor Gaitonde ko apne bete Vinay Gaitonde ko nahi milne ke baad kya sabse zyada chinta thi? Vah apne rehne ki jagah ke baare mein chinta nahin karte the, unki main chinta Asiatic Society ki library jaakar itihas ka rahasya suljhaana tha.","Uska main chinta yeh nahin tha ki vah kahin rahega, balki vah Asiatic Society ki library jaakar itihas ka rahasya suljhaana chahta tha."
Budhiya ka kya request hai chloroform ka use karne ke liye?,Budhiya kehti hai ki agar chloroform se baby ko nuksaan hoga to use Susan ko nahi dena chahiye
"Inhe dono ladke kaunse tribe se hain, us tribe ki kya alag baat hai?",Imaan aur sachchai
"Ma'am, weathering ke bare mein batayein, yeh kya hota hai?","Weathering ek prakar ki process hai jo ki rocks ko break down karti hai. Ye process mein mechanical weathering, chemical weathering, aur biological weathering shamil hote hain, jo ki rocks ko break down karte hain aur unhein sediment mein badal dete hain."
"Ma'am, kya hum history mein Mughal saamrajya ke bare mein padhenge?","Haan, hum history mein Mughal saamrajya ke bare mein padhenge. Mughal saamrajya ka itihas bahut hi samriddh hai aur hume iske baare mein padhne se bahut kuch seekhne ko milta hai."
"Suzanne ne kya sahas dikhaya aur uske peeche uska kya wajah thi? Uski head bohot zyada swole ho gayi thi, uske do bade black eyes the, aur ab usne humein apne arm par ek gahra cut bhi dikhaya. Maine jab pucha ki vah pehle apni injuries ke baare mein kyun nahi batayi, toh usne kaha, 'Maine socha ki main aapko worry nahi karana chahti jab aap hum sabko bachane ki koshish kar rahe the.'","Suzanne ne bohot sahas dikhaya jab usne apni injuries ke baare mein pehle nahi bataya, jisme uski swole head, do bade black eyes aur arm par ek gahra cut shaamil the. Usne samjhaya ki vah apne papa ko worry nahi karana chahti thi jab vah hum sabko bachane ki koshish kar rahe the."
"Sir, kya tum mujhe bata sakte ho ki Prithvi ka sabse bada desert konsi hai?","Prithvi ka sabse bada desert Antarctic desert hai, jo lagbhag 14 million varg kilometer mein faila hua hai."
"Ma'am, kya hum earth ke axis ki inclination ke baare meh jaan sakte hai?","Haan, earth ki axis ki inclination lagbhag 23.5 degree hoti hai, jiske kaaran humein seasons ka anubhav hota hai. Is inclination ke kaaran hi humein summer, winter, autumn, aur spring milte hai."
"Sir, kya humein ocean currents ke bare mein kuch jaankari hai?","Haan, humein ocean currents ke bare mein kuch jaankari hai. Ocean currents woh movements hote hain jo ocean ke paani mein hote hain. Ye currents temperature, salinity, aur wind ke kaaran se move karte hain aur ye global climate ko affect karte hain. Ocean currents ke bare mein jaankari se humein oceanic phenomena jaise ki El Nino aur La Nina ke bare mein samajhne mein madad milti hai."
"Dada ji ke portrait ke baare mein kya details diye gaye hain? Mera dada ji ka portrait drawing room mein mantelpiece ke upar laga hua tha. Usne bada sa turban aur loose fitting kapde pehne huye the. Uski lambi, safed daadi uske seene ke adhikansh hisse ko dhak rahi thi aur woh kam se kam 100 saal ka lag raha tha. Usse aisa lagta tha jaise woh wife ya bachchon wala aadmi nahi ho sakta. Usse lagta tha jaise woh sirf bahut saare pote-poti wala aadmi ho sakta hai.","Dada ji ka portrait drawing room mein mantelpiece ke upar laga hua tha. Usne bada sa turban aur loose fitting kapde pehne huye the, aur uski lambi, safed daadi uske seene ke adhikansh hisse ko dhak rahi thi. Uski umar kam se kam 100 saal ki lag rahi thi aur usse aisa lagta tha jaise woh sirf bahut saare pote-poti wala aadmi ho sakta hai, wife ya bachchon wala nahi."
"yeh expression 'pinpricks in the vast ocean' ka kya matlab hai, jo ki text me use hua hai? Hamara bas ek hope tha ki hum in pinpricks in the vast ocean tak pahuch paye","yeh expression 'pinpricks in the vast ocean' do chhote islands ko refer karta hai, jisme se ek Ile Amsterdam hai, jo family ke liye bas ek hope tha for survival. Yeh unke chhoti size aur remoteness ko emphasize karta hai immense and dangerous ocean me, jo ki unhe find karna bohot mushkil banata hai"
"Ma'am, Tansen kaun the, unka contribution music me kya tha?","Tansen ek prasiddh musician the, unka contribution music me bahut bada tha, unhone many ragas compose kiye aur unhe Bharat me sangeet ki sthapna me mahatvapurna maana jata hai."
"Kya ek student ke liye effectively likhne ke liye kya zaroori hai? Effective likhne ke liye student ko likhne ka mahatva aur uddeshya samajhna, writing mein coherence develop karna, cohesive devices samajhna aur unka upyog karna, aur grammar, spelling aur punctuation par relative command hona chahiye.","Ek student ke liye effectively likhne ke liye, unhein likhne ka mahatva aur uddeshya samajhna hoga, coherence develop karni hogi, cohesive devices samajhni hogi aur unka upyog karna hoga, aur grammar, spelling aur punctuation par relative command hona chahiye."
"Ma'am, kya hum apne ghar ke bagiche mein apna khud ka compost banaye?","Haan, hum apne ghar ke bagiche mein apna khud ka compost banaye. Compost banane ke liye hume kitchen ke kachre aur pattiyon ka upyog karna hota hai, jisse hume mitti ko urvarak banana mein madad milti hai."
What was Satyajit's current state of mind regarding his past and present circumstances?,"He was in a state of turmoil, reflecting on his past successes and failures, and grappling with his present fall from fortune."
Supplementary reader me literature ka kya role hota hai?,"Literature young minds ko mould karne me important role play karta hai, kyunki ye learners ko zindagi ke kayi tarah ke narratives se expose karta hai"
"Kya order aur family hai jisme pheasants aate hain? 900 bird species aur 155 families mein se, pheasants Galliformes order aur Phasinidae family mein aate hain.",Pheasants Galliformes order aur Phasinidae family mein aate hain.
"Teacher ne students se Shakespeare ke Macbeth ke excerpt me se ek specific word ka definition pucha, aur jab related word ke baare me pucha gaya to kisi student ka kya response tha? Teacher ne students se ‘unseamed’ ka matlab pucha, jo thoda mushkil tha. Teacher ne unhe aur prodded, ‘seam’ ka kya matlab hai? Aapne is word ka kabhi use nahi kiya?’ Ek student ne jaldi se ‘cricket ball’ bol diya.",Teacher ne ‘unseamed’ word ka definition manga. Jab ‘seam’ ke baare me pucha gaya to ek student ka notable response tha ‘cricket ball’.
"Sir, electricity ka adhar kya hai?","Electricity ka adhar electron ke pravaah mein hota hai. Jab electron ek conductor se guzarte hain, to ve electricity utpann karte hain."
"Ma'am, kya hum history meh world war ke baare meh jaan sakte hai?","Haan, world war ek aisa conflict hota hai jismein kai desh shamil hote hai, jiske kaaran bahut saare logon ki maut hoti hai aur economy bhi prabhavit hoti hai. World war ke do bade conflicts hain, world war 1 aur world war 2."
"Howard Carter ne Tutankhamun ki mummy ko chiseling aur dissect karna kaun se drastic actions justify kiya? Usne apni defence me kaha ki uske paas kaafi kam choice tha. Agar usne mummy ko free nahi kiya hota, to chor guard ko circumvent karke mummy ko rip kar dete aur gold nikal dete","Carter ne apni actions ko justify kiya ke uske paas kaafi kam choice tha, agar usne mummy ko free nahi kiya hota to chor guard ko circumvent karke mummy ko rip kar dete aur gold chura lete"
"Mrs Pearson, jo ab Mrs Fitzgerald ke body meh hai, wo Mrs Pearson ke family ke saath kya karne wali hai?",Wo Mrs Pearson ke family se confront karna chahti hai aur unhe apna authority dikhana chahti hai
"Describe the narrator's first night in America. I spent my first night at the YMCA in Central Square, Cambridge, an inexpensive accommodation recommended by my guidebook. It was walking distance from MIT, and steps away from the post office and a supermarket called Purity Supreme.","The narrator spent his first night in America at the YMCA in Central Square, Cambridge, which was an inexpensive accommodation near MIT, the post office, and a supermarket called Purity Supreme."
"King Tut ki mummy ke baare mein 1968 mein X-ray examination se kya chaukane wala fact pata chala? 1968 mein, Carter ke discovery ke 40 saal ke baad, ek anatomy professor ne mummy ki X-ray ki aur ek chaukane wala fact reveal kiya: resin ke neeche, uske chest ke andar, uska breast-bone aur front ribs gayab hain.",1968 mein X-ray se pata chala ki King Tut ke paas resin ke neeche chest ke andar breast-bone aur front ribs nahi hain.
"Dadi ji ke liye din ka sabse khushiyon bhara adha ghanta ka samay kab hota tha jab narrator university mein hota tha? Sirf dopahar mein woh thodi der ke liye aaraam karti thi taaki chidiyon ko khana khilaye. Jab woh verandah mein baithkar bread ko chhote tukdon mein todti thi, toh hazaron chhote chhote pakshi uske aas paas ikattha ho jaate the, aur ek ajeeb tarah ki shor mach jaata tha. Kuch pakshi uske pairon par, kuch uske kandhe par, aur kuch toh uske sir par baith jaate the. Woh muskuraati thi lekin unhein kabhi bhi bhagaati nahi thi. Yeh uske liye din ka sabse khushiyon bhara adha ghanta hota tha.","Dadi ji ke liye din ka sabse khushiyon bhara adha ghanta ka samay dopahar mein hota tha jab woh aaraam karti thi aur chidiyon ko khana khilati thi. Woh verandah mein baithkar bread ko chhote tukdon mein todti thi, aur hazaron pakshi uske aas paas ikattha ho jaate the, uske pairon par, kandhe par, aur sir par baithkar ek ajeeb tarah ki khushi ka mahaul bana dete the."
"Ma'am, kya humne Kalpana Chawla ke baare me padha tha, unka contribution space science me kya tha?","Haan, humne Kalpana Chawla ke baare me padha tha, unka contribution space science me bahut bada tha, unhone NASA ke saath kaam kiya aur space me many missions complete ki."
"Kuch common expressions hai jo hume letter start ya end karte waqt avoid karna chahiye, wo kya hai? Humen apne letters ko 'With reference to your letter dated 10 January' jaise hackneyed expressions se start nahi karna chahiye. Iske bajaye hum 'I was glad to receive your letter of 10 January…' ya 'We were happy to note from your letter that the goods have reached you safely…' jaise personalised variations use kar sakte hai. Aur letters ko 'Thanking you' ya 'Awaiting your reply' jaise hanging participles se end nahi karna chahiye, iske bajaye hum 'Thank you' ya 'We/I await/ look forward to your reply' likh sakte hai.","Letter start karte waqt humen 'With reference to your letter dated 10 January' jaise hackneyed expressions se bachna chahiye. Iske bajaye hum 'I was glad to receive your letter of 10 January…' jaise personalised variations use kar sakte hai. Aur letter end karte waqt humen 'Thanking you' ya 'Awaiting your reply' jaise hanging participles se bachna chahiye, iske bajaye hum 'Thank you' ya 'We/I await/look forward to your reply' likh sakte hai."
"Sir, mitosis ki prakriya kya hai?",Mitosis ek aisi prakriya hai jismein cell do barabari ke cellon mein vibhajit hota hai. Issey cell ki sanrachna aur kary same rehte hain.
"Sir, kya tum mujhe bata sakte ho ki India ke sabse ucha pahaad kaun sa hai?","India ka sabse ucha pahaad Mount K2 hai, jo Kargil mein sthit hai. Lekin agar hum Mount Everest ki baat karein, jo ki duniya ka sabse ucha pahaad hai, to wo Nepal mein sthit hai."
"Thomas Gray ki poem ke lines mein, jo text mein analyze kiye gaye hain, main message ke alawa kuch specific literary elements hain jo lines ki quality mein contribute karte hain, woh kya hain? Yeh bataane ke liye, poet ne do strong images use kiye hain - 'ek gem' aur 'ek flower', do contrasting places use kiye hain - samundar jo paani se bhara hua hai aur desert jahan paani bilkul nahin hai, aur rhyming words bhi hain - 'serene' aur 'unseen', 'bear' aur 'air', aur pehli aur teesri lines shuru hoti hain same words se - 'full many a', aur lines ki length bhi equal hai, yeh sab milkar iske literary quality ko banate hain","Ismein literary elements hain jo quality mein contribute karte hain, jaise ki do strong images - 'ek gem' aur 'ek flower', do contrasting places - samundar aur desert, rhyming words - 'serene'/'unseen', 'bear'/'air', first aur third lines ke starting words repeat hote hain - 'full many a', aur lines ki length equal hai"
"The Pearl mein 'and' conjunction ka baar-baar use kaise effective ho sakta hai, jaise ki example mein dekha gaya hai? Hum normally itne saare 'and' use nahi karte, lekin yahan story ki action ko reflect karne ke liye aisa chaining karna sahi lagta hai.","Baar-baar 'and' ka use se actions ko chain kar sakte hain, jo ki continuous movement aur sequence ko dikhata hai, jisse story ki flow aur impact pe sahi asar padta hai."
"Yaar, yeh goat moustache ka kya scene hai aur kaun log isse carry karte hain?","Goat moustache ek tarah ki patli mooch hai jo naye ameer log, naye businessman aur shopkeeper log carry karte hain, jo occasion ke hisab se upar neeche kar sakte hain"
"Sir, what is difference between archipelago and island, hume samajh nahi aaya?","Archipelago ek samuh hai jo kayi chhote islands se bana hota hai, jaise ki Andaman aur Nicobar islands. Island ek akela bhaag hai jo paani se ghira hota hai. Isliye, archipelago mein kayi islands hote hain lekin island ek akela hota hai."
"Sir, Newton ke teen laws of motion kya hain, inhein detail mein bataiye?","Newton ke teen laws of motion hain: pehla law ke anusar, koi bhi cheez apni sthiti mein rahegi agar us par koi bahari bal nahi lagta. Doosra law ke anusar, kisi bhi cheez par lagne wala bal uski mass aur uski gati ke beech sambandh ko darshaata hai. Teesra law ke anusar, har action ke liye ek equal aur opposite reaction hoti hai."
"Ma'am, binary fission kya hota hai, isme kitne daughter cells bante hain?","Binary fission ek aisa process hai jisme ek cell do daughter cells me divide hoti hai, isme 2 daughter cells banti hain."
Andrew ko resuscitation attempt ke dauran kaisa lag raha hoga?,"Andrew ko bahut hi desperate defeat ka ehsaas ho raha hoga aur usmein ek tarah ki hopelessness chahiye, jab woh bachche ko bachane ki koshish kar raha hai"
National Curriculum Framework (NCF) 2005 ka supplementary reader banane mein kya mahatva hai?,"NCF 2005 ke hisaab se school mein bachchon ki zindagi ko unki school ke bahar ki zindagi se jodna chahiye, rote learning ko discourage karna chahiye aur child-centred education system ko badhava dena chahiye, jisne supplementary reader banane mein influence kiya."
"Ma'am, kya hum apne garden me compost banaye aur kaise?","Haan, hum apne garden me compost banaye, isme kitchen waste, leaves, aur some microorganisms ka use hota hai, hum isse carefully mix karke aur decompose karke banate hain."
Is play mein main konsi characters hain?,"Mrs Annie Pearson, George Pearson, Doris Pearson, Cyril Pearson, aur Mrs Fitzgerald hain"
"Sir, kya humein remote sensing ke bare mein kuch jaankari hai?","Haan, humein remote sensing ke bare mein kuch jaankari hai. Remote sensing woh technology hai jiske dwara hum earth ke surface ke bare mein data collect karte hain bina directly usse touch kiye. Ye technology satellites, aircraft, aur drones jaise platforms use karti hai aur ye data environmental monitoring, land use planning, aur natural resource management ke liye upyogi hai."
"Ma'am, cell membrane kya hoti hai aur iski sanrachna kya hai?","Cell membrane ek patli jhilli hoti hai jo koshika ko gherneti hai, jiski sanrachna lipid aur protein se bani hoti hai, jismein porin aur channel protein bhi shamil hote hain."
"Ma'am, genetic engineering kya hota hai?","Genetic engineering ek aisi vidhi hoti hai jismein hum jeevon ke gene ko badalte hain taaki ve humari aavashyakataon ko poora kar sakein. Iska upyog kheti, dawa, aur anya kshetron mein kiya jata hai."
How did Paul react when his mother and uncle commented on his rocking-horse riding?,He gave a blue glare and did not speak to them.
CV me 'References' ka kya purpose hota hai? Jaise ki school ke Principal jo aapke character aur conduct ko certify kar sakein,"CV me 'References' woh log hote hai jinka naam diya hota hai, jaise ki school ka Principal, jo aapke character aur conduct ko certify kar sakein"
What commercial venture did Mammachi start after Pappachi's retirement?,Mammachi started making pickles commercially.
Mrs Pearson ko Mrs Fitzgerald ke proposal ke liye kya pehli reaction thi?,Mrs Pearson ko lagta hai ki body change karna namumkin hai aur uspe doubt hai
"Sir, kya aap bata sakte hain ki kinetic theory of gases kya hai?","Kinetic theory of gases ke anusar, gas ke anu gati mein rehte hain aur isse hamein pata chalta hai ki kaise gas ke gunon ko samjhna chahiye. Is theory ke anusar, gas ke anu ek-dusre se takraate hain aur isse hamein gas ke dabav, taap, aur aayatan ke baare mein jankari milti hai."
Joe Morgan kaun hai?,"Joe Morgan ek mota driller hai jiske wife ko unki pehli child ho rahi hai, shaadi ko lagbhag bees saal ho gaye hain"
Supplementary reader ke foreword me kin logon ka mention hai jo iske liye kaam karte hain?,"Advisory group in languages ke Chairperson, Professor Namwar Singh, aur book ke Chief Advisor, Professor R. Amritavalli."
Officer ko Iona ke bete ki death ki news sunkar kaisa lagta hai? 'Hm! Wo kaise mar gaya?,"Officer sirf itna puchte hain ki Iona ke bete ki death ki wajah kya thi, jisse pata chalta hai ki unhe bohot kam empathy hai"
"India ke Census 2001 ke hisab se, kitne percent urban Indian households ke paas ghar ke andar latrine nahi thi?","Census of India 2001 ke mutabik, lagbhag 26 percent (14 million) urban Indian households ke paas apne ghar ke andar latrine nahi thi"
What was Pappachi's greatest professional regret?,Pappachy's greatest regret was not having the moth he discovered named after him.
"Ma'am, kya hum biology meh genetics ke baare meh jaan sakte hai?","Haan, genetics ek aisa field hota hai jismein hum heredity aur variation ki study karte hai, jiske anusaar hum organisms ke characteristics ko samajhte hai. Genetics ki applications medicine, agriculture, aur biotechnology meh hoti hai."
"Soybeans ka kai tarah se upyog hai, khane aur non-food items dono me, list karo. Soybeans bohot versatile hai, kyuki hum inhe poore bean ke roop me, soy sprouts ke roop me, ya phir inhe alag alag food items banane ke liye process kar sakte hai, jese ki soy milk, tofu, tempeh, textured vegetable protein, miso, soy sauce, soy oil aur margarine, aur soy dairy alternatives. Inhe candles aur bio-diesel banane me bhi use kiya jata hai.","Soybeans ko hum poore bean ke roop me, soy sprouts ke roop me, aur phir inhe alag alag food items banane ke liye process kar sakte hai, jese ki soy milk, tofu, tempeh, textured vegetable protein, miso, soy sauce, soy oil, margarine, aur soy dairy alternatives. Inhe candles aur bio-diesel banane me bhi use kiya jata hai."
"What did Pappachi do every day, even in the heat, as a reminder of his past?",Pappachy wore a well-pressed three-piece suit and his gold pocket watch every day.
"Ma'am, prathamik utpaadak kya hote hain aur unki bhumika kya hai?","Prathamik utpaadak paudhe aur shaiwaldar hote hain jo surya urja ka upyog karke bhoomi ko urja pradaan karte hain, jisse jeev jagat ka aahar tantra sanchalit hota hai."
"What was the narrator's routine for making tea at the YMCA? I bought tea bags and a flask, which the salesman in Woolworth’s referred to as a thermos (a flask, he informed me, was used to store whiskey, another thing I had never consumed). For the price of one cup of tea at a coffee shop, I filled the flask with boiling water on my way to work each morning, and brewed the four cups I drank in the course of a day.","The narrator's routine for making tea at the YMCA involved buying tea bags and a thermos, filling it with boiling water on his way to work each morning, and brewing four cups of tea throughout the day."
"Text ke end mein di gayi 'Activity' sections ka kya mukhya uddeshya ya purpose hai? Jaise ki Activity I mein humein kuch words dekhkar unse judi images likhni hoti hai, Activity II mein poetry ya prose likhni hoti hai, Activity III mein ek short story likhni hoti hai aur Activity IV mein environment conservation par stories, poems aur newspaper articles ka style compare karna hota hai.","Activity sections ka general purpose hai ki readers ko practical creative writing exercises mein engage karne ke liye, jaise ki ideas generate karna, poetry ya prose likhna, story start karna aur different writing styles ka analysis karna."
"Sir, kya hum physics meh torque aur force ke beech antar samajh sakte hai?","Haan, force kisi object par lagne wali ek bal hoti hai, jabki torque force ki rotation ki wajah se hoti hai. Torque ki unit newton-meter hoti hai."
"Sir, what is economic geography?",Economic geography ek aisa vishay hai jismein hum dharti ke saath chalne wale arthik gatividhiyon ke bare mein padhte hain. Ismein hum yeh jaante hain ki kaise arthik gatividhiyan dharti par prabhav daalti hain.
What is the concept of emergence in biology?,"Emergence in biology refers to the phenomenon where complex systems exhibit properties that cannot be predicted from the characteristics of their individual components. For example, the behavior of a flock of birds or a school of fish cannot be predicted from the behavior of individual birds or fish. Emergence is a key concept in understanding complex biological systems."
What is the concept of ecological niche?,"Ecological niche refers to the specific role and position of a species within its environment. It includes the resources it uses, the space it occupies, and the interactions it has with other species. Each species has a unique ecological niche, and understanding these niches is important for understanding the structure and function of ecosystems."
Anton Chekhov ki kahani 'The Lament' ki setting kya hai?,"Is kahani ki setting ek snowy evening hai, jo ki ek town mein hai jahan street lamps hain aur busy street hai."
"Ma'am, kya hum chemistry meh acid aur base ke beech antar samajh sakte hai?","Haan, acid ek aisa substance hota hai jo hydrogen ions ko donate karta hai, jabki base ek aisa substance hota hai jo hydrogen ions ko accept karta hai. Acid aur base ke milne se salt aur water banta hai."
"Sir, kya hum geography meh plate tectonics ke baare meh jaan sakte hai?","Haan, plate tectonics earth ke crust ki movement ki theory hai, jiske anusaar earth ki satah par kai plates hoti hai jo lagatar move karti hai. In plates ki movement se earthquakes, volcanoes, aur mountain formation hoti hai."
"Ma'am, what is the concept of rock cycle, yeh kya hota hai?","Rock cycle ki prakriya mein, patthar alag-alag roopon mein badalte hain, jaise igneous, sedimentary, aur metamorphic. Isse hamein pata chalta hai ki kaise patthar prakriti mein badalte hain aur kaise yeh cycle hamein pattharon ke baare mein jankari dete hain."
"How did the narrator find a room to rent? It was in this manner that I discovered a room, for immediate occupancy, in a house on a quiet street, the listing said, for eight dollars per week. I copied the number into my guidebook and dialled from a pay telephone, sorting through the coins with which I was still unfamiliar, smaller and lighter than shillings, heavier and brighter than paisas.","The narrator found a room to rent by discovering a listing for a room in a house on a quiet street for eight dollars per week, copying the number into his guidebook, and dialing from a pay telephone."
"India mein actual forest loss rate government ke statistics se kitna alag hai? Reliable data ke mutabiq, India har saal 3.7 million acres forest lose kar raha hai... Actual forest loss government statistics se lagbhag 8 times zyada hai","India mein forest loss ka actual rate government ke statistics se lagbhag 8 times zyada hai, jo kehte hain ki saal mein 3.7 million acres ka nuksaan hota hai"
Kya pata tha kahani ke writer ko Mourad kya karega ghode ke saath?,Use chhipa dega aur kam se kam kuchh din toh waapas nahi lega
"Sir, kya humne Aryabhata ke baare me padha tha, unka contribution mathematics me kya tha?","Haan, humne Aryabhata ke baare me padha tha, unka contribution mathematics me bahut bada tha, unhone pi ka value calculate kiya aur many mathematical concepts develop kiye."
Khan Azam Khan kya karte hain jab unhe Seth Ramanand ki mooch dikhai deti hai?,"Woh Seth Ramanand se gussa hokar kehte hain ki woh apni mooch ke tips neeche kar le, jaise ki uss bakre ki style hai jo woh hai"
What is the difference between a hurricane and a typhoon?,"The difference between a hurricane and a typhoon is actually just a matter of location. Both are types of tropical cyclones, but hurricanes occur in the Atlantic and Northeast Pacific, while typhoons occur in the Northwest Pacific. The storms themselves are essentially the same, with strong winds and heavy rainfall."
"Ma'am, red data book kya hai?","Red Data Book ek suchi hai jo endangered prajatiyon ki jaankari pradaan karti hai. Ismein un prajatiyon ka varnan hota hai jo apni sanrakshan sthiti ke kaaran vibhinn shreniyon mein aati hain, jaise ki critically endangered, endangered, ya vulnerable."
"Hor town ka general appearance aur condition kaisa tha? Hor ek bahut hi grim aur miserable jagah thi, yahan koi vegetation nahi thi, bas dhool aur patthar the, aur saalon se ikattha hua kachra bhi har jagah tha, jo ki bahut hi unlucky thi kyunki yeh town ek aisi jagah par basi thi","Hor ko ek grim aur miserable jagah bataya gaya hai jahan par koi vegetation nahi hai, bas dhool aur patthar hain, aur yahan par saalon se ikattha hua kachra bhi har jagah scattered hai"
"Text ke hisab se, factual information likhne aur pleasure ke liye likhne mein kya main difference hai? Jab hum factual information ke bare mein likhte hain, to hum sab log almost similar likhte hain. Lekin jab hum pleasure ke liye likhte hain, to hum sab log same event ko alag-alag tareeke se likh sakte hain.","Jab hum factual information likhte hain, to sab log almost similar likhte hain. Lekin jab hum pleasure ke liye likhte hain, to har koi apne tareeke se same event ko likh sakta hai, jismein unki unique experiences aur imagination reflect hoti hai."
What did Paul's mother and Uncle Oscar say when they saw him riding the rocking-horse?,"His uncle said 'Hello, you young jockey! Riding a winner?' and his mother asked if he wasn't growing too big for a rocking-horse."
What was Pappachi's reaction to the ignominy of retirement?,"Pappachy slouched around the compound in sullen circles, watching Mammachi work."
"Dadi ji english school aur music lessons se kyu udas aur pareshan thi? Yeh cheez usse udas karti thi, woh meri lessons mein madad nahi kar sakti thi, aur usse lagta tha ki english school mein jo padhaya ja raha hai woh theek nahi hai, khaskar God aur scriptures ke bare mein kuch nahi sikhaaya ja raha hai. Ek din maine bataya ki humein music lessons di ja rahi hai, toh woh bahut pareshan ho gayi, kyunki usse music ke baare mein galat khayalat the, usse lagta tha ki music sirf randiyon aur bhikariyon ka kaam hai, gentle logon ke liye nahi hai.","Dadi ji udas thi kyunki woh english school ke lessons mein meri madad nahi kar sakti thi, aur usse lagta tha ki school mein western science padhaya ja raha hai lekin God aur scriptures ke baare mein kuch nahi sikhaaya ja raha hai. Music lessons se toh woh aur bhi zyada pareshan ho gayi, kyunki usse music ke baare mein galat khayalat the, woh kehti thi ki music sirf randiyon aur bhikariyon ka kaam hai, gentle logon ke liye nahi hai."
What is the process of glacier formation?,"Glacier formation is the process by which snow and ice accumulate and compact over time, forming a large, slow-moving river of ice. Glaciers form in high-latitude or high-altitude regions where the climate is cold enough for snow to persist year-round. The weight and pressure of the accumulated snow and ice cause the ice to flow downhill, carving out valleys and creating distinctive landscape features."
"Sir, what is yonder effect in geography?",Yonder effect refers to the phenomenon where the perceived distance of an object appears less due to its alignment with other objects in the landscape. This optical illusion can make objects appear closer than they actually are. It's an interesting topic in geography and psychology. Yonder effect is also known as 'forced perspective'.
"Andrew ko pata chale ki bachcha lifeless hai, to uska pehla reaction kya hota hai?","Andrew ko sunke ki bachcha lifeless hai, uska face ekdum se thanda ho jata hai aur usko horror ka ehsaas hota hai"
Andrew Manson kaun hai?,"Andrew Manson ek nayi graduate doctor hai jo Dr. Edward Page ke saath Blaenelly naamak chhote Welsh mining town mein apni medical practice shuru ki hai, woh Dr. Edward Page ka assistant hai."
NCERT ka office kaha hai?,"Sri Aurobindo Marg, New Delhi 110016"
"Jab officer usse uske bete ki mrityu ke bare mein poochta hai, to Iona kaise react karta hai? Iona apni zubaan ko muskaan mein modta hai aur koshish karke kahta hai: 'Mera beta, Barin, is hafte mar gaya.'",Iona ek ajeeb si muskaan ke saath react karta hai aur officer ko bata ta hai ki uska beta is hafte mar gaya tha.
"Kya cheez ne narrator aur uski wife Mary ko poora duniya ka safar karne ke liye prerit kiya? Yaani, unhone Captain James Cook ke 200 saal phele ke duniya bhar ka safar ko duplicate karne ke liye England se sail kiya tha","Narrator aur uski wife Mary ko Captain James Cook ke 200 saal purane duniya bhar ke safar ne inspire kiya tha, aur ve isko duplicate karne ke sapne dekhte aaye the"
How did Satyajit feel about Uncle Srinath's repeated requests for help with his daughters' weddings?,"He mused about it with a dim smile, acknowledging the 'daughter crisis' as a matter of pride and self-satisfaction in his flush of prosperity."
Full-Block style of letter writing ko describe karo. Aajkal letter ke sabhi parts left side pe align hote hain. Is style ko Full-Block style kehte hain.,"Full-Block style of letter writing ek modern format hai jahaan letter ke sabhi parts, jaise ki sender ka address, date, addressee ka address, salutation, content aur complimentary close, sabhi left margin pe align hote hain."
"Kaun sa Brazilian city ko low-cost technologies wale innovative urban plans ke liye example ke roop mein highlight kiya jaata hai? Curitiba in Brazil ka example, jo ki low-cost technologies wale innovative urban plans ke liye global attention gain kar chuka hai, yeh dikhaata hai ki inclusive development models urban renewal ke liye workable hai.",Curitiba in Brazil ko uske innovative urban plans ke liye highlight kiya jaata hai jo low-cost technologies ka use karte hain.
"Yeh concept samjhaaye ki 'vikas sabse accha garbhnirodhak hai' jo ki is text mein mention kiya gaya hai, jisme kaha gaya hai ki jab aay badhti hai, shiksha failti hai aur swasthya behtar hota hai to garbhdharan ki dar ghat jati hai, isliye vikas sabse accha garbhnirodhak hai.","Yeh phrase 'vikas sabse accha garbhnirodhak hai' ka matlab hai ki jab samaj mein aay, shiksha aur swasthya mein sudhar hota hai to garbhdharan ki dar apne aap kam ho jati hai, isse pata chalta hai ki samajik-aarthik vikas jan sankhya niyantran mein mahatvapoorn yogdan de sakta hai."
"Ma'am, human body mein digestive system kaise kaam karta hai?","Human body mein digestive system mouth, esophagus, stomach, small intestine, aur large intestine ke saath milkar kaam karta hai. Yah bhojan ko pachata hai aur uske poshak tatvon ko absorb karta hai."
The Tale of Melon City me councillor ne kya kaha jisse arch ko phaansi nahi di gayi?,"Councillor ne kaha, 'Aapki maharani, hum aisa kaise sharmnaak tareeke se phaansi de sakte hain jo aapke sir ko chhu chahta hai?'"
"Sir, kya tum mujhe bata sakte ho ki National Water Mission ka uddeshya kya hai?",National Water Mission ka uddeshya paani ki bachat aur uske durupyog ko rokna hai. Iske liye hume paani ki sanrakshan ke liye kai kadam uthane hote hain.
"Ma'am, deforestation kya hai?","Deforestation ka matlab hai vanon ki katai, jo ki kayi kaarnon se ho sakti hai jaise ki krishi, vikas, ya logon ki aavashyaktaon ko poora karne ke liye. Iske kaaran vaatavaran par hanikarak asar padta hai, jaise ki jalvayu parivartan, mitti erosion, aur jeev-jantuon ki hasti ko khatra."
Seth Ramanand aur Khan Azam Khan ke beech confrontation ka final outcome kya hai?,"Khan Azam Khan dekh lete hain ki Seth Ramanand ki mooch ki ek side abi bhi up hai, toh woh usey neeche karna ke liye kehte hain, jisse aur conflict hota hai"
"Ma'am, tsunamis kya hain?","Tsunamis samudra mein utpann hone wali vishal tarangen hain, jo ki jameen ke neeche ki ghatnaon ke kaaran hoti hain. Ismein paani ka star tezi se badhta hai, jo ki tatt ke kinare par hanikarak asar dalta hai."
What change did Satyajit face after the collapse of his bank?,He had to tread the earthly ways of humble folk and could not deny Uncle Srinath altogether despite his fall from prosperity.
What was the date when the events of the story took place?,The latter end of June 1902.
Khan Azam Khan ka kehna hai ki uski ancestry kya hai?,Khan Azam Khan kehete hain ki unka descent ek purane Afghan family se hai jinke heads noblemen aur councillers the great Moghuls ke court me
"Kaun log Bharat mein sachche urban renewal laye jaane ke liye mahatvapoorn maane jaate hain, rajya aur local governments ke alawa? Ek progressive middle class aur trade unions ka support bhi sachche urban renewal laye jaane ke liye equally mahatvapoorn hai.",Ek progressive middle class aur trade unions ka support bhi sachche urban renewal ke liye equally mahatvapoorn maana jaata hai.
What did Uncle Srinath request from Satyajit in his letter?,"Uncle Srinath requested Satyajit's benediction for the wedding of his fifth daughter, Beena."
Melon City ke logon ne apne king ke roop mein melon ko kaise accept kiya?,"Jab tak melon unhein shaanti aur azadi dete rahe, Melon City ke logon ne use apna king maana"
What was the condition set by Alexander Hamilton Garrideb's will for John Garrideb to receive his part of the inheritance?,To find two other Garridebs to share the remainder of the inheritance.
Mrs Fitzgerald ka kya reaction hota hai body swap ke baad?,"Mrs Fitzgerald, ab Mrs Pearson ke body mein, dar ke maare chillati hai aur bahut alarmed hai"
"Narrator ne apni daadi ki physical appearance aur age kaise describe kiya hai? Yaani, daadi ki umar aur physical appearance kaisi thi?","Narrator ne apni daadi ko ek old woman ke roop me describe kiya hai jo 20 saal se old aur wrinkled thi. Vah choti, moti, thodi bent thi aur uske chehre par wrinkles ke nishan the, jisse lagta hai ki vah 20 saal se same umar par thi."
"Kyunki essay 'The Importance of Games' mein kaha gaya hai ki games ko itna mahatvapoorn kyun mana jata hai, lekin hume games ki zaroorat ko kam nahi samajhna chahiye, kyunki bina games ke insaan ke liye apne body aur mind ko theek rakhna mushkil ho jata hai",Games jaruri hain kyunki bina games ke insaan ke liye apne body aur mind dono ko theek rakhna mushkil ho jata hai
"Sir, kya hum chemistry meh chemical bonding ke baare meh jaan sakte hai?","Haan, chemical bonding ek aisa process hota hai jismein atoms apne electrons ko share karte hai ya exchange karte hai, jisse unke beech strong attractive forces banti hai. Chemical bonding ki types hain ionic, covalent, aur metallic bonding."
"Dead plants aur animals ke material ko kaise preserve kiya gaya aur coal aur petroleum mein convert kiya gaya? Jab ye organisms mar gaye, toh unke tissue ka bahut sa hissa aaj ke tarah recycle ho gaya - scavenging aur decay ke through. Lekin dead plant aur animal material ka ek bada hissa mud se dhak gaya, jisne complete decomposition ko rok diya. Samay ke saath, fine sediment ke layer upon layer is once-living material ke oopar deposit ho gaye; sheer weight ne sediments ko rock mein badal diya. Layers ke beech mein, coal aur petroleum produce huye aur pressure ke neeche preserve ho gaye.","Dead plant aur animal material mud se dhak gaya, jisne complete decomposition ko rok diya. Samay ke saath, sediment ke layers deposit hote gaye, aur immense weight ne in sediments ko rock mein badal diya. Is pressure ke neeche, layers ke beech mein coal aur petroleum produce aur preserve ho gaye."
"Sir, kya humein biodiversity hotspots find karne ke liye koi criteria hai?","Haan, humein biodiversity hotspots find karne ke liye koi criteria hai. Biodiversity hotspots woh areas hote hain jahan par bahut si endemic species paayi jaati hain aur jahan par human activities ki wajah se conservation ki zarurat hai. Scientists ne kuch criteria banaye hain jaise ki species richness, endemism, aur habitat loss, jinke aadhar par hum biodiversity hotspots identify kar sakte hain."
Is book ka foreword kab likha gaya tha aur kisne likha tha? Director New Delhi National Council of Educational 20 December 2005 Research and Training,Foreword 20 December 2005 ko National Council of Educational Research and Training ke Director ne likha tha
"Ma'am, what is the difference between mitosis and meiosis, yeh dono kya hain?","Mitosis aur meiosis dono cell division ki prakriya hain. Mitosis mein ek cell do banate hain, jabki meiosis mein ek cell chaar banate hain. Meiosis ki prakriya sex cell banane ke liye hoti hai, jabki mitosis ki prakriya shareer ke anya bhag banane ke liye hoti hai."
"Beti Bachao, Beti Padhao scheme ke teen main objectives kya hai? Is scheme ke objectives hai: • Gender-biased sex selection elimination ka prevention. • Ladki bachon ki survival aur protection ki guarantee. • Ladki bachon ki education aur participation ki guarantee.","Beti Bachao, Beti Padhao scheme ke teen main objectives hai: gender-biased sex selection elimination ka prevention, ladki bachon ki survival aur protection ki guarantee, aur ladki bachon ki education aur participation ki guarantee."
Mrs Pearson ko apne family ke bare me kaisa lagta hai?,"Mrs Pearson apne family se pyaar karti hai, chahe woh beparwaah aur swaarthi hon"
"Sir, kya aap bata sakte hain ki laws of thermodynamics kya hain?","Laws of thermodynamics ke anusar, urja ka sanrakshan hota hai, urja ka naash nahi hota. Iske alaava, urja ka roopantar hota hai, jaise gati urja se taap urja mein badal sakti hai."
What is the concept of symbiotic relationships?,"Symbiotic relationships refer to the close and often long-term interactions between different species. There are three types of symbiotic relationships: mutualism, commensalism, and parasitism. In mutualism, both species benefit from the interaction, while in commensalism, one species benefits and the other is not affected. In parasitism, one species benefits at the expense of the other."
"Describe the interaction between the narrator and the woman when he called about the room for rent. ‘Who is speaking?’ a woman demanded. Her voice was bold and clamorous. ‘Yes, good afternoon, madame. I am calling about the room, for rent.’ ‘Harvard or Tech?’ ‘I beg your pardon?’ ‘Are you from Harvard or Tech?’ Gathering that Tech referred to the Massachusetts Institute of Technology, I replied, ‘I work at Dewey Library’, adding tentatively, ‘at Tech’.","The interaction between the narrator and the woman was characterized by her bold and clamorous voice demanding to know who was speaking, followed by her asking if he was from Harvard or Tech, to which he clarified that he worked at the Dewey Library at MIT."
Text mein kya hai ki hobbies dimaag ko refresh karne mein kaun si role play karte hain? Ve dimaag ko refresh karte hain kyunki ve alag-alag tarah ke activities karne ka mauka dete hain. ... Hobbies zindagi ko interesting banate hain. Ve ek hard day ke baad humari dimaag ko refresh karte hain. Humare routine work ko effectively karne ke liye hume kuch alag karna padta hai. Hobbies hume yeh variety dete hain.,"Hobbies dimaag ko refresh karte hain kyunki ve alag-alag tarah ke activities karne ka mauka dete hain, jo variety hume routine work effectively karne ke liye chahiye hoti hai ek hard day ke baad."
"Ma'am, kya hum chemistry mein chemical reaction ke bare mein padhenge?","Haan, hum chemistry mein chemical reaction ke bare mein padhenge. Chemical reaction mein padarthon ke beech ki pratikriyaon ko samajhna humare liye bahut zaroori hai."
Coal aur petroleum mein stored energy ka original source kya hai? Coal aur petroleum mein stored energy originally kaha se aayi thi?,Coal aur petroleum mein stored energy originally suraj se earth par aayi thi
"Bataiye ki Howard Carter ko kaun si main problem face karni padi thi jab usne Tutankhamun ki mummy ko uske coffin se nikaalne ki koshish ki, kyunki ritual resins solid ho gaye the aur Tutankhamun ki mummy uske solid gold coffin ke neeche cemented ho gayi thi?","Howard Carter ko problem yeh thi ki ritual resins solid ho gaye the aur Tutankhamun ki mummy uske solid gold coffin ke neeche cemented ho gayi thi, jiske kaaran usse koi bhi force lagane se mummy hila nahi rahi thi, toh phir usne consolidated material ko chisel karke mummy ke limbs aur trunk ke neeche se nikalna pada taki king ka body uthaya ja sake."
"20th century me world population me kya dramatic increase hua, jab 1900 tak do billion log the aur 20th century me 3.7 billion log aur bhi badh gaye, ab world population 5.7 billion ke karib hai, har 4 din me ek million log badh jaate hain","20th century me world population me bahut tezi se iraad hua, 3.7 billion log badh gaye, ab total log 5.7 billion ke karib hai, ye growth itni tezi se ho raha hai ki har 4 din me ek million log badh jaate hain"
Mrs Fitzgerald kya solution propose karti hai Mrs Pearson ki situation ke liye?,Mrs Fitzgerald propose karti hai ki ve apne places ya bodies change kar lein taaki Mrs Pearson apne family se confront kar sake
"NCERT ke Publication Division offices kaun kaun se shehron mein hain, unke phone numbers ke saath bataiye?","NCERT ke Publication Division offices New Delhi (phone: 011-26562708), Bengaluru (phone: 080-26725740), Ahmedabad (phone: 079-27541446), Kolkata (phone: 033-25530454), aur Guwahati (phone: 0361-2674869) mein hain."
Iona ko kya ho gaya hai jo usse dukh pahuncha raha hai?,"Iona ka beta Barin is week mar gaya hai, jo usse bohot dukh pahuncha raha hai"
Why did the mother say they were the poor members of the family?,Because the father had no luck.
"Story mein 'gingerbread horse' se kya murad hai? Uski immobility, angularity aur straight wooden-looking legs, chahe kitna bhi kareeb se dekho, usse ek kopek ke layak gingerbread horse jaise dikhata hai","Gingerbread horse se murad Iona ka chhota ghoda hai, jo motionless aur wooden lagta hai, jaise ek toy horse"
"Notes ko structure karne ke liye 'decimal' system ko explain karo. Isme main sections ke liye 1, 2, 3 number use hote hain, sub-sections ke liye 1.1, 1.2, 1.3, aur sub-sub-sections ke liye 1.1.1, 1.1.2, 1.1.3, 1.2.1, 1.2.2, etc. use hote hain.","Decimal system notes ko structure karne ka ek tarika hai, jisme main sections ke liye 1, 2, 3 number use hote hain, sub-sections ke liye 1.1, 1.2, 1.3, aur sub-sub-sections ke liye 1.1.1, 1.1.2, 1.1.3, etc. use hote hain."
"What preparations did the narrator make before going to see the room for rent? I was given an address and an appointment for seven o’clock that evening. Thirty minutes before the hour I set out, my guidebook in my pocket, my breath fresh with Listerine. I turned down a street shaded with trees, perpendicular to Massachusetts Avenue. Stray blades of grass poked between the cracks of the footpath. In spite of the heat I wore a coat and a tie, regarding the event as I would any other interview; I","Before going to see the room for rent, the narrator made preparations by ensuring he had his guidebook, freshening his breath with Listerine, and dressing formally in a coat and tie, treating the event like an interview."
"Sir, kya hum apne ghar me paper banaye aur kaise?","Haan, hum apne ghar me paper banaye, isme pulp, water, aur some chemicals ka use hota hai, hum isse carefully mix karke aur press karke banate hain."
"Sir, what is the difference between a producer and a consumer?","Producer wahi jeev hote hain jo apna khana khud banate hain, jaise ki paudhe. Consumer wahi jeev hote hain jo doosron ke banaye hue khane ko khaate hain, jaise ki janwar."
"Ma'am, kya hum apne ghar me soap banaye aur kaise?","Haan, hum apne ghar me soap banaye, isme oil, lye, aur water ka use hota hai, hum isse carefully mix karke aur shape dekar banate hain."
"Sir, greenhouse effect kya hai?","Greenhouse effect ek prakriya hai jismein vaayumandal mein upasthit gas jalvayu ko garam rakhte hain. Ismein carbon dioxide, methane, aur anya gas shamil hote hain, jo ki surya ki roshni ko absorb karke jalvayu ko garam banate hain."
"Ma'am, kya hum biology meh ecosystem ke baare meh jaan sakte hai?","Haan, ecosystem ek aisa system hota hai jismein living organisms aur non-living organisms milkar rehte hai, jaise ki plants, animals, microorganisms, air, water, aur soil. Ecosystem ki sanrachna aur karya bahut mahatvapoorn hota hai."
"Ma'am, great barrier reef kahaan hai?","Great Barrier Reef duniya ka sabse bada coral reef system hai, jo Australia ke purvi tatt par sthit hai. Yeh lagbhag 2,300 kilometer lamba hai aur ismein kai saare coral, fish, aur anya samudri jeev-jantu paaye jaate hain."
NCERT ne textbooks ke content ko rationalise karne ka exercise kyun kiya? COVID-19 pandemic ke chalte students par content load kam karna zaruri hai. National Education Policy 2020 bhi content load kam karne aur experiential learning ke liye creative mindset provide karne par jor deti hai.,"Textbook content ko rationalise karne ke primary reasons COVID-19 pandemic thi, jiske chalte students par content load kam karna zaruri ho gaya tha, aur National Education Policy 2020 bhi content load kam karne aur experiential learning ke liye creative mindset promote karne par jor deti hai."
Mrs Pearson aur Mrs Fitzgerald ke body kaise swap ho jaate hain?,"Yeh body swap Mrs Fitzgerald dwara kiye gaye ek spell ke through hota hai, jiske kaaran unke personalities aur mannerisms exchange ho jaate hain"
"Ma'am, statistics kya hoti hai?","Statistics ek aisa vishay hai jismein hum data ke bare mein padhte hain. Ismein hum yeh jaante hain ki kaise hum data ko ekatrit kar sakte hain, analys kar sakte hain, aur uske aadhar par nirnay le sakte hain."
"Sir, kya hum physics meh relativity ke baare meh jaan sakte hai?","Haan, relativity ek aisa theory hota hai jismein hum space aur time ki nature ko samajhte hai, jiske anusaar time aur space relative hoti hai. Relativity ki do theories hain, special relativity aur general relativity."
What did Pappachi do after Chacko intervened to stop him from beating Mammachi?,Pappachy smashed his favorite mahogany rocking chair in the driveway.
What was the cause of Pappachi's death according to the Indian Express?,Pappachy suffered a massive heart attack.
"Curitiba ne flood manage karne ke liye kya low-cost initiative liya tha? Yeh city ne monsoon me bharne wale bade artificial lakes banaye jo residential areas ko flood hone se bachate hain, aur summer me yeh lakes park ban jaate hain jahan log recreational activities kar sakte hain.","Curitiba ne flood manage karne ke liye monsoon me bharne wale bade artificial lakes banaye, jo residential areas ko flood hone se bachate hain, aur summer me yeh lakes park ban jaate hain jahan log recreational activities kar sakte hain."
"Sir, acid rain ke bare mein batayein, yeh kya hota hai?","Acid rain ek prakar ki barish hai jo ki industrial pollution ke karan hoti hai. Ye barish mein acid ki presence ke karan hoti hai, jo ki paudhon, jeevon, aur infrastructure ko nuksan pahuncha sakti hai."
What was Holmes's initial reaction to John Garrideb's outfit?,He noticed that John Garrideb's outfit was English despite his American accent.
"Text ke hisab se, agar publication mein price galat hai toh use kaise treat karna chahiye? Is publication ka sahi price yeh hai jo is page par print hai, agar kisi ne rubber stamp, sticker ya kisi aur tareeke se price revise kiya hai toh woh galat hai aur usse unacceptable mana jana chahiye.","Rubber stamp, sticker ya kisi aur tareeke se revised price galat hai aur use unacceptable mana jana chahiye, sirf page par print kiya gaya price sahi hai."
"Ma'am, Mendel ke laws of inheritance ke bare mein batayein?","Mendel ke laws of inheritance kehte hain ki genes ki inheritance ek specific pattern mein hoti hai. Ye laws kehte hain ki genes ki traits dominant aur recessive hote hain, aur ve specific ratios mein inherit hote hain."
"Sir, photosynthesis ki prakriya kya hai?","Photosynthesis ek aisi prakriya hai jismein paudhe surya ki roshni, carbon dioxide, aur paani ka upyog karke glucose aur oxygen banate hain. Yah prakriya paudhon ke patron mein hoti hai."
"Sir, ecosystem kya hota hai aur iske mahatvapurn tatv kya hain?","Ecosystem ek jeev jagat hai jismein jivit aur najiv tatv aapas mein sanvaad karte hain, jismein utpaadak, sanshak, vishak aur apghatkaari mahatvapurn bhumika nibhate hain."
"Ma'am, what is the concept of plate boundary, yeh kya hota hai?","Plate boundary ki prakriya mein, do plate ek-dusre se milte hain aur isse hamein pata chalta hai ki kaise yeh plate ek-dusre par nirbhar hain. Ye plate boundary prithvi ki satah par hone wale badlaavon ka karan bante hain."
"Sir, black hole ke bare mein batayein, yeh kya hota hai?","Black hole ek prakar ka khula hua khala hai jo ki universe mein hota hai. Ye ek bahut hi dense aur heavy object hai, jiska gravitational pull itna strong hota hai ki koi bhi cheez, chahe wo light ho ya matter, usmein se bahar nahi nikal sakti."
"Ma'am, what is a food chain, kya ye koi ecosystem hai?","Nahi, food chain ek tarah ka sequence hai jisme producers se lekar consumers tak energy transfer hoti hai, ye ecosystem ka ek part hai."
"Sir, earthquake kya hota hai?","Earthquake ek prakar ki bhukamp hoti hai, jo ki earth ke andar ki gatividhi ke kaaran hoti hai. Ismein earth ke andar ki plates ka movement hota hai, jo ki vaayumandal mein tarangon ko utpann karta hai aur zameen ko hilata hai."
"Ma'am, Mughal samskruti ka prabhav kya tha?","Mughal samskruti ka prabhav Bharat ki kala, saahitya aur vastukala par pada tha, jismein Taj Mahal, Red Fort aur Humayun ka maqbara jaisi imaraten banayi gayi thi."
"Kriyatmak lekhan mein kalpana ko darshane wale chheh mukhya tatva kya hain, jo ki is text mein diye gaye hain? Kriyatmak lekhan mein ek bahut hi mahatvapoorn tatva hai kalpana, jo ki humare nazariye mein, shabdon ke chayan mein, hum jo tulna karte hain, hum jo chhaviyan istemaal karte hain, hum jo tone apnate hain, aur naye vicharon mein dikhai deti hai.","Kriyatmak lekhan mein kalpana humare nazariye mein, shabdon ke chayan mein, hum jo tulna karte hain, hum jo chhaviyan istemaal karte hain, hum jo tone apnate hain, aur naye vicharon mein dikhai deti hai."
"Snapshots me jo stories aur biographical sketches hain, usme main theme kya hai?",Yeh sab life ke alag-alag experiences hain jo young adults ko apne bare me aur apne aas-paas ke samaj ko samajhne me madad karte hain
"Ma'am, National Park kya hota hai aur Bharat mein kitne National Park hain?","National Park ek sarkari surakshit kshetra hota hai jahan vanaspati aur jeev-jantuon ko suraksha pradaan ki jaati hai. Bharat mein 106 National Park hain, jo ki desh ke vibhinn bhagyon mein failen hain."
"Sir, chemical bonding kya hota hai aur iske prakaar kya hain?","Chemical bonding ek prakriya hai jismein parmanu aapas mein jude hue hote hain, jiske prakaar ionic bonding, covalent bonding aur metallic bonding hote hain."
"Sir, what is a biome, kya ye koi ecosystem hai?","Nahi, biome ek tarah ka large ecosystem hai jo specific plants aur animals ke saath hota hai, jaise ki desert, forest, aur grassland."
"Ma'am, Aryabhatta ne kya mahatvapoorn yogdan diya tha?","Aryabhatta ne bahut se mahatvapoorn yogdan diye, jaise ki dhruvon ki khoj aur zero ka avishkar. Unhonein apni kitab Aryabhatiya mein bahut se mahatvapoorn siddhanton ka varnan kiya tha."
Kya humein conservation biology ke liye koi strategies hain?,"Haan, humein conservation biology ke liye koi strategies hain. Hum habitat preservation, species reintroduction, aur population management jaise techniques use kar sakte hain. Iske alawa, hum community-based conservation aur sustainable development practices bhi follow kar sakte hain. Conservation biology ke liye strategies banana important hai taaki hum biodiversity ko bacha sakein aur ecosystem services ko maintain kar sakein."
"How did the narrator adapt to buying groceries in America? I went to Purity Supreme, wandering up and down the aisles, converting ounces to grams and comparing prices to things in England. In the end I bought a small carton of milk and a box of cornflakes.","The narrator adapted to buying groceries in America by converting ounces to grams and comparing prices to those in England, eventually buying a small carton of milk and a box of cornflakes."
"Sir, chemical bonding kya hota hai?",Chemical bonding ek aisi prakriya hai jismein do ya do se adhik parmanu apne electron ke adan-pradan se judte hain. Issey molecule banta hai.
The Tale of Melon City me jo idiot City Gate se guzarta tha uska standard answer kya tha?,Us idiot ka sab sawal ka standard answer tha 'ek tarbooz'
Mourad ne kiya jab usne ghode se daudwana chaaha?,"Usne apne taley ghode ke andar ghusaaye aur ullaal karta hua bola, 'Vazire, daud'"
How does Seth Ramanand initially respond to Khan Azam Khan's demand?,"Seth Ramanand brushes one end of his moustache down to appease Khan Azam Khan, but leaves the other end up."
"Sir, photosynthesis kya hai?","Photosynthesis ek prakriya hai jismein paudhe surya ki roshni, carbon dioxide, aur paani ka upyog karke glucose aur oxygen banate hain. Yeh prakriya paudhon ko unke aahar ki aavashyakta ko poora karti hai aur saath hee oxygen bhi utpann karti hai jo jeevan ke liye aavashyak hai."
"What did the narrator do on his first day at his new job? In the morning I reported to my job at the Dewey Library, a beige fortlike building by Memorial Drive. I also opened a bank account, rented a post office box, and bought a plastic bowl and a spoon at Woolworth’s, a store whose name I recognised from London.","On his first day at his new job, the narrator reported to the Dewey Library, opened a bank account, rented a post office box, and bought a plastic bowl and a spoon at Woolworth’s."
"Miss Rachel ki face ko describe karne ke liye kaunsa simile use kiya gaya hai, aur uska purpose kya hai, text ke hisab se? Miss Rachel ki face almost white thi, jaise uska white dressing-gown. Author ne simile use kiya hai, 'white as the white dressing-gown she wore', lekin yahan pe dressing-gown se comparison karke whiteness ko exaggerate aur intensify kiya ja raha hai. Exaggeration ek tarika hai jiske dwara fact ko fiction se alag kiya jata hai.","Simile hai 'white as the white dressing-gown she wore'. Iska purpose hai exaggerate aur intensify karna, jaise ki dar ya shock, jo dikhata hai ki exaggeration kaise fact ko fiction se alag karta hai."
"Kaun si organisation is publication ka copyright hold karti hai aur kaun se saalon ke liye? © National Council of Educational Research and Training, 2006, 2022","National Council of Educational Research and Training (NCERT) is publication ka copyright hold karta hai, specifically 2006 aur 2022 ke saalon ke liye"
Why did Pappachi buy the skyblue Plymouth?,Pappachy bought the car as a form of revenge and to assert his importance.
"Ma'am, kya hum biology meh biotechnology ke baare meh jaan sakte hai?","Haan, biotechnology ek aisa field hota hai jismein hum living organisms ko technology ke saath milkar new products aur processes develop karte hai. Biotechnology ki applications medicine, agriculture, aur industry meh hoti hai."
"Sir, vedic sabhyata ka itihas kya hai?","Vedic sabhyata Bharat ki prachin sabhyata hai jiska itihas lagbhag 1500 BCE se 500 BCE tak ka hai, jismein vedon ki rachna, yagya aur darshan ka vikas hua tha."
"Reading Skills section mein kaun kaun se prose pieces include hote hain? Ye prose pieces biographies, travelogues, science fiction, art aur contemporary expository prose se liye gaye hain jo duniya ke alag alag hisson ke writers ne likhe hain.","Reading Skills section mein biographies, travelogues, science fiction, art aur contemporary expository prose ke prose pieces include hote hain jo alag alag international writers ne likhe hain."
"Sir, mitosis ke dauraan kya hota hai, iske steps batayein?","Mitosis ke dauraan cell divide hota hai aur do identical daughter cells banate hai. Ismein interphase, prophase, metaphase, anaphase, aur telophase stages hote hain, jismein chromosomes divide hote hain aur nuclei banate hain."
"Agar hum kisi total stranger ko formal letter likh rahe hon, toh unhein kaise address karein? Aur agar humein unka title pata hai lekin unhein hum personally nahin jaante?","Kisi total stranger ko letter likhne mein 'Dear Sir/Madam' likhna thik rahega. Agar humein unka title pata hai, jaise ki Mr, Ms, Dr, Professor, aur surname bhi pata hai, lekin hum unhein personally nahin jaante, toh 'Dear Mr/Ms/Dr/Professor + Surname' likhna chahiye, jaise ki 'Dear Dr Sinha'."
"Ma'am, what is the concept of gene expression, yeh kya hota hai?","Gene expression ki prakriya mein, genes ka code lya jaata hai aur isse protein banaye jaate hain. Ye prakriya cell mein hoti hai aur isse hamein pata chalta hai ki kaise genes hamein banate hain aur hamaare shareer ko niyantrit karte hain."
"Ma'am, DNA replication kaise hoti hai?","DNA replication mein DNA molecule ki do tarah ki strandon ki pratyaksh nirkaran hoti hai, jismein purani strand naye DNA molecule ki nirmaan mein madad karti hai."
Kyunki narrator ne pehle yeh kyun mana kiya tha ki Mourad ghode chor hai?,Kyunki Garoghlanian family ka koi bhi member chor nahi ho sakta
"Sir, plate tectonics ke concept ko kaise samjhein, yeh kya hai?","Plate tectonics ki concept ke anusar, prithvi ki satah par chhote-chhote tukde hote hain jo lagatar gati mein rehte hain. Ye tukde ek dusre se takraate hain aur isse pahaad, jwalamukhi aadi bante hain. Isse hamein prithvi ki satah par hone wale badlaavon ka pata chalta hai."
"Maratha ki jeet ke baad Panipat ki ladai mein Maratha aur East India Company ke liye immediate consequences kya the? Maratha ki jeet se unka manobaal badh gaya aur unki northern India mein supremacy bhi establish ho gayi. East India Company, jo ki sideline se ye sab dekh rahi thi, ko message mil gaya aur usne apna expansionist programme temporarily rok diya.","Maratha ki jeet se unka morale boost hua, unki northern India mein supremacy establish hui, aur East India Company ne apna expansionist programme temporarily rok diya. Isse Bhausaheb aur Vishwasrao ka influence bhi badh gaya."
"Sir, kya tum mujhe bata sakte ho ki National Mission on Monsoon ki kya zaroorat thi?",National Mission on Monsoon ka uddeshya monsoon ki bhavishyavani ko behtar banana tha. Isse hume mausam ki bhavishyavani ke liye behtar data milta hai aur hume monsoon ke dauran hone wale nuksaan se bachne mein madad milti hai.
Kaun se pheasant family ka member India ka national bird hai aur iska cultural significance kya hai? India ke national bird ka kya mahatva hai?,"Male blue peafowl yaani peacock India ka national bird hai aur pheasant family ka ek mashhoor member hai, yeh India ke art, culture aur folklore mein ek prominent jagah rakhta hai"
"Ma'am, natural resources kya hain aur inka mahatva kya hai?","Natural resources prakriti dwara pradaan kiye gaye padarth hain, jaise ki jal, hawa, mitti, khane, aur khoj. Inka mahatva hai ki ve humari aavashyakataon ko poora karte hain aur humari jeevan shaili ko banaye rakhte hain."
"Brazil ke Curitiba ne apne urban transport ke challenges ko kaise solve kiya, jab ki wahan per capita car ownership bahut zyada tha? 1970s se shuru hokar, Brazil ke is provincial centre ne, jo ki capital ke alawa highest per capita car ownership wala tha, crowded areas se automobiles ko ban kar diya, pedestrians ko priority di, ek internationally acknowledged bus system develop kiya jo ki household commuting expenditure ko national average se kam kar diya, aur naye housing areas banaye jo ki planned manner me transport links provide karte the.","Curitiba ne crowded areas se automobiles ko ban kiya, pedestrians ko priority di, ek internationally recognized bus system develop kiya, aur planned housing areas banaye jahan integrated transport links the."
What was Satyajit's reaction to the man's confession of forgery?,He felt troubled and saw mind-pictures of the man in grief and at the bar.
"Iona ko apne bete ki death ke baad jo fares milte hain, usse wo kaisa feel karta hai?","Iona ko pata nahi chalta ki fare kitna hai, ek rouble hai ya paanch kopeks - usse toh sab ek jaisa hi hai, bas fares mil rahe hain"
Andrew ko birth ke dauran kya dilemma hota hai?,"Andrew ko yeh dilemma hota hai ki wo bachche ko revive karne ki koshish kare ya mother ko bachane pe focus kare, jo ki desperate state mein hai"
Parivaar ne kahaan aur kis uddeshya se naye crew members ko shaamil kiya?,"Parivaar ne Cape Town mein American Larry Vigil aur Swiss Herb Seigler naamak do crewmen ko shaamil kiya, unka uddeshya southern Indian Ocean ko paar karna tha, jo duniya ke sabse khatarnaak samudron mein se ek hai"
"Bharat ke samvidhan ka article 48A environment ke maamle me kya kehta hai? Article 48A ke hisaab se state ko environment ko protect karna hai aur improve karna hai, aur country ke forests aur wildlife ko safeguard karna hai.","Article 48A ke hisaab se state ko environment ko protect karna hai aur improve karna hai, aur country ke forests aur wildlife ko safeguard karna hai."
"Egyptian Mummy Project ne apna inventory kab shuru kiya, aur uska agla planned phase kya hai? Egyptian Mummy project, jo 2003 ke end me inventory shuru kiya tha, ab tak lagbhag 600 record kar chuka hai aur abhi bhi count kar raha hai. Agla phase: ek portable CT machine se mummy ki scanning karna, jo National Geographic Society aur Siemens, uske manufacturer ne donate kiya hai.","Egyptian Mummy Project ne apna inventory 2003 ke end me shuru kiya. Uska agla phase hai ki woh portable CT machine ka use karke mummy ki scanning kare, jo National Geographic Society aur Siemens ne donate kiya hai."
Class XI ke liye supplementary reader ka kya purpose hai?,Class XI ke english syllabus ko National Curriculum Framework for School Education 2005 ke hisab se enhance karne ke liye aur young adults ko apne aap aur samaj ko samajhne mein madad karne ke liye
Mrs Fitzgerald Mrs Pearson ko kya suggest karti hai?,Mrs Fitzgerald kehte hain ki Mrs Pearson ko apni authority assert karni chahiye aur apne family ki boss ban ni chahiye
"Ma'am, kya hum history meh ancient civilizations ke baare meh jaan sakte hai?","Haan, ancient civilizations jaise ki Mesopotamia, Egypt, Indus Valley, aur China ne bahut mahatvapoorn yogdan diya tha. Unhone apne samay meh bahut sahi prashasan, sanskriti, aur vigyan viksit kiya tha."
"Ma'am, vector quantity kya hoti hai aur iske udaharan kya hain?","Vector quantity ek bhautilik rashmi hai jismein disha aur pariman dono hote hain, jiske udaharan bal, gati aur vivēg hote hain."
How did Pappachi react to Mammachi's success with pickle-making?,Pappachy resented the attention Mammachi was getting and refused to help her.
"Kya fayda hai stamp-collecting jaise hobbies ka general knowledge ke maamle me? Kuchh hobbies, jaise ki stamp-collecting, duniya ke kai deshon ke baare me hamari general knowledge badhate hain.",Stamp-collecting jaise hobbies duniya ke kai deshon ke baare me hamari general knowledge badhate hain.
Batao ki Tsetan ne Changtang se nikalne ke liye kaunsa shortcut liya tha aur uska general direction kya tha,Tsetan ne Mount Kailash ki taraf south-west mein jaane wala shortcut liya jo ki kai high mountain passes cross karne ka tha
What did Satyajit do when he saw the man presenting a cheque at the bank?,He took the cheque to the accounts desk to compare the signature with the one on record.
"Ma'am, what is the difference between flora and fauna, inhein kaise samjhein?","Flora aur fauna dono hi prakriti ke hisse hain. Flora ke tahat ped-paudhe aate hain, jabki fauna ke tahat jeev-jaantuo aate hain. Flora hamein oxygen aur khane ki cheezein pradaan karti hai, jabki fauna hamein bachaav aur manoranjan pradaan karte hain."
"Ma'am, what is the concept of biogeochemical cycle, yeh kya hota hai?","Biogeochemical cycle ki prakriya mein, tatva prakriti mein chakraate hain aur isse hamein pata chalta hai ki kaise yeh tatva ek-dusre par nirbhar hain. Ye cycle hamein pata dete hain ki kaise tatva prakriti mein badalte hain aur kaise yeh cycle hamein jivan dete hain."
"Kitab ki keemat kitni hai, jaise ki text mein mention hai?","Pandra rupees, yaani 35 rupees"
"Professor Gaitonde ko East India Company ke status ke baare mein kya sabse zyada hairan karne wala tha yeh version of Bombay mein? History books ke hisab se East India Company ko 1857 ke baad band kar diya gaya tha, lekin yahaan wo na sirf alive tha balki flourishing bhi tha.","Usse yeh dekhkar shock laga ki East India Company na sirf alive hai balki flourishing bhi hai, kyunki uske apne historical understanding ke hisab se, East India Company ko 1857 ke baad band kar diya gaya tha."
"Sir, kya hum earth ke atmosphere meh rehte hai, toh phir space meh kya hoga?","Haan, hum earth ke atmosphere meh rehte hai, aur space meh vacuum hota hai jahaan oxygen ki kami hoti hai. Isliye space meh jaane ke liye humein special suits aur oxygen supply ki zarurat hoti hai."
What did Paul do when he was seeking for the clue to 'luck'?,"He would sit on his big rocking-horse, charging madly into space."
"Sir, periodic table kya hota hai?",Periodic table ek aisi table hoti hai jismein sabhi chemical elements ko unke atomic number aur atomic mass ke anusaar vyavasthit kiya jata hai. Issey elements ke gunon ko samjhana aur unke sambandhon ko samjhana aasan hota hai.
"Sir, gravitational force kya hoti hai?","Gravitational force do vastuon ke beech ki akarshan shakti hai, jo unke dravyaman aur doori par nirbhar karti hai. Yeh force humein zameen par rakhti hai aur humein gurbhe ki tarah girne se rokti hai."
"Ma'am, Newton ke third law of motion ke bare mein batayein?","Newton ka third law of motion kehta hai ki har action ke liye ek equal aur opposite reaction hoti hai. Yah law hamein batata hai ki jab hum kisi cheez par force lagate hain, to vah bhi hum par equal force lagati hai."
"Gaon mein narrator aur uski dadi ki subah ki routine kya thi? Vo mujhe subah uthati thi, mujhe school ke liye taiyar karti thi. Vo apni subah ki prayer ek tarah se gaati thi jab vo mujhe nahaati aur kapde pahnaati thi, ummeed karti thi ki main use sununga aur yaad karunga, lekin main sirf uski awaaz sunne ke liye sunhta tha, use yaad nahin karta tha. Phir vo mera lakdi ka slate lekar aati thi jo vo pehle dho chuki thi aur uspe peela chalk laga chuki thi, ek chhota mitti ka ink-pot aur ek laal pen, sab ko ek bundle mein bandh kar ke mujhe deti thi. Ek moti, purani chapati ke saath thoda makkhan aur cheeni khane ke baad, hum school chale jaate the. Vo gaon ke kutton ke liye kuch purani chapatiyaan bhi le jaati thi. Mere school ka temple ke saath attachment tha, isliye meri dadi hamesha mere saath school jaati thi.","Gaon mein, dadi narrator ko uthati thi aur use school ke liye taiyar karti thi, subah ki prayer gaati thi jab vo use nahaati aur kapde pahnaati thi. Vo use lakdi ka slate, ink-pot, aur pen deti thi. Ek moti, purani chapati ke saath thoda makkhan aur cheeni khane ke baad, vo dono school jaate the, jo ek mandir ke saath attached tha, aur vo gaon ke kutton ke liye extra chapatiyaan le jaati thi."
"Sir, what is the difference between a hurricane and a cyclone?","Hurricane aur cyclone dono hee tropical cyclones hain, lekin inka antar sirf is baat mein hai ki inhein kis naam se jaana jaata hai. Hurricane purvi Pacific aur Atlantic mahasagaron mein paaye jaate hain, jabki cyclone hind mahasagar aur paschim Pacific mein paaye jaate hain."
"Sir, kya hum apne ghar me detergent banaye aur kaise?","Haan, hum apne ghar me detergent banaye, isme surfactants, water, aur some chemicals ka use hota hai, hum isse carefully mix karke aur shape dekar banate hain."
"Letter likhne ka main kaam kya hai, khaskar itihasik sandarbh mein? Letter likhna do alag-alag jagah par baithe logon ke beech ek mahatvapoorn sanchar ka sadhan hai. Pehle jab phone aur email nahi the, log apne vichar ek dusre tak pahunchane ke liye sirf chitthon ka istemaal karte the.","Letter likhna alag-alag jagah par baithe logon ke beech ek zaroori sanchar ka sadhan hai. Itihas mein, jab phone aur email nahi aaye the, tab letter hi ekmatra tarika tha jiske dwara log apne vichar ek dusre tak pahuncha sakte the."
How did Pappachi's discovery of the moth affect his mood and behavior?,The moth's discovery led to Pappachi's black moods and sudden bouts of temper.
"Ma'am, human body ke skeletal system ke bare mein batayein, yeh kya hota hai?","Human body ke skeletal system ek prakar ka system hai jo ki human body ko support karta hai. Ye system mein bones, cartilage, aur ligaments shamil hote hain, jo ki human body ko shape dete hain, support karte hain, aur movement ko enable karte hain."
What was the initial of the second Garrideb mentioned in the story?,John.
Supplementary reader 'Snapshots' ka target audience kaun hai?,Class XI ke young adults
"Passage analysis ke hisab se, 'The Importance of Games' essay mein Paragraph 5 ka kya role hai?","The Importance of Games essay mein Paragraph 5 writer ki opinion ko summarize karta hai, jo ki paragraphs 2, 3 aur 4 mein kahi gayi baaton ko dhyan mein rakhte hue, aur isse conclusion banata hai."
"Sir, Newton ke gurutvakarshan ke niyam kya hai?","Newton ke gurutvakarshan ke niyam ke anusar, brahmand mein pratyek vastu ek-doosre par gurutvakarshan bal lagati hai, jo unki dravyaman aur doori par nirbhar karta hai."
What was the reason for John Garrideb's visit to Holmes?,To discuss a matter related to Nathan Garrideb and a will.
"note-making ko important study skill kyu mana jata hai? note-making to humare study ke liye important hai, aur kaam mein bhi madad karti hai. hume jo padhte hain uske main points nikalne padte hain kyunki itna saara information yaad rakhna mushkil hota hai","note-making important study skill hai kyunki isse hum material ke main points nikal sakte hain, aur information yaad rakhna asaan ho jata hai, bina large chunks ke"
"Professor Gaitonde ne jo history book padha tha usmein 20th century mein India ki political structure kaise describe ki gayi thi? Tab West se inspire hokar kuch aur changes aaye the, India democracy ki taraf badhne laga. Tab tak Peshwa log apni capability kho chuke the aur unki jagah democratically elected bodies ne le li thi. Delhi ka Sultanate bhi is transition mein survive kar gaya, kyunki uska asal mein koi influence nahi tha. Delhi ka Shahenshah sirf ek figurehead tha jo central parliament ke 'suggestions' par rubber-stamp karta tha.","20th century mein India democracy ki taraf badhne laga, Peshwa log democratically elected bodies se replace ho gaye. Delhi ka Sultanate survive kar gaya lekin Shahenshah sirf ek figurehead tha jo central parliament ke recommendations ko rubber-stamp karta tha."
"Lusaka, Zambia ke zoo mein ek cage hai jismein likha hai 'duniya ka sabse khatarnaak jaanwar', uss notice ka kya matlab hai? Lusaka, Zambia ke zoo mein ek cage hai jahaan notice likha hai 'duniya ka sabse khatarnaak jaanwar'. Is cage mein koi jaanwar nahi hai, sirf ek mirror hai jismein aap apne aap ko dekhte hain. Kayi agencies ke prayaason se duniya ke sabse khatarnaak jaanwar ko ab naya ehsaas hua hai. Usne samajh liya hai ki domination par aadharit system se partnership par aadharit system mein badalne ki akalmani hai.","Lusaka zoo ke cage mein jo notice hai, jismein jaanwar ki jagah mirror hai, woh dikhata hai ki insaan ko 'duniya ka sabse khatarnaak jaanwar' mana jaata hai. Yeh naya ehsaas dikhata hai ki insaan prakriti par adhikar karne ke bajay sahyog par aadharit system ki aur badh rahe hain."
"Ma'am, soil erosion kya hai?","Soil erosion mitti ki hanikarak ghatna hai, jismein mitti ki upari parat alag ho jati hai. Iske kaaran mitti ki upajaukta kam ho sakti hai, jo ki krishi utpadakta ko prabhavit karta hai."
Kya humein environmental ethics ke liye koi principles hain?,"Haan, humein environmental ethics ke liye koi principles hain. Hum precautionary principle, polluter pays principle, aur intergenerational justice jaise principles follow kar sakte hain. Iske alawa, hum environmental stewardship aur sustainable development ke bare mein bhi soch sakte hain. Environmental ethics ke liye principles banana important hai taaki hum paryavaran ko bacha sakein aur bhavishya ki peedhi ke liye sustainable future banayein."
What did the mother feel about her children?,She felt they had been thrust upon her and she could not love them.
"Sir, what is a mineral, kya ye koi rock hai?","Nahi, mineral ek tarah ka inorganic substance hai jo specific chemical composition aur crystalline structure ke saath hota hai, rocks minerals se bante hain."
"Akhenaten kaun tha, aur usne apne rajya mein kya mahatvapoorn dharmik aur rajnaitik parivartan kiye? Uske bete Amenhotep IV ne usey succeed kiya aur pracheen misr ke itihas mein sabse ajeeb samay ki shuruaat ki. Naye pharaoh ne Aten, sun disk ki pooja ko badhava diya, apna naam Akhenaten, ya 'aten ka sewak' rakha, aur dharmik rajdhani ko purane shahar Thebes se naye shahar Akhetaten, jo ab Amarna ke roop mein jana jata hai, shift kar diya. Usne desh ko aur bhi shock kiya jab usne bade devta Amun par hamla kiya, uske chitra tod diye aur uske mandir band kar diye.","Akhenaten, jo pehle Amenhotep IV tha, usne Aten (sun disk) ki pooja ko badhava diya, apna naam 'aten ka sewak' rakha, dharmik rajdhani ko Akhetaten (Amarna) shift kiya, aur bade devta Amun par hamla kiya, uske chitra tod kar aur uske mandir band karke."
"Sir, kya hum biology meh mitosis aur meiosis ke beech antar samajh sakte hai?","Haan, mitosis aur meiosis dono cell division ki prakriya hai, lekin mitosis meh do identical cells banti hai, jabki meiosis meh four different cells banti hai. Meiosis gametes (sperm aur egg cells) ki formation meh hoti hai."
"What was the narrator's initial impression of America upon arrival? As the plane began its descent over Boston Harbour, the pilot announced the weather and time, and that President Nixon had declared a national holiday: two American men had landed on the moon. Several passengers cheered. ‘God bless America!’ one of them hollered. Across the aisle, I saw a woman praying.","The narrator's initial impression of America was marked by the excitement and pride of the passengers upon hearing the news of the moon landing, with cheers and prayers, indicating a sense of national achievement and unity."
"Sir, what is the difference between a meteor and a meteorite?","Meteor ek chhota patthar hota hai jo antariksh se zameen par girta hai, jabki meteorite wahi patthar hai jo zameen par pahunchne ke baad bhi apni sanrachna ko banaye rakhta hai. Meteors ko aksar shooting stars ke roop mein dekha jaata hai."
"Sir, ecosystem services kya hote hain?","Ecosystem services wah laabh hain jo humein prakriti se milte hain, jaise ki oxygen, bhojan, paani, aur aashray. Ye laabh humari jeevan shaili ko banaye rakhte hain."
The Tale of Melon City me hanging ke mamle me king ne antim faisla kya kiya?,"King ne decide kiya ki bhid ko satisfy karne ke liye kisi ek ko turant phansi deni chahiye, aur antim me vo khud hi phansi par chad gaya"
"Sir, DNA replication ke process ke bare mein batayein?","DNA replication ek process hai jismein DNA apne aap ko replicate karta hai. Ye process mein helicase enzyme DNA ko unwind karta hai, aur phir polymerase enzyme nucleotides ko jodta hai aur ek naya DNA strand banata hai."
Mourad ne kya suggest kiya ke ghode ke saath kya karein jab narrator gir gaya?,Ya to use wapas le jaayein ya phir kal subah tak use chhupa ke rakhein
"Scientists ke mutabik, sabhi teetar kahase aaye hain? Scientists maante hai ki sabhi teetar Himalaya se aaye hain, aur phir Tibet, China, Myanmar, South aur South East Asian countries ke alawa Caucasus Mountains tak bhi phele",Scientists maante hai ki sabhi teetar Himalaya se aaye hain
Kya hai narrator ke chacha Khosrove ka reaction kisi bhi buri khabar par?,"Vah daade, 'Isme koi nuksaan nahi hai, is par dhyan mat do.'"
Is book ka ISBN kya hai aur Class XI ke liye iska specific title kya hai? ISBN 81-7450-524-511072 – Hornbill Textbook for Class XI,"Is book ka ISBN 81-7450-524-511072 hai, aur iska title 'Hornbill Textbook for Class XI' hai"
"Sir, kya tum mujhe bata sakte ho ki National Disaster Management Authority ka uddeshya kya hai?","National Disaster Management Authority ka uddeshya apdaon ke dauran madad aur sahara pradaan karna hai. Iske liye hume apdaon ke dauran kya karna hai, iske liye kai kadam uthane hote hain."
"Dadi ji ne bimari se pehle shaam ko kya ajeeb kaam kiya tha? Shaam ko unmein kuch badlav aaya. Unhone prayer nahin ki. Unhone pados ki auraton ko ikattha kiya, purane dhol ko uthaya aur geet gaane lagein. Kayi ghanton tak unhone purane dhol ki dhilon ko peetkar geet gaaye, jo sipahiyo ke ghar vapas aane ke bare mein the. Humein unhe rokne ke liye manana pada, nahi toh unhe zyada tanav ho sakta tha. Yeh pehli baar tha jab se maine unhe jaana tha, ki unhone prayer nahin ki.","Bimari se pehle ki shaam ko, dadi ji ne prayer nahin ki, jo unke liye bahut hi ajeeb tha. Unhone pados ki auraton ko ikattha kiya, ek purana, kharaab dhol uthaya, aur kayi ghanton tak uspe thapki dete hue sipahiyo ke ghar vapas aane ke geet gaaye, aur humein unhe rokne ke liye manana pada."
What is the concept of ecological succession?,"Ecological succession refers to the process of change in the species composition of a community over time. This can occur after a disturbance, such as a fire or hurricane, or in a newly formed habitat, such as a volcanic island. The process of succession can be primary, where a new community forms from scratch, or secondary, where a community recovers from a disturbance."
"Ma'am, kya hum biology mein ecosystem ke bare mein padhenge?","Haan, hum biology mein ecosystem ke bare mein padhenge. Ecosystem mein jeev aur njeev tatvon ke beech ki pratikriyaon ko samajhna humare liye bahut zaroori hai."
"Environment Society of India (ESI) dwara nikali gayi identification chart ka kya vishesh uddeshya hai? Is chart ka uddeshya National Green Corps (NGC) ke school eco-clubs ke sadasyon mein jagrukta paida karna hai, jo ki Ministry of Environment and Forests, Government of India ke antargat aata hai.","ESI identification chart ka uddeshya National Green Corps (NGC) ke school eco-clubs ke sadasyon mein jagrukta paida karna hai, jo ki Ministry of Environment and Forests, Government of India ke antargat aata hai."
"Sir, electromagnetic induction kya hai aur iske upyog kya hain?","Electromagnetic induction ek prakriya hai jismein chumbakiya kshetra mein badlav ke kaaran vidyut dhara utpanna hoti hai, jiska upyog generator, transformer aur motor mein kiya jata hai."
Wavewalker aur uske crew ke saath kya hua jab unhe massive wave ne hit kiya? Uske baad Wavewalker ki haalat kaisi thi?,"Wavewalker capsizing ke karib thi, uske mast almost horizontal the, decks toh smash ho gaye the, aur paani se bhar gaye the. Starboard side andar ki taraf bulge ho gaya tha, broken timbers bhi the, aur narrator ke ribs crack ho gaye the, mouth mein blood aur broken teeth the. Larry aur Herb ne turant water pump karna shuru kar diya."
Kaun kaun se anya characters hain jo birth ke dauran maujood hain?,"Mrs. Morgan ki maa, ek lambi, safed baalon wali aurat, aur ek moti, bujurg dhai, woh anya characters hain jo maujood hain."
Professor Gaitonde bombay pahunchne ke baad kya karenge? Vaise toh Professor Gaitonde ka dimaag tezi se daud raha tha aur bombay mein ek plan banaya tha. Historian hone ke nate usey pata chala ki usey pehle hi yeh sochna chahiye tha. Vah ek bade library jayega aur history ke kitabon ko dekhega.,Professor Gaitonde ne socha ki vah bombay mein ek bade library jayega aur history ke kitabon ko dekhega. Aur phir vah pune wapas jayega aur Rajendra Deshpande se lambi baat karega.
"Ma'am, kya hum apne ghar ke paani ko solar still se shuddh kar sakte hain?","Haan, hum apne ghar ke paani ko solar still se shuddh kar sakte hain. Solar still mein paani ko garm kiya jaata hai aur vaashp banaya jaata hai, jisse paani shuddh ho jaata hai."
"Sir, kya hum chemistry meh polymer ke baare meh jaan sakte hai?","Haan, polymer ek aisa substance hota hai jismein kai small molecules milkar ek bada molecule banate hai. Polymers ki properties unke molecular structure par nirbhar karti hai."
What was the value of the property left by Alexander Hamilton Garrideb?,Five million dollars for each of the three parts.
"Ma'am, cell membrane kya hoti hai aur iske kya kaarya hain?","Cell membrane ek patli parat hoti hai jo cell ko ghernati hai. Iske kaarya hain cell ke andar ke padarthon ko surakshit rakhna, cell mein aavashyak padarthon ko pravaesh karana, aur cell se anavashyak padarthon ko bahar nikaalna."
"Sir, what is yakhchal in geography, kya ye koi river hai?","Nahi, yakhchal ek tarah ka traditional ice house hai jo Iran me paya jata hai, jahaan log ice store karte the."
"Sir, kya aap bata sakte hain ki electromagnetic induction ka concept kya hai?","Electromagnetic induction ki prakriya mein, ek chumbakiya kshetra mein badlaav se vidyut dhara utpann hoti hai. Isse hamein pata chalta hai ki kaise chumbakiya kshetra vidyut dhara ko prabhaavit karte hain."
"What challenges did the narrator face while trying to sleep at the YMCA? Each night I had to keep the window wide open; it was the only source of air in the stifling room, and the noise was intolerable. I would lie on the cot with my fingers pressed into my ears but when I drifted off to sleep, my hands fell away and the noise of the traffic would wake me up again.","The narrator faced challenges sleeping at the YMCA due to the need to keep the window open for air, the intolerable noise, and being repeatedly woken up by traffic sounds despite pressing his fingers into his ears."
What did the nurse say about Paul's rocking-horse riding?,She said he would break his horse and wished he would leave off.
What was the name Holmes was looking for in the telephone directory?,Garrideb.
"Ma'am, Bharat mein jal sansadhan kitne prakaar ke hote hain?","Bharat mein jal sansadhan teen prakaar ke hote hain - bhoojal, nadi jal aur barsha jal, jinka upyog kheti, peyjal aur audhyogik uddeshyon ke liye kiya jata hai."
"Ma'am, kinetic energy ka formula kya hai aur iska use kahan hota hai?","Kinetic energy ka formula 0.5 * m * v^2 hai, jaha m massa hai aur v velocity hai. Iska use hume pata karne ke liye hota hai ki koi vastu kitni urja rakhti hai jab wo gati mein hoti hai."
"Ma'am, plate tectonics kya hai?","Plate tectonics ek theory hai jo earth ke crust ke movement ko explain karti hai. Iske anusar, earth ka crust kai chhote-chhote tukdon mein divided hai jo lagatar move karte hain."
"Ma'am, rational numbers kya hote hain?","Rational numbers woh numbers hote hain jo p/q ke roop mein likhe ja sakte hain, jahan p aur q poorne numbers hote hain aur q shunya nahi hota. Jaise ki 3/4, 22/7 aadi."
"Ma'am, kya hum apne ghar ke paani ko reverse osmosis se shuddh kar sakte hain?","Haan, hum apne ghar ke paani ko reverse osmosis se shuddh kar sakte hain. Reverse osmosis mein paani ko ek patle membrane se guzara jaata hai, jisse paani shuddh ho jaata hai."
"Ma'am, ecological pyramid kya hoti hai aur iske prakaar kya hain?","Ecological pyramid ek aahar tantra ko darshati hai jismein urja ka sancharan hota hai, jiske prakaar pyramid of number, pyramid of biomass aur pyramid of energy hote hain."
"Ma'am, what is the concept of atomic model, yeh kya hota hai?","Atomic model ki prakriya mein, parmanu ke androoni bhag ko samjhaya jaata hai, jismein proton, neutron, aur electron hote hain. Isse hamein pata chalta hai ki kaise parmanu ka nirmaan hota hai aur kaise yeh parmanu hamein duniya ke baare mein jankari dete hain."
"Ma'am, what is the importance of conservation of forest?","Van sanrakshan ki mahatvapurnata iss liye hai ki yeh humein oxygen, jal, aur mitti ki upajaukta pradaan karte hain. Iske alawa, van sanrakshan se jalvayu parivartan ko rokne mein madad milti hai aur jeev-jantuon ki hasti ko bachaya ja sakta hai."
What did the children hear whispering in the house?,'There must be more money!'
The Tale of Melon City mein king ne builder chief ko kyun phansi di?,King ne builder chief ko phansi di kyunki uska crown ek neeche ki tarah banaye gaye arch se ud gaya tha
"Professor Gaitonde ne jo history book padha tha, usme kya likha tha ki kaun si specific event mein history alag turn leta hai? Volume five ko dono ends se padhkar, Gangadharpant ne pata lagaya ki history ka turn kahan alag hua tha. Us page mein Battle of Panipat ki baat thi, aur likha tha ki Marathas ne use handsome jita tha.","History ka turn alag hua tha Battle of Panipat mein, jahan Marathas ne Abdali ko handsome haraya aur use Kabul tak bhaga diya."
What was Alexander Hamilton Garrideb's peculiar interest?,Finding other people with the surname Garrideb.
Kya is text mein kaha gaya hai ki mochon ka mahatva is sanskriti mein kya hai?,"Text ke mutabiq, mochon ka alag alag class ke logo ke liye social class aur status ka ek marker hai, jisme alag alag styles ko alag alag classes ke log apne position ko dikhane ke liye pehente hain."
"Ma'am, cell division kya hoti hai aur iske prakaar kya hain?","Cell division ek prakriya hai jismein koshika do ya adhik koshikaon mein vibhajit hoti hai, jiske prakaar mitosis aur meiosis hote hain."
"Ma'am, ozone layer kya hai?",Ozone layer vaayumandal ka ek hissa hai jo ozone gas se bana hota hai. Yeh layer surya ki hanikarak ultraviolet radiation ko absorb karti hai aur humein iske nuksaan se bachati hai.
"Resume kya hota hai aur iske aur kya kya names hain? Humhe resume taiyaar karna hai, jo ki background, academic qualifications aur experience ke bare mein summary hota hai. Resume ke liye curriculum vitae aur biodata bhi kahte hain.","Resume ek individual ke background, academic qualifications aur experience ka summary hota hai. Resume ke liye curriculum vitae (CV) aur biodata bhi commonly use hote hain."
"Nomads ke tent ke paas wale Tibetan mastiffs ka kya behaviour hota tha jab vehicle aati thi? Ye beasts apne bade heads ko cock karte the jab unhe pata chalta tha ki hum aarahe hain, phir ve hume apni nazar mein le lete the. Jab hum aur paas aate the, ve action mein aajate the, humari taraf se seedha tezi se aate the, jaise ki gun se nikla hua goli, aur utni hi tez. Ye shaggy monsters, jo ki sabse andhere raat se bhi zyada kaale hote the, aam taur par laal collars pehante hote the aur apne bade jaws ke saath bhukk bhukk karte the. Ve hamein apni gaadi se bilkul nahi darte the, seedha humari raah mein aa jaate the, jisse Tsetan ko brake aur swerve karna padta tha.","Jab vehicle aati thi, Tibetan mastiffs apne heads ko cock karte the, gaadi ko apni nazar mein le lete the, phir action mein aajate the, seedha uski taraf tezi se aate the, bhukk bhukk karte the aur Tsetan ko brake aur swerve karne ke liye majboor karte the."
"Diyae gaye text ke hisab se, effective reading ke kitne zaroori components hain? Effective reading mein shaamil hain ki hum text ko samajhein, text ke baare mein baat karein, language ke baare mein sochein, words ke saath kaam karein, aur form aur patterns ko notice karein.","Effective reading ka matlab hai ki hum text ko samajhein, text ke baare mein baat karein, language ke baare mein sochein, words ke saath kaam karein, aur form aur patterns ko notice karein."
"Sir, what is gene expression?",Gene expression ek aisa prakriya hai jismein hum gene ke dwara pradaan kiye jaane wale nirdeshon ke bare mein padhte hain. Ismein hum yeh jaante hain ki kaise gene cell ko kya karna hai.
"Gangadharpant ne apne padhai ke aadhar par India ke kaun si cheez ko appreciate kiya? Jab vah aage padhte gaye, toh unhone dekha ki India ko samajhne lage","Vah appreciate kiya ki yeh desh gora log ke gulami ka shikaar nahi hua tha, apne pairon par khada hone ki seekh li thi, aur self-respect ko samajh ta tha"
"Ek lambi writing me sub-titling ka kya main purpose hota hai? Sub-titling ka purpose hai ki wo har section ka main idea ya theme ko clearly dikhaye, taaki reader ko ek glance me pata chal jaye ki kaunse sub-topics cover ho rahe hain.",Sub-titling ka main purpose hai ki wo har section ka main idea ya theme ko convey kare aur reader ko quickly sub-topics ko identify karne me madad kare.
What was the boy Paul's assertion about his luck?,He asserted that God told him he was a lucky person.
"Purane tropical forests kitni tezi se har saal kam ho rahe hain, aur abhi ke ek naye, zyada estimate kya hai?","Duniya ke purane tropical forests lagbhag 40-50 million acres per year ki dar se kam ho rahe hain. Lekin World Resources Institute ke President James Speth ka kehna hai ki yeh rate ab zyada hai, aur hum forests ko almost ek second mein 1.5 acre ki dar se kho rahe hain."
"Ma'am, what is the water cycle?","Water cycle ek prakriya hai jismein paani vaayumandal, zameen, aur samudra ke beech chalta rehta hai. Ismein paani ki vaashpikaran, sanchayan, aur punaravapti shamil hoti hai, jo ki prithvi par jeevan ko banaye rakhti hai."
"Ma'am, kya hum geography meh climate change ke baare meh jaan sakte hai?","Haan, climate change ek aisa process hota hai jismein earth ki average temperature badalti hai, jiske kaaran human activities jaise ki greenhouse gas emissions hoti hai. Climate change ke prabhav bahut gambhir ho sakte hai, jaise ki sea level rise, droughts, aur extreme weather events."
"Ek achhe essay ki chaar khubiyan batayein. Ek achhe essay mein Unity honi chahiye, jismein poora essay sirf ek hi mukhya vishay par hona chahiye, aur uske saare hisse us vishay se judhe hone chahiye. Coherence bhi honi chahiye, jismein vicharon, vaakyon aur anshon ke beech tarkeek kram hona chahiye. Relevance bhi zaroori hai, jismein avashyak jaankari hi shaamil honi chahiye. Aur Proportion bhi honi chahiye, jismein mahatvapoorn vicharon ko adhik jagah deni chahiye.","Ek achhe essay ki khubiyan hain Unity, Coherence, Relevance aur Proportion."
"Sir, kya aap bata sakte hain ki ancient civilization of Indus valley ka itihaas kya hai?","Ancient civilization of Indus valley ka itihaas lagbhag 3300 BCE se 1300 BCE tak ka hai. Ismein hamein sulabh sheheron, snaanagharon, aur anya suvidhaon ke avshesh milte hain. Ye log apne samay ke liye bahut aage the aur unhone bahut si nai cheezein khoji."
"Ma'am, kya hum biology mein cell ke bare mein padhenge?","Haan, hum biology mein cell ke bare mein padhenge. Cell jeevon ke moolbhoot ghatak hain aur unke bare mein padhna humare liye bahut zaroori hai."
"Plains mein traveler ko kaun kaun se wild animals milte hai, aur ve kaise behave karte hai? Agar plains mein stone zyada ho aur ghaas kam ho, toh kya hota hai?","Unhe ek bada herd mila wild ass ka, jo kyang kehte hai, jo mass mein bhagte hue, wheeling aur turning karte hue tight formation mein dekhe gaye, jaise ki ve kisi predetermined course par manoeuvres practice kar rahe ho"
"Sir, kya aap bata sakte hain ki scientific method ka concept kya hai?","Scientific method ki prakriya mein, hum ek prashn puchte hain, phir iske liye ek hypothesis banate hain, uske baad iske liye experiment karte hain, aur phir result ko analyze karte hain. Isse hamein pata chalta hai ki kaise vaigyaanik tarike se sochne se hum nayi cheezein khoj sakte hain."
"Sir, volcanic eruption kya hai?","Volcanic eruption ek prakriya hai jismein jwalamukhi se lava, gas, aur raakh nikalti hai. Ismein jwalamukhi ke andar ki gatividhi ke kaaran dabav badhta hai, jo ki vishal visphoton ka kaaran ban sakta hai."
Why did the man commit forgery according to the story?,He committed forgery to get money for his wife's medicine as she was dying of TB.
2 January ki subah kya badi ghatna ghati thi jisne ship ko kharab kar diya? 2 January ki subah toh waves bahut bade the... lekin 6 baje ke karib kya hua tha?,"2 January ki subah waves toh bade the, lekin asal mein disaster 6 baje ke karib hua jab ek ajeeb sa, vertical wave aaya jo do guna bada tha, uska crest bhi bahut khatarnak tha. Is wave ne ship ko kharab kar diya, ek bada explosion hua aur narrator ko bhi paani mein fek diya."
Kya humein paryavaran ke liye renewable energy sources adopt karne chahiye?,"Haan, humein paryavaran ke liye renewable energy sources adopt karne chahiye. Renewable energy sources jaise ki solar, wind, aur hydro energy humein non-renewable energy sources ki tarah pollution nahi karti. Isse humare paryavaran ko bachaya ja sakta hai aur humari bhavishya ki peeidi ke liye sustainable energy provide ki ja sakti hai."
"Bharatiya rajya aur sthaniya sarkaron ke liye asli urban renewal praapt karne ke liye kaun sa approach suggest kiya gaya hai, jo market-oriented model se alag hai? Agar sirf rajya aur sthaniya sarkar ko affordable housing, sanitation, water supply, mobility aur swachch vatavaran ke liye rights-based approach apnane ke liye prerit kiya ja sake, to market-oriented model ke bajay jo private sector ki larai se adhik laagat ki wapasi par jor deti hai.","Affordable housing, sanitation, water supply, mobility aur swachch vatavaran ke liye rights-based approach suggest kiya gaya hai, na ki market-oriented model jo private sector ki larai se adhik laagat ki wapasi par dhyan deti hai."
"Sir, biodiversity ke bare mein batayein, yeh kya hota hai?","Biodiversity ek prakar ki variety hai jo ki jeevon mein hoti hai. Ye variety mein species, ecosystem, aur genetic diversity shamil hote hain, jo ki ek dusre par nirbhar hote hain aur ek balance maintain karte hain."
"Ma'am, plate tectonics theory kya kehti hai?","Plate tectonics theory kehta hai ki Prithvi ki satah par chhote-chhote plate hote hain jo lagatar ghumte rehte hain. Ye plate Apna sthan badalte rehte hain, jisse bhookamp, jwalamukhi, aur pahaad banate hain."
The Tale of Melon City me sabse wise man ko Royal Court kyu laya gaya tha?,Waise toh sabse wise man ko Royal Court le jake arch incident ke liye kaun ko punish karna hai iske liye counsel dena tha
What is the process of fossil fuel formation?,"Fossil fuel formation is the process by which plant and animal remains are converted into coal, oil, and natural gas over millions of years. The process involves the accumulation of organic matter, heat, and pressure, which transforms the remains into fossil fuels. Fossil fuels are non-renewable resources that are formed from ancient plants and animals, and their formation is a complex process that occurs over geological time scales."
"Sir, what is sedimentary rock?","Sedimentary rock ek aisa rock hai jo sediment ke jama hone se banta hai. Ye rocks pattharon ke tukdon, shell, aur anya samagriyon ke jama hone se bante hain."
Kya narrator ne ghode ki sawaari karne ka faisla kiya?,Usne ghode ki sawaari karne ka faisla kiya
"Sir, biogeochemical cycle kya hota hai aur iske prakaar kya hain?","Biogeochemical cycle ek prakriya hai jismein tatv aur yaugik prithvi ke vishal kshetra mein sancharit hote hain, jiske prakaar carbon cycle, nitrogen cycle aur water cycle hote hain."
"Sir, what is ecosystem aur iske kitne prakaar hote hain?","Ecosystem ek aisa system hai jismein jeev aur nirjeev tatva ek saath rehte hain. Iske teen prakaar hote hain - terrestrial, freshwater, aur marine ecosystem."
Kya humein climate change ke effects mitigate karne ke liye kuch steps le sakte hain?,"Haan, humein climate change ke effects mitigate karne ke liye kuch steps le sakte hain. Hum renewable energy sources adopt kar sakte hain, energy efficiency improve kar sakte hain, aur sustainable land use practices follow kar sakte hain. Iske alawa, hum Afforestation aur Reforestation karke carbon sequestration badha sakte hain aur greenhouse gas emissions reduce kar sakte hain."
What did Satyajit think about his past success and the collapse of his bank?,He felt that failure had a tempo far faster than success and that he had tried to overreach himself.
"Tsetan, Daniel aur narrator ne track pe pehli baar snow blockage ko kaise cross kiya? Saamne hamare samne lagbhag pandrah metre tak white snow thi... Tsetan ne encrusted snow par foot rakha aur slip karke aage badhne laga, apna foot stamp karta hua... 'Agar hum slip ho jaate hain, to car ulat sakta hai,' Tsetan ne suggest kiya, jab humne use mitti ke handfuls uthate aur frozen surface par daalate hue dekha. Hum dono ne bhi madad ki, aur jab snow par mitti daali gayi, to Daniel aur main vehicle se bahar utar gaye taaki Tsetan ka load lightweight ho jaaye. Tsetan ne car ko reverse kiya aur dirty snow ki taraf drive kiya, car ko uske icy surface par rakha aur dheere se uski length tak bina kisi mushkil ke drive kiya.","Tsetan, Daniel aur narrator ne icy snow patch par mitti daal kar traction create ki. Phir Daniel aur narrator vehicle se utar gaye taaki Tsetan ka load lightweight ho jaaye, aur Tsetan ne car ko dheere se dirt-covered snow par drive kiya."
"Sir, kya hum physics meh optics ke baare meh jaan sakte hai?","Haan, optics light ki study hoti hai, jismein hum light ki nature, properties, aur behavior ko samajhte hai. Optics meh hum lenses, mirrors, aur prisms ke baare meh bhi jaante hai."
Ravu se jaane se pehle Lhamo ne narrator ko kaunsa farewell gift diya tha? Vah apne tent me jaakar ek lambe sleeve wale sheepskin coat lekar aayi jo sabhi aadmi pehante the.,Lhamo ne narrator ko ek lambe sleeve wale sheepskin coat diya as a farewell gift.
COVID-19 pandemic ke chalte textbooks ke content mein kya changes kiye gaye?,"Content ko rationalise kiya gaya taaki students par load kam ho, experiential learning par focus ho, aur self-learning ya peer-learning ke liye easily accessible ho jaye"
Iona ka interaction uske pehle wale interaction ke saath kaise contrast karta hai jo usne officer ke saath kiya tha?,"Officer ke ulat, ye young men Iona ke saath rude aur insulting hain, lekin unka interaction uske loneliness feeling ko temporarily kam karta hai"
"Sir, what is map projection?",Map projection ek aisa tareeka hai jismein hum dharti ko ek plane par project karte hain. Ismein hum yeh jaante hain ki kaise hum dharti ko ek map par utaar sakte hain.
"Yeh phrase 'as if he were on needles' Iona ke behaviour ke baare mein kya describe karta hai? Iona apni seat par shift karta hai jaise ki wo needles par baitha ho, apne elbows move karta hai jaise ki wo apne balance ko maintain karne ki koshish kar raha ho, aur gasps karta hai jaise koi suffocating ho, jo samajh nahi pa raha ki wo wahan kyun aur kis wajah se hai","Yeh phrase Iona ke restless aur uneasy behaviour ko describe karta hai, jo uski discomfort aur agitation ko darshata hai"
The Tale of Melon City mein King ko phansi lagne ke baad Ministers ne kaisa react kiya?,"Ministers ne kaha, 'Long live the King, The King is dead' aur phir naye ruler chunne ki dilemma par vichar kiya"
"Daniel aur narrator aur Tsetan kab aur kahan alag hue? Shaam ke samay hum ek chhote se shahar Hor mein pahunch gaye, jo ki main east-west highway par hai, jo ki purane Lhasa to Kashmir ke trade route ka hissa hai. Daniel, jo ki Lhasa wapas ja raha tha, usne ek truck mein ride dhundh li, toh Tsetan aur maine use ek tyre-repair shop ke bahar bidai di.","Daniel, jo ki Lhasa wapas ja raha tha, usne Hor shahar mein ek truck mein ride dhundh li, jahan usne narrator aur Tsetan se alag hokar ek tyre-repair shop ke bahar bidai li."
"19vi century me Peshwaon ne science aur technology ke maamle me East India Company ke saath kaise interact kiya? Ve apne centres for science aur technology set up karte the, aur East India Company ne isme bhi apne influence badhane ka mauka dekha, unhone aid aur experts offer kiye, lekin Peshwaon ne sirf apne local centres ko self-sufficient banane ke liye accept kiya.","Peshwaon ne apne centres for science aur technology set up kiye aur East India Company se aid aur experts accept kiye, lekin sirf iske liye taaki ve apne local centres ko self-sufficient bana sakein."
"Ma'am, what is the concept of biodiversity, yeh kya hota hai?","Biodiversity ki prakriya mein, jeev-jaantu, ped-paudhe, aur anya jeev apne aas-paas ke vatavaran ke saath milke ek system banate hain. Isse hamein pata chalta hai ki kaise yeh sabhi tatva ek-dusre par nirbhar hain aur ek saath milkar kaam karte hain."
"Describe the noise environment at the YMCA. Car horns, shrill and prolonged, blared one after another. Flashing sirens heralded endless emergencies and a fleet of buses rumbled past, their doors opening and closing with a powerful hiss, throughout the night. The noise was constantly distracting, at times suffocating.","The noise environment at the YMCA was characterized by constant, distracting, and suffocating sounds of car horns, sirens, and buses throughout the night."
"Sir, acid rain ke kaaran kya hain?","Acid rain ke mukhya kaaran hain industrial pollution, vehicular pollution, aur human activities jo sulphur dioxide aur nitrogen oxides ko release karte hain. Yeh gases vaayumandal mein milke acid banate hain jo baad mein acid rain ke roop mein girte hain."
King Tut ke mummy par 2005 mein CT scan karne ka main purpose kya tha? Tut ka CT scan hua tha jisse uski life aur death ke baare mein naye clues milte hain - aur accurate forensic reconstruction ke liye precise data milta hai,"CT scan ka purpose tha King Tut ki life aur death ke baare mein naye clues dene ka, accurate forensic reconstruction ke liye precise data provide karna, aur uske aas-paas ki medical mysteries ko probe karna"
"Sir, kya humein solar system mein aur bhi planets mil sakte hain?","Haan, solar system mein aur bhi planets mil sakte hain. Abhi tak humein 8 planets mil chuke hain, lekin scientists kahte hain ki aur bhi planets ho sakte hain jo abhi tak discover nahi hue hain. Yeh dhundhne ke liye scientists new technologies aur telescopes ka use kar rahe hain."
The Tale of Melon City mein kaun banaya gaya tha rajya ka shasak?,Ek tarbooz ko rajya ka shasak ghoshit kiya gaya tha
"Sir, Newton ke gati ke teen niyam kya hain?","Newton ke gati ke teen niyam hain: pehla niyam inertia ka niyam hai, doosra niyam force aur acceleration ka niyam hai, aur teesra niyam kriya-pratikriya ka niyam hai. Ye niyam gati ko samjhane mein madad karte hain."
lion moustache kya hai aur yeh kaunsi class represent karta hai?,"lion moustache ek darawani,  khada hone wala symbol hai jo maharaja, raja, nawab aur angrez army generals pehnte the, jo king emperor ke prati apni devotion ke liye jaane jaate the"
"Sir, tsunamis ke bare mein batayein, yeh kya hota hai?","Tsunami ek prakar ki natural disaster hai jo ki samudra mein hoti hai. Ye ek bahut hi badi wave hai jo ki earthquake ya volcanic eruption ke karan hoti hai, aur jo ki coastal areas ko nuksan pahuncha sakti hai."
"Ma'am, Mahatma Gandhi ke swaraj ka sapna kya tha?","Mahatma Gandhi ka swaraj ka sapna tha ki Bharat angrejon ke shasan se mukt ho jaye aur apne rajneetik, arthik aur samajik vikas ka raasta swaayam prashast kare."
"Sir, what is biodiversity hotspot, kya ye humare desh mein bhi hai?","Biodiversity hotspot woh jagah hai jahan bahut si alag-alag prajatiyan paayi jaati hain. Haan, humare desh mein bhi biodiversity hotspots hain, jaise ki Western Ghats aur Eastern Himalayas."
"Sir, kya aap bata sakte hain ki French revolution ka itihaas kya hai?",French revolution ka itihaas 1789 se 1799 tak ka hai. Ismein hamein pata chalta hai ki kaise France mein raja ke khilaf logon ne vidroh kiya aur ek naye samaj ka nirmaan kiya.
"Ma'am, water scarcity kya hai?","Water scarcity ka matlab hai paani ki kami, jo ki kayi kaarnon se ho sakti hai jaise ki paani ki kami, paani ki ashuddhata, ya paani ki asamanta. Iske kaaran logon ko paani ki kami ka saamna karna padta hai, jo unki swasthya aur jeevan-shaili par asar dalta hai."
"Sir, population growth kya hota hai aur iske karan kya hain?","Population growth jan sanshya mein badhoti hai, jiske karan janm dar, mrityu dar, prasar aur apsar hote hain, jisse desh ki aarthik aur samajik sthiti par prabhav padta hai."
Body swap ke baad Mrs Fitzgerald kya karti hai?,"Mrs Fitzgerald Mrs Pearson ke ghar mein jaati hai taaki dekh sake ki sab kaisa hai, jabki Mrs Pearson apne family waalon ke saath deal karti hai"
Kaun hai story 'The Summer of the Beautiful White Horse' ka author?,William Saroyan
Kahani ka setting kya hai?,Yeh story ek chote se Welsh mining town Blaenelly mein set hai
"Sir, kya hum physics meh electromagnetic induction ke baare meh jaan sakte hai?","Haan, electromagnetic induction ek aisa process hota hai jismein changing magnetic field se electric current generate hota hai. Is process ki khoj Michael Faraday ne ki thi."
"Text mein game khelne ke do sambhavit khatre ya nakaratmak pehlu kya hain? Jab hum Latin phrase 'mens sana in corpore sano' (ek swasth manasikta ek swasth shareer mein) ke Greek ideal ke bare mein sochte hain, to humein yeh nahin bhulna chahiye ki ismein pehle manasikta ka ullekh kiya gaya hai. Aur agar hum game ko apni zindagi ka sabse mahatvapoorna cheez banne dete hain, to hum Olympic motto ko 'jeetna hi sab kuchh hai' mein badalne ke khatre mein ho sakte hain.","Do sambhavit khatre hain, game mein itna zyada interested ho jaana ki vah manasikta ki mahatvata ko dhakka de, aur game ko apni zindagi ka sabse mahatvapoorna cheez banane dena, jisse bhagidari se lekar sirf jeetne par dhyan kendrit ho jaata hai."
"Ma'am, cell membrane ke functions batayein, yeh kya karta hai?","Cell membrane cell ko protect karta hai, nutrients ko andar aur waste ko bahar nikalta hai, aur cell ke andar aur bahar ke environment ko control karta hai. Ye ek semi-permeable membrane hoti hai jo selective permeability ko allow karti hai."
"Bharat mein rajya prashasan aur urban planning ke mamle mein wetlands ke maamle mein kya ajeeb si policy follow ki jaati hai? Rajya prashasan aur urban planning bodies to real estate lobbies ko wetlands bharna ki ijazat dete hain, jisse baad mein flooding hota hai.","Ajeeb baat hai ki Bharat ke rajya prashasan real estate lobbies ko mauka dete hain ki ve existing wetlands ko bharein, jisse baad mein flooding hota hai."
What is the concept of anthropogenic climate change?,"Anthropogenic climate change refers to the impact of human activities on the Earth's climate. Human activities such as burning fossil fuels, deforestation, and land use changes release greenhouse gases, which trap heat and contribute to global warming. Anthropogenic climate change is a major concern, as it can have significant impacts on ecosystems, human health, and the economy."
What was the profession of John Garrideb?,Counsellor at Law.
"Is publication ko reproduce ya transmit karne ke liye kya restrictions hain? Yaani, hum isko copy kar sakte hain ya nahi, aur kis tarah se?","Nahi, is publication ka koi bhi hissa electronic, mechanical, photocopying, recording ya kisi aur tareeke se bina publisher ki prior permission ke reproduce, store ya transmit nahi kiya ja sakta"
"Ma'am, what is economic system?",Economic system ek aisa vishay hai jismein hum dharti ke saath chalne wale arthik vyavasthaon ke bare mein padhte hain. Ismein hum yeh jaante hain ki kaise arthik vyavasthaen humein upyogitaen pradaan karti hain.
Kaunsa archaeologist ne King Tutankhamun ki tomb discover kiya aur kab kiya?,"Howard Carter, ek British archaeologist ne, King Tutankhamun ki tomb 1922 mein discover kiya"
"kahani mein barf ka kya mahatva hai? Iona Potapov ek cab driver hai, jo bahut hi safed hai aur uska roop ek bhoot jaisa hai: woh dole hue hai, jaise ki ek insaan kitna bhi dole sakta hai; woh apni seat par baitha hai; woh kabhi bhi hilte hue nahi dikhta. Agar poora barf ka tukda us par gira, to lagta hai ki woh use hataane ki zaroorat nahi mehsoos karega.","barf Iona ke bete ki mrityu ke baad uske andar ki shaanti aur bhavnaatmak samaan mahsoos karati hai, jo uske bina hilte hue rahene ki sthiti ko darshati hai."
"Summarising aur note-making me kitna difference hai length aur purpose ke maamle me? Note-making ka purpose usually apne liye hota hai, lekin agar main points report karne hote hai to hum summary present karte hai, jo ki note-making jaise itna shortened nahi hota.","Summarising note-making jaise itna shortened nahi hota. Note-making usually personal reference ke liye hota hai, jabki summarising main points report karne ke liye hota hai."
Formal letter likhne ke content me kya kya steps hote hain? Ab hum formal letters likhne ke kuch steps examine karte hain. 1. (i) Agar aap pehli baar letter likh rahe hain to apna introduction karna (ii) Agar aap kisi aur letter ka jawab de rahe hain to uska reference dena. 2. Letter ke purpose ko batana 3. (i) Addressee se kya action/information chahiye (ii) Action liya ya information diya. 4. (i) Action lene ke liye urge karna (ii) Future me assistance offer karna,Formal letter likhne ke steps me shaamil hain: 1. Apna introduction karna ya pehle wale letter ka reference dena. 2. Letter ke purpose ko batana. 3. Addressee se action/information chahiye ya action liya ya information diya. 4. Action lene ke liye urge karna ya future me assistance offer karna
"Sir, kinetic energy ka formula kya hai aur iska practical use kya hai?","Kinetic energy ka formula 0.5 * m * v^2 hai, jismein m massa aur v velocity hoti hai. Iska practical use hum vehicles mein dekhte hain, jahan kinetic energy ko mechanical energy mein convert kiya jata hai."
"Ma'am, what is the concept of eutrophication, yeh kya hota hai?","Eutrophication ki prakriya mein, jal mein aavashyak tatva jaise phosphorus aur nitrogen ki matra badh jaati hai, jisse jal mein jeev-jaantu badh jaate hain aur isse jal ki gunvatta kharab hoti hai. Isse hamein pata chalta hai ki kaise jal ko saaf rakhna chahiye aur kaise iske prabhavon ko kam karna chahiye."
"Sir, mitosis aur meiosis mein kya antar hota hai?","Mitosis aur meiosis dono cell division ke prakaar hain, lekin mitosis mein do identical cells banti hain jabki meiosis mein chau identical cells banti hain. Meiosis ke dauraan genetic variation hoti hai."
"Kisi bhi tarah ka letter likhte waqt kuch important points yaad rakhne chahiye, jaise ki 1. Uska purpose kya hai, 2. Kaunse person ko address kar rahe hain, 3. Tone kaisa hona chahiye, 4. Message complete ho, 5. Kya action require hai, 6. Expression concise ho","Letter likhte waqt humein purpose, jiske liye address kar rahe hain, tone, message ki completeness, required action aur expression ki conciseness yaad rakhni chahiye"
