original_instruction,original_input,original_output,hinglish_question,hinglish_answer
What are some of the literary pieces or chapters listed at the beginning of the text?,The Portrait of a Lady A Photograph “We’re Not Afraid to Die... if We Can All Be T ogether” Discovering Tut: the Saga Continues The Laburnum T op The V oice of the Rain The Ailing Planet: the Green Movement’s Role Childhood The Adventure Silk Road Father to Son,"The text lists several titles including ""The Portrait of a Lady,"" ""A Photograph,"" ""We’re Not Afraid to Die... if We Can All Be Together,"" ""Discovering Tut: the Saga Continues,"" ""The Laburnum Top,"" ""The Voice of the Rain,"" ""The Ailing Planet: the Green Movement’s Role,"" ""Childhood,"" ""The Adventure,"" ""Silk Road,"" and ""Father to Son.""","Kuch literary pieces ya chapters jo text ke starting me list hain, wo kya kya hain? Jaise ki The Portrait of a Lady, A Photograph, We’re Not Afraid to Die... if We Can All Be Together, Discovering Tut: the Saga Continues, The Laburnum Top, The Voice of the Rain, The Ailing Planet: the Green Movement’s Role, Childhood, The Adventure, Silk Road, aur Father to Son.","Text me kai titles list hain, jaise ki The Portrait of a Lady, A Photograph, We’re Not Afraid to Die... if We Can All Be Together, Discovering Tut: the Saga Continues, The Laburnum Top, The Voice of the Rain, The Ailing Planet: the Green Movement’s Role, Childhood, The Adventure, Silk Road, aur Father to Son."
"According to the provided text, what are the essential components of effective reading?",Effective reading involves  understanding the text  talking about the text  thinking about language  working with words  noticing form and patterns.,"Effective reading involves understanding the text, talking about the text, thinking about language, working with words, and noticing form and patterns.","Diyae gaye text ke hisab se, effective reading ke kitne zaroori components hain? Effective reading mein shaamil hain ki hum text ko samajhein, text ke baare mein baat karein, language ke baare mein sochein, words ke saath kaam karein, aur form aur patterns ko notice karein.","Effective reading ka matlab hai ki hum text ko samajhein, text ke baare mein baat karein, language ke baare mein sochein, words ke saath kaam karein, aur form aur patterns ko notice karein."
How did the narrator describe his grandmother's physical appearance and age?,"My grandmother, like everybody’s grandmother, was an old woman. She had been old and wrinkled for the twenty years that I had known her. ... She had always been short and fat and slightly bent. Her face was a criss-cross of wrinkles running from everywhere to everywhere. No, we were certain she had always been as we had known her. Old, so terribly old that she could not have grown older, and had stayed at the same age for twenty years.","The narrator described his grandmother as an old woman who had been old and wrinkled for the twenty years he had known her. She was short, fat, slightly bent, and her face was a criss-cross of wrinkles, giving the impression that she had stayed the same terribly old age for two decades.","Narrator ne apni daadi ki physical appearance aur age kaise describe kiya hai? Yaani, daadi ki umar aur physical appearance kaisi thi?","Narrator ne apni daadi ko ek old woman ke roop me describe kiya hai jo 20 saal se old aur wrinkled thi. Vah choti, moti, thodi bent thi aur uske chehre par wrinkles ke nishan the, jisse lagta hai ki vah 20 saal se same umar par thi."
What details are given about the grandfather's portrait?,"My grandfather’s portrait hung above the mantelpiece in the drawing room. He wore a big turban and loose-fitting clothes. His long, white beard covered the best part of his chest and he looked at least a hundred years old. He did not look the sort of person who would have a wife or children. He looked as if he could only have lots and lots of grandchildren.","The grandfather's portrait hung above the mantelpiece in the drawing room. He was depicted wearing a big turban and loose-fitting clothes, with a long, white beard covering most of his chest. He appeared to be at least a hundred years old and seemed like a person who would only have grandchildren, not a wife or children.","Dada ji ke portrait ke baare mein kya details diye gaye hain? Mera dada ji ka portrait drawing room mein mantelpiece ke upar laga hua tha. Usne bada sa turban aur loose fitting kapde pehne huye the. Uski lambi, safed daadi uske seene ke adhikansh hisse ko dhak rahi thi aur woh kam se kam 100 saal ka lag raha tha. Usse aisa lagta tha jaise woh wife ya bachchon wala aadmi nahi ho sakta. Usse lagta tha jaise woh sirf bahut saare pote-poti wala aadmi ho sakta hai.","Dada ji ka portrait drawing room mein mantelpiece ke upar laga hua tha. Usne bada sa turban aur loose fitting kapde pehne huye the, aur uski lambi, safed daadi uske seene ke adhikansh hisse ko dhak rahi thi. Uski umar kam se kam 100 saal ki lag rahi thi aur usse aisa lagta tha jaise woh sirf bahut saare pote-poti wala aadmi ho sakta hai, wife ya bachchon wala nahi."
Describe the daily morning routine shared by the narrator and his grandmother in the village.,"She used to wake me up in the morning and get me ready for school. She said her morning prayer in a monotonous sing-song while she bathed and dressed me in the hope that I would listen and get to know it by heart; I listened because I loved her voice but never bothered to learn it. Then she would fetch my wooden slate which she had already washed and plastered with yellow chalk, a tiny earthen ink-pot and a red pen, tie them all in a bundle and hand it to me. After a breakfast of a thick, stale chapatti with a little butter and sugar spread on it, we went to school. She carried several stale chapattis with her for the village dogs. My grandmother always went to school with me because the school was attached to the temple.","In the village, the grandmother would wake the narrator up and get him ready for school, reciting morning prayers while bathing and dressing him. She would prepare his school supplies, including a wooden slate, ink-pot, and pen. After a breakfast of stale chapatti with butter and sugar, they would walk to the school, which was attached to a temple, and she would carry extra chapattis for the village dogs.","Gaon mein narrator aur uski dadi ki subah ki routine kya thi? Vo mujhe subah uthati thi, mujhe school ke liye taiyar karti thi. Vo apni subah ki prayer ek tarah se gaati thi jab vo mujhe nahaati aur kapde pahnaati thi, ummeed karti thi ki main use sununga aur yaad karunga, lekin main sirf uski awaaz sunne ke liye sunhta tha, use yaad nahin karta tha. Phir vo mera lakdi ka slate lekar aati thi jo vo pehle dho chuki thi aur uspe peela chalk laga chuki thi, ek chhota mitti ka ink-pot aur ek laal pen, sab ko ek bundle mein bandh kar ke mujhe deti thi. Ek moti, purani chapati ke saath thoda makkhan aur cheeni khane ke baad, hum school chale jaate the. Vo gaon ke kutton ke liye kuch purani chapatiyaan bhi le jaati thi. Mere school ka temple ke saath attachment tha, isliye meri dadi hamesha mere saath school jaati thi.","Gaon mein, dadi narrator ko uthati thi aur use school ke liye taiyar karti thi, subah ki prayer gaati thi jab vo use nahaati aur kapde pahnaati thi. Vo use lakdi ka slate, ink-pot, aur pen deti thi. Ek moti, purani chapati ke saath thoda makkhan aur cheeni khane ke baad, vo dono school jaate the, jo ek mandir ke saath attached tha, aur vo gaon ke kutton ke liye extra chapatiyaan le jaati thi."
What event marked a 'turning-point' in the narrator's friendship with his grandmother?,"When my parents were comfortably settled in the city, they sent for us. That was a turning-point in our friendship. Although we shared the same room, my grandmother no longer came to school with me. I used to go to an English school in a motor bus. There were no dogs in the streets and she took to feeding sparrows in the courtyard of our city house.","The 'turning-point' in their friendship occurred when the narrator's parents, after settling in the city, sent for them. From then on, the grandmother no longer accompanied the narrator to school, as he began attending an English school by motor bus, and she started feeding sparrows in their city home's courtyard instead of village dogs.","Kaun si ghatna thi jisne narrator aur uski daadi ke dosti ko badal diya? Jab meri parents shehar mein settle ho gaye, toh unhone humein bulaya. Woh humari dosti ka ek naya modh tha.","Unki dosti ka turning point woh tha jab narrator ke parents ne shehar mein settle hone ke baad unhe bulaya. Uske baad daadi narrator ke school jaane ke liye nahi aati thi, kyunki woh ab english school motor bus se jaata tha, aur daadi ne gaon ke kutte ki jagah shehar ke apne ghar ke aangan mein chidiyon ko khana khilana shuru kar diya tha."
Why was the grandmother unhappy and disturbed by the English school and music lessons?,This made her unhappy. She could not help me with my lessons. She did not believe in the things they taught at the English school and was distressed that there was no teaching about God and the scriptures. One day I announced that we were being given music lessons. She was very disturbed. To her music had lewd associations. It was the monopoly of harlots and beggars and not meant for gentlefolk.,"The grandmother was unhappy because she couldn't help with the narrator's English school lessons and was distressed that the school taught Western science without including teachings about God and the scriptures. She was particularly disturbed by music lessons, as she associated music with 'lewd associations' and considered it the 'monopoly of harlots and beggars,' not suitable for 'gentlefolk.'","Dadi ji english school aur music lessons se kyu udas aur pareshan thi? Yeh cheez usse udas karti thi, woh meri lessons mein madad nahi kar sakti thi, aur usse lagta tha ki english school mein jo padhaya ja raha hai woh theek nahi hai, khaskar God aur scriptures ke bare mein kuch nahi sikhaaya ja raha hai. Ek din maine bataya ki humein music lessons di ja rahi hai, toh woh bahut pareshan ho gayi, kyunki usse music ke baare mein galat khayalat the, usse lagta tha ki music sirf randiyon aur bhikariyon ka kaam hai, gentle logon ke liye nahi hai.","Dadi ji udas thi kyunki woh english school ke lessons mein meri madad nahi kar sakti thi, aur usse lagta tha ki school mein western science padhaya ja raha hai lekin God aur scriptures ke baare mein kuch nahi sikhaaya ja raha hai. Music lessons se toh woh aur bhi zyada pareshan ho gayi, kyunki usse music ke baare mein galat khayalat the, woh kehti thi ki music sirf randiyon aur bhikariyon ka kaam hai, gentle logon ke liye nahi hai."
What was the grandmother's happiest half-hour of the day when the narrator was at university?,"Only in the afternoon she relaxed for a while to feed the sparrows. While she sat in the verandah breaking the bread into little bits, hundreds of little birds collected round her creating a veritable bedlam of chirrupings. Some came and perched on her legs, others on her shoulders. Some even sat on her head. She smiled but never shooed them away. It used to be the happiest half-hour of the day for her.","Her happiest half-hour of the day was in the afternoon when she relaxed to feed the sparrows. She would sit in the verandah, breaking bread into bits, and hundreds of birds would gather around her, perching on her legs, shoulders, and even head, creating a joyful commotion.","Dadi ji ke liye din ka sabse khushiyon bhara adha ghanta ka samay kab hota tha jab narrator university mein hota tha? Sirf dopahar mein woh thodi der ke liye aaraam karti thi taaki chidiyon ko khana khilaye. Jab woh verandah mein baithkar bread ko chhote tukdon mein todti thi, toh hazaron chhote chhote pakshi uske aas paas ikattha ho jaate the, aur ek ajeeb tarah ki shor mach jaata tha. Kuch pakshi uske pairon par, kuch uske kandhe par, aur kuch toh uske sir par baith jaate the. Woh muskuraati thi lekin unhein kabhi bhi bhagaati nahi thi. Yeh uske liye din ka sabse khushiyon bhara adha ghanta hota tha.","Dadi ji ke liye din ka sabse khushiyon bhara adha ghanta ka samay dopahar mein hota tha jab woh aaraam karti thi aur chidiyon ko khana khilati thi. Woh verandah mein baithkar bread ko chhote tukdon mein todti thi, aur hazaron pakshi uske aas paas ikattha ho jaate the, uske pairon par, kandhe par, aur sir par baithkar ek ajeeb tarah ki khushi ka mahaul bana dete the."
What unusual activity did the grandmother engage in the evening before she fell ill?,"In the evening a change came over her. She did not pray. She collected the women of the neighbourhood, got an old drum and started to sing. For several hours she thumped the sagging skins of the dilapidated drum and sang of the home-coming of warriors. We had to persuade her to stop to avoid overstraining. That was the first time since I had known her that she did not pray.","The evening before she fell ill, the grandmother did not pray, which was highly unusual for her. Instead, she gathered women from the neighborhood, found an old, dilapidated drum, and for several hours, she thumped it and sang songs about the home-coming of warriors, needing to be persuaded to stop.","Dadi ji ne bimari se pehle shaam ko kya ajeeb kaam kiya tha? Shaam ko unmein kuch badlav aaya. Unhone prayer nahin ki. Unhone pados ki auraton ko ikattha kiya, purane dhol ko uthaya aur geet gaane lagein. Kayi ghanton tak unhone purane dhol ki dhilon ko peetkar geet gaaye, jo sipahiyo ke ghar vapas aane ke bare mein the. Humein unhe rokne ke liye manana pada, nahi toh unhe zyada tanav ho sakta tha. Yeh pehli baar tha jab se maine unhe jaana tha, ki unhone prayer nahin ki.","Bimari se pehle ki shaam ko, dadi ji ne prayer nahin ki, jo unke liye bahut hi ajeeb tha. Unhone pados ki auraton ko ikattha kiya, ek purana, kharaab dhol uthaya, aur kayi ghanton tak uspe thapki dete hue sipahiyo ke ghar vapas aane ke geet gaaye, aur humein unhe rokne ke liye manana pada."
"According to custom, what was done with the grandmother's body after her death?","We lifted her off the bed and, as is customary, laid her on the ground and covered her with a red shroud.","As was customary, after her death, her body was lifted off the bed, laid on the ground, and covered with a red shroud.",Riwaj ke hisab se dadi ji ki death ke baad unka body kya kiya gaya tha? Humne unhe bed se uthaya aur riwaj ke mutabik zameen par leta kar laal kapde se dhak diya.,Riwaj ke hisab se dadi ji ki death ke baad unka body bed se uthakar zameen par laya gaya aur laal kapde se dhak diya gaya.
"What inspired the narrator and his wife, Mary, to embark on their round-the-world voyage?","In July 1976, my wife Mary, son Jonathan, 6, daughter Suzanne, 7, and I set sail from Plymouth, England, to duplicate the round-the-world voyage made 200 years earlier by Captain James Cook. For the longest time, Mary and I — a 37-year-old businessman — had dreamt of sailing in the wake of the famous explorer","The narrator and his wife, Mary, were inspired by Captain James Cook's 200-year-old round-the-world voyage and had dreamt of duplicating it for a long time.","Kya cheez ne narrator aur uski wife Mary ko poora duniya ka safar karne ke liye prerit kiya? Yaani, unhone Captain James Cook ke 200 saal phele ke duniya bhar ka safar ko duplicate karne ke liye England se sail kiya tha","Narrator aur uski wife Mary ko Captain James Cook ke 200 saal purane duniya bhar ke safar ne inspire kiya tha, aur ve isko duplicate karne ke sapne dekhte aaye the"
"Describe the boat, Wavewalker, that the family used for their journey.","Our boat Wavewalker , a 23 metre, 30 ton wooden-hulled beauty, had been professionally built, and we had spent months fitting it out and testing it in the roughest weather we could find.","Wavewalker was a 23-meter, 30-ton wooden-hulled boat that had been professionally built. The family spent months fitting it out and testing it in the roughest weather.","Wavewalker boat ke baare mein batao, jo family ne apne safar ke liye use kiya tha. Humari Wavewalker boat, 23 metre, 30 ton ka lakdi ke hull waali boat, professionally banayi gayi thi, aur humne mahino tak usse taiyar kiya aur sabse khatarnaak mausam mein test kiya tha.","Wavewalker 23 metre, 30 ton ka lakdi ke hull waali boat thi, jo professionally banayi gayi thi. Family ne mahino tak usse taiyar kiya aur sabse khatarnaak mausam mein test kiya tha."
Where did the family take on additional crew members and for what purpose?,"The first leg of our planned three-year, 105,000 kilometre journey passed pleasantly as we sailed down the west coast of Africa to Cape Town. There, before heading east, we took on two crewmen — American Larry Vigil and Swiss Herb Seigler — to help us tackle one of the world’s roughest seas, the southern Indian Ocean.","The family took on two crewmen, American Larry Vigil and Swiss Herb Seigler, in Cape Town. Their purpose was to help tackle the notoriously rough Southern Indian Ocean.",Parivaar ne kahaan aur kis uddeshya se naye crew members ko shaamil kiya?,"Parivaar ne Cape Town mein American Larry Vigil aur Swiss Herb Seigler naamak do crewmen ko shaamil kiya, unka uddeshya southern Indian Ocean ko paar karna tha, jo duniya ke sabse khatarnaak samudron mein se ek hai"
What significant event occurred at dawn on January 2 that led to the severe damage of the ship?,"At dawn on January 2, the waves were gigantic... The first indication of impending disaster came at about 6 p.m., with an ominous silence. The wind dropped, and the sky immediately grew dark. Then came a growing roar, and an enormous cloud towered aft of the ship. With horror, I realised that it was not a cloud, but a wave like no other I had ever seen. It appeared perfectly vertical and almost twice the height of the other waves, with a frightful breaking crest. The roar increased to a thunder as the stern moved up the face of the wave, and for a moment I thought we might ride over it. But then a tremendous explosion shook the deck. A torrent of green and white water broke over the ship, my head smashed into the wheel and I was aware of flying overboard and sinking below the waves.","At dawn on January 2, the waves were gigantic, but the disaster struck around 6 p.m. with an enormous, perfectly vertical wave, almost twice the height of others, with a frightful breaking crest. This wave caused a tremendous explosion, breaking over the ship and severely damaging it, even throwing the narrator overboard.",2 January ki subah kya badi ghatna ghati thi jisne ship ko kharab kar diya? 2 January ki subah toh waves bahut bade the... lekin 6 baje ke karib kya hua tha?,"2 January ki subah waves toh bade the, lekin asal mein disaster 6 baje ke karib hua jab ek ajeeb sa, vertical wave aaya jo do guna bada tha, uska crest bhi bahut khatarnak tha. Is wave ne ship ko kharab kar diya, ek bada explosion hua aur narrator ko bhi paani mein fek diya."
What was the immediate aftermath and condition of Wavewalker and its crew after being hit by the massive wave?,"A few metres away, Wavewalker was near capsizing, her masts almost horizontal... My left ribs cracked; my mouth filled with blood and broken teeth... “We’re sinking!” she screamed. “The decks are smashed; we’re full of water.” ...Larry and Herb were pumping like madmen. Broken timbers hung at crazy angles, the whole starboard side bulged inwards; clothes, crockery, charts, tins and toys sloshed about in deep water.","Wavewalker was near capsizing with its masts almost horizontal, and the decks were smashed, filling with water. The starboard side bulged inwards with broken timbers, and the narrator sustained cracked ribs, a mouth full of blood, and broken teeth. Larry and Herb immediately began pumping water.",Wavewalker aur uske crew ke saath kya hua jab unhe massive wave ne hit kiya? Uske baad Wavewalker ki haalat kaisi thi?,"Wavewalker capsizing ke karib thi, uske mast almost horizontal the, decks toh smash ho gaye the, aur paani se bhar gaye the. Starboard side andar ki taraf bulge ho gaya tha, broken timbers bhi the, aur narrator ke ribs crack ho gaye the, mouth mein blood aur broken teeth the. Larry aur Herb ne turant water pump karna shuru kar diya."
Describe the challenges the narrator faced while trying to manage the flooding and repair the ship after the disaster.,"With the starboard side bashed open, we were taking water with each wave that broke over us. If I couldn’t make some repairs, we would surely sink. Somehow I managed to stretch canvas and secure waterproof hatch covers across the gaping holes. Some water continued to stream below, but most of it was now being deflected over the side. More problems arose when our hand pumps started to block up with the debris floating around the cabins and the electric pump short- circuited. The water level rose threateningly. Back on deck I found that our two spare hand pumps had been wrenched overboard — along with the forestay sail, the jib, the dinghies and the main anchor. Then I remembered we had another electric pump under the chartroom floor. I connected it to an out-pipe, and was thankful to find that it worked.","The narrator struggled to stretch canvas and secure waterproof hatch covers over gaping holes on the starboard side. Further challenges included hand pumps blocking with debris, the main electric pump short-circuiting, and two spare hand pumps being washed overboard. He eventually found and connected another electric pump from under the chartroom floor, which thankfully worked.","Disaster ke baad ship ko repair karne aur flooding ko manage karne mein narrator ko kaun kaun se challenges ka saamna karna pada? Jab starboard side se paani andar aa raha tha, toh narrator ne kya kya kiya?","Narrator ko starboard side ke holes pe canvas stretch karna aur waterproof hatch covers secure karna bahut mushkil laga. Uske baad hand pumps block ho gaye, electric pump short-circuit ho gayi, aur do spare hand pumps bhi samundar mein gir gaye. Phir narrator ne chartroom ke neeche se ek aur electric pump dhundha aur use connect kiya, jo ki finally kaam kar gaya."
"What act of courage did Suzanne (Sue) display, and what was her reason for it?","Sue’s head had swollen alarmingly; she had two enormous black eyes, and now she showed us a deep cut on her arm. When I asked why she hadn’t made more of her injuries before this, she replied, “I didn’t want to worry you when you were trying to save us all.”","Suzanne showed immense courage by not mentioning her alarming injuries, which included a swollen head, two enormous black eyes, and a deep cut on her arm, earlier. She explained that she didn't want to worry her father while he was trying to save them all.","Suzanne ne kya sahas dikhaya aur uske peeche uska kya wajah thi? Uski head bohot zyada swole ho gayi thi, uske do bade black eyes the, aur ab usne humein apne arm par ek gahra cut bhi dikhaya. Maine jab pucha ki vah pehle apni injuries ke baare mein kyun nahi batayi, toh usne kaha, 'Maine socha ki main aapko worry nahi karana chahti jab aap hum sabko bachane ki koshish kar rahe the.'","Suzanne ne bohot sahas dikhaya jab usne apni injuries ke baare mein pehle nahi bataya, jisme uski swole head, do bade black eyes aur arm par ek gahra cut shaamil the. Usne samjhaya ki vah apne papa ko worry nahi karana chahti thi jab vah hum sabko bachane ki koshish kar rahe the."
"After assessing the extensive damage to Wavewalker, what was the narrator's calculated hope for their survival?","But we still had a tremendous leak somewhere below the waterline and, on checking, I found that nearly all the boat’s main rib frames were smashed down to the keel. In fact, there was nothing holding up a whole section of the starboard hull except a few cupboard partitions. We had survived for 15 hours since the wave hit, but Wavewalker wouldn’t hold together long enough for us to reach Australia. I checked our charts and calculated that there were two small islands a few hundred kilometres to the east. One of them, Ile Amsterdam, was a French scientific base. Our only hope was to reach these pinpricks in the vast ocean.","The narrator's only hope for survival was to reach two small islands, Ile Amsterdam (a French scientific base) being one of them, located a few hundred kilometers to the east. He referred to these as ""pinpricks in the vast ocean"" because Wavewalker was too damaged to make it to Australia.","Wavewalker ko itni badi damage hone ke baad, narrator ko apni survival ke liye kya ummeed thi? Humne dekha ki boat ke neeche paani ki line ke neeche ek bada leak tha, aur jab maine check kiya toh pata chala ki boat ke sabse bade rib frames keel tak smash ho gaye the. Asal mein, starboard hull ka ek pura section sirf kuch cupboard partitions se uthaya hua tha. Hum wave ke hit hone ke 15 ghante tak zinda the, lekin Wavewalker itna lamba nahi chalega ki hum Australia tak pahunch sake. Maine apne charts check kiye aur dekha ki east mein kuch hundred kilometre door do chhote islands hain. Unmein se ek, Ile Amsterdam, ek French scientific base tha. Humari ekmatr ummeed yeh thi ki hum in chhoti chhoti islands tak pahunch sake, jo ki ek bade samundar mein sirf pinpricks jaise thi.","Narrator ki sirf ek ummeed thi ki wo do chhote islands tak pahunch sake, jismein se ek Ile Amsterdam tha, jo ki ek French scientific base tha, jo ki kuch hundred kilometre east mein tha. Unhone inhein 'vast ocean ke pinpricks' kaha kyunki Wavewalker itna damaged tha ki Australia tak nahi pahunch sakta tha."
"Explain the meaning of the expression ""pinpricks in the vast ocean"" as used in the text.",Our only hope was to reach these pinpricks in the vast ocean.,"The expression ""pinpricks in the vast ocean"" refers to the two small islands, including Ile Amsterdam, that were the family's only hope for survival. It emphasizes their tiny size and remoteness in the immense and dangerous ocean, highlighting how difficult they would be to find.","yeh expression 'pinpricks in the vast ocean' ka kya matlab hai, jo ki text me use hua hai? Hamara bas ek hope tha ki hum in pinpricks in the vast ocean tak pahuch paye","yeh expression 'pinpricks in the vast ocean' do chhote islands ko refer karta hai, jisme se ek Ile Amsterdam hai, jo family ke liye bas ek hope tha for survival. Yeh unke chhoti size aur remoteness ko emphasize karta hai immense and dangerous ocean me, jo ki unhe find karna bohot mushkil banata hai"
What profound statement did Jonathan make to his father when asked about their chances of survival on January 5?,"When I went in to comfort the children, Jon asked, “Daddy, are we going to die?” I tried to assure him that we could make it. “But, Daddy,” he went on, “we aren’t afraid of dying if we can all be together — you and Mummy, Sue and I.”","Jonathan told his father, ""we aren’t afraid of dying if we can all be together — you and Mummy, Sue and I."" This statement conveyed his courage and the family's unity in the face of impending death.","Jonathan ne apne papa se 5 January ko jab unse poocha gaya ki unki survival ke chances kya hain, toh usne kya kahaa?","Jonathan ne kaha, 'humein marne ka dar nahi hai agar hum sab saath ho - tum, mummy, sue aur main'. Is statement se unki himmat aur parivaar ki ekta dikhayi di"
Who discovered King Tutankhamun's tomb and in what year?,"Carter—Howard Carter, that is — was the British archaeologist who in 1922 discovered Tut’s tomb after years of futile searching.","Howard Carter, a British archaeologist, discovered King Tutankhamun's tomb in 1922.",Kaunsa archaeologist ne King Tutankhamun ki tomb discover kiya aur kab kiya?,"Howard Carter, ek British archaeologist ne, King Tutankhamun ki tomb 1922 mein discover kiya"
What was the main purpose of performing a CT scan on King Tut's mummy in 2005?,Tut has undergone a CT scan that offers new clues about his life and death — and provides precise data for an accurate forensic reconstruction of the boyish pharaoh.,"The CT scan was conducted to offer new clues about King Tut's life and death, provide precise data for an accurate forensic reconstruction, and probe the lingering medical mysteries surrounding him.",King Tut ke mummy par 2005 mein CT scan karne ka main purpose kya tha? Tut ka CT scan hua tha jisse uski life aur death ke baare mein naye clues milte hain - aur accurate forensic reconstruction ke liye precise data milta hai,"CT scan ka purpose tha King Tut ki life aur death ke baare mein naye clues dene ka, accurate forensic reconstruction ke liye precise data provide karna, aur uske aas-paas ki medical mysteries ko probe karna"
"According to Zahi Hawass, what caused the mummy to be in very bad condition?","“The mummy is in very bad condition because of what Carter did in the 1920s,” said Zahi Hawass, Secretary General of Egypt’s Supreme Council of Antiquities","Zahi Hawass, Secretary General of Egypt’s Supreme Council of Antiquities, stated that the mummy was in very bad condition because of what Carter did in the 1920s.","Zahi Hawass ke hisab se, mummy itni kharaab condition mein kyun hai? “Mummy ki condition bohot kharaab hai kyunki Carter ne 1920s mein kya kiya,” Zahi Hawass ne kaha, jo ki Egypt ke Supreme Council of Antiquities ka Secretary General hai","Zahi Hawass, Egypt ke Supreme Council of Antiquities ka Secretary General, ne kaha ki mummy ki condition bohot kharaab hai kyunki Carter ne 1920s mein jo kiya tha"
Describe the primary challenge Howard Carter faced when trying to remove Tutankhamun's mummy from its coffin.,"The ritual resins had hardened, cementing Tut to the bottom of his solid gold coffin. “No amount of legitimate force could move them,” Carter wrote later. ...the consolidated material had to be chiselled away from beneath the limbs and trunk before it was possible to raise the king’s remains.","Howard Carter faced the challenge of hardened ritual resins that had cemented Tutankhamun's mummy to the bottom of its solid gold coffin, making it impossible to move with legitimate force. He eventually had to chisel away the consolidated material to free the remains.","Bataiye ki Howard Carter ko kaun si main problem face karni padi thi jab usne Tutankhamun ki mummy ko uske coffin se nikaalne ki koshish ki, kyunki ritual resins solid ho gaye the aur Tutankhamun ki mummy uske solid gold coffin ke neeche cemented ho gayi thi?","Howard Carter ko problem yeh thi ki ritual resins solid ho gaye the aur Tutankhamun ki mummy uske solid gold coffin ke neeche cemented ho gayi thi, jiske kaaran usse koi bhi force lagane se mummy hila nahi rahi thi, toh phir usne consolidated material ko chisel karke mummy ke limbs aur trunk ke neeche se nikalna pada taki king ka body uthaya ja sake."
"What everyday items, besides precious gold artifacts, were found buried with King Tut?","But Tut was also buried with everyday things he’d want in the afterlife: board games, a bronze razor, linen undergarments, cases of food and wine.","King Tut was buried with everyday items for the afterlife, including board games, a bronze razor, linen undergarments, and cases of food and wine.","King Tut ke saath precious gold artifacts ke alaawa aur kya cheezein daily use ki chai thi jo unke saath dabai gayi thi? Lekin Tut ke saath afterlife mein use karne ke liye Rozmarra ki cheezein bhi thi: board games, bronze razor, linen undergarments, khane peene ki cheezein aur wine.","King Tut ke saath afterlife ke liyeRozmarra ki cheezein bhi dabai gayi thi, jaise ki board games, bronze razor, linen undergarments, khane peene ki cheezein aur wine."
What evidence suggested the season of King Tut's burial?,"Opening the first, he found a shroud adorned with garlands of willow and olive leaves, wild celery, lotus petals, and cornflowers, the faded evidence of a burial in March or April.","A shroud adorned with garlands of willow and olive leaves, wild celery, lotus petals, and cornflowers provided faded evidence that King Tut's burial took place in March or April.","King Tut ki burial kaunse season mein hui thi, iska kya proof tha?","Ek shroud pe willow, olive leaves, wild celery, lotus petals aur cornflowers ke garland the, jo March ya April mein burial hone ka purana proof tha"
What startling fact was revealed about King Tut's mummy by an X-ray examination in 1968?,"In 1968, more than 40 years after Carter’s discovery, an anatomy professor X-rayed the mummy and revealed a startling fact: beneath the resin that cakes his chest, his breast-bone and front ribs are missing.",An X-ray in 1968 revealed that King Tut's breast-bone and front ribs were missing from beneath the resin caking his chest.,"King Tut ki mummy ke baare mein 1968 mein X-ray examination se kya chaukane wala fact pata chala? 1968 mein, Carter ke discovery ke 40 saal ke baad, ek anatomy professor ne mummy ki X-ray ki aur ek chaukane wala fact reveal kiya: resin ke neeche, uske chest ke andar, uska breast-bone aur front ribs gayab hain.",1968 mein X-ray se pata chala ki King Tut ke paas resin ke neeche chest ke andar breast-bone aur front ribs nahi hain.
"Who was Akhenaten, and what significant religious and political changes did he implement during his reign?","His son Amenhotep IV succeeded him and initiated one of the strangest periods in the history of ancient Egypt. The new pharaoh promoted the worship of the Aten, the sun disk, changed his name to Akhenaten, or ‘servant of the Aten,’ and moved the religious capital from the old city of Thebes to the new city of Akhetaten, known now as Amarna. He further shocked the country by attacking Amun, a major god, smashing his images and closing his temples.","Akhenaten, originally Amenhotep IV, promoted the worship of the Aten (sun disk), changed his name to 'servant of the Aten,' moved the religious capital to Akhetaten (Amarna), and attacked the major god Amun by smashing his images and closing his temples.","Akhenaten kaun tha, aur usne apne rajya mein kya mahatvapoorn dharmik aur rajnaitik parivartan kiye? Uske bete Amenhotep IV ne usey succeed kiya aur pracheen misr ke itihas mein sabse ajeeb samay ki shuruaat ki. Naye pharaoh ne Aten, sun disk ki pooja ko badhava diya, apna naam Akhenaten, ya 'aten ka sewak' rakha, aur dharmik rajdhani ko purane shahar Thebes se naye shahar Akhetaten, jo ab Amarna ke roop mein jana jata hai, shift kar diya. Usne desh ko aur bhi shock kiya jab usne bade devta Amun par hamla kiya, uske chitra tod diye aur uske mandir band kar diye.","Akhenaten, jo pehle Amenhotep IV tha, usne Aten (sun disk) ki pooja ko badhava diya, apna naam 'aten ka sewak' rakha, dharmik rajdhani ko Akhetaten (Amarna) shift kiya, aur bade devta Amun par hamla kiya, uske chitra tod kar aur uske mandir band karke."
"When did the Egyptian Mummy Project begin its inventory, and what is its next planned phase?","The Egyptian Mummy project, which began an inventory in late 2003, has recorded almost 600 so far and is still counting. The next phase: scanning the mummies with a portable CT machine donated by the National Geographic Society and Siemens, its manufacturer.",The Egyptian Mummy Project began its inventory in late 2003. Its next phase is to scan the mummies using a portable CT machine donated by the National Geographic Society and Siemens.,"Egyptian Mummy Project ne apna inventory kab shuru kiya, aur uska agla planned phase kya hai? Egyptian Mummy project, jo 2003 ke end me inventory shuru kiya tha, ab tak lagbhag 600 record kar chuka hai aur abhi bhi count kar raha hai. Agla phase: ek portable CT machine se mummy ki scanning karna, jo National Geographic Society aur Siemens, uske manufacturer ne donate kiya hai.","Egyptian Mummy Project ne apna inventory 2003 ke end me shuru kiya. Uska agla phase hai ki woh portable CT machine ka use karke mummy ki scanning kare, jo National Geographic Society aur Siemens ne donate kiya hai."
How did Howard Carter justify his drastic actions of chiseling and dissecting Tutankhamun's mummy?,"In his defence, Carter really had little choice. If he hadn’t cut the mummy free, thieves most certainly would have circumvented the guards and ripped it apart to remove the gold.","Carter justified his actions by stating he had little choice; if he hadn't cut the mummy free, thieves would have circumvented the guards and ripped it apart to steal the gold.","Howard Carter ne Tutankhamun ki mummy ko chiseling aur dissect karna kaun se drastic actions justify kiya? Usne apni defence me kaha ki uske paas kaafi kam choice tha. Agar usne mummy ko free nahi kiya hota, to chor guard ko circumvent karke mummy ko rip kar dete aur gold nikal dete","Carter ne apni actions ko justify kiya ke uske paas kaafi kam choice tha, agar usne mummy ko free nahi kiya hota to chor guard ko circumvent karke mummy ko rip kar dete aur gold chura lete"
"When did the Green Movement begin, and what significant event occurred shortly after its inception?",One cannot recall any movement in world history which has gripped the imagination of the entire human race so completely and so rapidly as the Green Movement which started nearly twenty-five years ago. In 1972 the world’s first nationwide Green party was founded in New Zealand.,"The Green Movement started nearly twenty-five years prior to 1994 (around 1969). In 1972, the world's first nationwide Green party was founded in New Zealand.","Green Movement kab shuru hua aur uske shuru hone ke thodi der baad kya bada event hua? Itni jaldi aur itni tez se poora human race ko koi movement aaj tak nahin chhua hai jaise ki Green Movement ne, jo lagbhag 25 saal pehle shuru hua tha. 1972 mein New Zealand mein duniya ki pehli nationwide Green party banayi gayi thi.","Green Movement lagbhag 25 saal pehle 1994 se shuru hua tha (karib 1969 mein). 1972 mein, duniya ki pehli nationwide Green party New Zealand mein banayi gayi thi."
"According to the World Commission on Environment and Development, how is 'sustainable development' defined?","The concept of sustainable development was popularised in 1987 by the World Commission on Environment and Development. In its report it defined the idea as “Development that meets the needs of the present, without compromising the ability of future generations to meet their needs”, i.e., without stripping the natural world of resources future generations would need.","Sustainable development is defined as 'Development that meets the needs of the present, without compromising the ability of future generations to meet their needs,' meaning it involves using resources without stripping the natural world of what future generations would need.","World Commission on Environment and Development ke hisab se, sustainable development ka definition kya hai? Sustainable development ka concept 1987 mein popular hua tha, aur ismein kaha gaya tha ki yeh development hai jo present ke needs ko pura karta hai, lekin future generations ke needs ko compromise karte hue nahi","Sustainable development ka definition hai ki yeh development hai jo present ke needs ko pura karta hai, lekin future generations ke needs ko compromise karte hue nahi, matlab ki hum resources ka use karte hain lekin future generations ke liye zaruri cheezein natural world se hataye nahi"
"What is the significance of the notice in the Lusaka, Zambia zoo cage that reads 'The world’s most dangerous animal'?","In the zoo at Lusaka, Zambia, there is a cage where the notice reads, ‘The world’s most dangerous animal’. Inside the cage there is no animal but a mirror where you see yourself. Thanks to the efforts of a number of agencies in different countries, a new awareness has now dawned upon the most dangerous animal in the world. He has realised the wisdom of shifting from a system based on domination to one based on partnership.","The notice in the Lusaka zoo cage, which contains a mirror instead of an animal, signifies that humans are considered 'the world's most dangerous animal.' It highlights a newfound awareness among humans to shift from a system of domination over nature to one of partnership.","Lusaka, Zambia ke zoo mein ek cage hai jismein likha hai 'duniya ka sabse khatarnaak jaanwar', uss notice ka kya matlab hai? Lusaka, Zambia ke zoo mein ek cage hai jahaan notice likha hai 'duniya ka sabse khatarnaak jaanwar'. Is cage mein koi jaanwar nahi hai, sirf ek mirror hai jismein aap apne aap ko dekhte hain. Kayi agencies ke prayaason se duniya ke sabse khatarnaak jaanwar ko ab naya ehsaas hua hai. Usne samajh liya hai ki domination par aadharit system se partnership par aadharit system mein badalne ki akalmani hai.","Lusaka zoo ke cage mein jo notice hai, jismein jaanwar ki jagah mirror hai, woh dikhata hai ki insaan ko 'duniya ka sabse khatarnaak jaanwar' mana jaata hai. Yeh naya ehsaas dikhata hai ki insaan prakriti par adhikar karne ke bajay sahyog par aadharit system ki aur badh rahe hain."
"Name the four principal biological systems of the earth identified by Mr. Lester R. Brown, and explain their importance.","Mr Lester R. Brown in his thoughtful book, The Global Economic Prospect, points out that the earth’s principal biological systems are four — fisheries, forests, grasslands, and croplands — and they form the foundation of the global economic system. In addition to supplying our food, these four systems provide virtually all the raw materials for industry except minerals and petroleum- derived synthetics.","Mr. Lester R. Brown identified the earth’s four principal biological systems as fisheries, forests, grasslands, and croplands. These systems are crucial as they form the foundation of the global economic system, supplying food and nearly all raw materials for industry, excluding minerals and petroleum-derived synthetics.","Lester R. Brown ne earth ke chaar pramukh biological systems ka naam bataya hai, unke mahatva ko bhi samjhaaye. Lester R. Brown ne apni kitab The Global Economic Prospect mein kaha hai ki earth ke chaar pramukh biological systems hain - fisheries, forests, grasslands, aur croplands - jo global economic system ki neev banate hain. In systems se hume food milti hai, aur ye industry ke liye lagbhag saare raw materials bhi provide karte hain, minerals aur petroleum-derived synthetics ko chhodkar.","Lester R. Brown ne earth ke chaar pramukh biological systems ko fisheries, forests, grasslands, aur croplands bataya hai. Ye systems bohot mahatvapoorn hain kyunki ve global economic system ki neev banate hain, hume food aur industry ke liye lagbhag saare raw materials provide karte hain, minerals aur petroleum-derived synthetics ko chhodkar."
"At what estimated rate are the world's ancient tropical forests eroding annually, and what is the more recent, higher estimate?","The world’s ancient patrimony of tropical forests is now eroding at the rate of forty to fifty million acres a year... James Speth, the President of the World Resources Institute, said the other day, “We were saying that we are losing the forests at an acre a second, but it is much closer to an acre-and-a-half to a second”.","The world's ancient tropical forests are eroding at an estimated rate of forty to fifty million acres per year. However, James Speth of the World Resources Institute provided a more recent, higher estimate, stating that forests are being lost at closer to an acre-and-a-half per second.","Purane tropical forests kitni tezi se har saal kam ho rahe hain, aur abhi ke ek naye, zyada estimate kya hai?","Duniya ke purane tropical forests lagbhag 40-50 million acres per year ki dar se kam ho rahe hain. Lekin World Resources Institute ke President James Speth ka kehna hai ki yeh rate ab zyada hai, aur hum forests ko almost ek second mein 1.5 acre ki dar se kho rahe hain."
What does Article 48A of the Constitution of India mandate regarding the environment?,Article 48A of the Constitution of India provides that “the State shall endeavour to protect and improve the environment and to safeguard the forests and wildlife of the country”.,Article 48A of the Constitution of India mandates that 'the State shall endeavour to protect and improve the environment and to safeguard the forests and wildlife of the country'.,"Bharat ke samvidhan ka article 48A environment ke maamle me kya kehta hai? Article 48A ke hisaab se state ko environment ko protect karna hai aur improve karna hai, aur country ke forests aur wildlife ko safeguard karna hai.","Article 48A ke hisaab se state ko environment ko protect karna hai aur improve karna hai, aur country ke forests aur wildlife ko safeguard karna hai."
How does the actual rate of forest loss in India compare to the rate indicated by government statistics?,"India, according to reliable data, is losing its forests at the rate of 3.7 million acres a year... The actual loss of forests is estimated to be about eight times the rate indicated by government statistics.","The actual loss of forests in India is estimated to be about eight times the rate indicated by government statistics, which state a loss of 3.7 million acres per year.","India mein actual forest loss rate government ke statistics se kitna alag hai? Reliable data ke mutabiq, India har saal 3.7 million acres forest lose kar raha hai... Actual forest loss government statistics se lagbhag 8 times zyada hai","India mein forest loss ka actual rate government ke statistics se lagbhag 8 times zyada hai, jo kehte hain ki saal mein 3.7 million acres ka nuksaan hota hai"
Describe the dramatic increase in world population during the 20th century.,"By the year 1900, a second billion was added, and the twentieth century has added another 3.7 billion. The present world population is estimated at 5.7 billion. Every four days the world population increases by one million.","The 20th century saw a significant surge in world population, adding 3.7 billion people, bringing the estimated total to 5.7 billion. This growth continues at a rapid pace, with the world population increasing by one million every four days.","20th century me world population me kya dramatic increase hua, jab 1900 tak do billion log the aur 20th century me 3.7 billion log aur bhi badh gaye, ab world population 5.7 billion ke karib hai, har 4 din me ek million log badh jaate hain","20th century me world population me bahut tezi se iraad hua, 3.7 billion log badh gaye, ab total log 5.7 billion ke karib hai, ye growth itni tezi se ho raha hai ki har 4 din me ek million log badh jaate hain"
Explain the concept of 'development as the best contraceptive' as mentioned in the text.,"Fertility falls as incomes rise, education spreads, and health improves. Thus development is the best contraceptive.","The phrase 'development is the best contraceptive' means that as societies experience improvements in income levels, education, and health, fertility rates tend to decrease naturally. This suggests that socio-economic development can effectively contribute to population control.","Yeh concept samjhaaye ki 'vikas sabse accha garbhnirodhak hai' jo ki is text mein mention kiya gaya hai, jisme kaha gaya hai ki jab aay badhti hai, shiksha failti hai aur swasthya behtar hota hai to garbhdharan ki dar ghat jati hai, isliye vikas sabse accha garbhnirodhak hai.","Yeh phrase 'vikas sabse accha garbhnirodhak hai' ka matlab hai ki jab samaj mein aay, shiksha aur swasthya mein sudhar hota hai to garbhdharan ki dar apne aap kam ho jati hai, isse pata chalta hai ki samajik-aarthik vikas jan sankhya niyantran mein mahatvapoorn yogdan de sakta hai."
What is the 'transcending concern' that has emerged for the first time in human history?,"For the first time in human history we see a transcending concern — the survival not just of the people but of the planet. We have begun to take a holistic view of the very basis of our existence. The environmental problem does not necessarily signal our demise, it is our passport for the future. The emerging new world vision has ushere","The 'transcending concern' that has emerged for the first time in human history is the survival not just of human beings, but of the entire planet. This reflects a shift towards a holistic view of existence, seeing the environmental problem as a 'passport for the future' rather than a sign of demise.","Pehli baar insaani itihaas mein kaun si 'transcending concern' saamne aayi hai? Jab pehli baar hum insaani itihaas mein dekhte hain ki ek aisi chintaa saamne aayi hai jo ki sirf logon ki nahin, balki poore grah ki suraksha ki baat kar rahi hai. Humne apni maujoodgi ke buniyadi pehluon par ek holistic nazarandaaz shuru kiya hai. Environmental samasya humari mrityu ka sanket nahin hai, yeh humari bhavishya ki passport hai. Naye duniya drishtikon ka uday hua hai","Pehli baar insaani itihaas mein saamne aayi 'transcending concern' sirf insaan ki nahin, balki poore grah ki suraksha ki baat kar rahi hai. Yeh ek holistic nazarandaaz ki or badhne ka sanket hai, jismein environmental samasya ko humari mrityu ka sanket nahin, balki bhavishya ki passport maana ja raha hai."
What was Professor Gaitonde's initial plan of action upon arriving in Bombay?,"Meanwhile, the racing mind of Professor Gaitonde had arrived at a plan of action in Bombay. Indeed, as a historian he felt he should have thought of it sooner. He would go to a big library and browse through history books.",Professor Gaitonde planned to go to a big library in Bombay to browse through history books. He also intended to eventually return to Pune to have a long talk with Rajendra Deshpande.,Professor Gaitonde bombay pahunchne ke baad kya karenge? Vaise toh Professor Gaitonde ka dimaag tezi se daud raha tha aur bombay mein ek plan banaya tha. Historian hone ke nate usey pata chala ki usey pehle hi yeh sochna chahiye tha. Vah ek bade library jayega aur history ke kitabon ko dekhega.,Professor Gaitonde ne socha ki vah bombay mein ek bade library jayega aur history ke kitabon ko dekhega. Aur phir vah pune wapas jayega aur Rajendra Deshpande se lambi baat karega.
What surprised Professor Gaitonde most about the East India Company's status in this version of Bombay?,"The East India Company had been wound up shortly after the events of 1857 — at least, that is what history books said. Yet, here it was, not only alive but flourishing.","He was shocked to find the East India Company not only alive but flourishing, as in his own historical understanding, it had been wound up shortly after the events of 1857.","Professor Gaitonde ko East India Company ke status ke baare mein kya sabse zyada hairan karne wala tha yeh version of Bombay mein? History books ke hisab se East India Company ko 1857 ke baad band kar diya gaya tha, lekin yahaan wo na sirf alive tha balki flourishing bhi tha.","Usse yeh dekhkar shock laga ki East India Company na sirf alive hai balki flourishing bhi hai, kyunki uske apne historical understanding ke hisab se, East India Company ko 1857 ke baad band kar diya gaya tha."
How did Khan Sahib explain the presence of the British in the region during the train journey to Gangadharpant?,“See the tiny Union Jack painted on each carriage? A gentle reminder that we are in British territory.”,"Khan Sahib pointed out the tiny Union Jack painted on each carriage of the Greater Bombay Metropolitan Railway (GBMR), explaining it was a gentle reminder that they were in British territory.","Khan Sahib ne train journey ke dauraan Gangadharpant ko britisher ke presence ko kaise explain kiya? - Arre dekh, har carriage pe chhota sa Union Jack paint hai, yeh ek gentle reminder hai ki hum britisher territory mein hain.","Khan Sahib ne GBMR ke har carriage pe chhote Union Jack ko dikhaya, aur samjhaya ki yeh ek gentle reminder hai ki ve britisher territory mein hain."
"According to the history book Professor Gaitonde read, at what specific event did history take a different turn?","Reading volume five from both ends inwards, Gangadharpant finally converged on the precise moment where history had taken a different turn. That page in the book described the Battle of Panipat, and it mentioned that the Marathas won it handsomely.","History took a different turn at the Battle of Panipat, which the Marathas won handsomely, routing Abdali and chasing him back to Kabul.","Professor Gaitonde ne jo history book padha tha, usme kya likha tha ki kaun si specific event mein history alag turn leta hai? Volume five ko dono ends se padhkar, Gangadharpant ne pata lagaya ki history ka turn kahan alag hua tha. Us page mein Battle of Panipat ki baat thi, aur likha tha ki Marathas ne use handsome jita tha.","History ka turn alag hua tha Battle of Panipat mein, jahan Marathas ne Abdali ko handsome haraya aur use Kabul tak bhaga diya."
What were the immediate consequences for the Marathas and the East India Company after the Maratha victory in the Battle of Panipat in this altered history?,"Their victory in the battle was not only a great morale booster to the Marathas but it also established their supremacy in northern India. The East India Company, which had been watching these developments from the sidelines, got the message and temporarily shelved its expansionist programme.","The Maratha victory boosted their morale, established their supremacy in northern India, and led the East India Company to temporarily shelve its expansionist programme. It also increased the influence of Bhausaheb and Vishwasrao.","Maratha ki jeet ke baad Panipat ki ladai mein Maratha aur East India Company ke liye immediate consequences kya the? Maratha ki jeet se unka manobaal badh gaya aur unki northern India mein supremacy bhi establish ho gayi. East India Company, jo ki sideline se ye sab dekh rahi thi, ko message mil gaya aur usne apna expansionist programme temporarily rok diya.","Maratha ki jeet se unka morale boost hua, unki northern India mein supremacy establish hui, aur East India Company ne apna expansionist programme temporarily rok diya. Isse Bhausaheb aur Vishwasrao ka influence bhi badh gaya."
"What was Professor Gaitonde's primary concern after failing to find his son, Vinay Gaitonde, in this new world?",It was characteristic of him not to worry about where he would stay. His main concern was to make his way to the library of the Asiatic Society to solve the riddle of history.,"His main concern was to make his way to the library of the Asiatic Society to solve the riddle of history, rather than worrying about his accommodation.","Professor Gaitonde ko apne bete Vinay Gaitonde ko nahi milne ke baad kya sabse zyada chinta thi? Vah apne rehne ki jagah ke baare mein chinta nahin karte the, unki main chinta Asiatic Society ki library jaakar itihas ka rahasya suljhaana tha.","Uska main chinta yeh nahin tha ki vah kahin rahega, balki vah Asiatic Society ki library jaakar itihas ka rahasya suljhaana chahta tha."
Name two prominent British departmental stores Professor Gaitonde observed on Hornby Road in this altered Bombay.,"There was no Handloom House building. Instead, there were Boots and Woolworth departmental stores, imposing offices of Lloyds, Barclays and other British banks, as in a typical high street of a town in England.",Professor Gaitonde observed Boots and Woolworth departmental stores on Hornby Road.,"Hornby Road pe Professor Gaitonde ne dekhe koi do bade British departmental stores, jahan pe Handloom House building nahi thi, balki Boots aur Woolworth departmental stores thi, aur Lloyds, Barclays jaise British banks ke offices bhi thi?",Professor Gaitonde ne Hornby Road pe Boots aur Woolworth departmental stores dekhe
How was the political structure of India described in the twentieth century in the history book Professor Gaitonde read?,"The twentieth century brought about further changes inspired by the West. India moved towards a democracy. By then, the Peshwas had lost their enterprise and they were gradually replaced by democratically elected bodies. The Sultanate at Delhi survived even this transition, largely because it wielded no real influence. The Shahenshah of Delhi was no more than a figurehead to rubber-stamp the ‘recommendations’ made by the central parliament.","In the twentieth century, India moved towards a democracy, with the Peshwas being replaced by democratically elected bodies. The Sultanate at Delhi survived, but the Shahenshah was merely a figurehead who rubber-stamped recommendations from the central parliament.","Professor Gaitonde ne jo history book padha tha usmein 20th century mein India ki political structure kaise describe ki gayi thi? Tab West se inspire hokar kuch aur changes aaye the, India democracy ki taraf badhne laga. Tab tak Peshwa log apni capability kho chuke the aur unki jagah democratically elected bodies ne le li thi. Delhi ka Sultanate bhi is transition mein survive kar gaya, kyunki uska asal mein koi influence nahi tha. Delhi ka Shahenshah sirf ek figurehead tha jo central parliament ke 'suggestions' par rubber-stamp karta tha.","20th century mein India democracy ki taraf badhne laga, Peshwa log democratically elected bodies se replace ho gaye. Delhi ka Sultanate survive kar gaya lekin Shahenshah sirf ek figurehead tha jo central parliament ke recommendations ko rubber-stamp karta tha."
How did the Peshwas interact with the East India Company regarding science and technology in the 19th century?,"They set up their own centres for science and technology. Here, the East India Company saw another opportunity to extend its influence. It offered aid and experts. They were accepted only to make the local centres self-sufficient.","The Peshwas set up their own centers for science and technology and accepted aid and experts from the East India Company, but only for the purpose of making their local centers self-sufficient.","19vi century me Peshwaon ne science aur technology ke maamle me East India Company ke saath kaise interact kiya? Ve apne centres for science aur technology set up karte the, aur East India Company ne isme bhi apne influence badhane ka mauka dekha, unhone aid aur experts offer kiye, lekin Peshwaon ne sirf apne local centres ko self-sufficient banane ke liye accept kiya.","Peshwaon ne apne centres for science aur technology set up kiye aur East India Company se aid aur experts accept kiye, lekin sirf iske liye taaki ve apne local centres ko self-sufficient bana sakein."
"What did Gangadharpant appreciate about the India he encountered, based on his reading?","As he read on, Gangadharpant began to appreciate the India he had seen. It was a country that had not been subjected to slavery for the white man; it had learnt to stand on its feet and knew what self-respect was.","He appreciated that it was a country that had not been subjected to slavery by the white man, had learned to stand on its own feet, and understood self-respect.","Gangadharpant ne apne padhai ke aadhar par India ke kaun si cheez ko appreciate kiya? Jab vah aage padhte gaye, toh unhone dekha ki India ko samajhne lage","Vah appreciate kiya ki yeh desh gora log ke gulami ka shikaar nahi hua tha, apne pairon par khada hone ki seekh li thi, aur self-respect ko samajh ta tha"
What farewell gift did Lhamo give the narrator before they left Ravu?,"After ducking back into her tent, she emerged carrying one of the long- sleeved sheepskin coats that all the men wore.",Lhamo gave the narrator a long-sleeved sheepskin coat as a farewell present.,Ravu se jaane se pehle Lhamo ne narrator ko kaunsa farewell gift diya tha? Vah apne tent me jaakar ek lambe sleeve wale sheepskin coat lekar aayi jo sabhi aadmi pehante the.,Lhamo ne narrator ko ek lambe sleeve wale sheepskin coat diya as a farewell gift.
Describe the shortcut Tsetan took to get off the Changtang and its general direction.,"We took a short cut to get off the Changtang. Tsetan knew a route that would take us south-west, almost directly towards Mount Kailash. It involved crossing several fairly high mountain passes, he said.","Tsetan took a shortcut leading south-west, almost directly towards Mount Kailash, which involved crossing several fairly high mountain passes.",Batao ki Tsetan ne Changtang se nikalne ke liye kaunsa shortcut liya tha aur uska general direction kya tha,Tsetan ne Mount Kailash ki taraf south-west mein jaane wala shortcut liya jo ki kai high mountain passes cross karne ka tha
"What type of wild animals did the travelers encounter on the plains, and how did they behave?","Further on, where the plains became more stony than grassy, a great herd of wild ass came into view. Tsetan told us we were approaching them long before they appeared. 'Kyang,' he said, pointing towards a far-off pall of dust. When we drew near, I could see the herd galloping en masse, wheeling and turning in tight formation as if they were practising manoeuvres on some predetermined course.","They encountered a great herd of wild ass, called Kyang, which were seen galloping en masse, wheeling and turning in tight formation, creating plumes of dust.","Plains mein traveler ko kaun kaun se wild animals milte hai, aur ve kaise behave karte hai? Agar plains mein stone zyada ho aur ghaas kam ho, toh kya hota hai?","Unhe ek bada herd mila wild ass ka, jo kyang kehte hai, jo mass mein bhagte hue, wheeling aur turning karte hue tight formation mein dekhe gaye, jaise ki ve kisi predetermined course par manoeuvres practice kar rahe ho"
What was the typical behavior of the Tibetan mastiffs guarding the nomads' tents as the vehicle approached?,"These beasts would cock their great big heads when they became aware of our approach and fix us in their sights. As we continued to draw closer, they would explode into action, speeding directly towards us, like a bullet from a gun and nearly as fast. These shaggy monsters, blacker than the darkest night, usually wore bright red collars and barked furiously with massive jaws. They were completely fearless of our vehicle, shooting straight into our path, causing Tsetan to brake and swerve.","As the vehicle approached, the Tibetan mastiffs would cock their heads, fix the car in their sights, then explode into action, speeding directly towards it, barking furiously and forcing Tsetan to brake and swerve.","Nomads ke tent ke paas wale Tibetan mastiffs ka kya behaviour hota tha jab vehicle aati thi? Ye beasts apne bade heads ko cock karte the jab unhe pata chalta tha ki hum aarahe hain, phir ve hume apni nazar mein le lete the. Jab hum aur paas aate the, ve action mein aajate the, humari taraf se seedha tezi se aate the, jaise ki gun se nikla hua goli, aur utni hi tez. Ye shaggy monsters, jo ki sabse andhere raat se bhi zyada kaale hote the, aam taur par laal collars pehante hote the aur apne bade jaws ke saath bhukk bhukk karte the. Ve hamein apni gaadi se bilkul nahi darte the, seedha humari raah mein aa jaate the, jisse Tsetan ko brake aur swerve karna padta tha.","Jab vehicle aati thi, Tibetan mastiffs apne heads ko cock karte the, gaadi ko apni nazar mein le lete the, phir action mein aajate the, seedha uski taraf tezi se aate the, bhukk bhukk karte the aur Tsetan ko brake aur swerve karne ke liye majboor karte the."
"How did Tsetan, Daniel, and the narrator overcome the first snow blockage on the track?","A swathe of the white stuff lay across the track in front of us, stretching for maybe fifteen metres... Tsetan stepped on to the encrusted snow and began to slither and slide forward, stamping his foot... 'If we slip off, the car could turn over,' he suggested, as we saw Tsetan grab handfuls of dirt and fling them across the frozen surface. We both pitched in and, when the snow was spread with soil, Daniel and I stayed out of the vehicle to lighten Tsetan’s load. He backed up and drove towards the dirty snow, eased the car on to its icy surface and slowly drove its length without apparent difficulty.","Tsetan, Daniel, and the narrator spread dirt over the icy snow patch to create traction. Daniel and the narrator then exited the vehicle to lighten its load, allowing Tsetan to slowly drive the car across the dirt-covered snow.","Tsetan, Daniel aur narrator ne track pe pehli baar snow blockage ko kaise cross kiya? Saamne hamare samne lagbhag pandrah metre tak white snow thi... Tsetan ne encrusted snow par foot rakha aur slip karke aage badhne laga, apna foot stamp karta hua... 'Agar hum slip ho jaate hain, to car ulat sakta hai,' Tsetan ne suggest kiya, jab humne use mitti ke handfuls uthate aur frozen surface par daalate hue dekha. Hum dono ne bhi madad ki, aur jab snow par mitti daali gayi, to Daniel aur main vehicle se bahar utar gaye taaki Tsetan ka load lightweight ho jaaye. Tsetan ne car ko reverse kiya aur dirty snow ki taraf drive kiya, car ko uske icy surface par rakha aur dheere se uski length tak bina kisi mushkil ke drive kiya.","Tsetan, Daniel aur narrator ne icy snow patch par mitti daal kar traction create ki. Phir Daniel aur narrator vehicle se utar gaye taaki Tsetan ka load lightweight ho jaaye, aur Tsetan ne car ko dheere se dirt-covered snow par drive kiya."
"What was the elevation of the pass summit, and what traditional markers were found there?","We finally reached the top of the pass at 5,515 metres. It was marked by a large cairn of rocks festooned with white silk scarves and ragged prayer flags.","The pass summit was at 5,515 metres and was marked by a large cairn of rocks adorned with white silk scarves and ragged prayer flags.","Pass summit ki elevation kya thi, aur wahan kya traditional markers milte hain? Hum finally pass ke top par 5,515 metres par pahunch gaye. Yeh ek bade cairn of rocks se marked tha, jahan white silk scarves aur ragged prayer flags lage hue the.","Pass summit 5,515 metres par tha, aur yeh ek bade cairn of rocks se marked tha, jahan white silk scarves aur ragged prayer flags lage hue the."
"What effect did the lower atmospheric pressure at the high altitude have on the vehicle's fuel tank, and how did Tsetan react?","He stopped at the petrol tank and partially unscrewed the top, which emitted a loud hiss. The lower atmospheric pressure was allowing the fuel to expand. It sounded dangerous to me. 'Maybe, sir,' Tsetan laughed 'but no smoking.'","The lower atmospheric pressure caused the fuel in the petrol tank to expand, emitting a loud hiss when Tsetan partially unscrewed the top. Tsetan acknowledged the potential danger but laughed it off, simply advising ""no smoking.""","High altitude par lower atmospheric pressure ne vehicle ke fuel tank pe kya effect kiya, aur Tsetan ne kaisa react kiya? Vah petrol tank ke paas ruk gaya aur top ko partially unscrew kiya, jiske baad ek loud hiss sunai di. Lower atmospheric pressure ke kaaran fuel expand ho raha tha. Mujhe lagta hai ki yeh khatarnaak tha. 'Shayad, sir,' Tsetan hansne laga 'lekin smoking mat karna.","Lower atmospheric pressure ke kaaran fuel tank me fuel expand ho gaya, jab Tsetan ne top ko partially unscrew kiya to loud hiss sunai di. Tsetan ne potential danger ko acknowledge kiya lekin hans ke taal di, sirf 'smoking mat karna' advise kiya."
"Where did the travelers stop for lunch after descending the pass, and what kind of activity was happening there?","It was two o’clock by the time we stopped for lunch. We ate hot noodles inside a long canvas tent, part of a workcamp erected beside a dry salt lake. The plateau is pockmarked with salt flats and brackish lakes, vestiges of the Tethys Ocean... This one was a hive of activity, men with pickaxes and shovels trudging back and forth in their long sheepskin coats and salt-encrusted boots. All wore sunglasses against the glare as a steady stream of blue trucks emerged from the blindingly white lake laden with piles of salt.","They stopped for lunch at a workcamp beside a dry salt lake. The camp was a hive of activity, with men digging salt with pickaxes and shovels, and blue trucks continuously emerging from the lake laden with salt.",Pass utarte hue lunch kahan par rukke aur wahan kya ho raha tha?,"Unhone lunch ek workcamp me liya jo ek sukhe namak ke talab ke paas tha. Wahan bahut activity ho rahi thi, aadmi pickaxes aur phavde lekar namak khod rahe the, aur blue trucks lagatar talab se namak bhare hue nikal rahe the."
Why and where did Daniel part ways with the narrator and Tsetan?,"By late afternoon we had reached the small town of Hor, back on the main east-west highway that followed the old trade route from Lhasa to Kashmir. Daniel, who was returning to Lhasa, found a ride in a truck so Tsetan and I bade him farewell outside a tyre-repair shop.","Daniel, who was returning to Lhasa, found a ride in a truck in the small town of Hor, where he parted ways with the narrator and Tsetan outside a tyre-repair shop.","Daniel aur narrator aur Tsetan kab aur kahan alag hue? Shaam ke samay hum ek chhote se shahar Hor mein pahunch gaye, jo ki main east-west highway par hai, jo ki purane Lhasa to Kashmir ke trade route ka hissa hai. Daniel, jo ki Lhasa wapas ja raha tha, usne ek truck mein ride dhundh li, toh Tsetan aur maine use ek tyre-repair shop ke bahar bidai di.","Daniel, jo ki Lhasa wapas ja raha tha, usne Hor shahar mein ek truck mein ride dhundh li, jahan usne narrator aur Tsetan se alag hokar ek tyre-repair shop ke bahar bidai li."
Describe the general appearance and condition of the town of Hor.,"Hor was a grim, miserable place. There was no vegetation whatsoever, just dust and rocks, liberally scattered with years of accumulated refuse, which was unfortunate given that the town sat on","Hor was described as a grim, miserable place with no vegetation, only dust and rocks, and was liberally scattered with years of accumulated refuse.","Hor town ka general appearance aur condition kaisa tha? Hor ek bahut hi grim aur miserable jagah thi, yahan koi vegetation nahi thi, bas dhool aur patthar the, aur saalon se ikattha hua kachra bhi har jagah tha, jo ki bahut hi unlucky thi kyunki yeh town ek aisi jagah par basi thi","Hor ko ek grim aur miserable jagah bataya gaya hai jahan par koi vegetation nahi hai, bas dhool aur patthar hain, aur yahan par saalon se ikattha hua kachra bhi har jagah scattered hai"
What are the key requirements for a student to write effectively?,"To be able to write effectively the student needs to  understand the significance and purpose of writing  develop coherence in writing  understand and employ cohesive devices  have relative command of grammar, spelling and punctuation.","For a student to write effectively, they need to understand the significance and purpose of writing, develop coherence, understand and employ cohesive devices, and have a relative command of grammar, spelling, and punctuation.","Kya ek student ke liye effectively likhne ke liye kya zaroori hai? Effective likhne ke liye student ko likhne ka mahatva aur uddeshya samajhna, writing mein coherence develop karna, cohesive devices samajhna aur unka upyog karna, aur grammar, spelling aur punctuation par relative command hona chahiye.","Ek student ke liye effectively likhne ke liye, unhein likhne ka mahatva aur uddeshya samajhna hoga, coherence develop karni hogi, cohesive devices samajhni hogi aur unka upyog karna hoga, aur grammar, spelling aur punctuation par relative command hona chahiye."
Why is note-making considered an important study skill?,note-making is an important study skill. It also helps us at work. We need to draw the main points of the material we read as it is difficult to remember large chunks of information.,"Note-making is an important study skill because it helps individuals draw the main points from material, making it easier to remember information rather than large chunks.","note-making ko important study skill kyu mana jata hai? note-making to humare study ke liye important hai, aur kaam mein bhi madad karti hai. hume jo padhte hain uske main points nikalne padte hain kyunki itna saara information yaad rakhna mushkil hota hai","note-making important study skill hai kyunki isse hum material ke main points nikal sakte hain, aur information yaad rakhna asaan ho jata hai, bina large chunks ke"
"According to scientists, where did all pheasants originate from?","Scientists believe that all pheasants originated from the Himalayas, and then scattered into Tibet, China, Myanmar, South and South East Asian countries as well as the Caucasus Mountains.",Scientists believe that all pheasants originated from the Himalayas.,"Scientists ke mutabik, sabhi teetar kahase aaye hain? Scientists maante hai ki sabhi teetar Himalaya se aaye hain, aur phir Tibet, China, Myanmar, South aur South East Asian countries ke alawa Caucasus Mountains tak bhi phele",Scientists maante hai ki sabhi teetar Himalaya se aaye hain
To which order and family do pheasants belong?,"Of the 900 bird species and 155 families, the pheasants belong to the order Galliformes and family Phasinidae.",Pheasants belong to the order Galliformes and the family Phasinidae.,"Kya order aur family hai jisme pheasants aate hain? 900 bird species aur 155 families mein se, pheasants Galliformes order aur Phasinidae family mein aate hain.",Pheasants Galliformes order aur Phasinidae family mein aate hain.
What is the specific purpose of the identification chart brought out by the Environment Society of India (ESI)?,"The purpose of this chart is to create awareness among members of the school eco-clubs under the National Green Corps (NGC) of the Ministry of Environment and Forests, Government of India.","The purpose of the ESI identification chart is to create awareness among members of school eco-clubs under the National Green Corps (NGC) of the Ministry of Environment and Forests, Government of India.","Environment Society of India (ESI) dwara nikali gayi identification chart ka kya vishesh uddeshya hai? Is chart ka uddeshya National Green Corps (NGC) ke school eco-clubs ke sadasyon mein jagrukta paida karna hai, jo ki Ministry of Environment and Forests, Government of India ke antargat aata hai.","ESI identification chart ka uddeshya National Green Corps (NGC) ke school eco-clubs ke sadasyon mein jagrukta paida karna hai, jo ki Ministry of Environment and Forests, Government of India ke antargat aata hai."
Which member of the pheasant family is India's national bird and what is its cultural significance?,"The male blue peafowl (the peacock) is the best known member of the pheasant family and is India’s national bird. It occupies a prominent place in India’s art, culture and folklore.","The male blue peafowl, or peacock, is India's national bird and a well-known member of the pheasant family. It holds a prominent place in India’s art, culture, and folklore.",Kaun se pheasant family ka member India ka national bird hai aur iska cultural significance kya hai? India ke national bird ka kya mahatva hai?,"Male blue peafowl yaani peacock India ka national bird hai aur pheasant family ka ek mashhoor member hai, yeh India ke art, culture aur folklore mein ek prominent jagah rakhta hai"
How should information be logically divided and subdivided in good notes?,"Information is logically divided and subdivided by the use of figures/letters. The divisions are made like this: Main sections : 1, 2, 3, etc. Sub-sections : (i), (ii), (iii), etc. Sub-sub-sections : (a), (b), (c), etc.","In good notes, information is logically divided and subdivided using figures/letters. Main sections are numbered 1, 2, 3, etc., sub-sections use (i), (ii), (iii), etc., and sub-sub-sections use (a), (b), (c), etc.","Acchi notes mein information ko logically kaise divide aur sub-divide karna chahiye? Information ko logically divide aur sub-divide karne ke liye figures/letters ka use hota hai. Divisions is tarah se ki jati hain: Main sections - 1, 2, 3, etc. Sub-sections - (i), (ii), (iii), etc. Sub-sub-sections - (a), (b), (c), etc.","Acchi notes mein, information ko logically divide aur sub-divide karne ke liye figures/letters ka use kiya jata hai. Main sections ko 1, 2, 3, etc. number diya jata hai, sub-sections mein (i), (ii), (iii), etc. ka use hota hai, aur sub-sub-sections mein (a), (b), (c), etc. ka use kiya jata hai."
Explain the 'decimal' system for structuring notes.,"Another common method is the ‘decimal’ system. Main sections : 1, 2, 3, etc. Sub-sections : 1.1, 1.2, 1.3, etc. Sub-sub-sections : 1.1.1, 1.1.2, 1.1.3, 1.2.1, 1.2.2, etc.","The 'decimal' system for structuring notes uses numbers like 1, 2, 3 for main sections; 1.1, 1.2, 1.3 for sub-sections; and 1.1.1, 1.1.2, 1.1.3, etc., for sub-sub-sections.","Notes ko structure karne ke liye 'decimal' system ko explain karo. Isme main sections ke liye 1, 2, 3 number use hote hain, sub-sections ke liye 1.1, 1.2, 1.3, aur sub-sub-sections ke liye 1.1.1, 1.1.2, 1.1.3, 1.2.1, 1.2.2, etc. use hote hain.","Decimal system notes ko structure karne ka ek tarika hai, jisme main sections ke liye 1, 2, 3 number use hote hain, sub-sections ke liye 1.1, 1.2, 1.3, aur sub-sub-sections ke liye 1.1.1, 1.1.2, 1.1.3, etc. use hote hain."
What is the original source of energy stored in coal and petroleum?,The ener gy stored in coal and petroleum originally came to the earth from the sun.,The energy stored in coal and petroleum originally came to the earth from the sun.,Coal aur petroleum mein stored energy ka original source kya hai? Coal aur petroleum mein stored energy originally kaha se aayi thi?,Coal aur petroleum mein stored energy originally suraj se earth par aayi thi
Briefly explain how dead plant and animal material was preserved and transformed into coal and petroleum.,"When these organisms died, much of their tissue was recycled as it is today — through scavenging and decay. But a significant amount of dead plant and animal material was covered with mud, which prevented complete decomposition. With the passage of time, layer upon layer of the fine sediment was deposited over the once-living material; the sheer weight turned the sediments to rock. Sandwiched between the layers, both coal and petroleum were produced and preserved under pressure.","Dead plant and animal material was covered with mud, preventing complete decomposition. Over time, layers of sediment were deposited, and the immense weight turned these sediments into rock. Under this pressure, sandwiched between the layers, coal and petroleum were produced and preserved.","Dead plants aur animals ke material ko kaise preserve kiya gaya aur coal aur petroleum mein convert kiya gaya? Jab ye organisms mar gaye, toh unke tissue ka bahut sa hissa aaj ke tarah recycle ho gaya - scavenging aur decay ke through. Lekin dead plant aur animal material ka ek bada hissa mud se dhak gaya, jisne complete decomposition ko rok diya. Samay ke saath, fine sediment ke layer upon layer is once-living material ke oopar deposit ho gaye; sheer weight ne sediments ko rock mein badal diya. Layers ke beech mein, coal aur petroleum produce huye aur pressure ke neeche preserve ho gaye.","Dead plant aur animal material mud se dhak gaya, jisne complete decomposition ko rok diya. Samay ke saath, sediment ke layers deposit hote gaye, aur immense weight ne in sediments ko rock mein badal diya. Is pressure ke neeche, layers ke beech mein coal aur petroleum produce aur preserve ho gaye."
What is the primary purpose of summarising?,If the main points are to be reported we present a summary.,The primary purpose of summarising is to report the main points of an original source.,Summarising ka primary purpose kya hai? Agar main points report karne hain to hum summary present karte hain,Summarising ka primary purpose original source ke main points report karna hai
How does summarising differ from note-making in terms of length and purpose?,The purpose of note-making is usually for one’s own personal reference. If the main points are to be reported we present a summary. It is not as severely shortened as note-making.,"Summarising is not as severely shortened as note-making. Note-making is usually for personal reference, while summarising is for reporting main points.","Summarising aur note-making me kitna difference hai length aur purpose ke maamle me? Note-making ka purpose usually apne liye hota hai, lekin agar main points report karne hote hai to hum summary present karte hai, jo ki note-making jaise itna shortened nahi hota.","Summarising note-making jaise itna shortened nahi hota. Note-making usually personal reference ke liye hota hai, jabki summarising main points report karne ke liye hota hai."
"What are the key steps involved in the process of summarising, after analyzing the passage?","The process of summarising would involve the steps followed in note-making: 1. underlining important ideas 2. writing them down, abridging the verbs 3. avoiding examples, explanations, repetition. However, instead of nominalising the points (changing verbs into nouns), we expand the points into full sentences and link them using suitable connectors.","The key steps involve underlining important ideas, writing them down while abridging verbs, avoiding examples, explanations, and repetition. Then, instead of nominalising, expand the points into full sentences and link them using suitable connectors.","Passage ko analyse karne ke baad summarise karne ka process kya hota hai? Isme hum note-making wale steps follow karte hain, jaise ki important ideas ko underline karna, unhein abbreviate karke verbs ko short karke likhna, examples, explanations, aur repetition ko avoid karna. Lekin nominalising ke bajaye hum points ko full sentences mein expand karte hain aur suitable connectors se link karte hain.","Key steps hain important ideas ko underline karna, verbs ko short karke unhein likhna, examples, explanations, aur repetition ko avoid karna. Phir nominalising ke bajaye points ko full sentences mein expand karna aur suitable connectors se link karna."
"What family do soybeans belong to, and what are their typical growing conditions?",Soybeans belong to the legume family. The beans are the seeds of the leguminous soybean plant. They can be grown on a variety of soils and in a wide range of climates.,Soybeans belong to the legume family and can be grown on a variety of soils and in a wide range of climates.,"Soyabean kaunse family mein aate hain, aur unke typical growing conditions kya hote hain? Soyabean legume family mein aate hain. Ye beans leguminous soyabean plant ke seeds hote hain. Inhe alag-alag tarah ke soils pe aur kayi tarah ke climates mein ugaya ja sakta hai.",Soyabean legume family mein aate hain aur inhe alag-alag tarah ke soils pe aur kayi tarah ke climates mein ugaya ja sakta hai.
"List several diverse uses of soybeans, including both food and non-food applications.","Soybeans are versatile... as they can be used as whole beans, soy sprouts, or processed as a variety of food items, such as soy milk, tofu, tempeh, textured vegetable protein, miso, soy sauce, soy oil and margarine, and soy dairy alternatives. They are also used for making candles and bio-diesel.","Soybeans can be used as whole beans, soy sprouts, and processed into food items like soy milk, tofu, tempeh, textured vegetable protein, miso, soy sauce, soy oil, margarine, and soy dairy alternatives. They are also used for making candles and bio-diesel.","Soybeans ka kai tarah se upyog hai, khane aur non-food items dono me, list karo. Soybeans bohot versatile hai, kyuki hum inhe poore bean ke roop me, soy sprouts ke roop me, ya phir inhe alag alag food items banane ke liye process kar sakte hai, jese ki soy milk, tofu, tempeh, textured vegetable protein, miso, soy sauce, soy oil aur margarine, aur soy dairy alternatives. Inhe candles aur bio-diesel banane me bhi use kiya jata hai.","Soybeans ko hum poore bean ke roop me, soy sprouts ke roop me, aur phir inhe alag alag food items banane ke liye process kar sakte hai, jese ki soy milk, tofu, tempeh, textured vegetable protein, miso, soy sauce, soy oil, margarine, aur soy dairy alternatives. Inhe candles aur bio-diesel banane me bhi use kiya jata hai."
"What are the main nutritional and health benefits of soy, according to the text?","Soy is an excellent source of high quality protein; is low in saturated fats and is cholestrol-free. It is also rich in vitamins, especially Vitamin B complex, minerals such as magnesium, calcium, iron, potassium and copper and also fibres. In recent times it has been highly recommended because of its ability to lower the levels of Low Density Lipoprotein (LDL), a bad cholesterol. The Food and Drug Administration (FDA), has confirmed that foods containing soy protein are likely to reduce the risk of coronary heart disease.","Soy is an excellent source of high-quality protein, low in saturated fats, cholesterol-free, and rich in vitamins (especially B complex), minerals, and fibres. It is recommended for its ability to lower LDL levels and reduce the risk of coronary heart disease.","Soy ke main nutritional aur health benefits kya hain, text ke hisab se? Soy mein high quality protein ka bahut accha source hai, saturated fats kam hote hain aur cholesterol bhi nahi hota. Vitamins, khaskar Vitamin B complex, minerals jaise magnesium, calcium, iron, potassium aur copper, aur fibres bhi bahut hote hain. Abhi ke samay mein iska bahut recommendation ho raha hai kyunki yeh Low Density Lipoprotein (LDL) ko kam karne ki capability rakhta hai, jo ki ek bad cholesterol hai. Food and Drug Administration (FDA) ne confirm kiya hai ki soy protein wale foods coronary heart disease ka risk kam karne wale hote hain.","Soy ek bahut accha source hai high-quality protein ka, saturated fats kam hote hain, cholesterol-free hai, aur vitamins, especially B complex, minerals aur fibres se bhi rich hai. Iska recommendation hota hai kyunki yeh LDL levels ko kam kar sakta hai aur coronary heart disease ka risk bhi kam kar sakta hai."
"Why is soymilk a suitable alternative for some people, and how can it be made at home?","Soymilk does not contain lactose (milk sugar) and can be drunk by those who are allergic to normal milk. To get soymilk, soybeans are soaked in water, ground and then strained. If you don’t mind the trouble, you can also make it at home.","Soymilk is suitable for those allergic to normal milk because it does not contain lactose. It can be made at home by soaking soybeans in water, grinding them, and then straining the liquid.","kyun soymilk kuch logon ke liye ek suitable alternative hai, aur ghar par isey kaise banaya ja sakta hai? Soymilk mein lactose (milk sugar) nahi hota aur jo log normal milk se allergic hote hain unke liye yeh peena suitable hai. Soymilk banane ke liye soybeans ko pani mein bhigo kar, pees kar aur phir chaan kar iska liquid nikala jata hai. Agar aapko takleef nahi hai toh aap ghar par bhi isey banaye.","Soymilk lactose nahi hota isliye jo log normal milk se allergic hote hain unke liye yeh suitable hai. Ghar par soymilk banane ke liye soybeans ko pani mein bhigona, peesna aur phir uska liquid chaan lena hota hai."
"What evidence suggests that the Sahara desert was once a 'green' and 'perfectly liveable' place around 6,000 years ago?","Just 6,000 years ago, the Sahara was a much different place. It was green. Prehistoric rock art in the Sahara shows something surprising: hippopotamuses, which need year-round water. “We don’t have much evidence of a tropical paradise out there, but we had something perfectly liveable,” says Jennifer Smith, a geologist at Washington University in St Louis.","Around 6,000 years ago, the Sahara was green, and prehistoric rock art depicts hippopotamuses, which require year-round water, indicating it was a 'perfectly liveable' environment.","Kya saboot hai ki Sahara desert 6000 saal pehle ek 'green' aur 'perfectly liveable' jagah tha? 6000 saal pehle, Sahara ek alag jagah tha, wo green tha. Sahara mein prehistoric rock art mein kuchh aisa dikhaya gaya hai jo hairan kar dene wala hai: hippopotamuses, jo saal bhar paani ki zaroorat hai.","6000 saal pehle Sahara green tha, aur prehistoric rock art mein hippopotamuses dikhaye gaye hain, jo saal bhar paani ki zaroorat hai, isse pata chalta hai ki wo ek 'perfectly liveable' environment tha."
What natural phenomenon is identified as the cause of the Sahara's past 'green' period and its subsequent desertification?,"The green Sahara was the product of the migration of the paleo-monsoon. In the same way that ice ages come and go, so too do monsoons migrate north and south. The dynamics of earth’s motion are responsible. The tilt of the earth’s axis varies in a regular cycle — sometimes the planet is more tilted towards the sun, sometimes less so. The axis also wobbles like a spinning top. The date of the earth’s perihelion — its closest approach to the sun — varies in a cycle as well. At times when the Northern Hemisphere tilts sharply towards the sun and the planet makes its closest approach, the increased blast of sunlight during the north’s summer months can cause the African monsoon... to shift to the north... Around 5,000 years ago the monsoon shifted dramatically southward again.","The migration of the paleo-monsoon, driven by the dynamics of Earth's motion including variations in axial tilt and perihelion, caused the Sahara's climate shifts. A northward shift of the monsoon led to the 'green' period, while a southward shift resulted in desertification.","Sahara ke pehle ke 'green' period aur uske baad ki desertification ka kaaran konsi natural phenomenon hai? Sahara ki green period paleo-monsoon ki migration ke kaaran hui thi, jismein earth ki motion ka bhi role tha.","Paleo-monsoon ki migration, jo earth ki motion ke dynamics, axial tilt aur perihelion ke variations se driven thi, ne Sahara ke climate shifts ka kaaran banaya. Monsoon ki northward shift se 'green' period aaya, jabki southward shift se desertification hui."
"What is 'fossil water' in the context of the Sahara, and what are its characteristics?","Yet beneath the Sahara are vast aquifers of fresh water, enough liquid to fill a small sea. It is fossil water, a treasure laid down in prehistoric times, some of it possibly a million years old. ... “It’s the best water in Egypt,” Giegengack said — clean, refreshing mineral water.","Fossil water refers to vast aquifers of fresh water beneath the Sahara, laid down in prehistoric times and potentially a million years old. It is described as clean, refreshing mineral water.","Sahara ke context mein 'fossil water' kya hai aur iske kya characteristics hain? Sahara ke neeche toh bahut saare fresh water ke aquifers hain, itne paani ki agar hum ek chhota sa samundar bhar dein toh woh bhi kam pad jayega. Yeh fossil water hai, jo pehle se hi treasure ki tarah rakha hua hai, aur shayad usme se kuch paani toh lakhon saal purana bhi ho sakta hai.","Fossil water se hum sahara ke neeche ke wo bade aquifers samajhte hain jinke andar fresh water hai, jo pehle se hi prehistoric times mein rakha hua hai aur jiske baare mein kahte hain ki wo lakhon saal purana hai. Is water ko clean, refreshing mineral water bola jaata hai."
What is the primary purpose of sub-titling in a long piece of writing?,The purpose of sub-titling is to convey the main idea or theme of each section of a long piece of writing. It helps the reader know at a glance the sub-topics that are being addressed.,The primary purpose of sub-titling is to convey the main idea or theme of each section and help the reader quickly identify the sub-topics being addressed.,"Ek lambi writing me sub-titling ka kya main purpose hota hai? Sub-titling ka purpose hai ki wo har section ka main idea ya theme ko clearly dikhaye, taaki reader ko ek glance me pata chal jaye ki kaunse sub-topics cover ho rahe hain.",Sub-titling ka main purpose hai ki wo har section ka main idea ya theme ko convey kare aur reader ko quickly sub-topics ko identify karne me madad kare.
Which Brazilian city is highlighted as an example of innovative urban plans using low-cost technologies?,"The example of Curitiba in Brazil, which has attracted global attention for innovative urban plans using low-cost technologies, shows that inclusive development models for urban renewal are workable.",Curitiba in Brazil is highlighted for its innovative urban plans that utilize low-cost technologies.,"Kaun sa Brazilian city ko low-cost technologies wale innovative urban plans ke liye example ke roop mein highlight kiya jaata hai? Curitiba in Brazil ka example, jo ki low-cost technologies wale innovative urban plans ke liye global attention gain kar chuka hai, yeh dikhaata hai ki inclusive development models urban renewal ke liye workable hai.",Curitiba in Brazil ko uske innovative urban plans ke liye highlight kiya jaata hai jo low-cost technologies ka use karte hain.
What event in 1994 brought India's urban decay to global attention?,The depths of urban decay in India came to global notice during the pneumonic plague of 1994 in Surat; it epitomised the failure of governments in the post-Independence era and exposed development policies that ignored fundamental public health issues inherited from colonial rule.,The pneumonic plague of 1994 in Surat brought India's urban decay to global attention.,1994 mein kaun si ghatna thi jisne India ke shehri girawat ko global taur par ujagar kiya?,1994 mein Surat mein pneumonic plague ne India ke shehri girawat ko global taur par ujagar kiya
"According to the Census of India 2001, what percentage of urban Indian households lacked a latrine within the house?","nearly 14 million Indian households (forming 26 per cent of the total) in the urban areas do not have a latrine within the house, as per the Census of India 2001","As per the Census of India 2001, nearly 26 percent (14 million) of urban Indian households did not have a latrine within their house.","India ke Census 2001 ke hisab se, kitne percent urban Indian households ke paas ghar ke andar latrine nahi thi?","Census of India 2001 ke mutabik, lagbhag 26 percent (14 million) urban Indian households ke paas apne ghar ke andar latrine nahi thi"
What is a major consequence of policy distortions in urban transport in India?,"Policy distortions have led to rising automobile dependency, higher safety risks for road users, and land use plans that are based not on the needs of people, but primarily designed to facilitate use of private motorised vehicles. It comes as no surprise therefore that pedestrians and bicycle riders, who form 30 to 70 per cent of peak hour traffic in most urban centres, also make up a large proportion of fatalities in road accidents.","Policy distortions in urban transport have led to rising automobile dependency, increased safety risks for road users, and land use plans that prioritize private motorized vehicles over people's needs, resulting in a large proportion of road accident fatalities among pedestrians and bicycle riders.","Bharat mein shahari parivahan mein niti vikritiyon ka ek bada parinaam kya hai? Niti vikritiyon ke kaaran gaadiyon par nirbharata badh rahi hai, sadak upyogkartaon ke liye suraksha khatre badh rahe hain, aur bhoomi upyog yojnaayein logon ki aavashyakataon ke aadhar par nahi, balki mukhyatah niji motor chalit vaahanon ka upyog sugam banane ke liye banayi ja rahi hain. Isliye yeh aashcharya ki baat nahi hai ki paidal chalne wale aur saikil chalane wale, jo adhikansh shahari kendron mein choti ghanton mein 30 se 70 pratishat traffic banaate hain, sadak durghatnaon mein mare hue logon ki badi sankhya bhi banaate hain.","Shahari parivahan mein niti vikritiyon ke kaaran gaadiyon par nirbharata badh rahi hai, sadak upyogkartaon ke liye suraksha khatre badh rahe hain, aur bhoomi upyog yojnaayein logon ki aavashyakataon se zyada niji motor chalit vaahanon ko prathmikta deti hain, jisse paidal chalne wale aur saikil chalane wale sadak durghatnaon mein mare hue logon ki badi sankhya bante hain."
"How did Curitiba, Brazil, address its urban transport challenges despite high per capita car ownership?","Starting in the 1970s, this provincial centre with the highest per capita ownership of cars in Brazil (other than the capital) at the time, banned automobiles from many crowded areas in favour of pedestrians, built an internationally acknowledged bus system that reduced household commuting expenditure to below the national average, and created new housing areas that were provided transport links in a planned manner.","Curitiba banned automobiles from crowded areas, prioritized pedestrians, developed an internationally recognized bus system, and planned housing areas with integrated transport links.","Brazil ke Curitiba ne apne urban transport ke challenges ko kaise solve kiya, jab ki wahan per capita car ownership bahut zyada tha? 1970s se shuru hokar, Brazil ke is provincial centre ne, jo ki capital ke alawa highest per capita car ownership wala tha, crowded areas se automobiles ko ban kar diya, pedestrians ko priority di, ek internationally acknowledged bus system develop kiya jo ki household commuting expenditure ko national average se kam kar diya, aur naye housing areas banaye jo ki planned manner me transport links provide karte the.","Curitiba ne crowded areas se automobiles ko ban kiya, pedestrians ko priority di, ek internationally recognized bus system develop kiya, aur planned housing areas banaye jahan integrated transport links the."
Describe Curitiba's low-cost initiative for managing floods.,"The city created large artificial lakes in suitable places that filled up in the monsoon, avoiding flooding of residential areas. In the summer, these lakes turned into parks to provide recreational spaces.",Curitiba managed floods by creating large artificial lakes that would fill up during the monsoon to prevent residential flooding and then serve as recreational parks in the summer.,"Curitiba ne flood manage karne ke liye kya low-cost initiative liya tha? Yeh city ne monsoon me bharne wale bade artificial lakes banaye jo residential areas ko flood hone se bachate hain, aur summer me yeh lakes park ban jaate hain jahan log recreational activities kar sakte hain.","Curitiba ne flood manage karne ke liye monsoon me bharne wale bade artificial lakes banaye, jo residential areas ko flood hone se bachate hain, aur summer me yeh lakes park ban jaate hain jahan log recreational activities kar sakte hain."
What ironic policy do Indian state administrations follow regarding wetlands and urban planning?,"State administrations and urban planning bodies in India follow policies that, ironically, allow filling of existing wetlands by real estate lobbies, leading to flooding.","Ironically, Indian state administrations allow real estate lobbies to fill existing wetlands, which then contributes to flooding.","Bharat mein rajya prashasan aur urban planning ke mamle mein wetlands ke maamle mein kya ajeeb si policy follow ki jaati hai? Rajya prashasan aur urban planning bodies to real estate lobbies ko wetlands bharna ki ijazat dete hain, jisse baad mein flooding hota hai.","Ajeeb baat hai ki Bharat ke rajya prashasan real estate lobbies ko mauka dete hain ki ve existing wetlands ko bharein, jisse baad mein flooding hota hai."
"What type of approach is suggested for Indian state and local governments to achieve genuine urban renewal, contrasting with a market-oriented model?","If only the state and local governments can be persuaded to adopt a rights- based approach to affordable housing, sanitation, water supply, mobility and a clean environment, instead of a market- oriented model that lays excessive emphasis on recovery of costs incurred by profit-oriented private sector service provision.","A rights-based approach to affordable housing, sanitation, water supply, mobility, and a clean environment is suggested, rather than a market-oriented model focused on cost recovery by profit-oriented private sector service provision.","Bharatiya rajya aur sthaniya sarkaron ke liye asli urban renewal praapt karne ke liye kaun sa approach suggest kiya gaya hai, jo market-oriented model se alag hai? Agar sirf rajya aur sthaniya sarkar ko affordable housing, sanitation, water supply, mobility aur swachch vatavaran ke liye rights-based approach apnane ke liye prerit kiya ja sake, to market-oriented model ke bajay jo private sector ki larai se adhik laagat ki wapasi par jor deti hai.","Affordable housing, sanitation, water supply, mobility aur swachch vatavaran ke liye rights-based approach suggest kiya gaya hai, na ki market-oriented model jo private sector ki larai se adhik laagat ki wapasi par dhyan deti hai."
"Who are considered critical for bringing about genuine urban renewal in India, in addition to state and local governments?",Support from a progressive middle class and trade unions is equally critical to bring about genuine urban renewal.,Support from a progressive middle class and trade unions is considered equally critical for genuine urban renewal.,"Kaun log Bharat mein sachche urban renewal laye jaane ke liye mahatvapoorn maane jaate hain, rajya aur local governments ke alawa? Ek progressive middle class aur trade unions ka support bhi sachche urban renewal laye jaane ke liye equally mahatvapoorn hai.",Ek progressive middle class aur trade unions ka support bhi sachche urban renewal ke liye equally mahatvapoorn maana jaata hai.
What are two methods suggested to make essay writing easier when facing difficulty starting?,"Most of us find it difficult to begin writing. We can make this easier by thinking about the topic either through brainstorming, that is with several people in a group giving their ideas as they strike them, or by putting them down on a sheet of paper as they occur to us.","The text suggests two methods: brainstorming with several people in a group, or individually putting ideas down on a sheet of paper as they occur.","Agar hume essay likhne me difficulty aa rahi hai to use easy banane ke liye kaun se do methods follow kar sakte hain? Hum log ko toh shuruwat me likhna bohot mushkil lagta hai, lekin hum isse easy bana sakte hain yaar, topic ke baare me soch kar, ya toh brainstorming kar ke, jisme hum group me baith kar apne apne ideas share karte hain, ya phir ek sheet pe note kar lete hain jo bhi idea aa raha hai","Text me do methods suggest kiye gaye hain, ek toh group me brainstorming karna, aur doosra apne ideas ko ek sheet pe note karna jab bhi idea aaye"
Name four characteristics that define a good essay.,"The characteristics of a good essay are: Unity : The essay should deal with the main subject, and all parts of it should be clearly linked with that subject. Coherence : There should be a logical sequence of thought. This requires a logical relationship between ideas, sentences and paragraphs. Relevance : Unimportant information should not be included. Proportion : Giving more space to the important ideas.","A good essay is characterized by Unity, Coherence, Relevance, and Proportion.","Ek achhe essay ki chaar khubiyan batayein. Ek achhe essay mein Unity honi chahiye, jismein poora essay sirf ek hi mukhya vishay par hona chahiye, aur uske saare hisse us vishay se judhe hone chahiye. Coherence bhi honi chahiye, jismein vicharon, vaakyon aur anshon ke beech tarkeek kram hona chahiye. Relevance bhi zaroori hai, jismein avashyak jaankari hi shaamil honi chahiye. Aur Proportion bhi honi chahiye, jismein mahatvapoorn vicharon ko adhik jagah deni chahiye.","Ek achhe essay ki khubiyan hain Unity, Coherence, Relevance aur Proportion."
"What is the primary reason why games are considered important for a person, according to the essay 'The Importance of Games'?","But the importance of games in life should not be underestimated, for without them it is harder for a person to be sound in body and mind.","Games are important because without them, it is harder for a person to be sound in both body and mind.","Kyunki essay 'The Importance of Games' mein kaha gaya hai ki games ko itna mahatvapoorn kyun mana jata hai, lekin hume games ki zaroorat ko kam nahi samajhna chahiye, kyunki bina games ke insaan ke liye apne body aur mind ko theek rakhna mushkil ho jata hai",Games jaruri hain kyunki bina games ke insaan ke liye apne body aur mind dono ko theek rakhna mushkil ho jata hai
"According to the text, how does playing games contribute to developing sportsmanship?","Secondly, playing — and therefore experiencing winning and losing — encourages the spirit of sportsmanship, thus enabling one to deal with life’s problems in a wise and natural manner. Games teach the truth embodied in the Olympic motto: ‘The important thing in playing is not the winning or the losing, but the participation’ — and, I may add, doing the best one can.","Playing games encourages the spirit of sportsmanship by allowing individuals to experience both winning and losing, which helps them deal with life's problems wisely and naturally, embodying the Olympic motto of participation over winning or losing.","Text ke hisab se, games khelne se sportsmanship kaise develop hota hai? Aur, games khelne se, jeetne aur haarne ka anubhav hota hai, jo sportsmanship ki bhavna ko badhata hai, aur isse hum life ke problems ko wisely aur naturally deal karne mein madad milti hai.","Games khelne se sportsmanship ki bhavna badhti hai, kyunki isse hum jeetne aur haarne ka anubhav karte hain, jo humein life ke problems ko wisely aur naturally deal karne mein madad karta hai, aur yeh Olympic motto ko sahi sabit karta hai ki 'jeetna ya haarna nahin, balki hissa lena aur apna best dena hi sabse zaruri hai'."
What is the meaning of the Latin phrase 'mens sana in corpore sano' and what does the text emphasize about it?,"When we think of the Greek ideal expressed in the Latin phrase, ‘mens sana in corpore sano’ (a healthy mind in a healthy body), we should not forget that it is the mind which is mentioned first.","The Latin phrase 'mens sana in corpore sano' means 'a healthy mind in a healthy body'. The text emphasizes that the mind is mentioned first, suggesting its priority.","Latin phrase 'mens sana in corpore sano' ka kya matlab hai aur ismein kya emphasize kiya gaya hai? Jab hum is Greek ideal ki baat karte hain jo Latin phrase 'mens sana in corpore sano' mein hai, toh humein yeh nahin bhulna chahiye ki pehle mind ka zikr kiya gaya hai","Latin phrase 'mens sana in corpore sano' ka matlab hai 'healthy mind in healthy body'. Text mein emphasize kiya gaya hai ki mind ko pehle mention kiya gaya hai, jo uski priority ko darshata hai"
What specific benefit do hobbies like stamp-collecting offer in terms of general knowledge?,"Quite a few hobbies, like stamp-collecting, widen our general knowledge about various countries of the world.",Hobbies like stamp-collecting widen our general knowledge about various countries of the world.,"Kya fayda hai stamp-collecting jaise hobbies ka general knowledge ke maamle me? Kuchh hobbies, jaise ki stamp-collecting, duniya ke kai deshon ke baare me hamari general knowledge badhate hain.",Stamp-collecting jaise hobbies duniya ke kai deshon ke baare me hamari general knowledge badhate hain.
"List the three main objectives of the Beti Bachao, Beti Padhao scheme.",The objectives of this scheme are: • Prevention of gender-biased sex selection elimination. • Ensuring survival and protection of the girl child. • Ensuring education and participation of the girl child.,"The three main objectives of the Beti Bachao, Beti Padhao scheme are: prevention of gender-biased sex selection elimination, ensuring survival and protection of the girl child, and ensuring education and participation of the girl child.","Beti Bachao, Beti Padhao scheme ke teen main objectives kya hai? Is scheme ke objectives hai: • Gender-biased sex selection elimination ka prevention. • Ladki bachon ki survival aur protection ki guarantee. • Ladki bachon ki education aur participation ki guarantee.","Beti Bachao, Beti Padhao scheme ke teen main objectives hai: gender-biased sex selection elimination ka prevention, ladki bachon ki survival aur protection ki guarantee, aur ladki bachon ki education aur participation ki guarantee."
How does the text describe the role of hobbies in refreshing the mind?,They refresh the mind by providing an opportunity to do different kinds of activities. ... Hobbies make life interesting. They refresh our minds after a hard day’s work. We need to do something different in order to do our routine work effectively. Hobbies provide this variety.,"Hobbies refresh the mind by offering an opportunity to engage in different kinds of activities, providing variety needed to effectively perform routine work after a hard day.",Text mein kya hai ki hobbies dimaag ko refresh karne mein kaun si role play karte hain? Ve dimaag ko refresh karte hain kyunki ve alag-alag tarah ke activities karne ka mauka dete hain. ... Hobbies zindagi ko interesting banate hain. Ve ek hard day ke baad humari dimaag ko refresh karte hain. Humare routine work ko effectively karne ke liye hume kuch alag karna padta hai. Hobbies hume yeh variety dete hain.,"Hobbies dimaag ko refresh karte hain kyunki ve alag-alag tarah ke activities karne ka mauka dete hain, jo variety hume routine work effectively karne ke liye chahiye hoti hai ek hard day ke baad."
"According to the passage analysis, what is the role of Paragraph 5 in the essay 'The Importance of Games'?","– Paragraph 5 sums up the writer’s opinion, taking into account all he has said in paragraphs 2, 3 and 4, i.e. it forms the conclusion.","Paragraph 5 in 'The Importance of Games' essay sums up the writer's opinion, taking into account the points made in paragraphs 2, 3, and 4, thus forming the conclusion.","Passage analysis ke hisab se, 'The Importance of Games' essay mein Paragraph 5 ka kya role hai?","The Importance of Games essay mein Paragraph 5 writer ki opinion ko summarize karta hai, jo ki paragraphs 2, 3 aur 4 mein kahi gayi baaton ko dhyan mein rakhte hue, aur isse conclusion banata hai."
What are two potential dangers or negative aspects of playing games mentioned in the text?,"It is also possible to be too interested in games. When we think of the Greek ideal expressed in the Latin phrase, ‘mens sana in corpore sano’ (a healthy mind in a healthy body), we should not forget that it is the mind which is mentioned first. And if we let games become the most important thing in our lives, we may be in danger of changing the Olympic motto to ‘the important thing is winning’.","Two potential dangers are becoming too interested in games, to the point where they overshadow the importance of the mind, and letting games become the most important thing in life, which can shift the focus from participation to solely winning.","Text mein game khelne ke do sambhavit khatre ya nakaratmak pehlu kya hain? Jab hum Latin phrase 'mens sana in corpore sano' (ek swasth manasikta ek swasth shareer mein) ke Greek ideal ke bare mein sochte hain, to humein yeh nahin bhulna chahiye ki ismein pehle manasikta ka ullekh kiya gaya hai. Aur agar hum game ko apni zindagi ka sabse mahatvapoorna cheez banne dete hain, to hum Olympic motto ko 'jeetna hi sab kuchh hai' mein badalne ke khatre mein ho sakte hain.","Do sambhavit khatre hain, game mein itna zyada interested ho jaana ki vah manasikta ki mahatvata ko dhakka de, aur game ko apni zindagi ka sabse mahatvapoorna cheez banane dena, jisse bhagidari se lekar sirf jeetne par dhyan kendrit ho jaata hai."
"What is the primary function of letter-writing, especially in historical context?","Letter-writing is an important channel of communication between people who are geographically distant from one another. In earlier times when the telephone and e-mail were not available, the only means of communication between people was through letters.","Letter-writing serves as a crucial channel of communication for people separated by distance. Historically, before the advent of telephones and e-mail, it was the sole means for people to communicate with each other.","Letter likhne ka main kaam kya hai, khaskar itihasik sandarbh mein? Letter likhna do alag-alag jagah par baithe logon ke beech ek mahatvapoorn sanchar ka sadhan hai. Pehle jab phone aur email nahi the, log apne vichar ek dusre tak pahunchane ke liye sirf chitthon ka istemaal karte the.","Letter likhna alag-alag jagah par baithe logon ke beech ek zaroori sanchar ka sadhan hai. Itihas mein, jab phone aur email nahi aaye the, tab letter hi ekmatra tarika tha jiske dwara log apne vichar ek dusre tak pahuncha sakte the."
Differentiate between formal and informal letters based on their purpose.,"In general there are two types of letters: formal, that are written to convey official business and information and informal, which are personal letters to communicate with friends and family.","Formal letters are written to convey official business and information, often for requirements in civic life or to public bodies. Informal letters, on the other hand, are personal letters used to communicate with friends and family.","Formal aur informal letters me kaun si difference hai unke purpose ke basis par? Aam taur par do tarah ke letters hote hai, formal jo official business aur information ke liye likhe jate hai aur informal jo personal letters hote hai apne friends aur family se communicate karne ke liye","Formal letters official business aur information convey karne ke liye likhe jate hai, jo ki civic life me requirements ke liye ya public bodies ke liye hote hai. Informal letters, dusri taraf, personal letters hote hai jo friends aur family se communicate karne ke liye use hote hai"
List the key points one should remember when writing any type of letter.,When you write a letter you should keep in mind the following points. 1. Purpose 2. Person to whom it is addressed 3. Tone you should adopt 4. Completeness of the message 5. Action required 6. Conciseness of expression,"When writing a letter, one should keep in mind the purpose, the person to whom it is addressed, the appropriate tone, the completeness of the message, the action required, and the conciseness of expression.","Kisi bhi tarah ka letter likhte waqt kuch important points yaad rakhne chahiye, jaise ki 1. Uska purpose kya hai, 2. Kaunse person ko address kar rahe hain, 3. Tone kaisa hona chahiye, 4. Message complete ho, 5. Kya action require hai, 6. Expression concise ho","Letter likhte waqt humein purpose, jiske liye address kar rahe hain, tone, message ki completeness, required action aur expression ki conciseness yaad rakhni chahiye"
Describe the Full-Block style of letter writing.,Nowadays all the parts of a letter are aligned on the left. This style is called the Full-Block style.,"The Full-Block style of letter writing is a modern format where all parts of the letter, including the sender's address, date, addressee's address, salutation, content, and complimentary close, are aligned on the left margin.",Full-Block style of letter writing ko describe karo. Aajkal letter ke sabhi parts left side pe align hote hain. Is style ko Full-Block style kehte hain.,"Full-Block style of letter writing ek modern format hai jahaan letter ke sabhi parts, jaise ki sender ka address, date, addressee ka address, salutation, content aur complimentary close, sabhi left margin pe align hote hain."
Provide examples of complimentary closes and signatures for formal letters.,"Letters usually end politely with the following phrases: Thank you, With regards, With best wishes, Hope to see you soon, Hope to receive an early reply etc. The complimentary close is followed by ‘Yours sincerely/ Yours truly’, and the writer’s signature in the next line.","Formal letters typically end with polite phrases like ""Thank you,"" ""With regards,"" or ""Hope to receive an early reply."" These phrases are then followed by a complimentary close such as ""Yours sincerely"" or ""Yours truly,"" and finally, the writer's signature on the next line.","Formal letters ke liye complimentary closes aur signatures ke examples do, aam taur par letters politely is tarah se khatam hote hain - Thank you, With regards, With best wishes, Hope to see you soon, Hope to receive an early reply etc. Complimentary close ke baad 'Yours sincerely/ Yours truly' likha jata hai, aur agle line me writer ka signature hota hai.","Formal letters usually polite phrases jaise ki 'Thank you', 'With regards', ya 'Hope to receive an early reply' se khatam hote hain. In phrases ke baad complimentary close aata hai jaise 'Yours sincerely' ya 'Yours truly', aur phir writer ka signature agle line me hota hai."
What is a 'resume' and what are its alternative names?,"We need to prepare a resume, which actually means a summary of particulars relating to your background, academic qualifications and experience, if any. other terms used for ‘resume’ are ‘curriculum vitae’ and ‘biodata’.","A resume is a summary of an individual's background, academic qualifications, and experience. Other terms commonly used for 'resume' include 'curriculum vitae' (CV) and 'biodata'.","Resume kya hota hai aur iske aur kya kya names hain? Humhe resume taiyaar karna hai, jo ki background, academic qualifications aur experience ke bare mein summary hota hai. Resume ke liye curriculum vitae aur biodata bhi kahte hain.","Resume ek individual ke background, academic qualifications aur experience ka summary hota hai. Resume ke liye curriculum vitae (CV) aur biodata bhi commonly use hote hain."
What are the general steps involved in the content of writing a formal letter?,Let us now examine some of the steps in writing formal letters. 1. (i) Introducing oneself if it is the first time you are writing (ii) Referring to an earlier letter if you are responding to it. 2. Stating the purpose of the letter 3. (i) Stating action/information required from the addressee (ii) Explaining action taken/supplying information 4. (i) Urging action to be taken (ii) Offering assistance in future,The general steps in writing a formal letter include: 1. Introducing oneself or referring to an earlier letter. 2. Stating the purpose of the letter. 3. Stating action/information required from the addressee or explaining action taken/supplying information. 4. Urging action to be taken or offering assistance in the future.,Formal letter likhne ke content me kya kya steps hote hain? Ab hum formal letters likhne ke kuch steps examine karte hain. 1. (i) Agar aap pehli baar letter likh rahe hain to apna introduction karna (ii) Agar aap kisi aur letter ka jawab de rahe hain to uska reference dena. 2. Letter ke purpose ko batana 3. (i) Addressee se kya action/information chahiye (ii) Action liya ya information diya. 4. (i) Action lene ke liye urge karna (ii) Future me assistance offer karna,Formal letter likhne ke steps me shaamil hain: 1. Apna introduction karna ya pehle wale letter ka reference dena. 2. Letter ke purpose ko batana. 3. Addressee se action/information chahiye ya action liya ya information diya. 4. Action lene ke liye urge karna ya future me assistance offer karna
"How should one address a total stranger in a formal letter, and what if you know their title but not personally?","4. Mode of address or salutation Salutation is the mode of addressing a person. We may have the following forms. (i) Dear Sir/Madam (when we are writing to a total stranger whom we do not know at all). (ii) Dear Mr/Ms/Dr/Professor + Surname as in: Dear Dr Sinha, (when it is a formal relationship with the addressee and the writer does not know him or her personally).","When writing to a total stranger, the appropriate salutation is ""Dear Sir/Madam."" If you have a formal relationship with the addressee and know their title and surname (e.g., Mr, Ms, Dr, Professor), but not them personally, you should use ""Dear Mr/Ms/Dr/Professor + Surname,"" such as ""Dear Dr Sinha.""","Agar hum kisi total stranger ko formal letter likh rahe hon, toh unhein kaise address karein? Aur agar humein unka title pata hai lekin unhein hum personally nahin jaante?","Kisi total stranger ko letter likhne mein 'Dear Sir/Madam' likhna thik rahega. Agar humein unka title pata hai, jaise ki Mr, Ms, Dr, Professor, aur surname bhi pata hai, lekin hum unhein personally nahin jaante, toh 'Dear Mr/Ms/Dr/Professor + Surname' likhna chahiye, jaise ki 'Dear Dr Sinha'."
What are some common expressions to avoid when starting or ending letters?,"Do not begin your letters with hackneyed expressions like, ‘With reference to your letter dated 10 January’. Instead, use personalised variations like, ‘I was glad to receive your letter of 10 January…’ or ‘We were happy to note from your letter that the goods have reached you safely…’  Never end your letters with hanging participles like ‘Thanking you’ or ‘Awaiting your reply’. Instead write, ‘Thank you’ or ‘We/I await/ look forward to your reply’.","When starting a letter, avoid hackneyed expressions like ""With reference to your letter dated 10 January."" Instead, use personalized variations such as ""I was glad to receive your letter of 10 January…"" When ending a letter, never use hanging participles like ""Thanking you"" or ""Awaiting your reply."" Instead, write ""Thank you"" or ""We/I await/look forward to your reply.""","Kuch common expressions hai jo hume letter start ya end karte waqt avoid karna chahiye, wo kya hai? Humen apne letters ko 'With reference to your letter dated 10 January' jaise hackneyed expressions se start nahi karna chahiye. Iske bajaye hum 'I was glad to receive your letter of 10 January…' ya 'We were happy to note from your letter that the goods have reached you safely…' jaise personalised variations use kar sakte hai. Aur letters ko 'Thanking you' ya 'Awaiting your reply' jaise hanging participles se end nahi karna chahiye, iske bajaye hum 'Thank you' ya 'We/I await/ look forward to your reply' likh sakte hai.","Letter start karte waqt humen 'With reference to your letter dated 10 January' jaise hackneyed expressions se bachna chahiye. Iske bajaye hum 'I was glad to receive your letter of 10 January…' jaise personalised variations use kar sakte hai. Aur letter end karte waqt humen 'Thanking you' ya 'Awaiting your reply' jaise hanging participles se bachna chahiye, iske bajaye hum 'Thank you' ya 'We/I await/look forward to your reply' likh sakte hai."
"What is the purpose of ""References"" in a Curriculum Vitae (CV)?",References : (names of people in positions like your school Prinicipal who can certify your character and conduct),"In a Curriculum Vitae (CV), ""References"" are the names of individuals, typically in positions of authority such as a school Principal, who can certify the applicant's character and conduct.",CV me 'References' ka kya purpose hota hai? Jaise ki school ke Principal jo aapke character aur conduct ko certify kar sakein,"CV me 'References' woh log hote hai jinka naam diya hota hai, jaise ki school ka Principal, jo aapke character aur conduct ko certify kar sakein"
"What specific word did the teacher ask the students to define from the excerpt of Shakespeare's Macbeth, and what was a notable response from a student when asked about a related word?",The teacher asked the students what the word ‘unseamed’ meant. It was difficult. The teacher prodded them on. “What does ‘seam’ mean? Haven’t you ever come across the word?” One of the students blurted out “Cricket ball”.,"The teacher asked the students to define the word ‘unseamed’. When prodded about the word ‘seam’, one student notably blurted out “Cricket ball”.","Teacher ne students se Shakespeare ke Macbeth ke excerpt me se ek specific word ka definition pucha, aur jab related word ke baare me pucha gaya to kisi student ka kya response tha? Teacher ne students se ‘unseamed’ ka matlab pucha, jo thoda mushkil tha. Teacher ne unhe aur prodded, ‘seam’ ka kya matlab hai? Aapne is word ka kabhi use nahi kiya?’ Ek student ne jaldi se ‘cricket ball’ bol diya.",Teacher ne ‘unseamed’ word ka definition manga. Jab ‘seam’ ke baare me pucha gaya to ek student ka notable response tha ‘cricket ball’.
"According to the text, what is the key difference between writing factual information and writing for pleasure?","When we write about factual information, all of us write almost similarly. But when we write for pleasure each of us may write about the same event in different ways.","When writing factual information, everyone writes almost similarly. However, when writing for pleasure, individuals may write about the same event in different ways, reflecting their unique experiences and imagination.","Text ke hisab se, factual information likhne aur pleasure ke liye likhne mein kya main difference hai? Jab hum factual information ke bare mein likhte hain, to hum sab log almost similar likhte hain. Lekin jab hum pleasure ke liye likhte hain, to hum sab log same event ko alag-alag tareeke se likh sakte hain.","Jab hum factual information likhte hain, to sab log almost similar likhte hain. Lekin jab hum pleasure ke liye likhte hain, to har koi apne tareeke se same event ko likh sakta hai, jismein unki unique experiences aur imagination reflect hoti hai."
"What are the six key elements through which imagination is reflected in creative writing, as listed in the text?",One very important element in creative writing is imagination. This is reflected in  our view or perspective  choice of words  the comparisons we make  the images we use  the tone we adopt  novelty of ideas.,"Imagination in creative writing is reflected in our view or perspective, choice of words, the comparisons we make, the images we use, the tone we adopt, and novelty of ideas.","Kriyatmak lekhan mein kalpana ko darshane wale chheh mukhya tatva kya hain, jo ki is text mein diye gaye hain? Kriyatmak lekhan mein ek bahut hi mahatvapoorn tatva hai kalpana, jo ki humare nazariye mein, shabdon ke chayan mein, hum jo tulna karte hain, hum jo chhaviyan istemaal karte hain, hum jo tone apnate hain, aur naye vicharon mein dikhai deti hai.","Kriyatmak lekhan mein kalpana humare nazariye mein, shabdon ke chayan mein, hum jo tulna karte hain, hum jo chhaviyan istemaal karte hain, hum jo tone apnate hain, aur naye vicharon mein dikhai deti hai."
"In the provided excerpt from Steinbeck’s The Pearl, what primary analogy is used to describe a town, and what tone does the writer adopt?","A town is like an animal. A town has a nervous system and a head and shoulders and feet... The tone he adopts is light humour, a little sarcastic.","The writer uses the primary analogy of a town being like an animal. The adopted tone is light humour, a little sarcastic.","Steinbeck ke The Pearl mein di gayi excerpt mein, kya main analogy use kiya gaya hai jo ek town ko describe karta hai, aur writer kaunsa tone apnata hai? Ek town ko animal ki tarah dikhaaya gaya hai. Isme nervous system, head, shoulders aur feet hai... Tone thoda light humour aur sarcastic hai.",Writer ne town ko animal ki tarah dikhaane ki main analogy use ki hai. Adopted tone thoda light humour aur sarcastic hai.
"Explain how the repeated use of the conjunction 'and' in a sentence, as seen in the example from 'The Pearl', can be effective in creative writing.","They waited in their chairs until the pearls came in, and then they cackled and fought and shouted and threatened until they reached the lowest price the fisherman would stand. (from The Pearl). In a normal construction we will not use so many ‘ands’. But the action of the story is best reflected through this kind of chaining of actions through ‘ands’. It is appropriate to the movement of the action described.","The repeated use of 'and' can effectively chain actions together, which reflects the continuous movement and sequence of the described actions, making it appropriate to the story's flow and impact.","The Pearl mein 'and' conjunction ka baar-baar use kaise effective ho sakta hai, jaise ki example mein dekha gaya hai? Hum normally itne saare 'and' use nahi karte, lekin yahan story ki action ko reflect karne ke liye aisa chaining karna sahi lagta hai.","Baar-baar 'and' ka use se actions ko chain kar sakte hain, jo ki continuous movement aur sequence ko dikhata hai, jisse story ki flow aur impact pe sahi asar padta hai."
"Identify the simile used to describe Miss Rachel's face and explain its purpose, according to the text.","At her bedroom door stood Miss Rachel, her face almost white as the white dressing-gown she wore. The author has used a simile: “white as the white dressing-gown she wore.” ... But here comparing the whiteness to the dressing-gown she wore serves to exaggerate and intensify the emotion. Exaggeration is one of the ways in which fact is distinguished from fiction.","The simile used is ""white as the white dressing-gown she wore."" Its purpose is to exaggerate and intensify the emotion, such as fear or shock, serving as an example of how exaggeration distinguishes fact from fiction.","Miss Rachel ki face ko describe karne ke liye kaunsa simile use kiya gaya hai, aur uska purpose kya hai, text ke hisab se? Miss Rachel ki face almost white thi, jaise uska white dressing-gown. Author ne simile use kiya hai, 'white as the white dressing-gown she wore', lekin yahan pe dressing-gown se comparison karke whiteness ko exaggerate aur intensify kiya ja raha hai. Exaggeration ek tarika hai jiske dwara fact ko fiction se alag kiya jata hai.","Simile hai 'white as the white dressing-gown she wore'. Iska purpose hai exaggerate aur intensify karna, jaise ki dar ya shock, jo dikhata hai ki exaggeration kaise fact ko fiction se alag karta hai."
"According to the text, what literary technique is highlighted as a way to distinguish fact from fiction?",Exaggeration is one of the ways in which fact is distinguished from fiction.,Exaggeration is highlighted as one of the ways in which fact is distinguished from fiction.,"Text ke hisaab se, kaunsa literary technique fact aur fiction ko alag karne ka tarika hai? Exaggeration bhi ek tarika hai jisse fact aur fiction ko alag kiya jaata hai.",Exaggeration ko fact aur fiction ko alag karne ka ek tarika samjha gaya hai.
What is the core message or simple statement conveyed by the given stanza from Thomas Gray's 'An Elegy Written in a Country Churchyard'?,Full many a gem of purest ray serene The dark unfathom’d caves of ocean bear Full many a flower is born to blush unseen And waste its fragrance in the desert air. The stanza carries a simple statement: many people with outstanding qualities live and die unnoticed by the world.,The stanza conveys the simple statement that many people with outstanding qualities live and die unnoticed by the world.,Thomas Gray ke 'An Elegy Written in a Country Churchyard' se diya gaya stanza ka core message ya simple statement kya hai? Full many a gem of purest ray serene The dark unfathom’d caves of ocean bear Full many a flower is born to blush unseen And waste its fragrance in the desert air. Is stanza ka simple statement kya hai: kayi log apne outstanding qualities ke saath jeete hain aur duniya ki nazar mein aane ke bina mar jaate hain.,Yeh stanza yeh simple statement deta hai ki kayi log apne outstanding qualities ke saath jeete hain aur duniya ki nazar mein aane ke bina mar jaate hain.
"Apart from the main message, what specific literary elements contribute to the quality of the lines from Thomas Gray's poem, as analyzed in the text?","To state this, the poet has used two strong images, ‘a gem’ and ‘a flower’. He has used two contrasting places: the ocean, that is full of water and the desert with no water at all. Also notice the rhyming words: ‘serene’ and ‘unseen’, ‘bear’ and ‘air’. The first and third lines also begin with the same words —“full many a”. The lines are of equal length. All this together contribute to the literary quality of these lines.","The literary elements contributing to the quality include the use of two strong images ('a gem' and 'a flower'), two contrasting places (ocean and desert), rhyming words ('serene'/'unseen', 'bear'/'air'), the repetition of beginning words (""full many a"") in the first and third lines, and the equal length of the lines.","Thomas Gray ki poem ke lines mein, jo text mein analyze kiye gaye hain, main message ke alawa kuch specific literary elements hain jo lines ki quality mein contribute karte hain, woh kya hain? Yeh bataane ke liye, poet ne do strong images use kiye hain - 'ek gem' aur 'ek flower', do contrasting places use kiye hain - samundar jo paani se bhara hua hai aur desert jahan paani bilkul nahin hai, aur rhyming words bhi hain - 'serene' aur 'unseen', 'bear' aur 'air', aur pehli aur teesri lines shuru hoti hain same words se - 'full many a', aur lines ki length bhi equal hai, yeh sab milkar iske literary quality ko banate hain","Ismein literary elements hain jo quality mein contribute karte hain, jaise ki do strong images - 'ek gem' aur 'ek flower', do contrasting places - samundar aur desert, rhyming words - 'serene'/'unseen', 'bear'/'air', first aur third lines ke starting words repeat hote hain - 'full many a', aur lines ki length equal hai"
"What is the general aim or purpose of the ""Activity"" sections provided at the end of the text?","Activity I Put down the images that come to your mind immediately when you see the words in the box. Activity II Try to write four lines of poetry or four sentences of prose with one of these as the starting point. Activity III Write a short story beginning with this sentence: When the last of the guests left, I went back into the hall.… Activity IV Look for a story, a poem and a newspaper article on environment conservation and see how the style of each is different from the other.","The general purpose of the ""Activity"" sections is to encourage readers to engage in practical creative writing exercises, such as generating ideas, writing poetry or prose, starting a story, and analyzing different writing styles.","Text ke end mein di gayi 'Activity' sections ka kya mukhya uddeshya ya purpose hai? Jaise ki Activity I mein humein kuch words dekhkar unse judi images likhni hoti hai, Activity II mein poetry ya prose likhni hoti hai, Activity III mein ek short story likhni hoti hai aur Activity IV mein environment conservation par stories, poems aur newspaper articles ka style compare karna hota hai.","Activity sections ka general purpose hai ki readers ko practical creative writing exercises mein engage karne ke liye, jaise ki ideas generate karna, poetry ya prose likhna, story start karna aur different writing styles ka analysis karna."
Who holds the copyright for this publication and in what years?,"© National Council of Educational Research and Training, 2006, 2022","The National Council of Educational Research and Training (NCERT) holds the copyright for this publication, specifically for the years 2006 and 2022.","Kaun si organisation is publication ka copyright hold karti hai aur kaun se saalon ke liye? © National Council of Educational Research and Training, 2006, 2022","National Council of Educational Research and Training (NCERT) is publication ka copyright hold karta hai, specifically 2006 aur 2022 ke saalon ke liye"
What are the restrictions regarding the reproduction or transmission of this publication?,"No part of this publication may be reproduced, stored in a retrieval system or transmitted, in any form or by any means, electronic, mechanical, photocopying, recording or otherwise without the prior permission of the publisher.","No part of this publication may be reproduced, stored in a retrieval system, or transmitted by any means (electronic, mechanical, photocopying, recording, or otherwise) without the prior permission of the publisher.","Is publication ko reproduce ya transmit karne ke liye kya restrictions hain? Yaani, hum isko copy kar sakte hain ya nahi, aur kis tarah se?","Nahi, is publication ka koi bhi hissa electronic, mechanical, photocopying, recording ya kisi aur tareeke se bina publisher ki prior permission ke reproduce, store ya transmit nahi kiya ja sakta"
"List the cities where the Publication Division offices of NCERT are located, along with their respective phone numbers.","OFFICES OF THE PUBLICATION DIVISION, NCERT NCERT Campus Sri Aurobindo Marg New Delhi 110 016 Phone : 011-26562708 ... Bengaluru 560 085 Phone : 080-26725740 ... Ahmedabad 380 014 Phone : 079-27541446 ... Kolkata 700 114 Phone : 033-25530454 ... Guwahati 781 021 Phone : 0361-2674869","The NCERT Publication Division offices are located in New Delhi (Phone: 011-26562708), Bengaluru (Phone: 080-26725740), Ahmedabad (Phone: 079-27541446), Kolkata (Phone: 033-25530454), and Guwahati (Phone: 0361-2674869).","NCERT ke Publication Division offices kaun kaun se shehron mein hain, unke phone numbers ke saath bataiye?","NCERT ke Publication Division offices New Delhi (phone: 011-26562708), Bengaluru (phone: 080-26725740), Ahmedabad (phone: 079-27541446), Kolkata (phone: 033-25530454), aur Guwahati (phone: 0361-2674869) mein hain."
When was the Foreword of this book written and by whom?,Director New Delhi National Council of Educational 20 December 2005 Research and Training,The Foreword was written on 20 December 2005 by the Director of the National Council of Educational Research and Training.,Is book ka foreword kab likha gaya tha aur kisne likha tha? Director New Delhi National Council of Educational 20 December 2005 Research and Training,Foreword 20 December 2005 ko National Council of Educational Research and Training ke Director ne likha tha
"What is the main recommendation of the National Curriculum Framework (NCF), 2005, regarding children's school life?","The National Curriculum Framework (NCF), 2005, recommends that children’s life at school must be linked to their life outside the school.","The National Curriculum Framework (NCF), 2005, recommends that children's life at school should be linked to their life outside the school.",Rashtriya Pustakalay Framework (NCF) 2005 ka school life ke baare mein kya main suggestion hai?,NCF 2005 ke hisaab se school mein bachchon ki zindagi ko unki school ke bahar ki zindagi se jodna chahiye
What were the primary reasons for the NCERT undertaking the exercise to rationalise the content in textbooks?,"In view of the COVID-19 pandemic, it is imperative to reduce content load on students. The National Education Policy 2020, also emphasises reducing the content load and providing opportunities for experiential learning with creative mindset.","The primary reasons for rationalising textbook content were the COVID-19 pandemic, which necessitated reducing the content load on students, and the National Education Policy 2020, which also emphasized reducing content load and promoting experiential learning with a creative mindset.",NCERT ne textbooks ke content ko rationalise karne ka exercise kyun kiya? COVID-19 pandemic ke chalte students par content load kam karna zaruri hai. National Education Policy 2020 bhi content load kam karne aur experiential learning ke liye creative mindset provide karne par jor deti hai.,"Textbook content ko rationalise karne ke primary reasons COVID-19 pandemic thi, jiske chalte students par content load kam karna zaruri ho gaya tha, aur National Education Policy 2020 bhi content load kam karne aur experiential learning ke liye creative mindset promote karne par jor deti hai."
What is the main aim of this textbook for Class XI English?,"This textbook for Class XI is based on the English syllabus on the lines suggested by the National Curriculum Framework, 2005. It aims to help learners develop proficiency in English by using language as an instrument for abstract thought and knowledge acquisition.",The textbook aims to help Class XI learners develop proficiency in English by using language as an instrument for abstract thought and knowledge acquisition.,"Class XI ke liye is textbook ka main aim kya hai? Ye textbook Class XI ke liye National Curriculum Framework 2005 ke sujhaav par based hai, jisme English syllabus diya gaya hai, jo ki learners ko language ka use karke abstract thought aur knowledge acquisition me proficiency develop karne me madad karta hai.","Is textbook ka aim Class XI ke learners ko English me proficiency develop karne me madad karna hai, jisme language ko abstract thought aur knowledge acquisition ke liye instrument ke roop me use kiya jata hai."
What types of prose pieces are included in the Reading Skills section of the textbook?,"The prose pieces are drawn from biographies, travelogues, science fiction, art and contemporary expository prose by writers from different parts of the world.","The Reading Skills section includes prose pieces drawn from biographies, travelogues, science fiction, art, and contemporary expository prose from various international writers.","Reading Skills section mein kaun kaun se prose pieces include hote hain? Ye prose pieces biographies, travelogues, science fiction, art aur contemporary expository prose se liye gaye hain jo duniya ke alag alag hisson ke writers ne likhe hain.","Reading Skills section mein biographies, travelogues, science fiction, art aur contemporary expository prose ke prose pieces include hote hain jo alag alag international writers ne likhe hain."
What is the ISBN of this book and what is its specific title for Class XI?,ISBN 81-7450-524-511072 – Hornbill Textbook for Class XI,"The ISBN of the book is 81-7450-524-511072, and it is titled ""Hornbill Textbook for Class XI"".",Is book ka ISBN kya hai aur Class XI ke liye iska specific title kya hai? ISBN 81-7450-524-511072 – Hornbill Textbook for Class XI,"Is book ka ISBN 81-7450-524-511072 hai, aur iska title 'Hornbill Textbook for Class XI' hai"
"According to the text, how should incorrect price indications on the publication be treated?","The correct price of this publication is the price printed on this page, Any revised price indicated by a rubber stamp or by a sticker or by any other means is incorrect and should be unacceptable.","Any revised price indicated by a rubber stamp, sticker, or any other means is incorrect and should be considered unacceptable; only the price printed on the page is correct.","Text ke hisab se, agar publication mein price galat hai toh use kaise treat karna chahiye? Is publication ka sahi price yeh hai jo is page par print hai, agar kisi ne rubber stamp, sticker ya kisi aur tareeke se price revise kiya hai toh woh galat hai aur usse unacceptable mana jana chahiye.","Rubber stamp, sticker ya kisi aur tareeke se revised price galat hai aur use unacceptable mana jana chahiye, sirf page par print kiya gaya price sahi hai."
Who is the author of the story 'The Summer of the Beautiful White Horse'?,,William Saroyan,Kaun hai story 'The Summer of the Beautiful White Horse' ka author?,William Saroyan
What are the hallmarks of the tribe to which the two boys belong?,,Trust and honesty,"Inhe dono ladke kaunse tribe se hain, us tribe ki kya alag baat hai?",Imaan aur sachchai
What did the narrator see when his cousin Mourad woke him up?,,Mourad sitting on a beautiful white horse,"When Mourad usko uthata hai, narrator ko kya dikhta hai?",Mourad ek sundar safed ghode par baitha hua
Why did the narrator initially refuse to believe that Mourad had stolen the horse?,,Because no member of the Garoghlanian family could be a thief,Kyunki narrator ne pehle yeh kyun mana kiya tha ki Mourad ghode chor hai?,Kyunki Garoghlanian family ka koi bhi member chor nahi ho sakta
What did the narrator decide about riding the horse?,,He decided to ride the horse,Kya narrator ne ghode ki sawaari karne ka faisla kiya?,Usne ghode ki sawaari karne ka faisla kiya
Describe the reaction of the narrator's uncle Khosrove to any bad news.,,"He would roar, 'It is no harm; pay no attention to it.'",Kya hai narrator ke chacha Khosrove ka reaction kisi bhi buri khabar par?,"Vah daade, 'Isme koi nuksaan nahi hai, is par dhyan mat do.'"
What did Mourad do when he wanted the horse to run?,,"He kicked his heels into the horse and shouted, 'Vazire, run.'",Mourad ne kiya jab usne ghode se daudwana chaaha?,"Usne apne taley ghode ke andar ghusaaye aur ullaal karta hua bola, 'Vazire, daud'"
What happened when the narrator tried to ride the horse alone?,,He fell off the horse after it leaped over seven vines.,Jab narrator ne akela ghode ki sawari karne ki koshish ki to kya hua?,Ghode ne saat belon ko chod diya aur vah usse gir pada
What did Mourad suggest they do with the horse after the narrator fell?,,Either take it back or hide it until tomorrow morning.,Mourad ne kya suggest kiya ke ghode ke saath kya karein jab narrator gir gaya?,Ya to use wapas le jaayein ya phir kal subah tak use chhupa ke rakhein
What did the narrator know Mourad would do with the horse?,,"Hide it and not take it back, at least not for a while.",Kya pata tha kahani ke writer ko Mourad kya karega ghode ke saath?,Use chhipa dega aur kam se kam kuchh din toh waapas nahi lega
What is the setting of the play 'Mother's Day'?,,The living-room of the Pearson family in a London suburb.,Mother's Day play ki setting kya hai?,London ke ek suburb mein Pearson family ka living-room hai
Who are the main characters in the play?,,"Mrs Annie Pearson, George Pearson, Doris Pearson, Cyril Pearson, and Mrs Fitzgerald.",Is play mein main konsi characters hain?,"Mrs Annie Pearson, George Pearson, Doris Pearson, Cyril Pearson, aur Mrs Fitzgerald hain"
What does Mrs Fitzgerald suggest to Mrs Pearson?,,Mrs Fitzgerald suggests that Mrs Pearson should assert her authority and be the boss of her own family.,Mrs Fitzgerald Mrs Pearson ko kya suggest karti hai?,Mrs Fitzgerald kehte hain ki Mrs Pearson ko apni authority assert karni chahiye aur apne family ki boss ban ni chahiye
How does Mrs Pearson feel about her family?,,"Mrs Pearson is fond of her family, even though they are thoughtless and selfish.",Mrs Pearson ko apne family ke bare me kaisa lagta hai?,"Mrs Pearson apne family se pyaar karti hai, chahe woh beparwaah aur swaarthi hon"
What does Mrs Fitzgerald propose as a solution for Mrs Pearson's situation?,,Mrs Fitzgerald proposes that they change places or bodies so that Mrs Pearson can confront her family.,Mrs Fitzgerald kya solution propose karti hai Mrs Pearson ki situation ke liye?,Mrs Fitzgerald propose karti hai ki ve apne places ya bodies change kar lein taaki Mrs Pearson apne family se confront kar sake
What is Mrs Pearson's initial reaction to Mrs Fitzgerald's proposal?,,Mrs Pearson thinks the idea of changing bodies is impossible and is dubious about it.,Mrs Pearson ko Mrs Fitzgerald ke proposal ke liye kya pehli reaction thi?,Mrs Pearson ko lagta hai ki body change karna namumkin hai aur uspe doubt hai
How does the body swap between Mrs Pearson and Mrs Fitzgerald occur?,,"The body swap occurs through a spell that Mrs Fitzgerald performs, causing them to exchange personalities and mannerisms.",Mrs Pearson aur Mrs Fitzgerald ke body kaise swap ho jaate hain?,"Yeh body swap Mrs Fitzgerald dwara kiye gaye ek spell ke through hota hai, jiske kaaran unke personalities aur mannerisms exchange ho jaate hain"
What is Mrs Fitzgerald's reaction after the body swap?,,"Mrs Fitzgerald, now in Mrs Pearson's body, is alarmed and screams in fright.",Mrs Fitzgerald ka kya reaction hota hai body swap ke baad?,"Mrs Fitzgerald, ab Mrs Pearson ke body mein, dar ke maare chillati hai aur bahut alarmed hai"
"What does Mrs Pearson, now in Mrs Fitzgerald's body, plan to do with Mrs Pearson's family?",,She plans to confront and deal with Mrs Pearson's family to assert her authority.,"Mrs Pearson, jo ab Mrs Fitzgerald ke body meh hai, wo Mrs Pearson ke family ke saath kya karne wali hai?",Wo Mrs Pearson ke family se confront karna chahti hai aur unhe apna authority dikhana chahti hai
What does Mrs Fitzgerald do after the body swap?,,Mrs Fitzgerald goes into Mrs Pearson's house to see how things are while Mrs Pearson deals with her family.,Body swap ke baad Mrs Fitzgerald kya karti hai?,"Mrs Fitzgerald Mrs Pearson ke ghar mein jaati hai taaki dekh sake ki sab kaisa hai, jabki Mrs Pearson apne family waalon ke saath deal karti hai"
Who is Andrew Manson?,,Andrew Manson is a newly graduated doctor who has just begun his medical practice as an assistant to Dr. Edward Page in the small Welsh mining town of Blaenelly.,Andrew Manson kaun hai?,"Andrew Manson ek nayi graduate doctor hai jo Dr. Edward Page ke saath Blaenelly naamak chhote Welsh mining town mein apni medical practice shuru ki hai, woh Dr. Edward Page ka assistant hai."
What is the setting of the story?,,The story is set in the small Welsh mining town of Blaenelly.,Kahani ka setting kya hai?,Yeh story ek chote se Welsh mining town Blaenelly mein set hai
Who is Joe Morgan?,,Joe Morgan is a burly driller whose wife is expecting their first child after nearly twenty years of marriage.,Joe Morgan kaun hai?,"Joe Morgan ek mota driller hai jiske wife ko unki pehli child ho rahi hai, shaadi ko lagbhag bees saal ho gaye hain"
What is the condition of the child when it is born?,,The child is born lifeless.,Jab bachcha paida hota hai toh uski kya condition hoti hai?,Bachcha lifeless paida hota hai
What does Andrew do to try to save the child?,,Andrew attempts to resuscitate the child using a special method of respiration involving hot and cold water.,Andrew kya karta hai bachche ko bachane ki koshish karne ke liye?,Andrew garm aur thande pani ka use karke ek special tarika se bachche ko saans dilane ki koshish karta hai
What is Andrew's emotional state during the resuscitation attempt?,,Andrew feels a desperate sense of defeat and raging hopelessness as he tries to save the child.,Andrew ko resuscitation attempt ke dauran kaisa lag raha hoga?,"Andrew ko bahut hi desperate defeat ka ehsaas ho raha hoga aur usmein ek tarah ki hopelessness chahiye, jab woh bachche ko bachane ki koshish kar raha hai"
Who are the other characters present during the birth?,,"The other characters present are Mrs. Morgan’s mother, a tall, grey-haired woman, and the stout, elderly midwife.",Kaun kaun se anya characters hain jo birth ke dauran maujood hain?,"Mrs. Morgan ki maa, ek lambi, safed baalon wali aurat, aur ek moti, bujurg dhai, woh anya characters hain jo maujood hain."
What does the old woman request regarding the use of chloroform?,,The old woman requests that chloroform should not be given to Susan if it would harm the baby.,Budhiya ka kya request hai chloroform ka use karne ke liye?,Budhiya kehti hai ki agar chloroform se baby ko nuksaan hoga to use Susan ko nahi dena chahiye
What is Andrew's initial reaction upon learning the child is lifeless?,,Andrew experiences a shiver of horror and his face chills suddenly upon learning the child is lifeless.,"Andrew ko pata chale ki bachcha lifeless hai, to uska pehla reaction kya hota hai?","Andrew ko sunke ki bachcha lifeless hai, uska face ekdum se thanda ho jata hai aur usko horror ka ehsaas hota hai"
What dilemma does Andrew face during the birth?,,"Andrew faces the dilemma of whether to attempt to resuscitate the child or focus on saving the mother, who is in a desperate state.",Andrew ko birth ke dauran kya dilemma hota hai?,"Andrew ko yeh dilemma hota hai ki wo bachche ko revive karne ki koshish kare ya mother ko bachane pe focus kare, jo ki desperate state mein hai"
Who was proclaimed to be the ruler of the state in 'The Tale of Melon City'?,,A melon was proclaimed to be the ruler of the state.,The Tale of Melon City mein kaun banaya gaya tha rajya ka shasak?,Ek tarbooz ko rajya ka shasak ghoshit kiya gaya tha
Why did the King in 'The Tale of Melon City' order the chief of builders to be hanged?,,The King ordered the chief of builders to be hanged because his crown was knocked off by an arch built too low.,The Tale of Melon City mein king ne builder chief ko kyun phansi di?,King ne builder chief ko phansi di kyunki uska crown ek neeche ki tarah banaye gaye arch se ud gaya tha
What was the final decision made by the King regarding the hanging in 'The Tale of Melon City'?,,"The King decided that someone must be hanged immediately to satisfy the crowd, and he ended up being the one hanged.",The Tale of Melon City me hanging ke mamle me king ne antim faisla kya kiya?,"King ne decide kiya ki bhid ko satisfy karne ke liye kisi ek ko turant phansi deni chahiye, aur antim me vo khud hi phansi par chad gaya"
How did the people of Melon City react to having a melon as their King?,,The people of Melon City accepted the melon as their King as long as it left them in peace and liberty.,Melon City ke logon ne apne king ke roop mein melon ko kaise accept kiya?,"Jab tak melon unhein shaanti aur azadi dete rahe, Melon City ke logon ne use apna king maana"
What was the standard answer of the idiot who passed by the City Gate in 'The Tale of Melon City'?,,The idiot's standard answer to all questions was 'A melon.',The Tale of Melon City me jo idiot City Gate se guzarta tha uska standard answer kya tha?,Us idiot ka sab sawal ka standard answer tha 'ek tarbooz'
What did the King amend in the plans that led to the conflict over the arch in 'The Tale of Melon City'?,,The King made certain amendments to the plans when the architect showed them to him.,"The Tale of Melon City mein arch ke baare mein conflict kyu hua, King ne plans mein kya change kiya tha?",Jab architect ne plans king ko dikhaye toh usne kuch changes kiye
Why was the wisest man in the country brought to the Royal Court in 'The Tale of Melon City'?,,The wisest man was brought to the Royal Court to provide counsel on who should be punished for the arch incident.,The Tale of Melon City me sabse wise man ko Royal Court kyu laya gaya tha?,Waise toh sabse wise man ko Royal Court le jake arch incident ke liye kaun ko punish karna hai iske liye counsel dena tha
What did the Councillor say that stopped the arch from being hanged in 'The Tale of Melon City'?,,"The Councillor said, 'How can we hang so shamefully what touched your head, Your Majesty?'",The Tale of Melon City me councillor ne kya kaha jisse arch ko phaansi nahi di gayi?,"Councillor ne kaha, 'Aapki maharani, hum aisa kaise sharmnaak tareeke se phaansi de sakte hain jo aapke sir ko chhu chahta hai?'"
What was the reaction of the crowd when the King decided to postpone the consideration of guilt in 'The Tale of Melon City'?,,The crowd became restless and started muttering aloud.,The Tale of Melon City mein jab king ne guilt ko postpone karne ka decision liya toh crowd ki kya reaction thi?,Crowd restless ho gayi aur log jor jor se bolne lage
How did the Ministers react after the King was hanged in 'The Tale of Melon City'?,,"The Ministers said, 'Long live the King! The King is dead.' and then pondered the dilemma of choosing a new ruler.",The Tale of Melon City mein King ko phansi lagne ke baad Ministers ne kaisa react kiya?,"Ministers ne kaha, 'Long live the King, The King is dead' aur phir naye ruler chunne ki dilemma par vichar kiya"
What is the purpose of the supplementary reader for Class XI?,,"To enhance the English syllabus for Class XI based on the National Curriculum Framework for School Education, 2005, and to help young adults understand themselves and the society they live in.",Class XI ke liye supplementary reader ka kya purpose hai?,Class XI ke english syllabus ko National Curriculum Framework for School Education 2005 ke hisab se enhance karne ke liye aur young adults ko apne aap aur samaj ko samajhne mein madad karne ke liye
Who is the target audience for the supplementary reader 'Snapshots'?,,Young adults in Class XI.,Supplementary reader 'Snapshots' ka target audience kaun hai?,Class XI ke young adults
What role does literature play in the supplementary reader?,,Literature plays an important role in moulding young minds by exposing learners to various narratives of life.,Supplementary reader me literature ka kya role hota hai?,"Literature young minds ko mould karne me important role play karta hai, kyunki ye learners ko zindagi ke kayi tarah ke narratives se expose karta hai"
"What is the significance of the National Curriculum Framework (NCF), 2005, in the development of the supplementary reader?",,"The NCF, 2005, recommends linking children’s life at school with their life outside the school, discouraging rote learning, and promoting a child-centred system of education, which influenced the development of the supplementary reader.",National Curriculum Framework (NCF) 2005 ka supplementary reader banane mein kya mahatva hai?,"NCF 2005 ke hisaab se school mein bachchon ki zindagi ko unki school ke bahar ki zindagi se jodna chahiye, rote learning ko discourage karna chahiye aur child-centred education system ko badhava dena chahiye, jisne supplementary reader banane mein influence kiya."
What changes were made to the content of the textbooks due to the COVID-19 pandemic?,,"The content was rationalised to reduce the load on students, focus on experiential learning, and make it more accessible for self-learning or peer-learning.",COVID-19 pandemic ke chalte textbooks ke content mein kya changes kiye gaye?,"Content ko rationalise kiya gaya taaki students par load kam ho, experiential learning par focus ho, aur self-learning ya peer-learning ke liye easily accessible ho jaye"
Who are the key contributors mentioned in the foreword of the supplementary reader?,,"The Chairperson of the advisory group in languages, Professor Namwar Singh, and the Chief Advisor for the book, Professor R. Amritavalli.",Supplementary reader ke foreword me kin logon ka mention hai jo iske liye kaam karte hain?,"Advisory group in languages ke Chairperson, Professor Namwar Singh, aur book ke Chief Advisor, Professor R. Amritavalli."
What is the ISBN number of the supplementary reader for Class XI?,,81-7450-556-311073,Class XI ke supplementary reader ka ISBN number kya hai?,81-7450-556-311073
Where is the National Council of Educational Research and Training (NCERT) located?,,"Sri Aurobindo Marg, New Delhi 110016",NCERT ka office kaha hai?,"Sri Aurobindo Marg, New Delhi 110016"
What is the recommended price of the publication as mentioned in the text?,,` 35.00,"Kitab ki keemat kitni hai, jaise ki text mein mention hai?","Pandra rupees, yaani 35 rupees"
What is the main theme of the stories and biographical sketches included in 'Snapshots'?,,The various narratives of life that help young adults understand themselves and the society they live in.,"Snapshots me jo stories aur biographical sketches hain, usme main theme kya hai?",Yeh sab life ke alag-alag experiences hain jo young adults ko apne bare me aur apne aas-paas ke samaj ko samajhne me madad karte hain
What is the setting of the story 'The Lament' by Anton Chekhov?,,The setting of the story is a snowy evening in a town with street lamps and a busy street.,Anton Chekhov ki kahani 'The Lament' ki setting kya hai?,"Is kahani ki setting ek snowy evening hai, jo ki ek town mein hai jahan street lamps hain aur busy street hai."
"Describe the appearance of Iona Potapov, the cabdriver, in the story.",,"Iona Potapov is described as quite white and looking like a phantom, bent double, and motionless.","Iona Potapov, cab driver ka description kya hai story me?","Iona Potapov ko bahut white aur phantom jaise dikhaya gaya hai, woh double bent ho kar motionless khada hai"
What does the phrase 'gingerbread horse' refer to in the story?,"Its immobility, its angularity and its straight wooden-looking legs, even close by, give it the appearance of a gingerbread horse worth a kopek.","The phrase 'gingerbread horse' refers to Iona's little horse, which appears motionless and wooden, resembling a toy horse.","Story mein 'gingerbread horse' se kya murad hai? Uski immobility, angularity aur straight wooden-looking legs, chahe kitna bhi kareeb se dekho, usse ek kopek ke layak gingerbread horse jaise dikhata hai","Gingerbread horse se murad Iona ka chhota ghoda hai, jo motionless aur wooden lagta hai, jaise ek toy horse"
What event has recently happened to Iona that is causing him sorrow?,,"Iona's son, Barin, died this week, which is causing him deep sorrow.",Iona ko kya ho gaya hai jo usse dukh pahuncha raha hai?,"Iona ka beta Barin is week mar gaya hai, jo usse bohot dukh pahuncha raha hai"
How does Iona react when the officer asks him about his son's death?,"Iona twists his mouth into a smile and, with an effort, says hoarsely: 'My son, Barin, died this week.'",Iona reacts with a twisted smile and hoarsely informs the officer that his son died this week.,"Jab officer usse uske bete ki mrityu ke bare mein poochta hai, to Iona kaise react karta hai? Iona apni zubaan ko muskaan mein modta hai aur koshish karke kahta hai: 'Mera beta, Barin, is hafte mar gaya.'",Iona ek ajeeb si muskaan ke saath react karta hai aur officer ko bata ta hai ki uska beta is hafte mar gaya tha.
What is the officer's reaction to Iona's news about his son's death?,'Hm! What did he die of?',"The officer reacts with a simple question about the cause of Iona's son's death, showing minimal empathy.",Officer ko Iona ke bete ki death ki news sunkar kaisa lagta hai? 'Hm! Wo kaise mar gaya?,"Officer sirf itna puchte hain ki Iona ke bete ki death ki wajah kya thi, jisse pata chalta hai ki unhe bohot kam empathy hai"
How does Iona feel about the fares he picks up after his son's death?,,"Iona does not mind the fare amount, whether it is a rouble or five kopeks—to him it is all the same now, so long as they are fares.","Iona ko apne bete ki death ke baad jo fares milte hain, usse wo kaisa feel karta hai?","Iona ko pata nahi chalta ki fare kitna hai, ek rouble hai ya paanch kopeks - usse toh sab ek jaisa hi hai, bas fares mil rahe hain"
What does the phrase 'as if he were on needles' describe about Iona's behavior?,"Iona shifts about on his seat as if he were on needles, moves his elbows as if he were trying to keep his equilibrium, and gasps about like someone suffocating, who does not understand why and wherefore he is there.","The phrase describes Iona's restless and uneasy behavior, indicating his discomfort and agitation.","Yeh phrase 'as if he were on needles' Iona ke behaviour ke baare mein kya describe karta hai? Iona apni seat par shift karta hai jaise ki wo needles par baitha ho, apne elbows move karta hai jaise ki wo apne balance ko maintain karne ki koshish kar raha ho, aur gasps karta hai jaise koi suffocating ho, jo samajh nahi pa raha ki wo wahan kyun aur kis wajah se hai","Yeh phrase Iona ke restless aur uneasy behaviour ko describe karta hai, jo uski discomfort aur agitation ko darshata hai"
What is the significance of the snow in the story?,"The cabdriver, Iona Potapov, is quite white and looks like a phantom: he is bent double as far as a human body can bend double; he is seated on his box; he never makes a move. If a whole snowdrift fell on him, it seems as if he would not find it necessary to shake it off.","The snow symbolizes the stillness and the emotional numbness Iona feels after his son's death, mirroring his motionless state.","kahani mein barf ka kya mahatva hai? Iona Potapov ek cab driver hai, jo bahut hi safed hai aur uska roop ek bhoot jaisa hai: woh dole hue hai, jaise ki ek insaan kitna bhi dole sakta hai; woh apni seat par baitha hai; woh kabhi bhi hilte hue nahi dikhta. Agar poora barf ka tukda us par gira, to lagta hai ki woh use hataane ki zaroorat nahi mehsoos karega.","barf Iona ke bete ki mrityu ke baad uske andar ki shaanti aur bhavnaatmak samaan mahsoos karati hai, jo uske bina hilte hue rahene ki sthiti ko darshati hai."
How does Iona's interaction with the three young men contrast with his earlier interaction with the officer?,,"Unlike the officer, the young men are rude and insulting to Iona, yet their interaction temporarily alleviates his feeling of loneliness.",Iona ka interaction uske pehle wale interaction ke saath kaise contrast karta hai jo usne officer ke saath kiya tha?,"Officer ke ulat, ye young men Iona ke saath rude aur insulting hain, lekin unka interaction uske loneliness feeling ko temporarily kam karta hai"
What does the text suggest about the significance of mustaches in the culture described?,,"The text suggests that mustaches are significant markers of social class and status, with different styles worn by different classes to signify their position in society.",Kya is text mein kaha gaya hai ki mochon ka mahatva is sanskriti mein kya hai?,"Text ke mutabiq, mochon ka alag alag class ke logo ke liye social class aur status ka ek marker hai, jisme alag alag styles ko alag alag classes ke log apne position ko dikhane ke liye pehente hain."
Describe the 'lion moustache' and the class it represents.,,"The 'lion moustache' is a fearsome, upstanding symbol worn by the great order of resplendent rajas, maharajas, nawabs, and English army generals, known for their devotion to the King Emperor.",lion moustache kya hai aur yeh kaunsi class represent karta hai?,"lion moustache ek darawani,  khada hone wala symbol hai jo maharaja, raja, nawab aur angrez army generals pehnte the, jo king emperor ke prati apni devotion ke liye jaane jaate the"
What is the 'goat moustache' and who typically wears it?,,"The 'goat moustache' is an unsure, thin line of a moustache worn by the nouveau riche, new commercial bourgeoisie, and shopkeeper class, designed to be turned up or down as the occasion demands.","Yaar, yeh goat moustache ka kya scene hai aur kaun log isse carry karte hain?","Goat moustache ek tarah ki patli mooch hai jo naye ameer log, naye businessman aur shopkeeper log carry karte hain, jo occasion ke hisab se upar neeche kar sakte hain"
Explain the conflict between Seth Ramanand and Khan Azam Khan regarding mustaches.,,"Seth Ramanand, the grocer and moneylender, twisted his goat moustache to look like a tiger moustache, which angered Khan Azam Khan, who wears a tiger moustache and sees it as a symbol of his noble ancestry.",Seth Ramanand aur Khan Azam Khan ke beech daadi wale conflict ko explain karo,"Seth Ramanand, jo ek grocer aur moneylender hai, usne apni daadi ko tiger moustache jaisi banayi, jo Khan Azam Khan ko bahut gussa dilaati hai, kyunki vah tiger moustache pehenta hai aur use apne noble ancestry ka symbol maanta hai"
What does Khan Azam Khan claim about his ancestry?,,Khan Azam Khan claims descent from an ancient Afghan family whose heads were noblemen and councillors in the court of the great Moghuls.,Khan Azam Khan ka kehna hai ki uski ancestry kya hai?,Khan Azam Khan kehete hain ki unka descent ek purane Afghan family se hai jinke heads noblemen aur councillers the great Moghuls ke court me
"How do the landlord, moneylender, and priest view Khan Azam Khan's claims?",,"They view him with jealousy and skepticism, with some calling him an impostor and others suggesting his ancestors were attached to the Court of the Great Moghuls as sweepers.","Khan Azam Khan ke claims ko landlord, moneylender aur priest kaise dekhte hain?","Unhein irihaas aur shakki nazron se dekhte hain, kuch usse nakli kehte hain aur kuch kehte hain ki uske purvaj Mughal darbar mein safai karne wale the"
What does Khan Azam Khan do when he notices Seth Ramanand's mustache?,,"He angrily confronts Seth Ramanand, demanding that he turn the tips of his moustache down to the style proper to the goat that he is.",Khan Azam Khan kya karte hain jab unhe Seth Ramanand ki mooch dikhai deti hai?,"Woh Seth Ramanand se gussa hokar kehte hain ki woh apni mooch ke tips neeche kar le, jaise ki uss bakre ki style hai jo woh hai"
How does Seth Ramanand initially respond to Khan Azam Khan's demand?,,"Seth Ramanand brushes one end of his moustache down to appease Khan Azam Khan, but leaves the other end up.",How does Seth Ramanand initially respond to Khan Azam Khan's demand?,"Seth Ramanand brushes one end of his moustache down to appease Khan Azam Khan, but leaves the other end up."
What is the final outcome of the confrontation between Seth Ramanand and Khan Azam Khan?,,"Khan Azam Khan notices that one end of Seth Ramanand's moustache is still up and demands that he bring it down, leading to further conflict.",Seth Ramanand aur Khan Azam Khan ke beech confrontation ka final outcome kya hai?,"Khan Azam Khan dekh lete hain ki Seth Ramanand ki mooch ki ek side abi bhi up hai, toh woh usey neeche karna ke liye kehte hain, jisse aur conflict hota hai"
What does the text imply about the role of pride and social status in the community?,,"The text implies that pride and social status are deeply ingrained in the community, leading to conflicts and resentments, especially when boundaries are crossed.",What does the text imply about the role of pride and social status in the community?,"The text implies that pride and social status are deeply ingrained in the community, leading to conflicts and resentments, especially when boundaries are crossed."
What did the mother feel about her children?,,She felt they had been thrust upon her and she could not love them.,What did the mother feel about her children?,She felt they had been thrust upon her and she could not love them.
What did the children hear whispering in the house?,,'There must be more money!',What did the children hear whispering in the house?,'There must be more money!'
Why did the mother say they were the poor members of the family?,,Because the father had no luck.,Why did the mother say they were the poor members of the family?,Because the father had no luck.
What did Paul's mother mean by 'luck'?,,It's what causes you to have money.,What did Paul's mother mean by 'luck'?,It's what causes you to have money.
How did Paul react when his mother and uncle commented on his rocking-horse riding?,,He gave a blue glare and did not speak to them.,How did Paul react when his mother and uncle commented on his rocking-horse riding?,He gave a blue glare and did not speak to them.
What was the boy Paul's assertion about his luck?,,He asserted that God told him he was a lucky person.,What was the boy Paul's assertion about his luck?,He asserted that God told him he was a lucky person.
What did Paul do when he was seeking for the clue to 'luck'?,,"He would sit on his big rocking-horse, charging madly into space.",What did Paul do when he was seeking for the clue to 'luck'?,"He would sit on his big rocking-horse, charging madly into space."
What did the nurse say about Paul's rocking-horse riding?,,She said he would break his horse and wished he would leave off.,What did the nurse say about Paul's rocking-horse riding?,She said he would break his horse and wished he would leave off.
What did Paul's sister Joan say about his rocking-horse riding?,,She said he was always riding like that.,What did Paul's sister Joan say about his rocking-horse riding?,She said he was always riding like that.
What did Paul's mother and Uncle Oscar say when they saw him riding the rocking-horse?,,"His uncle said 'Hello, you young jockey! Riding a winner?' and his mother asked if he wasn't growing too big for a rocking-horse.",What did Paul's mother and Uncle Oscar say when they saw him riding the rocking-horse?,"His uncle said 'Hello, you young jockey! Riding a winner?' and his mother asked if he wasn't growing too big for a rocking-horse."
What was the date when the events of the story took place?,,The latter end of June 1902.,What was the date when the events of the story took place?,The latter end of June 1902.
What document did Holmes have in his hand when he emerged from his bed?,,A long foolscap document.,What document did Holmes have in his hand when he emerged from his bed?,A long foolscap document.
What was the name Holmes was looking for in the telephone directory?,,Garrideb.,What was the name Holmes was looking for in the telephone directory?,Garrideb.
What was the initial of the second Garrideb mentioned in the story?,,John.,What was the initial of the second Garrideb mentioned in the story?,John.
What was the profession of John Garrideb?,,Counsellor at Law.,What was the profession of John Garrideb?,Counsellor at Law.
What was the reason for John Garrideb's visit to Holmes?,,To discuss a matter related to Nathan Garrideb and a will.,What was the reason for John Garrideb's visit to Holmes?,To discuss a matter related to Nathan Garrideb and a will.
What was the value of the property left by Alexander Hamilton Garrideb?,,Five million dollars for each of the three parts.,What was the value of the property left by Alexander Hamilton Garrideb?,Five million dollars for each of the three parts.
What was Alexander Hamilton Garrideb's peculiar interest?,,Finding other people with the surname Garrideb.,What was Alexander Hamilton Garrideb's peculiar interest?,Finding other people with the surname Garrideb.
What was the condition set by Alexander Hamilton Garrideb's will for John Garrideb to receive his part of the inheritance?,,To find two other Garridebs to share the remainder of the inheritance.,What was the condition set by Alexander Hamilton Garrideb's will for John Garrideb to receive his part of the inheritance?,To find two other Garridebs to share the remainder of the inheritance.
What was Holmes's initial reaction to John Garrideb's outfit?,,He noticed that John Garrideb's outfit was English despite his American accent.,What was Holmes's initial reaction to John Garrideb's outfit?,He noticed that John Garrideb's outfit was English despite his American accent.
What commercial venture did Mammachi start after Pappachi's retirement?,,Mammachi started making pickles commercially.,What commercial venture did Mammachi start after Pappachi's retirement?,Mammachi started making pickles commercially.
How did Pappachi react to Mammachi's success with pickle-making?,,Pappachy resented the attention Mammachi was getting and refused to help her.,How did Pappachi react to Mammachi's success with pickle-making?,Pappachy resented the attention Mammachi was getting and refused to help her.
What was Pappachi's reaction to the ignominy of retirement?,,"Pappachy slouched around the compound in sullen circles, watching Mammachi work.",What was Pappachi's reaction to the ignominy of retirement?,"Pappachy slouched around the compound in sullen circles, watching Mammachi work."
What did Pappachi do after Chacko intervened to stop him from beating Mammachi?,,Pappachy smashed his favorite mahogany rocking chair in the driveway.,What did Pappachi do after Chacko intervened to stop him from beating Mammachi?,Pappachy smashed his favorite mahogany rocking chair in the driveway.
Why did Pappachi buy the skyblue Plymouth?,,Pappachy bought the car as a form of revenge and to assert his importance.,Why did Pappachi buy the skyblue Plymouth?,Pappachy bought the car as a form of revenge and to assert his importance.
What was Pappachi's greatest professional regret?,,Pappachy's greatest regret was not having the moth he discovered named after him.,What was Pappachi's greatest professional regret?,Pappachy's greatest regret was not having the moth he discovered named after him.
How did Pappachi's discovery of the moth affect his mood and behavior?,,The moth's discovery led to Pappachi's black moods and sudden bouts of temper.,How did Pappachi's discovery of the moth affect his mood and behavior?,The moth's discovery led to Pappachi's black moods and sudden bouts of temper.
"What did Pappachi do every day, even in the heat, as a reminder of his past?",,Pappachy wore a well-pressed three-piece suit and his gold pocket watch every day.,"What did Pappachi do every day, even in the heat, as a reminder of his past?",Pappachy wore a well-pressed three-piece suit and his gold pocket watch every day.
What was the cause of Pappachi's death according to the Indian Express?,,Pappachy suffered a massive heart attack.,What was the cause of Pappachi's death according to the Indian Express?,Pappachy suffered a massive heart attack.
How did Ammu explain Mammachi's reaction to Pappachi's death?,,Ammu said Mammachi cried more out of habit than love.,How did Ammu explain Mammachi's reaction to Pappachi's death?,Ammu said Mammachi cried more out of habit than love.
What was the narrator's initial impression of America upon arrival?,"As the plane began its descent over Boston Harbour, the pilot announced the weather and time, and that President Nixon had declared a national holiday: two American men had landed on the moon. Several passengers cheered. ‘God bless America!’ one of them hollered. Across the aisle, I saw a woman praying.","The narrator's initial impression of America was marked by the excitement and pride of the passengers upon hearing the news of the moon landing, with cheers and prayers, indicating a sense of national achievement and unity.","What was the narrator's initial impression of America upon arrival? As the plane began its descent over Boston Harbour, the pilot announced the weather and time, and that President Nixon had declared a national holiday: two American men had landed on the moon. Several passengers cheered. ‘God bless America!’ one of them hollered. Across the aisle, I saw a woman praying.","The narrator's initial impression of America was marked by the excitement and pride of the passengers upon hearing the news of the moon landing, with cheers and prayers, indicating a sense of national achievement and unity."
Describe the narrator's first night in America.,"I spent my first night at the YMCA in Central Square, Cambridge, an inexpensive accommodation recommended by my guidebook. It was walking distance from MIT, and steps away from the post office and a supermarket called Purity Supreme.","The narrator spent his first night in America at the YMCA in Central Square, Cambridge, which was an inexpensive accommodation near MIT, the post office, and a supermarket called Purity Supreme.","Describe the narrator's first night in America. I spent my first night at the YMCA in Central Square, Cambridge, an inexpensive accommodation recommended by my guidebook. It was walking distance from MIT, and steps away from the post office and a supermarket called Purity Supreme.","The narrator spent his first night in America at the YMCA in Central Square, Cambridge, which was an inexpensive accommodation near MIT, the post office, and a supermarket called Purity Supreme."
What did the narrator do on his first day at his new job?,"In the morning I reported to my job at the Dewey Library, a beige fortlike building by Memorial Drive. I also opened a bank account, rented a post office box, and bought a plastic bowl and a spoon at Woolworth’s, a store whose name I recognised from London.","On his first day at his new job, the narrator reported to the Dewey Library, opened a bank account, rented a post office box, and bought a plastic bowl and a spoon at Woolworth’s.","What did the narrator do on his first day at his new job? In the morning I reported to my job at the Dewey Library, a beige fortlike building by Memorial Drive. I also opened a bank account, rented a post office box, and bought a plastic bowl and a spoon at Woolworth’s, a store whose name I recognised from London.","On his first day at his new job, the narrator reported to the Dewey Library, opened a bank account, rented a post office box, and bought a plastic bowl and a spoon at Woolworth’s."
How did the narrator adapt to buying groceries in America?,"I went to Purity Supreme, wandering up and down the aisles, converting ounces to grams and comparing prices to things in England. In the end I bought a small carton of milk and a box of cornflakes.","The narrator adapted to buying groceries in America by converting ounces to grams and comparing prices to those in England, eventually buying a small carton of milk and a box of cornflakes.","How did the narrator adapt to buying groceries in America? I went to Purity Supreme, wandering up and down the aisles, converting ounces to grams and comparing prices to things in England. In the end I bought a small carton of milk and a box of cornflakes.","The narrator adapted to buying groceries in America by converting ounces to grams and comparing prices to those in England, eventually buying a small carton of milk and a box of cornflakes."
What was the narrator's routine for making tea at the YMCA?,"I bought tea bags and a flask, which the salesman in Woolworth’s referred to as a thermos (a flask, he informed me, was used to store whiskey, another thing I had never consumed). For the price of one cup of tea at a coffee shop, I filled the flask with boiling water on my way to work each morning, and brewed the four cups I drank in the course of a day.","The narrator's routine for making tea at the YMCA involved buying tea bags and a thermos, filling it with boiling water on his way to work each morning, and brewing four cups of tea throughout the day.","What was the narrator's routine for making tea at the YMCA? I bought tea bags and a flask, which the salesman in Woolworth’s referred to as a thermos (a flask, he informed me, was used to store whiskey, another thing I had never consumed). For the price of one cup of tea at a coffee shop, I filled the flask with boiling water on my way to work each morning, and brewed the four cups I drank in the course of a day.","The narrator's routine for making tea at the YMCA involved buying tea bags and a thermos, filling it with boiling water on his way to work each morning, and brewing four cups of tea throughout the day."
Describe the noise environment at the YMCA.,"Car horns, shrill and prolonged, blared one after another. Flashing sirens heralded endless emergencies and a fleet of buses rumbled past, their doors opening and closing with a powerful hiss, throughout the night. The noise was constantly distracting, at times suffocating.","The noise environment at the YMCA was characterized by constant, distracting, and suffocating sounds of car horns, sirens, and buses throughout the night.","Describe the noise environment at the YMCA. Car horns, shrill and prolonged, blared one after another. Flashing sirens heralded endless emergencies and a fleet of buses rumbled past, their doors opening and closing with a powerful hiss, throughout the night. The noise was constantly distracting, at times suffocating.","The noise environment at the YMCA was characterized by constant, distracting, and suffocating sounds of car horns, sirens, and buses throughout the night."
What challenges did the narrator face while trying to sleep at the YMCA?,"Each night I had to keep the window wide open; it was the only source of air in the stifling room, and the noise was intolerable. I would lie on the cot with my fingers pressed into my ears but when I drifted off to sleep, my hands fell away and the noise of the traffic would wake me up again.","The narrator faced challenges sleeping at the YMCA due to the need to keep the window open for air, the intolerable noise, and being repeatedly woken up by traffic sounds despite pressing his fingers into his ears.","What challenges did the narrator face while trying to sleep at the YMCA? Each night I had to keep the window wide open; it was the only source of air in the stifling room, and the noise was intolerable. I would lie on the cot with my fingers pressed into my ears but when I drifted off to sleep, my hands fell away and the noise of the traffic would wake me up again.","The narrator faced challenges sleeping at the YMCA due to the need to keep the window open for air, the intolerable noise, and being repeatedly woken up by traffic sounds despite pressing his fingers into his ears."
How did the narrator find a room to rent?,"It was in this manner that I discovered a room, for immediate occupancy, in a house on a quiet street, the listing said, for eight dollars per week. I copied the number into my guidebook and dialled from a pay telephone, sorting through the coins with which I was still unfamiliar, smaller and lighter than shillings, heavier and brighter than paisas.","The narrator found a room to rent by discovering a listing for a room in a house on a quiet street for eight dollars per week, copying the number into his guidebook, and dialing from a pay telephone.","How did the narrator find a room to rent? It was in this manner that I discovered a room, for immediate occupancy, in a house on a quiet street, the listing said, for eight dollars per week. I copied the number into my guidebook and dialled from a pay telephone, sorting through the coins with which I was still unfamiliar, smaller and lighter than shillings, heavier and brighter than paisas.","The narrator found a room to rent by discovering a listing for a room in a house on a quiet street for eight dollars per week, copying the number into his guidebook, and dialing from a pay telephone."
Describe the interaction between the narrator and the woman when he called about the room for rent.,"‘Who is speaking?’ a woman demanded. Her voice was bold and clamorous. ‘Yes, good afternoon, madame. I am calling about the room, for rent.’ ‘Harvard or Tech?’ ‘I beg your pardon?’ ‘Are you from Harvard or Tech?’ Gathering that Tech referred to the Massachusetts Institute of Technology, I replied, ‘I work at Dewey Library’, adding tentatively, ‘at Tech’.","The interaction between the narrator and the woman was characterized by her bold and clamorous voice demanding to know who was speaking, followed by her asking if he was from Harvard or Tech, to which he clarified that he worked at the Dewey Library at MIT.","Describe the interaction between the narrator and the woman when he called about the room for rent. ‘Who is speaking?’ a woman demanded. Her voice was bold and clamorous. ‘Yes, good afternoon, madame. I am calling about the room, for rent.’ ‘Harvard or Tech?’ ‘I beg your pardon?’ ‘Are you from Harvard or Tech?’ Gathering that Tech referred to the Massachusetts Institute of Technology, I replied, ‘I work at Dewey Library’, adding tentatively, ‘at Tech’.","The interaction between the narrator and the woman was characterized by her bold and clamorous voice demanding to know who was speaking, followed by her asking if he was from Harvard or Tech, to which he clarified that he worked at the Dewey Library at MIT."
What preparations did the narrator make before going to see the room for rent?,"I was given an address and an appointment for seven o’clock that evening. Thirty minutes before the hour I set out, my guidebook in my pocket, my breath fresh with Listerine. I turned down a street shaded with trees, perpendicular to Massachusetts Avenue. Stray blades of grass poked between the cracks of the footpath. In spite of the heat I wore a coat and a tie, regarding the event as I would any other interview; I","Before going to see the room for rent, the narrator made preparations by ensuring he had his guidebook, freshening his breath with Listerine, and dressing formally in a coat and tie, treating the event like an interview.","What preparations did the narrator make before going to see the room for rent? I was given an address and an appointment for seven o’clock that evening. Thirty minutes before the hour I set out, my guidebook in my pocket, my breath fresh with Listerine. I turned down a street shaded with trees, perpendicular to Massachusetts Avenue. Stray blades of grass poked between the cracks of the footpath. In spite of the heat I wore a coat and a tie, regarding the event as I would any other interview; I","Before going to see the room for rent, the narrator made preparations by ensuring he had his guidebook, freshening his breath with Listerine, and dressing formally in a coat and tie, treating the event like an interview."
What did Satyajit do when he saw the man presenting a cheque at the bank?,,He took the cheque to the accounts desk to compare the signature with the one on record.,What did Satyajit do when he saw the man presenting a cheque at the bank?,He took the cheque to the accounts desk to compare the signature with the one on record.
Why did the man commit forgery according to the story?,,He committed forgery to get money for his wife's medicine as she was dying of TB.,Why did the man commit forgery according to the story?,He committed forgery to get money for his wife's medicine as she was dying of TB.
What was Satyajit's reaction to the man's confession of forgery?,,He felt troubled and saw mind-pictures of the man in grief and at the bar.,What was Satyajit's reaction to the man's confession of forgery?,He felt troubled and saw mind-pictures of the man in grief and at the bar.
What did Satyajit think about his past success and the collapse of his bank?,,He felt that failure had a tempo far faster than success and that he had tried to overreach himself.,What did Satyajit think about his past success and the collapse of his bank?,He felt that failure had a tempo far faster than success and that he had tried to overreach himself.
Why did Satyajit board the train?,,He boarded the train to escape from his current situation and the wrenching within him.,Why did Satyajit board the train?,He boarded the train to escape from his current situation and the wrenching within him.
What did Uncle Srinath request from Satyajit in his letter?,,"Uncle Srinath requested Satyajit's benediction for the wedding of his fifth daughter, Beena.",What did Uncle Srinath request from Satyajit in his letter?,"Uncle Srinath requested Satyajit's benediction for the wedding of his fifth daughter, Beena."
How did Satyajit feel about Uncle Srinath's repeated requests for help with his daughters' weddings?,,"He mused about it with a dim smile, acknowledging the 'daughter crisis' as a matter of pride and self-satisfaction in his flush of prosperity.",How did Satyajit feel about Uncle Srinath's repeated requests for help with his daughters' weddings?,"He mused about it with a dim smile, acknowledging the 'daughter crisis' as a matter of pride and self-satisfaction in his flush of prosperity."
What change did Satyajit face after the collapse of his bank?,,He had to tread the earthly ways of humble folk and could not deny Uncle Srinath altogether despite his fall from prosperity.,What change did Satyajit face after the collapse of his bank?,He had to tread the earthly ways of humble folk and could not deny Uncle Srinath altogether despite his fall from prosperity.
What did Satyajit used to enjoy about his success in the village?,,He enjoyed the wide-eyed wonder and eager homage of people like Uncle Srinath who had use and longing for his money.,What did Satyajit used to enjoy about his success in the village?,He enjoyed the wide-eyed wonder and eager homage of people like Uncle Srinath who had use and longing for his money.
What was Satyajit's current state of mind regarding his past and present circumstances?,,"He was in a state of turmoil, reflecting on his past successes and failures, and grappling with his present fall from fortune.",What was Satyajit's current state of mind regarding his past and present circumstances?,"He was in a state of turmoil, reflecting on his past successes and failures, and grappling with his present fall from fortune."
