instruction,input,output
What are some of the literary pieces or chapters listed at the beginning of the text?,The Portrait of a Lady A Photograph “We’re Not Afraid to Die... if We Can All Be T ogether” Discovering Tut: the Saga Continues The Laburnum T op The V oice of the Rain The Ailing Planet: the Green Movement’s Role Childhood The Adventure Silk Road Father to Son,"The text lists several titles including ""The Portrait of a Lady,"" ""A Photograph,"" ""We’re Not Afraid to Die... if We Can All Be Together,"" ""Discovering Tut: the Saga Continues,"" ""The Laburnum Top,"" ""The Voice of the Rain,"" ""The Ailing Planet: the Green Movement’s Role,"" ""Childhood,"" ""The Adventure,"" ""Silk Road,"" and ""Father to Son."""
"According to the provided text, what are the essential components of effective reading?",Effective reading involves  understanding the text  talking about the text  thinking about language  working with words  noticing form and patterns.,"Effective reading involves understanding the text, talking about the text, thinking about language, working with words, and noticing form and patterns."
How did the narrator describe his grandmother's physical appearance and age?,"My grandmother, like everybody’s grandmother, was an old woman. She had been old and wrinkled for the twenty years that I had known her. ... She had always been short and fat and slightly bent. Her face was a criss-cross of wrinkles running from everywhere to everywhere. No, we were certain she had always been as we had known her. Old, so terribly old that she could not have grown older, and had stayed at the same age for twenty years.","The narrator described his grandmother as an old woman who had been old and wrinkled for the twenty years he had known her. She was short, fat, slightly bent, and her face was a criss-cross of wrinkles, giving the impression that she had stayed the same terribly old age for two decades."
What details are given about the grandfather's portrait?,"My grandfather’s portrait hung above the mantelpiece in the drawing room. He wore a big turban and loose-fitting clothes. His long, white beard covered the best part of his chest and he looked at least a hundred years old. He did not look the sort of person who would have a wife or children. He looked as if he could only have lots and lots of grandchildren.","The grandfather's portrait hung above the mantelpiece in the drawing room. He was depicted wearing a big turban and loose-fitting clothes, with a long, white beard covering most of his chest. He appeared to be at least a hundred years old and seemed like a person who would only have grandchildren, not a wife or children."
Describe the daily morning routine shared by the narrator and his grandmother in the village.,"She used to wake me up in the morning and get me ready for school. She said her morning prayer in a monotonous sing-song while she bathed and dressed me in the hope that I would listen and get to know it by heart; I listened because I loved her voice but never bothered to learn it. Then she would fetch my wooden slate which she had already washed and plastered with yellow chalk, a tiny earthen ink-pot and a red pen, tie them all in a bundle and hand it to me. After a breakfast of a thick, stale chapatti with a little butter and sugar spread on it, we went to school. She carried several stale chapattis with her for the village dogs. My grandmother always went to school with me because the school was attached to the temple.","In the village, the grandmother would wake the narrator up and get him ready for school, reciting morning prayers while bathing and dressing him. She would prepare his school supplies, including a wooden slate, ink-pot, and pen. After a breakfast of stale chapatti with butter and sugar, they would walk to the school, which was attached to a temple, and she would carry extra chapattis for the village dogs."
What event marked a 'turning-point' in the narrator's friendship with his grandmother?,"When my parents were comfortably settled in the city, they sent for us. That was a turning-point in our friendship. Although we shared the same room, my grandmother no longer came to school with me. I used to go to an English school in a motor bus. There were no dogs in the streets and she took to feeding sparrows in the courtyard of our city house.","The 'turning-point' in their friendship occurred when the narrator's parents, after settling in the city, sent for them. From then on, the grandmother no longer accompanied the narrator to school, as he began attending an English school by motor bus, and she started feeding sparrows in their city home's courtyard instead of village dogs."
Why was the grandmother unhappy and disturbed by the English school and music lessons?,This made her unhappy. She could not help me with my lessons. She did not believe in the things they taught at the English school and was distressed that there was no teaching about God and the scriptures. One day I announced that we were being given music lessons. She was very disturbed. To her music had lewd associations. It was the monopoly of harlots and beggars and not meant for gentlefolk.,"The grandmother was unhappy because she couldn't help with the narrator's English school lessons and was distressed that the school taught Western science without including teachings about God and the scriptures. She was particularly disturbed by music lessons, as she associated music with 'lewd associations' and considered it the 'monopoly of harlots and beggars,' not suitable for 'gentlefolk.'"
What was the grandmother's happiest half-hour of the day when the narrator was at university?,"Only in the afternoon she relaxed for a while to feed the sparrows. While she sat in the verandah breaking the bread into little bits, hundreds of little birds collected round her creating a veritable bedlam of chirrupings. Some came and perched on her legs, others on her shoulders. Some even sat on her head. She smiled but never shooed them away. It used to be the happiest half-hour of the day for her.","Her happiest half-hour of the day was in the afternoon when she relaxed to feed the sparrows. She would sit in the verandah, breaking bread into bits, and hundreds of birds would gather around her, perching on her legs, shoulders, and even head, creating a joyful commotion."
What unusual activity did the grandmother engage in the evening before she fell ill?,"In the evening a change came over her. She did not pray. She collected the women of the neighbourhood, got an old drum and started to sing. For several hours she thumped the sagging skins of the dilapidated drum and sang of the home-coming of warriors. We had to persuade her to stop to avoid overstraining. That was the first time since I had known her that she did not pray.","The evening before she fell ill, the grandmother did not pray, which was highly unusual for her. Instead, she gathered women from the neighborhood, found an old, dilapidated drum, and for several hours, she thumped it and sang songs about the home-coming of warriors, needing to be persuaded to stop."
"According to custom, what was done with the grandmother's body after her death?","We lifted her off the bed and, as is customary, laid her on the ground and covered her with a red shroud.","As was customary, after her death, her body was lifted off the bed, laid on the ground, and covered with a red shroud."
"What inspired the narrator and his wife, Mary, to embark on their round-the-world voyage?","In July 1976, my wife Mary, son Jonathan, 6, daughter Suzanne, 7, and I set sail from Plymouth, England, to duplicate the round-the-world voyage made 200 years earlier by Captain James Cook. For the longest time, Mary and I — a 37-year-old businessman — had dreamt of sailing in the wake of the famous explorer","The narrator and his wife, Mary, were inspired by Captain James Cook's 200-year-old round-the-world voyage and had dreamt of duplicating it for a long time."
"Describe the boat, Wavewalker, that the family used for their journey.","Our boat Wavewalker , a 23 metre, 30 ton wooden-hulled beauty, had been professionally built, and we had spent months fitting it out and testing it in the roughest weather we could find.","Wavewalker was a 23-meter, 30-ton wooden-hulled boat that had been professionally built. The family spent months fitting it out and testing it in the roughest weather."
Where did the family take on additional crew members and for what purpose?,"The first leg of our planned three-year, 105,000 kilometre journey passed pleasantly as we sailed down the west coast of Africa to Cape Town. There, before heading east, we took on two crewmen — American Larry Vigil and Swiss Herb Seigler — to help us tackle one of the world’s roughest seas, the southern Indian Ocean.","The family took on two crewmen, American Larry Vigil and Swiss Herb Seigler, in Cape Town. Their purpose was to help tackle the notoriously rough Southern Indian Ocean."
What significant event occurred at dawn on January 2 that led to the severe damage of the ship?,"At dawn on January 2, the waves were gigantic... The first indication of impending disaster came at about 6 p.m., with an ominous silence. The wind dropped, and the sky immediately grew dark. Then came a growing roar, and an enormous cloud towered aft of the ship. With horror, I realised that it was not a cloud, but a wave like no other I had ever seen. It appeared perfectly vertical and almost twice the height of the other waves, with a frightful breaking crest. The roar increased to a thunder as the stern moved up the face of the wave, and for a moment I thought we might ride over it. But then a tremendous explosion shook the deck. A torrent of green and white water broke over the ship, my head smashed into the wheel and I was aware of flying overboard and sinking below the waves.","At dawn on January 2, the waves were gigantic, but the disaster struck around 6 p.m. with an enormous, perfectly vertical wave, almost twice the height of others, with a frightful breaking crest. This wave caused a tremendous explosion, breaking over the ship and severely damaging it, even throwing the narrator overboard."
What was the immediate aftermath and condition of Wavewalker and its crew after being hit by the massive wave?,"A few metres away, Wavewalker was near capsizing, her masts almost horizontal... My left ribs cracked; my mouth filled with blood and broken teeth... “We’re sinking!” she screamed. “The decks are smashed; we’re full of water.” ...Larry and Herb were pumping like madmen. Broken timbers hung at crazy angles, the whole starboard side bulged inwards; clothes, crockery, charts, tins and toys sloshed about in deep water.","Wavewalker was near capsizing with its masts almost horizontal, and the decks were smashed, filling with water. The starboard side bulged inwards with broken timbers, and the narrator sustained cracked ribs, a mouth full of blood, and broken teeth. Larry and Herb immediately began pumping water."
Describe the challenges the narrator faced while trying to manage the flooding and repair the ship after the disaster.,"With the starboard side bashed open, we were taking water with each wave that broke over us. If I couldn’t make some repairs, we would surely sink. Somehow I managed to stretch canvas and secure waterproof hatch covers across the gaping holes. Some water continued to stream below, but most of it was now being deflected over the side. More problems arose when our hand pumps started to block up with the debris floating around the cabins and the electric pump short- circuited. The water level rose threateningly. Back on deck I found that our two spare hand pumps had been wrenched overboard — along with the forestay sail, the jib, the dinghies and the main anchor. Then I remembered we had another electric pump under the chartroom floor. I connected it to an out-pipe, and was thankful to find that it worked.","The narrator struggled to stretch canvas and secure waterproof hatch covers over gaping holes on the starboard side. Further challenges included hand pumps blocking with debris, the main electric pump short-circuiting, and two spare hand pumps being washed overboard. He eventually found and connected another electric pump from under the chartroom floor, which thankfully worked."
"What act of courage did Suzanne (Sue) display, and what was her reason for it?","Sue’s head had swollen alarmingly; she had two enormous black eyes, and now she showed us a deep cut on her arm. When I asked why she hadn’t made more of her injuries before this, she replied, “I didn’t want to worry you when you were trying to save us all.”","Suzanne showed immense courage by not mentioning her alarming injuries, which included a swollen head, two enormous black eyes, and a deep cut on her arm, earlier. She explained that she didn't want to worry her father while he was trying to save them all."
"After assessing the extensive damage to Wavewalker, what was the narrator's calculated hope for their survival?","But we still had a tremendous leak somewhere below the waterline and, on checking, I found that nearly all the boat’s main rib frames were smashed down to the keel. In fact, there was nothing holding up a whole section of the starboard hull except a few cupboard partitions. We had survived for 15 hours since the wave hit, but Wavewalker wouldn’t hold together long enough for us to reach Australia. I checked our charts and calculated that there were two small islands a few hundred kilometres to the east. One of them, Ile Amsterdam, was a French scientific base. Our only hope was to reach these pinpricks in the vast ocean.","The narrator's only hope for survival was to reach two small islands, Ile Amsterdam (a French scientific base) being one of them, located a few hundred kilometers to the east. He referred to these as ""pinpricks in the vast ocean"" because Wavewalker was too damaged to make it to Australia."
"Explain the meaning of the expression ""pinpricks in the vast ocean"" as used in the text.",Our only hope was to reach these pinpricks in the vast ocean.,"The expression ""pinpricks in the vast ocean"" refers to the two small islands, including Ile Amsterdam, that were the family's only hope for survival. It emphasizes their tiny size and remoteness in the immense and dangerous ocean, highlighting how difficult they would be to find."
What profound statement did Jonathan make to his father when asked about their chances of survival on January 5?,"When I went in to comfort the children, Jon asked, “Daddy, are we going to die?” I tried to assure him that we could make it. “But, Daddy,” he went on, “we aren’t afraid of dying if we can all be together — you and Mummy, Sue and I.”","Jonathan told his father, ""we aren’t afraid of dying if we can all be together — you and Mummy, Sue and I."" This statement conveyed his courage and the family's unity in the face of impending death."
Who discovered King Tutankhamun's tomb and in what year?,"Carter—Howard Carter, that is — was the British archaeologist who in 1922 discovered Tut’s tomb after years of futile searching.","Howard Carter, a British archaeologist, discovered King Tutankhamun's tomb in 1922."
What was the main purpose of performing a CT scan on King Tut's mummy in 2005?,Tut has undergone a CT scan that offers new clues about his life and death — and provides precise data for an accurate forensic reconstruction of the boyish pharaoh.,"The CT scan was conducted to offer new clues about King Tut's life and death, provide precise data for an accurate forensic reconstruction, and probe the lingering medical mysteries surrounding him."
"According to Zahi Hawass, what caused the mummy to be in very bad condition?","“The mummy is in very bad condition because of what Carter did in the 1920s,” said Zahi Hawass, Secretary General of Egypt’s Supreme Council of Antiquities","Zahi Hawass, Secretary General of Egypt’s Supreme Council of Antiquities, stated that the mummy was in very bad condition because of what Carter did in the 1920s."
Describe the primary challenge Howard Carter faced when trying to remove Tutankhamun's mummy from its coffin.,"The ritual resins had hardened, cementing Tut to the bottom of his solid gold coffin. “No amount of legitimate force could move them,” Carter wrote later. ...the consolidated material had to be chiselled away from beneath the limbs and trunk before it was possible to raise the king’s remains.","Howard Carter faced the challenge of hardened ritual resins that had cemented Tutankhamun's mummy to the bottom of its solid gold coffin, making it impossible to move with legitimate force. He eventually had to chisel away the consolidated material to free the remains."
"What everyday items, besides precious gold artifacts, were found buried with King Tut?","But Tut was also buried with everyday things he’d want in the afterlife: board games, a bronze razor, linen undergarments, cases of food and wine.","King Tut was buried with everyday items for the afterlife, including board games, a bronze razor, linen undergarments, and cases of food and wine."
What evidence suggested the season of King Tut's burial?,"Opening the first, he found a shroud adorned with garlands of willow and olive leaves, wild celery, lotus petals, and cornflowers, the faded evidence of a burial in March or April.","A shroud adorned with garlands of willow and olive leaves, wild celery, lotus petals, and cornflowers provided faded evidence that King Tut's burial took place in March or April."
What startling fact was revealed about King Tut's mummy by an X-ray examination in 1968?,"In 1968, more than 40 years after Carter’s discovery, an anatomy professor X-rayed the mummy and revealed a startling fact: beneath the resin that cakes his chest, his breast-bone and front ribs are missing.",An X-ray in 1968 revealed that King Tut's breast-bone and front ribs were missing from beneath the resin caking his chest.
"Who was Akhenaten, and what significant religious and political changes did he implement during his reign?","His son Amenhotep IV succeeded him and initiated one of the strangest periods in the history of ancient Egypt. The new pharaoh promoted the worship of the Aten, the sun disk, changed his name to Akhenaten, or ‘servant of the Aten,’ and moved the religious capital from the old city of Thebes to the new city of Akhetaten, known now as Amarna. He further shocked the country by attacking Amun, a major god, smashing his images and closing his temples.","Akhenaten, originally Amenhotep IV, promoted the worship of the Aten (sun disk), changed his name to 'servant of the Aten,' moved the religious capital to Akhetaten (Amarna), and attacked the major god Amun by smashing his images and closing his temples."
"When did the Egyptian Mummy Project begin its inventory, and what is its next planned phase?","The Egyptian Mummy project, which began an inventory in late 2003, has recorded almost 600 so far and is still counting. The next phase: scanning the mummies with a portable CT machine donated by the National Geographic Society and Siemens, its manufacturer.",The Egyptian Mummy Project began its inventory in late 2003. Its next phase is to scan the mummies using a portable CT machine donated by the National Geographic Society and Siemens.
How did Howard Carter justify his drastic actions of chiseling and dissecting Tutankhamun's mummy?,"In his defence, Carter really had little choice. If he hadn’t cut the mummy free, thieves most certainly would have circumvented the guards and ripped it apart to remove the gold.","Carter justified his actions by stating he had little choice; if he hadn't cut the mummy free, thieves would have circumvented the guards and ripped it apart to steal the gold."
"When did the Green Movement begin, and what significant event occurred shortly after its inception?",One cannot recall any movement in world history which has gripped the imagination of the entire human race so completely and so rapidly as the Green Movement which started nearly twenty-five years ago. In 1972 the world’s first nationwide Green party was founded in New Zealand.,"The Green Movement started nearly twenty-five years prior to 1994 (around 1969). In 1972, the world's first nationwide Green party was founded in New Zealand."
"According to the World Commission on Environment and Development, how is 'sustainable development' defined?","The concept of sustainable development was popularised in 1987 by the World Commission on Environment and Development. In its report it defined the idea as “Development that meets the needs of the present, without compromising the ability of future generations to meet their needs”, i.e., without stripping the natural world of resources future generations would need.","Sustainable development is defined as 'Development that meets the needs of the present, without compromising the ability of future generations to meet their needs,' meaning it involves using resources without stripping the natural world of what future generations would need."
"What is the significance of the notice in the Lusaka, Zambia zoo cage that reads 'The world’s most dangerous animal'?","In the zoo at Lusaka, Zambia, there is a cage where the notice reads, ‘The world’s most dangerous animal’. Inside the cage there is no animal but a mirror where you see yourself. Thanks to the efforts of a number of agencies in different countries, a new awareness has now dawned upon the most dangerous animal in the world. He has realised the wisdom of shifting from a system based on domination to one based on partnership.","The notice in the Lusaka zoo cage, which contains a mirror instead of an animal, signifies that humans are considered 'the world's most dangerous animal.' It highlights a newfound awareness among humans to shift from a system of domination over nature to one of partnership."
"Name the four principal biological systems of the earth identified by Mr. Lester R. Brown, and explain their importance.","Mr Lester R. Brown in his thoughtful book, The Global Economic Prospect, points out that the earth’s principal biological systems are four — fisheries, forests, grasslands, and croplands — and they form the foundation of the global economic system. In addition to supplying our food, these four systems provide virtually all the raw materials for industry except minerals and petroleum- derived synthetics.","Mr. Lester R. Brown identified the earth’s four principal biological systems as fisheries, forests, grasslands, and croplands. These systems are crucial as they form the foundation of the global economic system, supplying food and nearly all raw materials for industry, excluding minerals and petroleum-derived synthetics."
"At what estimated rate are the world's ancient tropical forests eroding annually, and what is the more recent, higher estimate?","The world’s ancient patrimony of tropical forests is now eroding at the rate of forty to fifty million acres a year... James Speth, the President of the World Resources Institute, said the other day, “We were saying that we are losing the forests at an acre a second, but it is much closer to an acre-and-a-half to a second”.","The world's ancient tropical forests are eroding at an estimated rate of forty to fifty million acres per year. However, James Speth of the World Resources Institute provided a more recent, higher estimate, stating that forests are being lost at closer to an acre-and-a-half per second."
What does Article 48A of the Constitution of India mandate regarding the environment?,Article 48A of the Constitution of India provides that “the State shall endeavour to protect and improve the environment and to safeguard the forests and wildlife of the country”.,Article 48A of the Constitution of India mandates that 'the State shall endeavour to protect and improve the environment and to safeguard the forests and wildlife of the country'.
How does the actual rate of forest loss in India compare to the rate indicated by government statistics?,"India, according to reliable data, is losing its forests at the rate of 3.7 million acres a year... The actual loss of forests is estimated to be about eight times the rate indicated by government statistics.","The actual loss of forests in India is estimated to be about eight times the rate indicated by government statistics, which state a loss of 3.7 million acres per year."
Describe the dramatic increase in world population during the 20th century.,"By the year 1900, a second billion was added, and the twentieth century has added another 3.7 billion. The present world population is estimated at 5.7 billion. Every four days the world population increases by one million.","The 20th century saw a significant surge in world population, adding 3.7 billion people, bringing the estimated total to 5.7 billion. This growth continues at a rapid pace, with the world population increasing by one million every four days."
Explain the concept of 'development as the best contraceptive' as mentioned in the text.,"Fertility falls as incomes rise, education spreads, and health improves. Thus development is the best contraceptive.","The phrase 'development is the best contraceptive' means that as societies experience improvements in income levels, education, and health, fertility rates tend to decrease naturally. This suggests that socio-economic development can effectively contribute to population control."
What is the 'transcending concern' that has emerged for the first time in human history?,"For the first time in human history we see a transcending concern — the survival not just of the people but of the planet. We have begun to take a holistic view of the very basis of our existence. The environmental problem does not necessarily signal our demise, it is our passport for the future. The emerging new world vision has ushere","The 'transcending concern' that has emerged for the first time in human history is the survival not just of human beings, but of the entire planet. This reflects a shift towards a holistic view of existence, seeing the environmental problem as a 'passport for the future' rather than a sign of demise."
What was Professor Gaitonde's initial plan of action upon arriving in Bombay?,"Meanwhile, the racing mind of Professor Gaitonde had arrived at a plan of action in Bombay. Indeed, as a historian he felt he should have thought of it sooner. He would go to a big library and browse through history books.",Professor Gaitonde planned to go to a big library in Bombay to browse through history books. He also intended to eventually return to Pune to have a long talk with Rajendra Deshpande.
What surprised Professor Gaitonde most about the East India Company's status in this version of Bombay?,"The East India Company had been wound up shortly after the events of 1857 — at least, that is what history books said. Yet, here it was, not only alive but flourishing.","He was shocked to find the East India Company not only alive but flourishing, as in his own historical understanding, it had been wound up shortly after the events of 1857."
How did Khan Sahib explain the presence of the British in the region during the train journey to Gangadharpant?,“See the tiny Union Jack painted on each carriage? A gentle reminder that we are in British territory.”,"Khan Sahib pointed out the tiny Union Jack painted on each carriage of the Greater Bombay Metropolitan Railway (GBMR), explaining it was a gentle reminder that they were in British territory."
"According to the history book Professor Gaitonde read, at what specific event did history take a different turn?","Reading volume five from both ends inwards, Gangadharpant finally converged on the precise moment where history had taken a different turn. That page in the book described the Battle of Panipat, and it mentioned that the Marathas won it handsomely.","History took a different turn at the Battle of Panipat, which the Marathas won handsomely, routing Abdali and chasing him back to Kabul."
What were the immediate consequences for the Marathas and the East India Company after the Maratha victory in the Battle of Panipat in this altered history?,"Their victory in the battle was not only a great morale booster to the Marathas but it also established their supremacy in northern India. The East India Company, which had been watching these developments from the sidelines, got the message and temporarily shelved its expansionist programme.","The Maratha victory boosted their morale, established their supremacy in northern India, and led the East India Company to temporarily shelve its expansionist programme. It also increased the influence of Bhausaheb and Vishwasrao."
"What was Professor Gaitonde's primary concern after failing to find his son, Vinay Gaitonde, in this new world?",It was characteristic of him not to worry about where he would stay. His main concern was to make his way to the library of the Asiatic Society to solve the riddle of history.,"His main concern was to make his way to the library of the Asiatic Society to solve the riddle of history, rather than worrying about his accommodation."
Name two prominent British departmental stores Professor Gaitonde observed on Hornby Road in this altered Bombay.,"There was no Handloom House building. Instead, there were Boots and Woolworth departmental stores, imposing offices of Lloyds, Barclays and other British banks, as in a typical high street of a town in England.",Professor Gaitonde observed Boots and Woolworth departmental stores on Hornby Road.
How was the political structure of India described in the twentieth century in the history book Professor Gaitonde read?,"The twentieth century brought about further changes inspired by the West. India moved towards a democracy. By then, the Peshwas had lost their enterprise and they were gradually replaced by democratically elected bodies. The Sultanate at Delhi survived even this transition, largely because it wielded no real influence. The Shahenshah of Delhi was no more than a figurehead to rubber-stamp the ‘recommendations’ made by the central parliament.","In the twentieth century, India moved towards a democracy, with the Peshwas being replaced by democratically elected bodies. The Sultanate at Delhi survived, but the Shahenshah was merely a figurehead who rubber-stamped recommendations from the central parliament."
How did the Peshwas interact with the East India Company regarding science and technology in the 19th century?,"They set up their own centres for science and technology. Here, the East India Company saw another opportunity to extend its influence. It offered aid and experts. They were accepted only to make the local centres self-sufficient.","The Peshwas set up their own centers for science and technology and accepted aid and experts from the East India Company, but only for the purpose of making their local centers self-sufficient."
"What did Gangadharpant appreciate about the India he encountered, based on his reading?","As he read on, Gangadharpant began to appreciate the India he had seen. It was a country that had not been subjected to slavery for the white man; it had learnt to stand on its feet and knew what self-respect was.","He appreciated that it was a country that had not been subjected to slavery by the white man, had learned to stand on its own feet, and understood self-respect."
What farewell gift did Lhamo give the narrator before they left Ravu?,"After ducking back into her tent, she emerged carrying one of the long- sleeved sheepskin coats that all the men wore.",Lhamo gave the narrator a long-sleeved sheepskin coat as a farewell present.
Describe the shortcut Tsetan took to get off the Changtang and its general direction.,"We took a short cut to get off the Changtang. Tsetan knew a route that would take us south-west, almost directly towards Mount Kailash. It involved crossing several fairly high mountain passes, he said.","Tsetan took a shortcut leading south-west, almost directly towards Mount Kailash, which involved crossing several fairly high mountain passes."
"What type of wild animals did the travelers encounter on the plains, and how did they behave?","Further on, where the plains became more stony than grassy, a great herd of wild ass came into view. Tsetan told us we were approaching them long before they appeared. 'Kyang,' he said, pointing towards a far-off pall of dust. When we drew near, I could see the herd galloping en masse, wheeling and turning in tight formation as if they were practising manoeuvres on some predetermined course.","They encountered a great herd of wild ass, called Kyang, which were seen galloping en masse, wheeling and turning in tight formation, creating plumes of dust."
What was the typical behavior of the Tibetan mastiffs guarding the nomads' tents as the vehicle approached?,"These beasts would cock their great big heads when they became aware of our approach and fix us in their sights. As we continued to draw closer, they would explode into action, speeding directly towards us, like a bullet from a gun and nearly as fast. These shaggy monsters, blacker than the darkest night, usually wore bright red collars and barked furiously with massive jaws. They were completely fearless of our vehicle, shooting straight into our path, causing Tsetan to brake and swerve.","As the vehicle approached, the Tibetan mastiffs would cock their heads, fix the car in their sights, then explode into action, speeding directly towards it, barking furiously and forcing Tsetan to brake and swerve."
"How did Tsetan, Daniel, and the narrator overcome the first snow blockage on the track?","A swathe of the white stuff lay across the track in front of us, stretching for maybe fifteen metres... Tsetan stepped on to the encrusted snow and began to slither and slide forward, stamping his foot... 'If we slip off, the car could turn over,' he suggested, as we saw Tsetan grab handfuls of dirt and fling them across the frozen surface. We both pitched in and, when the snow was spread with soil, Daniel and I stayed out of the vehicle to lighten Tsetan’s load. He backed up and drove towards the dirty snow, eased the car on to its icy surface and slowly drove its length without apparent difficulty.","Tsetan, Daniel, and the narrator spread dirt over the icy snow patch to create traction. Daniel and the narrator then exited the vehicle to lighten its load, allowing Tsetan to slowly drive the car across the dirt-covered snow."
"What was the elevation of the pass summit, and what traditional markers were found there?","We finally reached the top of the pass at 5,515 metres. It was marked by a large cairn of rocks festooned with white silk scarves and ragged prayer flags.","The pass summit was at 5,515 metres and was marked by a large cairn of rocks adorned with white silk scarves and ragged prayer flags."
"What effect did the lower atmospheric pressure at the high altitude have on the vehicle's fuel tank, and how did Tsetan react?","He stopped at the petrol tank and partially unscrewed the top, which emitted a loud hiss. The lower atmospheric pressure was allowing the fuel to expand. It sounded dangerous to me. 'Maybe, sir,' Tsetan laughed 'but no smoking.'","The lower atmospheric pressure caused the fuel in the petrol tank to expand, emitting a loud hiss when Tsetan partially unscrewed the top. Tsetan acknowledged the potential danger but laughed it off, simply advising ""no smoking."""
"Where did the travelers stop for lunch after descending the pass, and what kind of activity was happening there?","It was two o’clock by the time we stopped for lunch. We ate hot noodles inside a long canvas tent, part of a workcamp erected beside a dry salt lake. The plateau is pockmarked with salt flats and brackish lakes, vestiges of the Tethys Ocean... This one was a hive of activity, men with pickaxes and shovels trudging back and forth in their long sheepskin coats and salt-encrusted boots. All wore sunglasses against the glare as a steady stream of blue trucks emerged from the blindingly white lake laden with piles of salt.","They stopped for lunch at a workcamp beside a dry salt lake. The camp was a hive of activity, with men digging salt with pickaxes and shovels, and blue trucks continuously emerging from the lake laden with salt."
Why and where did Daniel part ways with the narrator and Tsetan?,"By late afternoon we had reached the small town of Hor, back on the main east-west highway that followed the old trade route from Lhasa to Kashmir. Daniel, who was returning to Lhasa, found a ride in a truck so Tsetan and I bade him farewell outside a tyre-repair shop.","Daniel, who was returning to Lhasa, found a ride in a truck in the small town of Hor, where he parted ways with the narrator and Tsetan outside a tyre-repair shop."
Describe the general appearance and condition of the town of Hor.,"Hor was a grim, miserable place. There was no vegetation whatsoever, just dust and rocks, liberally scattered with years of accumulated refuse, which was unfortunate given that the town sat on","Hor was described as a grim, miserable place with no vegetation, only dust and rocks, and was liberally scattered with years of accumulated refuse."
What are the key requirements for a student to write effectively?,"To be able to write effectively the student needs to  understand the significance and purpose of writing  develop coherence in writing  understand and employ cohesive devices  have relative command of grammar, spelling and punctuation.","For a student to write effectively, they need to understand the significance and purpose of writing, develop coherence, understand and employ cohesive devices, and have a relative command of grammar, spelling, and punctuation."
Why is note-making considered an important study skill?,note-making is an important study skill. It also helps us at work. We need to draw the main points of the material we read as it is difficult to remember large chunks of information.,"Note-making is an important study skill because it helps individuals draw the main points from material, making it easier to remember information rather than large chunks."
"According to scientists, where did all pheasants originate from?","Scientists believe that all pheasants originated from the Himalayas, and then scattered into Tibet, China, Myanmar, South and South East Asian countries as well as the Caucasus Mountains.",Scientists believe that all pheasants originated from the Himalayas.
To which order and family do pheasants belong?,"Of the 900 bird species and 155 families, the pheasants belong to the order Galliformes and family Phasinidae.",Pheasants belong to the order Galliformes and the family Phasinidae.
What is the specific purpose of the identification chart brought out by the Environment Society of India (ESI)?,"The purpose of this chart is to create awareness among members of the school eco-clubs under the National Green Corps (NGC) of the Ministry of Environment and Forests, Government of India.","The purpose of the ESI identification chart is to create awareness among members of school eco-clubs under the National Green Corps (NGC) of the Ministry of Environment and Forests, Government of India."
Which member of the pheasant family is India's national bird and what is its cultural significance?,"The male blue peafowl (the peacock) is the best known member of the pheasant family and is India’s national bird. It occupies a prominent place in India’s art, culture and folklore.","The male blue peafowl, or peacock, is India's national bird and a well-known member of the pheasant family. It holds a prominent place in India’s art, culture, and folklore."
How should information be logically divided and subdivided in good notes?,"Information is logically divided and subdivided by the use of figures/letters. The divisions are made like this: Main sections : 1, 2, 3, etc. Sub-sections : (i), (ii), (iii), etc. Sub-sub-sections : (a), (b), (c), etc.","In good notes, information is logically divided and subdivided using figures/letters. Main sections are numbered 1, 2, 3, etc., sub-sections use (i), (ii), (iii), etc., and sub-sub-sections use (a), (b), (c), etc."
Explain the 'decimal' system for structuring notes.,"Another common method is the ‘decimal’ system. Main sections : 1, 2, 3, etc. Sub-sections : 1.1, 1.2, 1.3, etc. Sub-sub-sections : 1.1.1, 1.1.2, 1.1.3, 1.2.1, 1.2.2, etc.","The 'decimal' system for structuring notes uses numbers like 1, 2, 3 for main sections; 1.1, 1.2, 1.3 for sub-sections; and 1.1.1, 1.1.2, 1.1.3, etc., for sub-sub-sections."
What is the original source of energy stored in coal and petroleum?,The ener gy stored in coal and petroleum originally came to the earth from the sun.,The energy stored in coal and petroleum originally came to the earth from the sun.
Briefly explain how dead plant and animal material was preserved and transformed into coal and petroleum.,"When these organisms died, much of their tissue was recycled as it is today — through scavenging and decay. But a significant amount of dead plant and animal material was covered with mud, which prevented complete decomposition. With the passage of time, layer upon layer of the fine sediment was deposited over the once-living material; the sheer weight turned the sediments to rock. Sandwiched between the layers, both coal and petroleum were produced and preserved under pressure.","Dead plant and animal material was covered with mud, preventing complete decomposition. Over time, layers of sediment were deposited, and the immense weight turned these sediments into rock. Under this pressure, sandwiched between the layers, coal and petroleum were produced and preserved."
What is the primary purpose of summarising?,If the main points are to be reported we present a summary.,The primary purpose of summarising is to report the main points of an original source.
How does summarising differ from note-making in terms of length and purpose?,The purpose of note-making is usually for one’s own personal reference. If the main points are to be reported we present a summary. It is not as severely shortened as note-making.,"Summarising is not as severely shortened as note-making. Note-making is usually for personal reference, while summarising is for reporting main points."
"What are the key steps involved in the process of summarising, after analyzing the passage?","The process of summarising would involve the steps followed in note-making: 1. underlining important ideas 2. writing them down, abridging the verbs 3. avoiding examples, explanations, repetition. However, instead of nominalising the points (changing verbs into nouns), we expand the points into full sentences and link them using suitable connectors.","The key steps involve underlining important ideas, writing them down while abridging verbs, avoiding examples, explanations, and repetition. Then, instead of nominalising, expand the points into full sentences and link them using suitable connectors."
"What family do soybeans belong to, and what are their typical growing conditions?",Soybeans belong to the legume family. The beans are the seeds of the leguminous soybean plant. They can be grown on a variety of soils and in a wide range of climates.,Soybeans belong to the legume family and can be grown on a variety of soils and in a wide range of climates.
"List several diverse uses of soybeans, including both food and non-food applications.","Soybeans are versatile... as they can be used as whole beans, soy sprouts, or processed as a variety of food items, such as soy milk, tofu, tempeh, textured vegetable protein, miso, soy sauce, soy oil and margarine, and soy dairy alternatives. They are also used for making candles and bio-diesel.","Soybeans can be used as whole beans, soy sprouts, and processed into food items like soy milk, tofu, tempeh, textured vegetable protein, miso, soy sauce, soy oil, margarine, and soy dairy alternatives. They are also used for making candles and bio-diesel."
"What are the main nutritional and health benefits of soy, according to the text?","Soy is an excellent source of high quality protein; is low in saturated fats and is cholestrol-free. It is also rich in vitamins, especially Vitamin B complex, minerals such as magnesium, calcium, iron, potassium and copper and also fibres. In recent times it has been highly recommended because of its ability to lower the levels of Low Density Lipoprotein (LDL), a bad cholesterol. The Food and Drug Administration (FDA), has confirmed that foods containing soy protein are likely to reduce the risk of coronary heart disease.","Soy is an excellent source of high-quality protein, low in saturated fats, cholesterol-free, and rich in vitamins (especially B complex), minerals, and fibres. It is recommended for its ability to lower LDL levels and reduce the risk of coronary heart disease."
"Why is soymilk a suitable alternative for some people, and how can it be made at home?","Soymilk does not contain lactose (milk sugar) and can be drunk by those who are allergic to normal milk. To get soymilk, soybeans are soaked in water, ground and then strained. If you don’t mind the trouble, you can also make it at home.","Soymilk is suitable for those allergic to normal milk because it does not contain lactose. It can be made at home by soaking soybeans in water, grinding them, and then straining the liquid."
"What evidence suggests that the Sahara desert was once a 'green' and 'perfectly liveable' place around 6,000 years ago?","Just 6,000 years ago, the Sahara was a much different place. It was green. Prehistoric rock art in the Sahara shows something surprising: hippopotamuses, which need year-round water. “We don’t have much evidence of a tropical paradise out there, but we had something perfectly liveable,” says Jennifer Smith, a geologist at Washington University in St Louis.","Around 6,000 years ago, the Sahara was green, and prehistoric rock art depicts hippopotamuses, which require year-round water, indicating it was a 'perfectly liveable' environment."
What natural phenomenon is identified as the cause of the Sahara's past 'green' period and its subsequent desertification?,"The green Sahara was the product of the migration of the paleo-monsoon. In the same way that ice ages come and go, so too do monsoons migrate north and south. The dynamics of earth’s motion are responsible. The tilt of the earth’s axis varies in a regular cycle — sometimes the planet is more tilted towards the sun, sometimes less so. The axis also wobbles like a spinning top. The date of the earth’s perihelion — its closest approach to the sun — varies in a cycle as well. At times when the Northern Hemisphere tilts sharply towards the sun and the planet makes its closest approach, the increased blast of sunlight during the north’s summer months can cause the African monsoon... to shift to the north... Around 5,000 years ago the monsoon shifted dramatically southward again.","The migration of the paleo-monsoon, driven by the dynamics of Earth's motion including variations in axial tilt and perihelion, caused the Sahara's climate shifts. A northward shift of the monsoon led to the 'green' period, while a southward shift resulted in desertification."
"What is 'fossil water' in the context of the Sahara, and what are its characteristics?","Yet beneath the Sahara are vast aquifers of fresh water, enough liquid to fill a small sea. It is fossil water, a treasure laid down in prehistoric times, some of it possibly a million years old. ... “It’s the best water in Egypt,” Giegengack said — clean, refreshing mineral water.","Fossil water refers to vast aquifers of fresh water beneath the Sahara, laid down in prehistoric times and potentially a million years old. It is described as clean, refreshing mineral water."
What is the primary purpose of sub-titling in a long piece of writing?,The purpose of sub-titling is to convey the main idea or theme of each section of a long piece of writing. It helps the reader know at a glance the sub-topics that are being addressed.,The primary purpose of sub-titling is to convey the main idea or theme of each section and help the reader quickly identify the sub-topics being addressed.
Which Brazilian city is highlighted as an example of innovative urban plans using low-cost technologies?,"The example of Curitiba in Brazil, which has attracted global attention for innovative urban plans using low-cost technologies, shows that inclusive development models for urban renewal are workable.",Curitiba in Brazil is highlighted for its innovative urban plans that utilize low-cost technologies.
What event in 1994 brought India's urban decay to global attention?,The depths of urban decay in India came to global notice during the pneumonic plague of 1994 in Surat; it epitomised the failure of governments in the post-Independence era and exposed development policies that ignored fundamental public health issues inherited from colonial rule.,The pneumonic plague of 1994 in Surat brought India's urban decay to global attention.
"According to the Census of India 2001, what percentage of urban Indian households lacked a latrine within the house?","nearly 14 million Indian households (forming 26 per cent of the total) in the urban areas do not have a latrine within the house, as per the Census of India 2001","As per the Census of India 2001, nearly 26 percent (14 million) of urban Indian households did not have a latrine within their house."
What is a major consequence of policy distortions in urban transport in India?,"Policy distortions have led to rising automobile dependency, higher safety risks for road users, and land use plans that are based not on the needs of people, but primarily designed to facilitate use of private motorised vehicles. It comes as no surprise therefore that pedestrians and bicycle riders, who form 30 to 70 per cent of peak hour traffic in most urban centres, also make up a large proportion of fatalities in road accidents.","Policy distortions in urban transport have led to rising automobile dependency, increased safety risks for road users, and land use plans that prioritize private motorized vehicles over people's needs, resulting in a large proportion of road accident fatalities among pedestrians and bicycle riders."
"How did Curitiba, Brazil, address its urban transport challenges despite high per capita car ownership?","Starting in the 1970s, this provincial centre with the highest per capita ownership of cars in Brazil (other than the capital) at the time, banned automobiles from many crowded areas in favour of pedestrians, built an internationally acknowledged bus system that reduced household commuting expenditure to below the national average, and created new housing areas that were provided transport links in a planned manner.","Curitiba banned automobiles from crowded areas, prioritized pedestrians, developed an internationally recognized bus system, and planned housing areas with integrated transport links."
Describe Curitiba's low-cost initiative for managing floods.,"The city created large artificial lakes in suitable places that filled up in the monsoon, avoiding flooding of residential areas. In the summer, these lakes turned into parks to provide recreational spaces.",Curitiba managed floods by creating large artificial lakes that would fill up during the monsoon to prevent residential flooding and then serve as recreational parks in the summer.
What ironic policy do Indian state administrations follow regarding wetlands and urban planning?,"State administrations and urban planning bodies in India follow policies that, ironically, allow filling of existing wetlands by real estate lobbies, leading to flooding.","Ironically, Indian state administrations allow real estate lobbies to fill existing wetlands, which then contributes to flooding."
"What type of approach is suggested for Indian state and local governments to achieve genuine urban renewal, contrasting with a market-oriented model?","If only the state and local governments can be persuaded to adopt a rights- based approach to affordable housing, sanitation, water supply, mobility and a clean environment, instead of a market- oriented model that lays excessive emphasis on recovery of costs incurred by profit-oriented private sector service provision.","A rights-based approach to affordable housing, sanitation, water supply, mobility, and a clean environment is suggested, rather than a market-oriented model focused on cost recovery by profit-oriented private sector service provision."
"Who are considered critical for bringing about genuine urban renewal in India, in addition to state and local governments?",Support from a progressive middle class and trade unions is equally critical to bring about genuine urban renewal.,Support from a progressive middle class and trade unions is considered equally critical for genuine urban renewal.
What are two methods suggested to make essay writing easier when facing difficulty starting?,"Most of us find it difficult to begin writing. We can make this easier by thinking about the topic either through brainstorming, that is with several people in a group giving their ideas as they strike them, or by putting them down on a sheet of paper as they occur to us.","The text suggests two methods: brainstorming with several people in a group, or individually putting ideas down on a sheet of paper as they occur."
Name four characteristics that define a good essay.,"The characteristics of a good essay are: Unity : The essay should deal with the main subject, and all parts of it should be clearly linked with that subject. Coherence : There should be a logical sequence of thought. This requires a logical relationship between ideas, sentences and paragraphs. Relevance : Unimportant information should not be included. Proportion : Giving more space to the important ideas.","A good essay is characterized by Unity, Coherence, Relevance, and Proportion."
"What is the primary reason why games are considered important for a person, according to the essay 'The Importance of Games'?","But the importance of games in life should not be underestimated, for without them it is harder for a person to be sound in body and mind.","Games are important because without them, it is harder for a person to be sound in both body and mind."
"According to the text, how does playing games contribute to developing sportsmanship?","Secondly, playing — and therefore experiencing winning and losing — encourages the spirit of sportsmanship, thus enabling one to deal with life’s problems in a wise and natural manner. Games teach the truth embodied in the Olympic motto: ‘The important thing in playing is not the winning or the losing, but the participation’ — and, I may add, doing the best one can.","Playing games encourages the spirit of sportsmanship by allowing individuals to experience both winning and losing, which helps them deal with life's problems wisely and naturally, embodying the Olympic motto of participation over winning or losing."
What is the meaning of the Latin phrase 'mens sana in corpore sano' and what does the text emphasize about it?,"When we think of the Greek ideal expressed in the Latin phrase, ‘mens sana in corpore sano’ (a healthy mind in a healthy body), we should not forget that it is the mind which is mentioned first.","The Latin phrase 'mens sana in corpore sano' means 'a healthy mind in a healthy body'. The text emphasizes that the mind is mentioned first, suggesting its priority."
What specific benefit do hobbies like stamp-collecting offer in terms of general knowledge?,"Quite a few hobbies, like stamp-collecting, widen our general knowledge about various countries of the world.",Hobbies like stamp-collecting widen our general knowledge about various countries of the world.
"List the three main objectives of the Beti Bachao, Beti Padhao scheme.",The objectives of this scheme are: • Prevention of gender-biased sex selection elimination. • Ensuring survival and protection of the girl child. • Ensuring education and participation of the girl child.,"The three main objectives of the Beti Bachao, Beti Padhao scheme are: prevention of gender-biased sex selection elimination, ensuring survival and protection of the girl child, and ensuring education and participation of the girl child."
How does the text describe the role of hobbies in refreshing the mind?,They refresh the mind by providing an opportunity to do different kinds of activities. ... Hobbies make life interesting. They refresh our minds after a hard day’s work. We need to do something different in order to do our routine work effectively. Hobbies provide this variety.,"Hobbies refresh the mind by offering an opportunity to engage in different kinds of activities, providing variety needed to effectively perform routine work after a hard day."
"According to the passage analysis, what is the role of Paragraph 5 in the essay 'The Importance of Games'?","– Paragraph 5 sums up the writer’s opinion, taking into account all he has said in paragraphs 2, 3 and 4, i.e. it forms the conclusion.","Paragraph 5 in 'The Importance of Games' essay sums up the writer's opinion, taking into account the points made in paragraphs 2, 3, and 4, thus forming the conclusion."
What are two potential dangers or negative aspects of playing games mentioned in the text?,"It is also possible to be too interested in games. When we think of the Greek ideal expressed in the Latin phrase, ‘mens sana in corpore sano’ (a healthy mind in a healthy body), we should not forget that it is the mind which is mentioned first. And if we let games become the most important thing in our lives, we may be in danger of changing the Olympic motto to ‘the important thing is winning’.","Two potential dangers are becoming too interested in games, to the point where they overshadow the importance of the mind, and letting games become the most important thing in life, which can shift the focus from participation to solely winning."
"What is the primary function of letter-writing, especially in historical context?","Letter-writing is an important channel of communication between people who are geographically distant from one another. In earlier times when the telephone and e-mail were not available, the only means of communication between people was through letters.","Letter-writing serves as a crucial channel of communication for people separated by distance. Historically, before the advent of telephones and e-mail, it was the sole means for people to communicate with each other."
Differentiate between formal and informal letters based on their purpose.,"In general there are two types of letters: formal, that are written to convey official business and information and informal, which are personal letters to communicate with friends and family.","Formal letters are written to convey official business and information, often for requirements in civic life or to public bodies. Informal letters, on the other hand, are personal letters used to communicate with friends and family."
List the key points one should remember when writing any type of letter.,When you write a letter you should keep in mind the following points. 1. Purpose 2. Person to whom it is addressed 3. Tone you should adopt 4. Completeness of the message 5. Action required 6. Conciseness of expression,"When writing a letter, one should keep in mind the purpose, the person to whom it is addressed, the appropriate tone, the completeness of the message, the action required, and the conciseness of expression."
Describe the Full-Block style of letter writing.,Nowadays all the parts of a letter are aligned on the left. This style is called the Full-Block style.,"The Full-Block style of letter writing is a modern format where all parts of the letter, including the sender's address, date, addressee's address, salutation, content, and complimentary close, are aligned on the left margin."
Provide examples of complimentary closes and signatures for formal letters.,"Letters usually end politely with the following phrases: Thank you, With regards, With best wishes, Hope to see you soon, Hope to receive an early reply etc. The complimentary close is followed by ‘Yours sincerely/ Yours truly’, and the writer’s signature in the next line.","Formal letters typically end with polite phrases like ""Thank you,"" ""With regards,"" or ""Hope to receive an early reply."" These phrases are then followed by a complimentary close such as ""Yours sincerely"" or ""Yours truly,"" and finally, the writer's signature on the next line."
What is a 'resume' and what are its alternative names?,"We need to prepare a resume, which actually means a summary of particulars relating to your background, academic qualifications and experience, if any. other terms used for ‘resume’ are ‘curriculum vitae’ and ‘biodata’.","A resume is a summary of an individual's background, academic qualifications, and experience. Other terms commonly used for 'resume' include 'curriculum vitae' (CV) and 'biodata'."
What are the general steps involved in the content of writing a formal letter?,Let us now examine some of the steps in writing formal letters. 1. (i) Introducing oneself if it is the first time you are writing (ii) Referring to an earlier letter if you are responding to it. 2. Stating the purpose of the letter 3. (i) Stating action/information required from the addressee (ii) Explaining action taken/supplying information 4. (i) Urging action to be taken (ii) Offering assistance in future,The general steps in writing a formal letter include: 1. Introducing oneself or referring to an earlier letter. 2. Stating the purpose of the letter. 3. Stating action/information required from the addressee or explaining action taken/supplying information. 4. Urging action to be taken or offering assistance in the future.
"How should one address a total stranger in a formal letter, and what if you know their title but not personally?","4. Mode of address or salutation Salutation is the mode of addressing a person. We may have the following forms. (i) Dear Sir/Madam (when we are writing to a total stranger whom we do not know at all). (ii) Dear Mr/Ms/Dr/Professor + Surname as in: Dear Dr Sinha, (when it is a formal relationship with the addressee and the writer does not know him or her personally).","When writing to a total stranger, the appropriate salutation is ""Dear Sir/Madam."" If you have a formal relationship with the addressee and know their title and surname (e.g., Mr, Ms, Dr, Professor), but not them personally, you should use ""Dear Mr/Ms/Dr/Professor + Surname,"" such as ""Dear Dr Sinha."""
What are some common expressions to avoid when starting or ending letters?,"Do not begin your letters with hackneyed expressions like, ‘With reference to your letter dated 10 January’. Instead, use personalised variations like, ‘I was glad to receive your letter of 10 January…’ or ‘We were happy to note from your letter that the goods have reached you safely…’  Never end your letters with hanging participles like ‘Thanking you’ or ‘Awaiting your reply’. Instead write, ‘Thank you’ or ‘We/I await/ look forward to your reply’.","When starting a letter, avoid hackneyed expressions like ""With reference to your letter dated 10 January."" Instead, use personalized variations such as ""I was glad to receive your letter of 10 January…"" When ending a letter, never use hanging participles like ""Thanking you"" or ""Awaiting your reply."" Instead, write ""Thank you"" or ""We/I await/look forward to your reply."""
"What is the purpose of ""References"" in a Curriculum Vitae (CV)?",References : (names of people in positions like your school Prinicipal who can certify your character and conduct),"In a Curriculum Vitae (CV), ""References"" are the names of individuals, typically in positions of authority such as a school Principal, who can certify the applicant's character and conduct."
"What specific word did the teacher ask the students to define from the excerpt of Shakespeare's Macbeth, and what was a notable response from a student when asked about a related word?",The teacher asked the students what the word ‘unseamed’ meant. It was difficult. The teacher prodded them on. “What does ‘seam’ mean? Haven’t you ever come across the word?” One of the students blurted out “Cricket ball”.,"The teacher asked the students to define the word ‘unseamed’. When prodded about the word ‘seam’, one student notably blurted out “Cricket ball”."
"According to the text, what is the key difference between writing factual information and writing for pleasure?","When we write about factual information, all of us write almost similarly. But when we write for pleasure each of us may write about the same event in different ways.","When writing factual information, everyone writes almost similarly. However, when writing for pleasure, individuals may write about the same event in different ways, reflecting their unique experiences and imagination."
"What are the six key elements through which imagination is reflected in creative writing, as listed in the text?",One very important element in creative writing is imagination. This is reflected in  our view or perspective  choice of words  the comparisons we make  the images we use  the tone we adopt  novelty of ideas.,"Imagination in creative writing is reflected in our view or perspective, choice of words, the comparisons we make, the images we use, the tone we adopt, and novelty of ideas."
"In the provided excerpt from Steinbeck’s The Pearl, what primary analogy is used to describe a town, and what tone does the writer adopt?","A town is like an animal. A town has a nervous system and a head and shoulders and feet... The tone he adopts is light humour, a little sarcastic.","The writer uses the primary analogy of a town being like an animal. The adopted tone is light humour, a little sarcastic."
"Explain how the repeated use of the conjunction 'and' in a sentence, as seen in the example from 'The Pearl', can be effective in creative writing.","They waited in their chairs until the pearls came in, and then they cackled and fought and shouted and threatened until they reached the lowest price the fisherman would stand. (from The Pearl). In a normal construction we will not use so many ‘ands’. But the action of the story is best reflected through this kind of chaining of actions through ‘ands’. It is appropriate to the movement of the action described.","The repeated use of 'and' can effectively chain actions together, which reflects the continuous movement and sequence of the described actions, making it appropriate to the story's flow and impact."
"Identify the simile used to describe Miss Rachel's face and explain its purpose, according to the text.","At her bedroom door stood Miss Rachel, her face almost white as the white dressing-gown she wore. The author has used a simile: “white as the white dressing-gown she wore.” ... But here comparing the whiteness to the dressing-gown she wore serves to exaggerate and intensify the emotion. Exaggeration is one of the ways in which fact is distinguished from fiction.","The simile used is ""white as the white dressing-gown she wore."" Its purpose is to exaggerate and intensify the emotion, such as fear or shock, serving as an example of how exaggeration distinguishes fact from fiction."
"According to the text, what literary technique is highlighted as a way to distinguish fact from fiction?",Exaggeration is one of the ways in which fact is distinguished from fiction.,Exaggeration is highlighted as one of the ways in which fact is distinguished from fiction.
What is the core message or simple statement conveyed by the given stanza from Thomas Gray's 'An Elegy Written in a Country Churchyard'?,Full many a gem of purest ray serene The dark unfathom’d caves of ocean bear Full many a flower is born to blush unseen And waste its fragrance in the desert air. The stanza carries a simple statement: many people with outstanding qualities live and die unnoticed by the world.,The stanza conveys the simple statement that many people with outstanding qualities live and die unnoticed by the world.
"Apart from the main message, what specific literary elements contribute to the quality of the lines from Thomas Gray's poem, as analyzed in the text?","To state this, the poet has used two strong images, ‘a gem’ and ‘a flower’. He has used two contrasting places: the ocean, that is full of water and the desert with no water at all. Also notice the rhyming words: ‘serene’ and ‘unseen’, ‘bear’ and ‘air’. The first and third lines also begin with the same words —“full many a”. The lines are of equal length. All this together contribute to the literary quality of these lines.","The literary elements contributing to the quality include the use of two strong images ('a gem' and 'a flower'), two contrasting places (ocean and desert), rhyming words ('serene'/'unseen', 'bear'/'air'), the repetition of beginning words (""full many a"") in the first and third lines, and the equal length of the lines."
"What is the general aim or purpose of the ""Activity"" sections provided at the end of the text?","Activity I Put down the images that come to your mind immediately when you see the words in the box. Activity II Try to write four lines of poetry or four sentences of prose with one of these as the starting point. Activity III Write a short story beginning with this sentence: When the last of the guests left, I went back into the hall.… Activity IV Look for a story, a poem and a newspaper article on environment conservation and see how the style of each is different from the other.","The general purpose of the ""Activity"" sections is to encourage readers to engage in practical creative writing exercises, such as generating ideas, writing poetry or prose, starting a story, and analyzing different writing styles."
Who holds the copyright for this publication and in what years?,"© National Council of Educational Research and Training, 2006, 2022","The National Council of Educational Research and Training (NCERT) holds the copyright for this publication, specifically for the years 2006 and 2022."
What are the restrictions regarding the reproduction or transmission of this publication?,"No part of this publication may be reproduced, stored in a retrieval system or transmitted, in any form or by any means, electronic, mechanical, photocopying, recording or otherwise without the prior permission of the publisher.","No part of this publication may be reproduced, stored in a retrieval system, or transmitted by any means (electronic, mechanical, photocopying, recording, or otherwise) without the prior permission of the publisher."
"List the cities where the Publication Division offices of NCERT are located, along with their respective phone numbers.","OFFICES OF THE PUBLICATION DIVISION, NCERT NCERT Campus Sri Aurobindo Marg New Delhi 110 016 Phone : 011-26562708 ... Bengaluru 560 085 Phone : 080-26725740 ... Ahmedabad 380 014 Phone : 079-27541446 ... Kolkata 700 114 Phone : 033-25530454 ... Guwahati 781 021 Phone : 0361-2674869","The NCERT Publication Division offices are located in New Delhi (Phone: 011-26562708), Bengaluru (Phone: 080-26725740), Ahmedabad (Phone: 079-27541446), Kolkata (Phone: 033-25530454), and Guwahati (Phone: 0361-2674869)."
When was the Foreword of this book written and by whom?,Director New Delhi National Council of Educational 20 December 2005 Research and Training,The Foreword was written on 20 December 2005 by the Director of the National Council of Educational Research and Training.
"What is the main recommendation of the National Curriculum Framework (NCF), 2005, regarding children's school life?","The National Curriculum Framework (NCF), 2005, recommends that children’s life at school must be linked to their life outside the school.","The National Curriculum Framework (NCF), 2005, recommends that children's life at school should be linked to their life outside the school."
What were the primary reasons for the NCERT undertaking the exercise to rationalise the content in textbooks?,"In view of the COVID-19 pandemic, it is imperative to reduce content load on students. The National Education Policy 2020, also emphasises reducing the content load and providing opportunities for experiential learning with creative mindset.","The primary reasons for rationalising textbook content were the COVID-19 pandemic, which necessitated reducing the content load on students, and the National Education Policy 2020, which also emphasized reducing content load and promoting experiential learning with a creative mindset."
What is the main aim of this textbook for Class XI English?,"This textbook for Class XI is based on the English syllabus on the lines suggested by the National Curriculum Framework, 2005. It aims to help learners develop proficiency in English by using language as an instrument for abstract thought and knowledge acquisition.",The textbook aims to help Class XI learners develop proficiency in English by using language as an instrument for abstract thought and knowledge acquisition.
What types of prose pieces are included in the Reading Skills section of the textbook?,"The prose pieces are drawn from biographies, travelogues, science fiction, art and contemporary expository prose by writers from different parts of the world.","The Reading Skills section includes prose pieces drawn from biographies, travelogues, science fiction, art, and contemporary expository prose from various international writers."
What is the ISBN of this book and what is its specific title for Class XI?,ISBN 81-7450-524-511072 – Hornbill Textbook for Class XI,"The ISBN of the book is 81-7450-524-511072, and it is titled ""Hornbill Textbook for Class XI""."
"According to the text, how should incorrect price indications on the publication be treated?","The correct price of this publication is the price printed on this page, Any revised price indicated by a rubber stamp or by a sticker or by any other means is incorrect and should be unacceptable.","Any revised price indicated by a rubber stamp, sticker, or any other means is incorrect and should be considered unacceptable; only the price printed on the page is correct."
Who is the author of the story 'The Summer of the Beautiful White Horse'?,,William Saroyan
What are the hallmarks of the tribe to which the two boys belong?,,Trust and honesty
What did the narrator see when his cousin Mourad woke him up?,,Mourad sitting on a beautiful white horse
Why did the narrator initially refuse to believe that Mourad had stolen the horse?,,Because no member of the Garoghlanian family could be a thief
What did the narrator decide about riding the horse?,,He decided to ride the horse
Describe the reaction of the narrator's uncle Khosrove to any bad news.,,"He would roar, 'It is no harm; pay no attention to it.'"
What did Mourad do when he wanted the horse to run?,,"He kicked his heels into the horse and shouted, 'Vazire, run.'"
What happened when the narrator tried to ride the horse alone?,,He fell off the horse after it leaped over seven vines.
What did Mourad suggest they do with the horse after the narrator fell?,,Either take it back or hide it until tomorrow morning.
What did the narrator know Mourad would do with the horse?,,"Hide it and not take it back, at least not for a while."
What is the setting of the play 'Mother's Day'?,,The living-room of the Pearson family in a London suburb.
Who are the main characters in the play?,,"Mrs Annie Pearson, George Pearson, Doris Pearson, Cyril Pearson, and Mrs Fitzgerald."
What does Mrs Fitzgerald suggest to Mrs Pearson?,,Mrs Fitzgerald suggests that Mrs Pearson should assert her authority and be the boss of her own family.
How does Mrs Pearson feel about her family?,,"Mrs Pearson is fond of her family, even though they are thoughtless and selfish."
What does Mrs Fitzgerald propose as a solution for Mrs Pearson's situation?,,Mrs Fitzgerald proposes that they change places or bodies so that Mrs Pearson can confront her family.
What is Mrs Pearson's initial reaction to Mrs Fitzgerald's proposal?,,Mrs Pearson thinks the idea of changing bodies is impossible and is dubious about it.
How does the body swap between Mrs Pearson and Mrs Fitzgerald occur?,,"The body swap occurs through a spell that Mrs Fitzgerald performs, causing them to exchange personalities and mannerisms."
What is Mrs Fitzgerald's reaction after the body swap?,,"Mrs Fitzgerald, now in Mrs Pearson's body, is alarmed and screams in fright."
"What does Mrs Pearson, now in Mrs Fitzgerald's body, plan to do with Mrs Pearson's family?",,She plans to confront and deal with Mrs Pearson's family to assert her authority.
What does Mrs Fitzgerald do after the body swap?,,Mrs Fitzgerald goes into Mrs Pearson's house to see how things are while Mrs Pearson deals with her family.
Who is Andrew Manson?,,Andrew Manson is a newly graduated doctor who has just begun his medical practice as an assistant to Dr. Edward Page in the small Welsh mining town of Blaenelly.
What is the setting of the story?,,The story is set in the small Welsh mining town of Blaenelly.
Who is Joe Morgan?,,Joe Morgan is a burly driller whose wife is expecting their first child after nearly twenty years of marriage.
What is the condition of the child when it is born?,,The child is born lifeless.
What does Andrew do to try to save the child?,,Andrew attempts to resuscitate the child using a special method of respiration involving hot and cold water.
What is Andrew's emotional state during the resuscitation attempt?,,Andrew feels a desperate sense of defeat and raging hopelessness as he tries to save the child.
Who are the other characters present during the birth?,,"The other characters present are Mrs. Morgan’s mother, a tall, grey-haired woman, and the stout, elderly midwife."
What does the old woman request regarding the use of chloroform?,,The old woman requests that chloroform should not be given to Susan if it would harm the baby.
What is Andrew's initial reaction upon learning the child is lifeless?,,Andrew experiences a shiver of horror and his face chills suddenly upon learning the child is lifeless.
What dilemma does Andrew face during the birth?,,"Andrew faces the dilemma of whether to attempt to resuscitate the child or focus on saving the mother, who is in a desperate state."
Who was proclaimed to be the ruler of the state in 'The Tale of Melon City'?,,A melon was proclaimed to be the ruler of the state.
Why did the King in 'The Tale of Melon City' order the chief of builders to be hanged?,,The King ordered the chief of builders to be hanged because his crown was knocked off by an arch built too low.
What was the final decision made by the King regarding the hanging in 'The Tale of Melon City'?,,"The King decided that someone must be hanged immediately to satisfy the crowd, and he ended up being the one hanged."
How did the people of Melon City react to having a melon as their King?,,The people of Melon City accepted the melon as their King as long as it left them in peace and liberty.
What was the standard answer of the idiot who passed by the City Gate in 'The Tale of Melon City'?,,The idiot's standard answer to all questions was 'A melon.'
What did the King amend in the plans that led to the conflict over the arch in 'The Tale of Melon City'?,,The King made certain amendments to the plans when the architect showed them to him.
Why was the wisest man in the country brought to the Royal Court in 'The Tale of Melon City'?,,The wisest man was brought to the Royal Court to provide counsel on who should be punished for the arch incident.
What did the Councillor say that stopped the arch from being hanged in 'The Tale of Melon City'?,,"The Councillor said, 'How can we hang so shamefully what touched your head, Your Majesty?'"
What was the reaction of the crowd when the King decided to postpone the consideration of guilt in 'The Tale of Melon City'?,,The crowd became restless and started muttering aloud.
How did the Ministers react after the King was hanged in 'The Tale of Melon City'?,,"The Ministers said, 'Long live the King! The King is dead.' and then pondered the dilemma of choosing a new ruler."
What is the purpose of the supplementary reader for Class XI?,,"To enhance the English syllabus for Class XI based on the National Curriculum Framework for School Education, 2005, and to help young adults understand themselves and the society they live in."
Who is the target audience for the supplementary reader 'Snapshots'?,,Young adults in Class XI.
What role does literature play in the supplementary reader?,,Literature plays an important role in moulding young minds by exposing learners to various narratives of life.
"What is the significance of the National Curriculum Framework (NCF), 2005, in the development of the supplementary reader?",,"The NCF, 2005, recommends linking children’s life at school with their life outside the school, discouraging rote learning, and promoting a child-centred system of education, which influenced the development of the supplementary reader."
What changes were made to the content of the textbooks due to the COVID-19 pandemic?,,"The content was rationalised to reduce the load on students, focus on experiential learning, and make it more accessible for self-learning or peer-learning."
Who are the key contributors mentioned in the foreword of the supplementary reader?,,"The Chairperson of the advisory group in languages, Professor Namwar Singh, and the Chief Advisor for the book, Professor R. Amritavalli."
What is the ISBN number of the supplementary reader for Class XI?,,81-7450-556-311073
Where is the National Council of Educational Research and Training (NCERT) located?,,"Sri Aurobindo Marg, New Delhi 110016"
What is the recommended price of the publication as mentioned in the text?,,` 35.00
What is the main theme of the stories and biographical sketches included in 'Snapshots'?,,The various narratives of life that help young adults understand themselves and the society they live in.
What is the setting of the story 'The Lament' by Anton Chekhov?,,The setting of the story is a snowy evening in a town with street lamps and a busy street.
"Describe the appearance of Iona Potapov, the cabdriver, in the story.",,"Iona Potapov is described as quite white and looking like a phantom, bent double, and motionless."
What does the phrase 'gingerbread horse' refer to in the story?,"Its immobility, its angularity and its straight wooden-looking legs, even close by, give it the appearance of a gingerbread horse worth a kopek.","The phrase 'gingerbread horse' refers to Iona's little horse, which appears motionless and wooden, resembling a toy horse."
What event has recently happened to Iona that is causing him sorrow?,,"Iona's son, Barin, died this week, which is causing him deep sorrow."
How does Iona react when the officer asks him about his son's death?,"Iona twists his mouth into a smile and, with an effort, says hoarsely: 'My son, Barin, died this week.'",Iona reacts with a twisted smile and hoarsely informs the officer that his son died this week.
What is the officer's reaction to Iona's news about his son's death?,'Hm! What did he die of?',"The officer reacts with a simple question about the cause of Iona's son's death, showing minimal empathy."
How does Iona feel about the fares he picks up after his son's death?,,"Iona does not mind the fare amount, whether it is a rouble or five kopeks—to him it is all the same now, so long as they are fares."
What does the phrase 'as if he were on needles' describe about Iona's behavior?,"Iona shifts about on his seat as if he were on needles, moves his elbows as if he were trying to keep his equilibrium, and gasps about like someone suffocating, who does not understand why and wherefore he is there.","The phrase describes Iona's restless and uneasy behavior, indicating his discomfort and agitation."
What is the significance of the snow in the story?,"The cabdriver, Iona Potapov, is quite white and looks like a phantom: he is bent double as far as a human body can bend double; he is seated on his box; he never makes a move. If a whole snowdrift fell on him, it seems as if he would not find it necessary to shake it off.","The snow symbolizes the stillness and the emotional numbness Iona feels after his son's death, mirroring his motionless state."
How does Iona's interaction with the three young men contrast with his earlier interaction with the officer?,,"Unlike the officer, the young men are rude and insulting to Iona, yet their interaction temporarily alleviates his feeling of loneliness."
What does the text suggest about the significance of mustaches in the culture described?,,"The text suggests that mustaches are significant markers of social class and status, with different styles worn by different classes to signify their position in society."
Describe the 'lion moustache' and the class it represents.,,"The 'lion moustache' is a fearsome, upstanding symbol worn by the great order of resplendent rajas, maharajas, nawabs, and English army generals, known for their devotion to the King Emperor."
What is the 'goat moustache' and who typically wears it?,,"The 'goat moustache' is an unsure, thin line of a moustache worn by the nouveau riche, new commercial bourgeoisie, and shopkeeper class, designed to be turned up or down as the occasion demands."
Explain the conflict between Seth Ramanand and Khan Azam Khan regarding mustaches.,,"Seth Ramanand, the grocer and moneylender, twisted his goat moustache to look like a tiger moustache, which angered Khan Azam Khan, who wears a tiger moustache and sees it as a symbol of his noble ancestry."
What does Khan Azam Khan claim about his ancestry?,,Khan Azam Khan claims descent from an ancient Afghan family whose heads were noblemen and councillors in the court of the great Moghuls.
"How do the landlord, moneylender, and priest view Khan Azam Khan's claims?",,"They view him with jealousy and skepticism, with some calling him an impostor and others suggesting his ancestors were attached to the Court of the Great Moghuls as sweepers."
What does Khan Azam Khan do when he notices Seth Ramanand's mustache?,,"He angrily confronts Seth Ramanand, demanding that he turn the tips of his moustache down to the style proper to the goat that he is."
How does Seth Ramanand initially respond to Khan Azam Khan's demand?,,"Seth Ramanand brushes one end of his moustache down to appease Khan Azam Khan, but leaves the other end up."
What is the final outcome of the confrontation between Seth Ramanand and Khan Azam Khan?,,"Khan Azam Khan notices that one end of Seth Ramanand's moustache is still up and demands that he bring it down, leading to further conflict."
What does the text imply about the role of pride and social status in the community?,,"The text implies that pride and social status are deeply ingrained in the community, leading to conflicts and resentments, especially when boundaries are crossed."
What did the mother feel about her children?,,She felt they had been thrust upon her and she could not love them.
What did the children hear whispering in the house?,,'There must be more money!'
Why did the mother say they were the poor members of the family?,,Because the father had no luck.
What did Paul's mother mean by 'luck'?,,It's what causes you to have money.
How did Paul react when his mother and uncle commented on his rocking-horse riding?,,He gave a blue glare and did not speak to them.
What was the boy Paul's assertion about his luck?,,He asserted that God told him he was a lucky person.
What did Paul do when he was seeking for the clue to 'luck'?,,"He would sit on his big rocking-horse, charging madly into space."
What did the nurse say about Paul's rocking-horse riding?,,She said he would break his horse and wished he would leave off.
What did Paul's sister Joan say about his rocking-horse riding?,,She said he was always riding like that.
What did Paul's mother and Uncle Oscar say when they saw him riding the rocking-horse?,,"His uncle said 'Hello, you young jockey! Riding a winner?' and his mother asked if he wasn't growing too big for a rocking-horse."
What was the date when the events of the story took place?,,The latter end of June 1902.
What document did Holmes have in his hand when he emerged from his bed?,,A long foolscap document.
What was the name Holmes was looking for in the telephone directory?,,Garrideb.
What was the initial of the second Garrideb mentioned in the story?,,John.
What was the profession of John Garrideb?,,Counsellor at Law.
What was the reason for John Garrideb's visit to Holmes?,,To discuss a matter related to Nathan Garrideb and a will.
What was the value of the property left by Alexander Hamilton Garrideb?,,Five million dollars for each of the three parts.
What was Alexander Hamilton Garrideb's peculiar interest?,,Finding other people with the surname Garrideb.
What was the condition set by Alexander Hamilton Garrideb's will for John Garrideb to receive his part of the inheritance?,,To find two other Garridebs to share the remainder of the inheritance.
What was Holmes's initial reaction to John Garrideb's outfit?,,He noticed that John Garrideb's outfit was English despite his American accent.
What commercial venture did Mammachi start after Pappachi's retirement?,,Mammachi started making pickles commercially.
How did Pappachi react to Mammachi's success with pickle-making?,,Pappachy resented the attention Mammachi was getting and refused to help her.
What was Pappachi's reaction to the ignominy of retirement?,,"Pappachy slouched around the compound in sullen circles, watching Mammachi work."
What did Pappachi do after Chacko intervened to stop him from beating Mammachi?,,Pappachy smashed his favorite mahogany rocking chair in the driveway.
Why did Pappachi buy the skyblue Plymouth?,,Pappachy bought the car as a form of revenge and to assert his importance.
What was Pappachi's greatest professional regret?,,Pappachy's greatest regret was not having the moth he discovered named after him.
How did Pappachi's discovery of the moth affect his mood and behavior?,,The moth's discovery led to Pappachi's black moods and sudden bouts of temper.
"What did Pappachi do every day, even in the heat, as a reminder of his past?",,Pappachy wore a well-pressed three-piece suit and his gold pocket watch every day.
What was the cause of Pappachi's death according to the Indian Express?,,Pappachy suffered a massive heart attack.
How did Ammu explain Mammachi's reaction to Pappachi's death?,,Ammu said Mammachi cried more out of habit than love.
What was the narrator's initial impression of America upon arrival?,"As the plane began its descent over Boston Harbour, the pilot announced the weather and time, and that President Nixon had declared a national holiday: two American men had landed on the moon. Several passengers cheered. ‘God bless America!’ one of them hollered. Across the aisle, I saw a woman praying.","The narrator's initial impression of America was marked by the excitement and pride of the passengers upon hearing the news of the moon landing, with cheers and prayers, indicating a sense of national achievement and unity."
Describe the narrator's first night in America.,"I spent my first night at the YMCA in Central Square, Cambridge, an inexpensive accommodation recommended by my guidebook. It was walking distance from MIT, and steps away from the post office and a supermarket called Purity Supreme.","The narrator spent his first night in America at the YMCA in Central Square, Cambridge, which was an inexpensive accommodation near MIT, the post office, and a supermarket called Purity Supreme."
What did the narrator do on his first day at his new job?,"In the morning I reported to my job at the Dewey Library, a beige fortlike building by Memorial Drive. I also opened a bank account, rented a post office box, and bought a plastic bowl and a spoon at Woolworth’s, a store whose name I recognised from London.","On his first day at his new job, the narrator reported to the Dewey Library, opened a bank account, rented a post office box, and bought a plastic bowl and a spoon at Woolworth’s."
How did the narrator adapt to buying groceries in America?,"I went to Purity Supreme, wandering up and down the aisles, converting ounces to grams and comparing prices to things in England. In the end I bought a small carton of milk and a box of cornflakes.","The narrator adapted to buying groceries in America by converting ounces to grams and comparing prices to those in England, eventually buying a small carton of milk and a box of cornflakes."
What was the narrator's routine for making tea at the YMCA?,"I bought tea bags and a flask, which the salesman in Woolworth’s referred to as a thermos (a flask, he informed me, was used to store whiskey, another thing I had never consumed). For the price of one cup of tea at a coffee shop, I filled the flask with boiling water on my way to work each morning, and brewed the four cups I drank in the course of a day.","The narrator's routine for making tea at the YMCA involved buying tea bags and a thermos, filling it with boiling water on his way to work each morning, and brewing four cups of tea throughout the day."
Describe the noise environment at the YMCA.,"Car horns, shrill and prolonged, blared one after another. Flashing sirens heralded endless emergencies and a fleet of buses rumbled past, their doors opening and closing with a powerful hiss, throughout the night. The noise was constantly distracting, at times suffocating.","The noise environment at the YMCA was characterized by constant, distracting, and suffocating sounds of car horns, sirens, and buses throughout the night."
What challenges did the narrator face while trying to sleep at the YMCA?,"Each night I had to keep the window wide open; it was the only source of air in the stifling room, and the noise was intolerable. I would lie on the cot with my fingers pressed into my ears but when I drifted off to sleep, my hands fell away and the noise of the traffic would wake me up again.","The narrator faced challenges sleeping at the YMCA due to the need to keep the window open for air, the intolerable noise, and being repeatedly woken up by traffic sounds despite pressing his fingers into his ears."
How did the narrator find a room to rent?,"It was in this manner that I discovered a room, for immediate occupancy, in a house on a quiet street, the listing said, for eight dollars per week. I copied the number into my guidebook and dialled from a pay telephone, sorting through the coins with which I was still unfamiliar, smaller and lighter than shillings, heavier and brighter than paisas.","The narrator found a room to rent by discovering a listing for a room in a house on a quiet street for eight dollars per week, copying the number into his guidebook, and dialing from a pay telephone."
Describe the interaction between the narrator and the woman when he called about the room for rent.,"‘Who is speaking?’ a woman demanded. Her voice was bold and clamorous. ‘Yes, good afternoon, madame. I am calling about the room, for rent.’ ‘Harvard or Tech?’ ‘I beg your pardon?’ ‘Are you from Harvard or Tech?’ Gathering that Tech referred to the Massachusetts Institute of Technology, I replied, ‘I work at Dewey Library’, adding tentatively, ‘at Tech’.","The interaction between the narrator and the woman was characterized by her bold and clamorous voice demanding to know who was speaking, followed by her asking if he was from Harvard or Tech, to which he clarified that he worked at the Dewey Library at MIT."
What preparations did the narrator make before going to see the room for rent?,"I was given an address and an appointment for seven o’clock that evening. Thirty minutes before the hour I set out, my guidebook in my pocket, my breath fresh with Listerine. I turned down a street shaded with trees, perpendicular to Massachusetts Avenue. Stray blades of grass poked between the cracks of the footpath. In spite of the heat I wore a coat and a tie, regarding the event as I would any other interview; I","Before going to see the room for rent, the narrator made preparations by ensuring he had his guidebook, freshening his breath with Listerine, and dressing formally in a coat and tie, treating the event like an interview."
What did Satyajit do when he saw the man presenting a cheque at the bank?,,He took the cheque to the accounts desk to compare the signature with the one on record.
Why did the man commit forgery according to the story?,,He committed forgery to get money for his wife's medicine as she was dying of TB.
What was Satyajit's reaction to the man's confession of forgery?,,He felt troubled and saw mind-pictures of the man in grief and at the bar.
What did Satyajit think about his past success and the collapse of his bank?,,He felt that failure had a tempo far faster than success and that he had tried to overreach himself.
Why did Satyajit board the train?,,He boarded the train to escape from his current situation and the wrenching within him.
What did Uncle Srinath request from Satyajit in his letter?,,"Uncle Srinath requested Satyajit's benediction for the wedding of his fifth daughter, Beena."
How did Satyajit feel about Uncle Srinath's repeated requests for help with his daughters' weddings?,,"He mused about it with a dim smile, acknowledging the 'daughter crisis' as a matter of pride and self-satisfaction in his flush of prosperity."
What change did Satyajit face after the collapse of his bank?,,He had to tread the earthly ways of humble folk and could not deny Uncle Srinath altogether despite his fall from prosperity.
What did Satyajit used to enjoy about his success in the village?,,He enjoyed the wide-eyed wonder and eager homage of people like Uncle Srinath who had use and longing for his money.
What was Satyajit's current state of mind regarding his past and present circumstances?,,"He was in a state of turmoil, reflecting on his past successes and failures, and grappling with his present fall from fortune."
Who is the author of 'The Luncheon'?,,William Somerset Maugham
Where did the narrator first meet the woman?,,At Foyot's restaurant in Paris.
What did the woman claim she never ate for luncheon?,,She claimed she never ate anything for luncheon.
What did the woman order for her luncheon despite her claims?,,"She ordered caviar, salmon, giant asparagus, ice-cream, and coffee."
How did the narrator feel about the woman's eating habits during the luncheon?,,He felt anxious and worried about the cost of the meal.
What was the narrator's financial situation at the time of the luncheon?,,He had eighty francs (gold francs) to last him the rest of the month.
What did the narrator order for himself during the luncheon?,,"He ordered the cheapest dish on the menu, a mutton chop."
What drink did the woman insist on having during the luncheon?,,She insisted on having Champagne.
How did the narrator plan to handle the bill if he didn't have enough money to pay?,,He planned to claim his wallet had been stolen.
What was the woman's belief about the feeling one should have after a meal?,,She believed one should always get up from a meal feeling one could eat a little more.
What is the origin of the word 'poetry'?,,The word 'poetry' originates from a Greek word meaning 'to make'.
What are some characteristic features of poetry?,,"Poetry has a musical quality with rhythm, pitch, metre; and it may use figures of speech such as simile and metaphor."
What forms of poetry are included in the selection?,,"The selection includes traditional forms as well as modern poems, and examples of 'haiku' and 'limerick'."
What does the poet suggest one should do to possibly see the peacock?,"I was told that you have to sit in the veranda And read a book, preferably one of your favourites with great concentration.",Sit in the veranda and read a book with great concentration.
Describe the visual imagery created by the lines about the peacock.,"His loud sharp call seems to come from nowhere. Then, a flash of turquoise in the pipal tree The slender neck arched away from you as he descends, and as he darts away, a glimpse of the very end of his tail.","The lines create a vivid image of the peacock with its loud call, flash of turquoise, slender neck, and darting movement, leaving only a glimpse of its tail."
What signals the presence of the peacock in the vicinity according to the poem?,"The moment you begin to live inside the book A blue shadow will fall over you. The wind will change direction, The steady hum of bees In the bushes nearby will stop. The cat will awaken and stretch.","A blue shadow falling, a change in wind direction, the stopping of the hum of bees, and the cat awakening and stretching."
How does the poem describe the connection between the peacock's tail and its eyes?,It is the tail that has to blink For eyes that are always open.,"The tail blinks for eyes that are always open, adding to the descriptive detail of the poem."
How does the poem capture the elusive nature of the peacock?,And if you look up in time You might see the peacock turning away as he gathers his tail,The poem captures the elusive nature of the peacock by describing how it might be seen turning away just as one looks up.
What colours does the poem suggest are present in the peacock's plumage?,"turquoise, dark glowing eyes, violet fringed with golden amber","The poem suggests the presence of turquoise, dark glowing, violet, and golden amber colours in the peacock's plumage."
Why might the peacock be associated with pride in English literature?,'As proud as a peacock' is a commonly used simile.,The peacock is associated with pride in English literature due to the commonly used simile 'As proud as a peacock'.
What is the theme of the poem 'Let Me Not to the Marriage of True Minds'?,,The theme of the poem is 'constancy'.
Why does the poet use many 'negatives' in the poem?,,The poet uses many 'negatives' to emphasize the unwavering and unchanging nature of true love.
"What does the line 'I never writ, nor no man ever loved' imply?",,"The line implies that if the poet's depiction of love is proven wrong, then he has never written anything worth noting, and no one has ever truly loved."
Why does the poet present love as the subject or doer of actions rather than involving human agents?,,"The poet presents love as the subject or doer of actions to emphasize that love itself is a powerful and constant force, independent of human actions or decisions."
Explain the phrase 'his bending sickle’s compass'.,,"The phrase 'his bending sickle’s compass' refers to the arc or path that Time's sickle (symbolizing the passage of time) takes, which eventually encompasses everything, including 'rosy lips and cheeks' (youth and beauty)."
What does 'Time’s fool' mean in the context of the poem?,,"'Time’s fool' refers to something that is affected or changed by the passage of time, implying that true love is not something that can be altered by time."
What is a sonnet?,,"A sonnet is a 14-line poem, typically written in iambic pentameter, with a specific rhyme scheme."
Name a suggested reading that complements the themes of Sonnet 116.,,'Shall I Compare Thee' by William Shakespeare.
Where was William Shakespeare born?,,"Stratford-on-Avon, England."
How many sonnets did William Shakespeare write?,,154 sonnets.
What does the bird in the poem announce?,"A thrush sings, Laurel-surrounded In the deep bare garden, Its fresh-peeled voice Astonishing the brickwork.",The bird announces the coming of spring.
"How is the announcement of the bird related to the title, ‘Coming’?","It will be spring soon, It will be spring soon—","The title ‘Coming’ refers to the imminent arrival of spring, which the bird's song announces."
Why is the speaker’s childhood described as ‘a forgotten boredom’?,"And I, whose childhood Is a forgotten boredom,",The speaker’s childhood is described as ‘a forgotten boredom’ to convey a sense of unremarkable and unmemorable past experiences.
What causes the element of surprise when the child comes on the scene of ‘adult reconciling’?,"Feel like a child Who comes on a scene Of adult reconciling, And can understand nothing But the unusual laughter , And starts to be happy.",The unusual laughter of the adults causes the element of surprise and happiness in the child.
What two things are compared in the poem?,"Light, chill and yellow, Bathes the serene Foreheads of houses.",The light is compared to bathing the foreheads of houses.
"How do you respond to these lines? ‘Light, chill and yellow, Bathes the serene Foreheads of houses.’","Light, chill and yellow, Bathes the serene Foreheads of houses.","These lines evoke a serene and peaceful image of light gently covering the houses, creating a calm and tranquil atmosphere."
Comment on the use of the phrase ‘fresh-peeled voice’.,Its fresh-peeled voice Astonishing the brickwork.,"The phrase ‘fresh-peeled voice’ suggests a voice that is new, pure, and vibrant, capable of surprising and awakening the surroundings."
The song of a bird is often the first sign of spring. Do you know the bird that signals the advent of spring in our country?,,"In many regions, the robin is known to signal the advent of spring with its song."
Do you know of other spring poems? How is this poem different from them?,,"Other spring poems may focus on rebirth, renewal, and the beauty of nature. This poem differs by emphasizing personal emotion and memory alongside the natural signs of spring."
What is a Haiku and how many syllables does it usually have?,"Haiku is a Japanese three-line poem, usually having 17 syllables, and expresses a single thought.",A Haiku is a Japanese three-line poem that usually has 17 syllables and expresses a single thought.
What is the central issue in the poem 'Telephone Conversation' by Wole Soyinka?,,The central issue in the poem is racial discrimination and the superficial judgment based on skin color.
Why are there intervals of silence in the interaction between the landlady and the prospective tenant?,,The intervals of silence occur due to the landlady's discomfort and prejudice when discussing the tenant's skin color.
How is color highlighted in the poem and why? List all the words in the poem that suggest color.,,"Color is highlighted through various descriptive terms such as 'sepia,' 'brunette,' 'peroxide blonde,' 'raven black,' 'plain or milk chocolate.' These words emphasize the landlady's obsession with skin color and the speaker's frustration."
Which lines in the poem impressed you the most and why?,,"The lines 'Madam, you should see The rest of me. Palm of my hand, soles of my feet Are a peroxide blonde. Friction, caused— Foolishly madam—by sitting down, has turned My bottom raven black' impressed me the most because they vividly illustrate the absurdity and superficiality of judging someone based on skin color."
What would ‘hide-and-speak’ mean in the context of the poem?,,‘Hide-and-speak’ likely refers to the landlady's attempt to conceal her racial prejudice while still engaging in a conversation that reveals her true feelings.
Why are certain words in the poem in capital letters?,,"The words in capital letters, such as 'HOW DARK?' and 'ARE YOU LIGHT OR VERY DARK?', represent the landlady's direct and blunt questions about the speaker's skin color, emphasizing her rudeness and lack of tact."
"Why do you think the poet has chosen the title ‘Telephone Conversation’? If you were to suggest another title for the poem, what would it be?",,The title ‘Telephone Conversation’ reflects the medium through which the discriminatory interaction takes place. An alternative title could be ‘Color Prejudice’ to directly address the theme of racial discrimination.
Discuss the power of poetry in suggestion and understatement with reference to the poem.,,"The power of poetry in suggestion and understatement is evident in how Soyinka uses subtle language and vivid imagery to convey the deep-seated issues of racial prejudice without overtly stating them, allowing readers to infer the emotional and social impact."
Enact the conversation bits with your partner. What emotions does the speaker convey during the conversation?,,"The speaker conveys a mix of frustration, sarcasm, and a sense of being objectified. His tone shifts from polite to increasingly exasperated as the conversation progresses."
Attempt a description of a. the place from which the call was made b. the lady at the other end c. the speaker in the poem.,,"a. The place from which the call was made is likely a public telephone booth, suggested by the 'Red booth.' b. The lady at the other end is depicted as judgmental and prejudiced, with a clinical and impersonal attitude towards the speaker's skin color. c. The speaker is portrayed as witty, sarcastic, and increasingly frustrated by the landlady's questions."
What is the main theme of the poem 'The World is too Much With Us'?,,"The main theme of the poem is the disconnect between modern human society and nature, and the poet's longing to reconnect with the natural world."
Who is the poet of 'The World is too Much With Us'?,,The poet is William Wordsworth.
What does the poet wish to be in order to connect with nature?,,"The poet wishes to be a Pagan, someone whose religious beliefs do not belong to any of the main religions of the world."
What does the poet mean by 'we lay waste our powers'?,,"The poet means that humans are spending their energies on getting and spending, rather than appreciating and connecting with nature."
What mythological figures does the poet reference in the poem?,,"The poet references Proteus, a character in Greek mythology who had the gift of prophecy, and Triton, a sea-deity who is generally represented as blowing a shell."
What is the significance of the Sea and the Winds in the poem?,,"The Sea and the Winds represent the natural world that humans have become out of tune with, and which the poet longs to reconnect with."
What is the poet's view on the language of poetry?,,"The poet, William Wordsworth, held the view that the language of poetry should be simple and natural."
What is the English Romantic Movement?,,"The English Romantic Movement is a literary movement that began in the late 18th century, characterized by an emphasis on emotion, individualism, and the glorification of the past and nature. Wordsworth's work 'Lyrical Ballads', co-authored with Coleridge in 1798, is regarded as the beginning of this movement."
What subjects did William Wordsworth select for his poetry?,,William Wordsworth selected subjects from nature and rustic life for his poetry.
Name two suggested readings by William Wordsworth.,,Two suggested readings by William Wordsworth are 'To the Cuckoo' and 'The Solitary Reaper'.
What does the quill symbolize in the poem 'Mother Tongue' by Padma Sachdev?,,"The quill symbolizes the poet's mother tongue, Dogri."
Why does the poet feel a sense of urgency in her request for a quill?,,"The poet feels a sense of urgency because she believes her mother tongue, Dogri, is looking for her."
How does the poet express her emotional attachment to her mother tongue in the poem?,,"The poet expresses her emotional attachment by referring to her mother tongue as 'Shahni,' a kind and well-off entity, and by emphasizing that the quill is needed urgently as her mother tongue is looking for her."
Identify and explain the use of personification in the poem 'Mother Tongue'.,,"Personification is used when the reed is described as cutting off its hand to give the poet a quill, attributing human qualities to the reed."
What is the significance of the reed's response to the poet's request for a quill?,,"The reed's response signifies that even inanimate objects, like the reed, are servants to the poet's mother tongue, Dogri."
What are the two scripts currently used for writing Dogri?,,The two scripts currently used for writing Dogri are the Persian script and the Devanagari script.
What award did Padma Sachdev receive for her first collection of Dogri poems?,,Padma Sachdev received the Sahitya Akademi Award for her first collection of Dogri poems.
In which regions of India is Dogri spoken?,,"Dogri is spoken in parts of Jammu and Kashmir, Himachal Pradesh, and Punjab."
What is the name of the ancient script that evolved from Brahmi and was once widely used for Dogri?,,The ancient script that evolved from Brahmi and was once widely used for Dogri is called Sharade.
Which other Indian languages are spoken but do not have a script of their own?,,Examples of Indian languages spoken but do not have a script of their own include several tribal languages and dialects across different regions.
What is the central theme of the poem 'Hawk Roosting' by Ted Hughes?,,"The central theme of the poem is the hawk's assertion of dominance and control over its environment, reflecting a sense of invincibility and the natural order of predation."
How does Ted Hughes depict the hawk's physical features in the poem?,"I sit in the top of the wood, my eyes closed. Inaction, no falsifying dream Between my hooked head and hooked feet:","Ted Hughes depicts the hawk's physical features, such as its hooked head and hooked feet, to emphasize its predatory nature and physical prowess."
What does the phrase 'There is no sophistry in my body' suggest about the hawk?,There is no sophistry in my body: My manners are tearing off heads.,"The phrase suggests that the hawk operates with brutal frankness and directness, without any deceit or complexity in its actions."
Explain the significance of the line 'Now I hold Creation in my foot.',Now I hold Creation in my foot.,"This line signifies the hawk's belief in its supreme power and control over all creation, asserting its dominance over the natural world."
Why is the poem titled 'Hawk Roosting'?,,"The poem is titled 'Hawk Roosting' because it captures the hawk in a moment of rest and reflection, from which it asserts its dominance and control over its environment."
What parallel does the poem draw between the hawk's predatory instincts and human behavior?,,"The poem draws a parallel between the hawk's predatory instincts and certain aspects of human behavior, suggesting that humans can exhibit similar traits of dominance, control, and ruthlessness."
What is the significance of the hawk's position at the top of the wood in the poem?,"I sit in the top of the wood, my eyes closed.","The hawk's position at the top of the wood symbolizes its superior vantage point and control over its environment, allowing it to survey and dominate from above."
How does the poem use the imagery of the sun to reinforce the hawk's power?,"The sun is behind me. Nothing has changed since I began, My eye has permitted no change.","The imagery of the sun behind the hawk reinforces its power by suggesting that the hawk is a constant and unchanging force in nature, with the sun—a symbol of light and life—supporting its dominance."
What does the phrase 'The allotment of death' imply about the hawk's role in the ecosystem?,The allotment of death. For the one path of my flight is direct Through the bones of the living.,"The phrase implies that the hawk plays a crucial role in the ecosystem as a natural predator, responsible for the death of other living creatures as part of the cycle of life and death."
How does the poem reflect Ted Hughes' fascination with the world of birds and animals?,The most remarkable quality of Hughes’ poems is an intense and obsessive fascination with the world of birds and animals;,"The poem reflects Ted Hughes' fascination with the world of birds and animals through its intense focus on the hawk, its physical features, and its role in the natural world, showcasing his obsession with capturing the essence of these creatures in his poetry."
What does the poem 'For Elkana' by Nissim Ezekiel depict about family communication?,,"The poem subtly captures the general pattern of communication within a family, highlighting both the mundane and the profound aspects of their interactions."
How does Nissim Ezekiel achieve poetic effect in 'For Elkana'?,,"Poetic effect is achieved through understatement and asides, which add depth and layers of meaning to the seemingly simple family interactions."
"In 'For Elkana', how are the idyllic and the pedestrian juxtaposed?",,"The idyllic, warm April evening and the breezes are juxtaposed with the pedestrian, such as the broken window-pane and the child's demand for dinner, creating a contrast that enriches the poem."
What is the significance of the line 'Wife and husband in unusual rapport State one unspoken thought'?,,"The line underscores the shared understanding and silent agreement between the wife and husband about the need to discipline their child, despite their differing approaches."
Why are all the words in the line 'Children Must be Disciplined' capitalized?,,"The capitalization emphasizes the importance and gravity of the statement, highlighting it as a universal truth or a moral imperative within the context of the poem."
What makes the urgency of the child’s demand for dinner seem logical in 'For Elkana'?,,"The child’s argument that he is hungry now and won’t be in five minutes appeals to logic, making his demand seem reasonable and urgent."
How does Nissim Ezekiel transform ordinary events into evocative poetry in 'For Elkana'?,,"Ezekiel uses a deft touch to elevate mundane family interactions into evocative poetry by infusing them with subtle observations, humor, and profound undertones."
What is a limerick and what is its typical rhyme scheme?,,"A limerick is a small, five-line poem that usually expresses a single, often humorous thought. Its typical rhyme scheme is 'a a b b a'."
Provide an example of a limerick from the text.,,"""There was once a man from Peru Who dreamed he was eating his shoe He woke up with a fright In the middle of the night And found that it was perfectly true!"""
What is the theme of the limerick about Earth’s plan?,,"The limerick reflects on the hopeful beginning of Earth’s plan, which was spoiled by human sin, and the current struggle between hope for Earth’s glory and the prevailing challenges."
What is the main theme of the poem 'Refugee Blues'?,,The main theme of the poem 'Refugee Blues' is the plight and despair of refugees who are denied a place to belong and are persecuted.
What poetic technique does Auden use to convey the plaintive theme of the poem?,,"Auden uses the ballad form of narration, which includes repetition and a rhythmic structure to convey the plaintive theme of the poem."
What do the references to birds and animals in the poem suggest?,,The references to birds and animals suggest a contrast between the freedom and ease of nature versus the oppression and suffering experienced by humans.
How does the poet juxtapose the human condition with the behavior of the political class?,,"The poet juxtaposes the human condition of suffering and persecution with the indifferent and often hostile behavior of the political class, highlighting the disconnect between the two."
What is the essence of the poem captured in the lines 'two tickets to Happiness'?,,The essence of the poem captured in the lines 'two tickets to Happiness' is the unattainable dream of finding a place of safety and joy amidst the despair and persecution faced by the refugees.
Elaborate on the use of refrain in the poem 'Refugee Blues'.,,"The refrain 'my dear, but we are still alive' emphasizes the resilience and persistence of the refugees despite their dire circumstances."
What emotion does the color 'blue' suggest in the poem?,,"The color 'blue' suggests sadness, melancholy, and despair, reflecting the emotional state of the refugees."
What does the line 'If you’ve got no passport you’re officially dead’ signify?,,The line signifies the dehumanizing effect of bureaucratic systems that deny identity and rights to refugees.
How does the poem reflect the historical context of its time?,,The poem reflects the historical context of the rise of totalitarian regimes and the persecution of Jews during the time leading up to and during World War II.
"What is the significance of the line 'Went down to the station to catch the express, Asked for two tickets to Happiness'?",,"The line signifies the refugees' desperate search for a place of safety and happiness, which remains perpetually out of reach."
What action did the poet's father take regarding the tenants living near their house?,,He told them to leave.
Which trees were cut down by the poet's father?,,"The sheoga, the oudumber, and the neem."
What did the poet's grandmother say about trees?,,Trees are sacred.
Why was the banyan tree considered a problem?,,Because its roots lay deeper than all our lives.
How tall was the banyan tree compared to the poet's house?,,It was three times as tall as their house.
What was the circumference of the banyan tree's trunk?,,Fifty feet.
How long did it take to cut down the branches of the banyan tree?,,Seven days.
What happened to the insects and birds when the branches of the banyan tree were cut?,,They began to leave the tree.
How many men were involved in chopping down the banyan tree's trunk?,,Fifty men.
What was revealed about the banyan tree when it was being chopped down?,,Its rings showed it was two hundred years old.
What emotion does the poet experience upon hearing the nightingale's song?,,The poet experiences a state of ecstasy and a drowsy numbness.
"What does the poet wish for in the lines 'O, for a draught of vintage!'?",,The poet wishes for a drink of aged wine to escape the world and fade into the forest.
What does the nightingale symbolize in the poem?,,The nightingale symbolizes immortality and the timeless nature of art and beauty.
"What are the 'weariness, the fever, and the fret' that the poet wishes to forget?",,"These are the unpleasant aspects of the human condition, such as sorrow, despair, and the transience of beauty and love."
What is the significance of the word 'forlorn' in the poem?,,The word 'forlorn' signifies a sense of abandonment and the poet's return to reality from the dream-like state induced by the nightingale's song.
How does the poet describe the nightingale's song?,,The poet describes the nightingale's song as a 'plaintive anthem' that fades and is buried deep in the valley-glades.
What is the poet's attitude towards death as expressed in the poem?,,"The poet views death as something that does not affect the immortal nightingale, contrasting it with the mortality and suffering of humans."
What does the image of wine represent in the poem?,,"The image of wine represents inspiration, escape from reality, and the sensual pleasures associated with poetic imagination."
How does the poet use sensory imagery in the poem?,,"The poet uses sensory imagery by evoking the senses of sound (nightingale's song), sight (beechen green, shadows), and taste (vintage wine)."
What is the overall theme of 'Ode to a Nightingale'?,,The overall theme of the poem is the contrast between the transient nature of human life and the timeless beauty and joy found in art and nature.
What did the tiger people complain about to their king?,,They complained that they were starving and had not eaten for 15 days and 16 nights.
What did the tiger king plan to do about Ajamil's sheep dog?,,The tiger king planned to teach the sheep dog a lesson by leading an attack with many tigers.
What happened when the tigers attempted their attack on Ajamil's sheep?,,The sheep dog captured all 50 tigers and the tiger king as prisoners of war before they could get any sheep.
How did the tiger king explain their capture to Ajamil?,,The tiger king claimed they were coming as friends and there had been a misunderstanding.
What did Ajamil do after the tiger king's explanation?,,Ajamil cut them loose and invited them to stay for dinner.
What treaty did Ajamil propose to the tigers after dinner?,,Ajamil proposed a long-term friendship treaty.
What gifts did Ajamil give to the tigers before sending them back?,,"Ajamil gave them gifts of sheep, leather jackets, and balls of wool."
What is implied about Ajamil's character by the line 'Ajamil wasn’t a fool'?,,It implies that Ajamil is shrewd and understands the necessity of keeping the tigers fed to maintain peace.
What does the phrase 'play the flute all day' symbolize in the poem?,,It symbolizes Ajamil's carefree and content life as a result of the peace between the tigers and the sheep.
What is the central theme of the poem 'Ajamil and the Tigers'?,,The central theme is the satire of political relationships and the pragmatic approach to maintaining peace.
What was the initial condition of the narrator's watch?,,"The watch had run eighteen months without losing or gaining time, and without breaking any part of its machinery or stopping."
How did the narrator feel when the watch ran down for the first time?,,The narrator grieved about it as if it were a recognised messenger and forerunner of calamity.
What did the jeweller do to the watch that upset the narrator?,,"The jeweller set the watch by pushing up the regulator, despite the narrator's protests that the watch kept perfect time."
What unusual behavior did the watch exhibit after being adjusted by the jeweller?,,"The watch began to gain time faster and faster, eventually getting far ahead of all other timepieces in town."
How did the watchmaker react when the narrator took the watch to be regulated?,,The watchmaker looked at the watch with 'vicious happiness' and eagerly pried it open to find issues that needed fixing.
"What was the result of the watch being cleaned, oiled, and regulated by the watchmaker?",,"The watch slowed down significantly, causing the narrator to gradually drift back in time, even into the previous week."
What did the second watchmaker diagnose as the problem with the watch?,,The second watchmaker said the barrel was 'swelled' and needed to be reduced.
What issue did the third watchmaker find with the watch?,,The third watchmaker said the king-bolt was broken and needed to be repaired.
Describe the behavior of the watch after the king-bolt was repaired.,,"The watch would run for a while and then stop, repeating this pattern intermittently, and it would kick back like a musket each time it stopped."
What was the final bizarre behavior of the watch mentioned in the text?,,"After working quietly for nearly eight hours, everything inside the watch would suddenly let go, buzz like a bee, and the hands would spin round so fast that they seemed like a delicate spider’s web, completing the next twenty-four hours in six or seven minutes before stopping with a bang."
What are the three passions that have governed Bertrand Russell's life?,,"The longing for love, the search for knowledge, and unbearable pity for the suffering of mankind."
Why does Russell compare his three passions to 'great winds'?,,Because they have blown him in various directions throughout his life.
What does Russell mean by 'ocean of anguish'?,,It refers to the deep emotional pain and suffering he has experienced in life.
Why does Russell seek love?,,"Because it brings ecstasy, relieves loneliness, and offers a vision of heaven."
What is the Pythagorean power that Russell tried to apprehend?,,The power by which number holds sway over the flux.
Why does pity bring Russell back to earth?,,Because it reminds him of the suffering and pain in the world.
How does Russell describe the kind of love he has found?,,As a mystic miniature prefiguring vision of heaven.
What does Russell mean by 'unfathomable abyss'?,,"The cold, lifeless void that one looks into when experiencing loneliness."
How does Russell's concept of love compare to Martin Luther King's concept of agape?,,"Both emphasize a form of love that transcends personal gain and seeks the well-being of others, though Russell's love includes romantic and union aspects while King's agape is more about redemptive, unconditional love."
What role does pity play in Russell's life according to the passage?,,"Pity brings him back to earth, reminding him of the suffering and pain in the world, and motivating him to alleviate the evil he sees."
What does the text suggest about the attitudes of poets towards science?,,"The text suggests that poets like Wordsworth and Keats had a negative view of science, seeing it as something that diminishes the beauty and mystery of nature. However, it also points out that not all poets share this view, citing Shelley as an example of a poet who appreciated and was inspired by science."
How does Peter Medawar respond to the claim that science expels literature?,,"Peter Medawar counters this claim by suggesting that literature, in fact, expels science. He argues that science and literature do not represent complementary endeavors but rather compete with each other."
What is the significance of Desmond King-Hele's literary criticism of Shelley's work?,,"Desmond King-Hele's literary criticism of Shelley's work is significant because he is a distinguished scientist, highlighting the intersection between science and poetry in Shelley's writings."
What does A.N. Whitehead say about Shelley's attitude towards science?,,"A.N. Whitehead testifies that Shelley's attitude to science was at the opposite pole to that of Wordsworth. He loved science and expressed its thoughts in his poetry, symbolizing joy, peace, and illumination."
How does Charles Darwin describe his change in taste for poetry and the arts?,,"Charles Darwin confesses that up to the age of thirty, poetry and the arts gave him great pleasure, but later in life, he found them dull and nauseating, attributing this change to his mind becoming a 'machine for grinding general laws out of large collections of facts.'"
What was the initial reaction of Faraday's contemporaries to his ideas about electromagnetic induction?,,"Faraday's ideas about electromagnetic induction, such as 'lines of force' and 'fields of force,' were initially looked askance by many of his contemporaries, as they were foreign to the then prevailing modes of thought."
How did Maxwell view Faraday's contributions to science?,,"Maxwell viewed Faraday's contributions with prophetic discernment, recognizing him as a mathematician of a very high order whose ideas would be valuable and fertile for future scientists."
What was Faraday's response to Gladstone's question about the utility of his work on electricity?,,"Faraday responded to Gladstone's question with humor, saying, 'Why, Sir, there is every probability that you will soon be able to tax it.'"
What does Shelley say about the cultivation of sciences in his Defence of Poetry?,,"Shelley argues that the cultivation of sciences, without the poetical faculty, has enlarged man's empire over the external world but circumscribed the internal world, leaving man enslaved despite his technological advancements."
How does Shelley view the role of technology in modern society?,,"Shelley acknowledges the promoters of utility and technology as having an appointed office in society, following the footsteps of poets and making space and giving time, but he emphasizes the importance of the poetical faculty alongside technological progress."
What are the roots of India’s literary traditions traced back to?,,The rich oral literatures of the tribes/adivasis.
What form do the verses of tribal oral literature usually take?,,Songs or chanting.
What has resulted in the marginalisation of tribal communities and their literary cultures?,,"The forces of urbanisation, print culture and commerce."
What does G.N. Devy argue for in his essay?,,The need for a new method to identify and read literature where orality is not dismissed as casual utterances in different dialects.
What is one of the songs included in the section about?,,Childbirth by the Munda tribals.
How do tribal societies usually express their distinctive traditions?,,Through their different languages.
What is a prominent role that tribes like Santhal and Munda have played?,,In the socio-political movements of their regions.
What is evident from the tribal vision of life expressed in their songs?,,Their close connection with nature and belief in interdependence between human beings and nature.
What is a characteristic of tribal communities’ world-view?,,"Intimate link between nature, human beings and God."
How do tribal artists primarily work?,,On the basis of their racial and sensory memory rather than a cultivated imagination.
What is the author's definition of a 'good book'?,,"A book that is written with the intention of permanence, conveying true and useful knowledge or insight."
How does the author differentiate between a book and a letter or newspaper?,,"A book is written for permanence and deeper meaning, while a letter or newspaper is meant for immediate communication and may not hold lasting value."
What does the author believe is the purpose of writing a book?,,"To preserve true knowledge, insight, or beauty that the author perceives to be valuable and unique."
"According to the author, what qualities should a reader possess to truly appreciate a book?",,"A reader should possess honesty, kindness, and a genuine desire to learn and be taught by the author."
What is the author's view on the accessibility of great books and the company they offer?,,"Great books are accessible to anyone who seeks them, offering the company of the wise and mighty throughout history."
How does the author describe the court of the past in comparison to living aristocracy?,,"The court of the past is open to labor and merit, unlike living aristocracy which can be influenced by wealth, name, or artifice."
What does the author suggest readers do when approaching a book by a wiser author?,,"Readers should approach with humility, seeking to understand the author's meaning rather than finding their own thoughts reflected."
Why does the author believe wise men often hide their deeper thoughts?,,"Wise men hide their deeper thoughts as a form of reward, ensuring that only those who truly seek and deserve it will uncover them."
What comparison does the author make between the discovery of wisdom in books and the discovery of gold?,,Both wisdom in books and gold are hidden and require effort and worthiness to be discovered and appreciated.
What is the author's advice on how to engage with a book to gain the most from it?,,"Engage with a book by loving and respecting the author, seeking to be taught by them, and patiently uncovering their meaning over time."
What is the fundamental aspect of a novel according to the text?,,The fundamental aspect of a novel is its story-telling aspect.
How does the text describe the story within a novel?,,"The story within a novel is described as a 'backbone' or a 'tape-worm' that runs through the novel, with its beginning and end being arbitrary."
What is the significance of suspense in storytelling as mentioned in the text?,,"Suspense is significant in storytelling because it is the only literary tool that has any effect on tyrants and savages, as exemplified by Scheherazade's survival."
What does the text imply about the role of time in daily life versus in a novel?,,"The text implies that while daily life can sometimes disregard the sense of time, a novel must always adhere to the sequence of time to remain coherent."
How does the text characterize the audience's reaction to a story?,,"The text characterizes the audience's reaction to a story as being driven by primeval curiosity, wanting to know 'what happens next.'"
"What are the two lives that daily life is composed of, according to the text?",,Daily life is composed of 'the life in time' and 'the life by values.'
What is the author's opinion on the story as a literary organism?,,The author views the story as the 'lowest and simplest of literary organisms' but also as the 'highest factor common to all novels.'
How does the text describe the effect of certain literary devices on the perception of time within a novel?,,"The text describes how authors like Emily Bronte, Sterne, and Marcel Proust used various devices to manipulate the perception of time within their novels, yet these devices do not contravene the necessity of a time sequence."
What does the text suggest about the experience of mystics regarding the necessity of time?,,"The text suggests that the experience of certain mystics indicates that the necessity of time may not be universal, as they seem to deny the conventional sequence of time."
What is the author's stance on discussing the concept of time philosophically?,,The author states that discussing the concept of time philosophically is a dangerous hobby for an outsider and should be approached with caution.
What did the author's mother believe about her dancing abilities?,,The author's mother believed that she was 'born to dance'.
How did the author feel about her dance lessons as a child?,,The author did not enjoy her dance lessons as a child; she found them unfun and felt like she was just doing what her guru ordered without understanding the purpose.
What was the author's reaction to being called to the Principal's office?,,"The author was suspicious and wondered if she had done something wrong, as being called to the Principal's office usually indicated an infraction."
What significant event occurred three weeks before the author's final school examinations?,,"The author was called home because her mother was sick, and upon arrival, she learned that her mother had already passed away."
How did the author's experience of her mother's death influence her later work?,,"The author's experience of confusion and different kinds of hunger after her mother's death influenced her choreography, particularly in pieces like Duvidha."
"What was the author's father's profession, and how did it affect her childhood?",,"The author's father was an engineer, and his work required frequent moves, which led to the author being sent to boarding school at the age of nine."
"What was the author's initial impression of her Principal, Miss Cox?",,"The author found Miss Cox to be kind and diplomatic but also strict and firm, which later influenced the author's own teaching style."
What did the author envy about other girls at her school?,,The author envied the other girls who were playing sports like tennis and basketball while she was attending dance classes.
How did the author's mother justify her dance lessons to the school principal?,,The author's mother convinced the principal that dancing was a form of prayer and that she could not curb religious freedom.
What was the author's childhood like in terms of her education and surroundings?,,"The author's childhood education consisted of more than just dance and academics; she grew up during a volatile era marked by war and India's independence movement, which influenced her learning and experiences."
What is the title of the textbook?,,WOVEN WORDS TEXTBOOK IN ENGLISH FOR CLASS XI (ELECTIVE COURSE)
When was the first edition of the textbook published?,,March 2006
Who is the Chairperson of the advisory group in languages for this textbook?,,Professor Namwar Singh
What is the ISBN number of the textbook?,,81-7450-514-811074
Which organization published the textbook?,,National Council of Educational Research and Training (NCERT)
What is the price of the textbook as printed on the page?,,₹ 100.00
Where is the Publication Division of NCERT located in New Delhi?,,"Sri Aurobindo Marg, New Delhi 110016"
What is the phone number of the NCERT office in Bangalore?,,080-26725740
Who is the Chief Advisor for this textbook?,,Professor R. Amritavalli
"What is the main principle recommended by the National Curriculum Framework, (NCF) 2005?",,That children's life at school must be linked to their life outside the school.
Who is the author of 'The Last Lesson'?,,Alphonse Daudet
In which war is 'The Last Lesson' set?,,Franco-Prussian War
What regions passed into Prussian hands after the Franco-Prussian War?,,Alsace and Lorraine
What was Franz afraid of when he arrived late to school?,"I started for school very late that morning and was in great dread of a scolding, especially because M. Hamel had said that he would question us on participles, and I did not know the first word about them.",A scolding
What unusual sight did Franz see when he entered the classroom?,"But now it was all so still! I had counted on the commotion to get to my desk without being seen; but, of course, that day everything had to be as quiet as Sunday morning. Through the window I saw my classmates, already in their places, and M. Hamel walking up and down with his terrible iron ruler under his arm.",The classroom was unusually quiet and the village people were sitting in the back benches.
What was the significance of M. Hamel wearing his beautiful green coat?,"Not till then, when I had got a little over my fright, did I see that our teacher had on his beautiful green coat, his frilled shirt, and the little black silk cap, all embroidered, that he never wore except on inspection and prize days.","It indicated that it was a special day, his last lesson."
What order had come from Berlin regarding the schools of Alsace and Lorraine?,"""My children, this is the last lesson I shall give you. The order has come from Berlin to teach only German in the schools of Alsace and Lorraine. The new master comes tomorrow. This is your last French lesson. I want you to be very attentive.""",To teach only German in the schools.
Why did Franz feel regretful during the last lesson?,"Oh, how sorry I was for not learning my lessons, for seeking birds’ eggs, or going sliding on the Saar! My books, that had seemed such a nuisance a while ago, so heavy to carry, my grammar, and my history of the saints, were old friends now that I couldn’t give up.",He regretted not taking his lessons seriously and not appreciating his books and learning earlier.
What did M. Hamel say about the French language?,"Then he went on to talk of the French language, saying that it was the most beautiful language in the world — the clearest, the most logical; that we must guard it among us and never forget it, because when a people are enslaved, as long as they hold fast to their language it is as if they had the key to their prison.","He said it was the most beautiful, clearest, and most logical language and that holding onto it is like having the key to their prison when enslaved."
What was the atmosphere like during the writing lesson in the last class?,"You ought to have seen how every one set to work, and how quiet it was! The only sound was the scratching of the pens over the paper. Once some beetles flew in; but nobody paid any attention to them, not even the littlest ones,","The atmosphere was very quiet and focused, with everyone diligently working on their writing."
What is Saheb looking for in the garbage dumps?,"""Sometimes I find a Rupee in the garbage""",Saheb is looking for money or valuable items in the garbage dumps.
Where is Saheb and where has he come from?,"""Saheb left his home long ago. Set amidst the green fields of Dhaka, his home is not even a distant memory.""","Saheb is in the big city where he now lives, and he has come from Dhaka, a place with green fields."
What explanations does the author offer for the children not wearing footwear?,"""It is not lack of money but a tradition to stay barefoot, is one explanation. I wonder if this is only an excuse to explain away a perpetual state of poverty.""",The author suggests that it might be a tradition or an excuse to explain their perpetual state of poverty.
Is Saheb happy working at the tea-stall? Explain.,"""His face, I see, has lost the carefree look. The steel canister seems heavier than the plastic bag he would carry so lightly over his shoulder.""","No, Saheb is not happy working at the tea-stall. His face has lost its carefree look, and he seems burdened by his new job."
What does Saheb say he wants to do in the future?,"""If I start a school, will you come?"" ""Yes,"" he says, smiling broadly.",Saheb says he wants to go to school if one is built in his neighborhood.
What is the significance of the name 'Saheb-e-Alam' for the boy?,"""Saheb-e- Alam,"" he announces. He does not know what it means.","The name 'Saheb-e-Alam' means 'lord of the universe,' but the boy is unaware of its meaning."
Why did Saheb's family leave their home in Dhaka?,"""There were many storms that swept away their fields and homes, his mother tells him. That’s why they left, looking for gold in the big city where he now lives.""",Saheb's family left their home in Dhaka because storms destroyed their fields and homes.
What does garbage represent to the children of Seemapuri?,"""For the children it is wrapped in wonder, for the elders it is a means of survival.""","To the children of Seemapuri, garbage is wrapped in wonder, while for the elders, it is a means of survival."
What is Mukesh's dream for the future?,"""I want to drive a car"" Mukesh insists on being his own master. ""I will be a motor mechanic,"" he announces.",Mukesh dreams of becoming a motor mechanic and learning to drive a car.
"What is the main industry in Firozabad, and how does it affect the children there?","Every other family in Firozabad is engaged in making bangles. It is the centre of India’s glass-blowing industry where families have spent generations working around furnaces, welding glass, making bangles for all the women in the land it seems.","The main industry in Firozabad is glass-blowing and bangle-making. It affects the children by involving them in dangerous work around furnaces, often in violation of child labor laws."
What event led to William Douglas developing a fear of water?,,Being thrown into the deep end of a swimming pool by a older boy.
How did William Douglas feel when he was thrown into the pool?,,"He felt frightened and experienced sheer, stark terror."
What did William Douglas plan to do when his feet hit the bottom of the pool?,,"He planned to make a big jump, come to the surface, lie flat, and paddle to the edge."
What happened to William Douglas when he tried to swim to the surface?,,"He panicked, flailed at the surface, and felt a great force pulling him under."
How did William Douglas describe his experience as he went down for the third time in the pool?,,He felt a peaceful drowsiness and a blackness swept over his brain.
What was William Douglas's reaction after he was rescued and vomited beside the pool?,,"He was weak, trembling, and cried when he lay on his bed."
How did William Douglas's fear of water manifest in later years?,,He experienced terror and paralysis whenever he encountered water.
What did William Douglas's mother warn him about regarding the Yakima River?,,She warned him against the treacherous nature of the river and reminded him of drowning incidents.
What did William Douglas do to overcome his initial shyness about entering the pool?,,He subdued his pride and walked naked into the pool.
What was William Douglas's initial impression of the Y.M.C.A. pool?,,He found it safe because it was shallow at one end and had a gradual drop.
From where did the peddler get the idea of the world being a rattrap?,,The peddler got the idea of the world being a rattrap from his own thoughts while he was plodding along the road.
Why was he amused by this idea?,,"He was amused by this idea because the world had never been kind to him, and it gave him joy to think ill of it."
Did the peddler expect the kind of hospitality that he received from the crofter?,,"No, the peddler did not expect the kind of hospitality that he received from the crofter, as he was usually met with sour faces."
Why was the crofter so talkative and friendly with the peddler?,,The crofter was talkative and friendly with the peddler because he was lonely and happy to have someone to talk to.
Why did he show the thirty kroner to the peddler?,,He showed the thirty kroner to the peddler to prove that his cow was extraordinary and that he had received payment for her milk.
Did the peddler respect the confidence reposed in him by the crofter?,,"No, the peddler did not respect the confidence reposed in him by the crofter, as he stole the thirty kroner from the crofter's leather pouch."
What did the peddler feel as he walked away with the stolen money?,,He felt quite pleased with his smartness.
Why did the peddler decide to turn off the public highway into the woods?,,"He realized that at first he dared not continue on the public highway, so he turned off into the woods."
How did the peddler feel as he got lost in the forest?,,"He felt gloom and despair, thinking that his last moment had come."
What sound did the peddler hear that gave him hope?,,He heard the hard regular thumping of hammer strokes from an iron mill.
Who was Louis Fischer and what were his notable contributions?,,"Louis Fischer (1896-1970) was a journalist born in Philadelphia. He served in the British Army and wrote for publications like The New York Times and The Saturday Review. He was also a faculty member at Princeton University and authored 'The Life of Mahatma Gandhi', highly reviewed by Times Educational Supplement."
"After meeting Rajkumar Shukla in 1916, Gandhi decided to visit Champaran to investigate the issues faced by the sharecroppers.",,Gandhi decided to visit Champaran to investigate the issues faced by the sharecroppers.
Why did the servants at Rajendra Prasad's house not allow Gandhi to draw water from the well?,,"The servants did not allow Gandhi to draw water from the well because they were afraid that he might be an untouchable, and his touch could pollute the water source."
What was the sharecropping arrangement in Champaran regarding indigo cultivation?,,"In Champaran, the sharecroppers were compelled to plant 15% of their holdings with indigo and surrender the entire indigo harvest as rent to the British landlords."
Why did the British landlords in Champaran switch from indigo cultivation to seeking compensation?,,"The British landlords switched from indigo cultivation to seeking compensation because Germany had developed synthetic indigo, making natural indigo less valuable."
How did Gandhi react to the British official's order to leave Champaran?,,"Gandhi disobeyed the order to leave Champaran and signed a receipt for the notice, indicating his refusal to comply."
What was the immediate impact of Gandhi's presence in Motihari on the local peasants?,,"The immediate impact of Gandhi's presence in Motihari was a spontaneous demonstration by thousands of peasants around the courthouse, marking the beginning of their liberation from fear of the British."
Why did Gandhi telegraph Rajendra Prasad and send instructions to the ashram?,,Gandhi telegraphed Rajendra Prasad to come with influential friends and sent instructions to the ashram to mobilize support and prepare for the upcoming court appearance.
What role did Gandhi play in regulating the crowd during his court appearance in Motihari?,,"Gandhi helped the officials regulate the crowd by cooperating with them, demonstrating his influence and the respect he commanded among the peasants."
What was the significance of the peasants' demonstration around the courthouse in Motihari?,,The peasants' demonstration around the courthouse in Motihari signified their liberation from fear of the British and marked the beginning of their active participation in the struggle for justice.
What is the significance of the brand name 'Pancake' in the context of Gemini Studios?,,"'Pancake' was the brand name of the make-up material that Gemini Studios bought in large quantities. It was used by many famous actors and actresses, symbolizing the studio's connection to the glamour and professionalism of the film industry."
Who was the founder of Gemini Studios and when was it established?,,"The founder of Gemini Studios was S.S. Vasan, and it was established in 1940."
What was Asokamitran's duty at Gemini Studios?,,Asokamitran's duty at Gemini Studios was to cut out newspaper clippings on a wide variety of subjects and store them in files.
Describe the make-up department at Gemini Studios.,,The make-up department at Gemini Studios was located in the upstairs of a building believed to have been Robert Clive’s stables. It had the look of a hair-cutting salon with lights at all angles around half a dozen large mirrors. The department was nationally integrated with staff from various regions of India.
What does the author mean by 'the fiery misery' of those subjected to make-up?,,"The author refers to the discomfort and heat caused by the incandescent lights used in the make-up room, which made the process miserable for those being made up."
Provide an example of national integration mentioned by the author.,,"The example of national integration is the diverse staff in the make-up department, which included a Bengali, a Maharashtrian, a Dharwar Kannadiga, an Andhra, a Madras Indian Christian, an Anglo-Burmese, and local Tamils."
What work did the 'office boy' do in the Gemini Studios? Why did he join the studios? Why was he disappointed?,,"The 'office boy' mixed paint in a giant vessel and applied it to the crowd players. He joined the studios hoping to become a star actor or a top screen writer, director, or lyrics writer. He was disappointed because he never achieved his ambitions and remained an 'office boy'."
Why did the author appear to be doing nothing at the studios?,,"The author appeared to be doing nothing because he was seen sitting at his desk tearing up newspapers, which most people, including the Boss, misunderstood as a trivial task."
Who was Kothamangalam Subbu and what was his role at Gemini Studios?,,"Kothamangalam Subbu was the No. 2 at Gemini Studios. He was a versatile talent who contributed to the studio's success through his creative ideas, loyalty, and ability to inspire others."
What were some of Kothamangalam Subbu's literary and artistic achievements?,,"Subbu composed several original 'story poems' in folk refrain and diction, wrote a sprawling novel 'Thillana Mohanambal,' and was an amazing actor who performed subsidiary roles better than the main players."
What is the primary opinion of the interview as a medium of communication?,,It is a supremely serviceable medium of communication.
Why did Lewis Carroll refuse to be interviewed?,,He had a just horror of the interviewer and did not want to be lionized.
What did Rudyard Kipling's wife report him saying about interviews?,,"He considered interviews immoral, a crime, and cowardly."
How did H. G. Wells refer to the experience of being interviewed?,,He called it 'the interviewing ordeal'.
What metaphor did Saul Bellow use to describe interviews?,,He described them as 'thumbprints on his windpipe'.
What does Denis Brian say about the power of interviewers?,,He says interviewers hold a position of unprecedented power and influence.
What is the significance of 'interstices' in Umberto Eco's work routine?,,"Interstices are the empty spaces in life where Eco finds time to work, such as waiting for an elevator."
How did Umberto Eco's first Doctoral dissertation differ from typical academic styles?,,"Eco's dissertation told the story of his research, including trials and errors, rather than just presenting conclusions."
What did Umberto Eco's professor recognize about his dissertation?,,The professor recognized that Eco was right in his approach and published his dissertation as a book.
Why did Umberto Eco start writing novels later in life?,,"Eco started writing novels by accident and did not feel the same frustration as Roland Barthes, who wanted to be a novelist but died before he could."
Where does A. R. Barton live and write?,,"Zurich, and writes in English."
What theme does Barton explore in the story 'Going Places'?,,Adolescent fantasizing and hero worship.
What does Sophie plan to do when she leaves school?,"""When I leave,"" Sophie said, coming home from school, ""I’m going to have a boutique.""",Have a boutique.
What is Jansie's reaction to Sophie's plans?,"""Takes money, Soaf, something like that.""",She looks doubtful and mentions that it takes money.
What does Sophie compare herself to in terms of natural talent?,"""I’ll be like Mary Quant,"" Sophie said. ""I’ll be a natural.""",Mary Quant.
What job are Sophie and Jansie expected to take?,"Jansie, knowing they were both earmarked for the biscuit factory, became melancholy.",Working at the biscuit factory.
What does Sophie's father do for a living?,"Sophie’s father was scooping shepherd’s pie into his mouth as hard as he could go, his plump face still grimy and sweat — marked from the day.","His job is not explicitly mentioned, but he comes home grimy and sweaty, suggesting manual labor."
What is Geoff's occupation?,"He was three years out of school, an apprentice mechanic, travelling to his work each day to the far side of the city.",Apprentice mechanic.
Who is Danny Casey and what is Sophie's claim about him?,"""I met Danny Casey,"" Sophie said. ... ""He told me so.""","Danny Casey is a young Irish prodigy, and Sophie claims to have met him and that he told her he would buy a shop."
How does Geoff react to Sophie's claim about meeting Danny Casey?,"""He don’t believe you-though he’d like to.""",Geoff does not believe Sophie but would like to believe her story.
What is the kind of pain and ache that the poet feels?,,"The poet feels a deep emotional pain and ache, stemming from the realization of her mother's old age and mortality."
Why are the young trees described as ‘sprinting’?,,The young trees are described as ‘sprinting’ to contrast the vitality and energy of youth with the poet's feelings of her mother's aging and mortality.
Why has the poet brought in the image of the merry children ‘spilling out of their homes’?,,The image of merry children ‘spilling out of their homes’ is used to highlight the contrast between the liveliness of youth and the poet's somber thoughts about her aging mother.
Why has the mother been compared to the ‘late winter’s moon’?,,"The mother is compared to the ‘late winter’s moon’ to convey her pale, colorless, and frail appearance, emphasizing her old age and the poet's sense of loss."
What do the parting words of the poet and her smile signify?,,"The parting words 'see you soon, Amma' and the poet's smile signify her attempt to mask her inner turmoil and fear with a facade of reassurance and hope."
Where was the poet driving from and to?,,The poet was driving from her parent’s home to Cochin.
What did the poet notice about her mother’s appearance?,,The poet noticed that her mother’s face was ashen like that of a corpse and she looked very old.
What does the single sentence structure of the poem indicate?,,"The single sentence structure of the poem indicates a continuous thread of thought interspersed with observations of the real world, showing how these are connected to the main idea."
What is the significance of the poet’s childhood fear resurfacing?,,The resurfacing of the poet’s childhood fear signifies her deep-seated anxiety and emotional pain upon realizing her mother’s old age and mortality.
How does the poet contrast her mother’s appearance with the surroundings?,,The poet contrasts her mother’s pale and frail appearance with the vibrant and lively images of young trees sprinting and merry children spilling out of their homes.
What is the pen name of Neftali Ricardo Reyes Basoalto?,,Pablo Neruda
In which year did Pablo Neruda win the Nobel Prize for Literature?,,1971
What does the poet suggest we do for one second in the poem?,Now we will count to twelve and we will all keep still.,Not speak in any language and not move our arms so much.
What does the poet hope to achieve by counting up to twelve and keeping still?,,A huge silence might interrupt the sadness of never understanding ourselves and threatening ourselves with death.
Does the poet advocate total inactivity and death in the poem?,,"No, the poet wants no truck with death and does not advocate total inactivity."
What is the ‘sadness’ that the poet refers to in the poem?,,The sadness of never understanding ourselves and threatening ourselves with death.
What symbol from Nature does the poet use to suggest that there can be life under apparent stillness?,,"The Earth, when everything seems dead and later proves to be alive."
What does the phrase 'to have no truck with' mean in the context of the poem?,,"To refuse to associate or deal with, to refuse to tolerate something."
What activity does the poet suggest readers try out to experience the theme of the poem?,,Choose a quiet corner and keep still physically and mentally for about five minutes.
What does the poet observe about the line lengths of the stanzas in the poem?,,The differing line lengths of the stanzas and the shift in thought from stanza to stanza.
Who was John Keats and what was his primary profession?,,"John Keats (1795-1821) was a British Romantic poet. Although trained to be a surgeon, he decided to devote himself wholly to poetry."
What is the main theme of the poem ‘Endymion; A Poetic Romance’?,,"The poem is based on a Greek legend in which Endymion, a beautiful young shepherd and poet, seeks out Cynthia, the Moon Goddess."
What pleasure does a beautiful thing give us according to the poem?,,"A beautiful thing gives us joy forever, its loveliness increases over time, and it provides a quiet refuge and sweet dreams."
What does the line ‘A thing of beauty is a joy forever’ suggest?,,The line suggests that beautiful things have a lasting impact and their loveliness only grows with time.
List some things of beauty mentioned in the poem.,,"Some things of beauty mentioned in the poem include the sun, the moon, trees, daffodils, clear rills, and fair musk-rose blooms."
What are some things that cause suffering and pain as mentioned in the poem?,,"The poem mentions despondence, the inhuman dearth of noble natures, and gloomy days as causes of suffering and pain."
What does the phrase ‘we wreathing a flowery band to bind us to the earth’ imply?,,"It suggests that despite suffering and gloom, beauty and nature keep us connected to and appreciative of the earth."
What makes human beings love life in spite of troubles and sufferings?,,"The presence of beauty in various forms, such as nature and art, makes human beings love life despite troubles and sufferings."
Why is ‘grandeur’ associated with the ‘mighty dead’ in the poem?,,‘Grandeur’ is associated with the ‘mighty dead’ because the tales and memories of their greatness are considered beautiful and inspiring.
Do we experience things of beauty only for short moments or do they make a lasting impression on us?,,"Things of beauty make a lasting impression on us, as indicated by the line ‘A thing of beauty is a joy forever.’"
Which lines in the poem highlight the indifference of city folk towards the roadside stand?,,"""The polished traffic passed with a mind ahead,\nOr if ever aside a moment, then out of sorts\nAt having the landscape marred with the artless paint\nOf signs that with N turned wrong and S turned wrong"""
What is the main plea of the people who have set up the roadside stand?,,"Their plea is for some financial help from the city folk, symbolized by the desire for 'city money to feel in hand.'"
Identify words and phrases that show the poet's view on the double standards of government and social service agencies.,,"""greedy good-doers, beneficent beasts of prey,"" ""enforcing benefits\nThat are calculated to soothe them out of their wits"""
What does the poet refer to as 'childish longing' and why is it described as 'vain'?,,"The 'childish longing' refers to the rural people's hope for city money and a better life, which is 'vain' because it rarely materializes."
Which lines convey the poet's insufferable pain at the thought of the rural poor's plight?,,"""Sometimes I feel myself I can hardly bear\nThe thought of so much childish longing in vain,\nThe sadness that lurks near the open window there,\nThat waits all day in almost open prayer"""
What does the poet suggest about the impact of city money on the rural people's lives?,,"The poet suggests that city money could provide a temporary lift of spirit and a sense of expansion, as indicated by 'to try if it will not make our being expand.'"
How does the poet describe the interaction between the rural sellers and the passing city folk?,,"The poet describes the interactions as mostly negative or indifferent, with city folk either complaining about the stand or using it without purchasing anything."
What is the poet's view on the proposed relocation of rural people to villages near theatres and stores?,,"The poet views it skeptically, suggesting that it might lead to a loss of independence and identity for the rural people."
Identify a line that reflects the poet's empathy towards the rural people's situation.,,"""I can’t help owning the great relief it would be\nTo put these people at one stroke out of their pain."""
What does the poet imply about the balance between rural and urban development in a country?,,"The poet implies that the economic well-being of a country depends on a balanced development of both villages and cities, as indicated by the discussion on balanced development."
What is the title of the poem and who is its author?,,The title of the poem is 'Aunt Jennifer’s Tigers' and its author is Adrienne Rich.
What themes are prominent in Adrienne Rich's work?,,Adrienne Rich's work prominently features themes of resistance to racism and militarism.
What does the title 'Aunt Jennifer’s Tigers' suggest about the poem?,,"The title suggests that the poem will focus on Aunt Jennifer and her creation of tigers, possibly exploring themes of creativity, freedom, and constraint."
How are Aunt Jennifer’s tigers described in the poem?,"Aunt Jennifer’s tigers prance across a screen, Bright topaz denizens of a world of green. They do not fear the men beneath the tree; They pace in sleek chivalric certainty.","Aunt Jennifer’s tigers are described as bright topaz denizens of a world of green, prancing with sleek chivalric certainty, and unafraid of the men beneath the tree."
Why might Aunt Jennifer’s fingers be 'fluttering through her wool' and find the needle hard to pull?,,Aunt Jennifer’s fingers might be fluttering and find the needle hard to pull due to the emotional and physical strain she experiences under the constraints of her married life.
What does the 'massive weight of Uncle’s wedding band' symbolize?,,The 'massive weight of Uncle’s wedding band' symbolizes the heavy burden and oppressive nature of Aunt Jennifer’s marriage.
Of what or whom is Aunt Jennifer terrified in the third stanza?,,Aunt Jennifer is terrified of the ordeals and constraints she is mastered by in her married life.
What is the significance of the word 'ringed' in the poem?,,"The word 'ringed' signifies being surrounded or enclosed by the ordeals of her married life, emphasizing the inescapable nature of her situation."
Why do you think Aunt Jennifer created animals that are so different from her own character?,,"Aunt Jennifer created proud and unafraid tigers, contrasting with her own fearful and constrained character, possibly suggesting her desire for freedom and strength."
What symbols can be interpreted in this poem?,,"Symbols in the poem include the tigers representing freedom and strength, the wedding band representing oppression, and the act of needlework representing Aunt Jennifer’s constrained creativity."
What is the central theme of the short story 'I Sell My Dreams'?,,The central theme of the short story 'I Sell My Dreams' is the power of dreams and prophecy in influencing human lives and decisions.
Who is the protagonist of the story 'I Sell My Dreams'?,,"The protagonist of the story 'I Sell My Dreams' is Frau Frieda, a Colombian woman living in Vienna."
What unusual talent does Frau Frieda possess?,,Frau Frieda possesses the unusual talent of interpreting dreams and using them to predict future events.
How does Frau Frieda earn a living in Vienna?,,Frau Frieda earns a living by interpreting the dreams of a Viennese family and providing them with guidance based on her interpretations.
What significant event in Frau Frieda's past is revealed in the story?,,"A significant event in Frau Frieda's past is when her dream about her brother choking on a piece of caramel came true, establishing her reputation as a dreamer with oracular talents."
What role does the Viennese family play in the story?,,The Viennese family employs Frau Frieda to interpret their dreams and relies on her predictions to guide their daily actions and decisions.
How does the story reflect the cultural and historical context of post-war Vienna?,,"The story reflects the cultural and historical context of post-war Vienna by depicting the city as a place of black marketeering and international espionage, and by showing how people turn to superstition and prophecy in times of uncertainty."
What is the significance of the snake ring with emerald eyes in the story?,,"The snake ring with emerald eyes is a significant symbol in the story, as it connects the protagonist to a mysterious woman from her past and adds an element of intrigue and mystery to the narrative."
How does the author use magical realism in the story 'I Sell My Dreams'?,,"The author uses magical realism by blending the ordinary with the extraordinary, such as the realistic setting of post-war Vienna with the fantastical element of dream interpretation and prophecy."
What is the impact of Frau Frieda's predictions on the Viennese family?,,"Frau Frieda's predictions have a profound impact on the Viennese family, as they come to rely on her guidance to such an extent that her words become the sole authority in the household."
Why did Eveline review all the familiar objects at home?,,Eveline reviewed all the familiar objects at home because she was contemplating leaving her home and wondered if she would ever see those objects again.
Where was Eveline planning to go?,,"Eveline was planning to go to Buenos Aires with Frank, to live with him as his wife."
What was Eveline’s father’s opinion about Frank?,,Eveline’s father did not approve of Frank. He referred to him as a 'sailor chap' and forbade Eveline from having anything to do with him.
What did Eveline think about her life at home?,,"Though Eveline found her life at home hard, she did not find it wholly undesirable as she was about to leave it."
What was Frank’s job and how did he describe his experiences?,,Frank started as a deck boy and had sailed on various ships. He described his adventures and experiences in distant countries like Buenos Aires and through the Straits of Magellan.
What did Eveline do when her father forbade her to see Frank?,,"After her father forbade her to see Frank, Eveline had to meet her lover secretly."
What memories did Eveline have of her father?,,"Eveline remembered her father reading her a ghost story when she was sick, making toast for her, and wearing her mother’s bonnet to make the children laugh during a picnic."
What was Eveline’s concern about leaving her home?,,Eveline was concerned about what people at the Stores would say about her running away with Frank and the respect she would receive in her new home.
What physical sensations did Eveline experience when thinking about her father’s violence?,,Eveline experienced palpitations when she thought about her father’s violence.
What was the nature of the squabbles Eveline had with her father on Saturday nights?,,"The squabbles were about money, with her father accusing her of squandering it and refusing to give her his earnings unless she intended to buy Sunday’s dinner."
Who is Isaac Bashevis Singer?,,"Isaac Bashevis Singer was a writer born in Poland, whose father and grandfather were rabbis. He was educated at the Warsaw Rabbinical Seminary and later emigrated to the US in 1935. He worked as a journalist and columnist for the New York paper, The Jewish Daily Forward, and wrote nearly all his fiction in Yiddish for this journal."
What recognition did Isaac Bashevis Singer receive?,,Isaac Bashevis Singer was awarded the Nobel Prize for literature in 1978.
What are some of Isaac Bashevis Singer's publications?,,"Some of Isaac Bashevis Singer's publications include 'A Friend of Kafka', 'The Seance and Other Stories'."
Why did Dr. Solomon Margolin feel burdened by the wedding?,The wedding had been a burden to Dr Solomon Margolin from the very beginning.,"Dr. Solomon Margolin felt burdened by the wedding because it was the only evening in the week he could spend with Gretl, and his responsibilities to the community often made him give away those evenings."
What roles did Dr. Solomon Margolin hold in the community?,,"Dr. Solomon Margolin was appointed to a committee by the Zionists, was a board member of a Jewish scholastic society, and co-editor of an academic Jewish quarterly."
How did Dr. Margolin view American Judaism?,"Whenever he took Gretl to a wedding or Bar Mitzvah, he was ashamed. Even she, born a Christian, could see that American Judaism was a mess.",Dr. Margolin viewed American Judaism as a distorted and messy version of Jewish laws and customs.
What was Dr. Margolin's opinion on the Senciminer Society functions?,"During the years, he had stopped attending functions of the Senciminer Society; meanwhile the town of Sencimin had been destroyed.","Dr. Margolin had stopped attending functions of the Senciminer Society, especially after the town of Sencimin was destroyed."
What did Dr. Margolin think about his career and personal life?,But secretly Solomon Margolin had always felt that he was a failure.,"Despite his successful career, Dr. Margolin secretly felt like a failure, especially regarding his personal life and relationships."
What was Gretl's background and how did she adapt to life in New York?,"Gretl had been a nurse in the Berlin hospital where he had been a member of the staff. Of her family, one brother, a Nazi, had died of typhus in a Russian prison camp. A second, who was a Communist, had been shot by the Nazis. Her aged father vegetated at the home of his other daughter in Hamburg, and Gretl sent him money regularly. She herself had become almost Jewish in New York. She had made friends with Jewish women, joined Hadassah, learned to cook Jewish dishes. Even her sigh was Jewish. And she lamented continually over the Nazi catastrophe.","Gretl was a nurse in Berlin with a troubled family history involving a Nazi brother and a Communist brother who was shot by the Nazis. In New York, she adapted by making Jewish friends, joining Hadassah, learning to cook Jewish dishes, and lamenting over the Nazi catastrophe."
What physical and emotional toll did Dr. Margolin's life take on him?,"Today of all days he looked his age: there were bags under his eyes, and his face was lined. Exhaustion showed in his features. His nose appeared longer and sharper than usual; there were deep folds at the sides of his mouth.","Dr. Margolin's life took a significant physical and emotional toll on him, as evidenced by his aged appearance, bags under his eyes, lined face, and deep folds at the sides of his mouth, all signs of exhaustion and the weight of his experiences."
What was the nationality of Joseph Conrad's parents?,,Polish
In which year did Joseph Conrad become a British citizen?,,1886
Name one of Joseph Conrad's famous works.,,The Nigger of the Narcissus
What method did Joseph Conrad use to convey the inexplicable inner character of life?,,Story within a story
What was Captain Hagberd's occupation before settling in Colebrook?,,Coasting-skipper
Why did Captain Hagberd settle in Colebrook?,,He was waiting for the return of his son.
"What was the reputation of Josiah Carvil, the retired boat-builder?",,A domestic tyrant
What did Captain Hagberd wear that made him look like a man roughened out of granite?,,No.1 sailcloth
What did the Colebrook barber suggest had driven Captain Hagberd crazy?,,The shock of the disappointment of not finding his son
What was the barber's reaction to Captain Hagberd's craze of waiting for his son?,,He found it amusing and would joke about it.
What is Bi Shu-min's profession and educational background?,,"Bi Shu-min has been serving her country, China, as a doctor for over twenty years. She also has a Master’s degree in literature from the Beijing Teacher’s College."
What is Tao Ying's usual behavior when riding the bus alone?,,"She often does not bother to buy a ticket, especially if the conductor appears casual and careless."
What does Tao Ying do for a living?,,She works as a cook in the canteen of a factory.
Why does Xiao Ye insist on having a ticket for the bus ride?,"‘Mama, tickets!’ Xiao Ye says. Children are often more conscious of rituals than adults. Without a ticket in his hand, the ride doesn’t count as a proper ride.","Because children are often more conscious of rituals than adults, and without a ticket, the ride doesn’t count as a proper ride for him."
What does Tao Ying feel every time she notices the gap on Xiao Ye’s head?,,"She is overwhelmed by a sense of responsibility, realizing that she brought this delicate creature into the world and must be the most perfect mother possible."
How does Tao Ying describe her own sense of self-worth?,,"She likes to be gentle and gracious, to set an example for her son and make a good impression, which elevates her sense of self-worth and makes her feel like an aristocrat."
What does Xiao Ye do when he believes he is tall enough for a ticket?,,"He shouts at the top of his voice, stamping on the floor as if it were a tin drum, and looks up at his mother angrily."
Why does Tao Ying decide to buy two tickets even though Xiao Ye is one centimeter short?,,"Because the need for a ticket has become interwoven with the pride of a small child, and she wants to make her son happy."
What does Tao Ying do with the bus tickets after purchasing them?,,"She hands them over nonchalantly to the conductor and does not claim them back, even though she could have saved money by doing so."
How does Tao Ying ensure that Xiao Ye behaves as if he were the product of a cultured home?,,"She concentrates on setting a perfect example for him to follow, realizing that children are the best imitators and she must never fail in her own example."
What is the main theme of the poem 'A Lecture Upon the Shadow' by John Donne?,,"The main theme of the poem is the transient nature of love and the idea that true love is constant and bright, while false love casts shadows."
How does John Donne describe love in the poem?,,"John Donne describes love as a 'growing, or full constant light' and suggests that its 'first minute, after noone, is night' if it decays."
What do the shadows before noon represent in the poem?,,The shadows before noon represent the disguises and deceptions that accompany immature or hidden love.
What do the shadows after noon symbolize in the poem?,,The shadows after noon symbolize the self-deception and blindness that occur when love begins to decline or fade.
Why does the poet call the poem 'A Lecture Upon the Shadow' instead of 'A Lecture Upon Love'?,,"By calling the poem 'A Lecture Upon the Shadow,' the poet emphasizes the idea of hidden or deceptive aspects of love, inviting the reader to look beyond the surface."
"What is the significance of the use of archaic spellings in the poem, such as 'houres' and 'shadowes'?",,The use of archaic spellings reflects the language of Donne’s period and adds to the poem's historical and literary authenticity.
How does the poet use the image of shadows to convey his message about love?,,"The poet uses the image of shadows to illustrate the idea that love can be obscured by deception and self-deception, and that true love is clear and constant."
What message does the poet wish to convey to his beloved in the poem?,,"The poet wishes to convey the message that true love is constant and bright, and that any form of deception or disguise in love is ultimately self-destructive."
Comment on the use of adjectives in phrases such as 'infant loves' and 'brave clearnesse' in the poem.,,"The adjectives 'infant' and 'brave' enhance the imagery and emotional impact of the phrases, suggesting the innocence and purity of true love ('infant loves') and the strength and clarity of genuine love ('brave clearnesse')."
What is the effect of the poem’s structure and rhythm on the reader?,,"The poem’s structure and rhythm create a cadence and flow that mimic the natural progression of love, from its early stages to its potential decline, engaging the reader in the emotional journey described."
At what age did John Milton begin writing poetry?,,Ten
What languages did Milton read extensively in after his formal education?,,"Latin, Greek, Italian, and English"
What position did Milton hold that led to his blindness?,,Latin Secretary
What major works did Milton write in the final years of his life?,,Paradise Lost and Paradise Regained
What does 'envious Time' refer to in the poem 'On Time'?,,Ancient mythology where Cronos devoured each of his children at birth
What does Milton suggest is the best tribute to Shakespeare?,,The lasting impact of his works on succeeding generations
What is the origin of the word 'entomb’d' according to its etymology?,,"French origin, found in use from 1578"
What period saw the height of French borrowings into English?,,Between 1250 and 1400
What guides human souls towards divinity according to the poem 'On Time'?,,Heav’nly guided soul
What is the final outcome for those who reach divinity according to 'On Time'?,,"They shall sit Triumphing over Death, and Chance, and Time"
What were the professions of William Blake?,,"Poet, painter, and engraver."
What did William Blake abhor?,,The rationalism and materialism of his times.
What are the two sets of volumes by Blake that represent the two contrary states of the human soul?,,Songs of Innocence and Songs of Experience.
Which poem is chosen from Songs of Innocence?,,The Divine Image.
Which poem is taken from Songs of Experience?,,The Human Abstract.
What are the virtues mentioned in 'The Divine Image'?,"To Mercy, Pity, Peace, and Love","Mercy, Pity, Peace, and Love."
What does the human form divine represent in 'The Divine Image'?,,"Love, Mercy, Pity, Peace."
How does 'The Human Abstract' describe the origin of Cruelty?,,Cruelty arises when mutual fear brings peace and selfish loves increase.
What unusual method did Blake use to publish his poetry?,,"He personally manufactured each copy, cutting verses and engravings into copper plates and illuminating the pages in water colors."
What is suggested for further reading to understand Blake's contrasting views?,,Songs of Innocence and Songs of Experience by William Blake.
What event led to the creation of the poem 'Kubla Khan'?,,Coleridge fell asleep after taking medicine and had a dream which inspired the poem.
Why is the poem 'Kubla Khan' considered a fragment?,,"Coleridge was interrupted by a visitor while writing down the poem, causing it to remain incomplete."
What did Kubla Khan decree in Xanadu?,In Xanadu did Kubla Khan A stately pleasure-dome decree:,A stately pleasure-dome.
Which river is mentioned in the poem 'Kubla Khan'?,"Where Alph, the sacred river, ran",Alph
What interrupted Coleridge while he was writing 'Kubla Khan'?,,A chance visitor.
What is the dulcimer described as in the poem?,A damsel with a dulcimer In a vision once I saw:,A string instrument struck with two light hammers.
What does the poem suggest about the nature of poetic inspiration?,,It suggests that poetic inspiration can come from dreams and subconscious thoughts.
What is the significance of the 'ancestral voices prophesying war' in the poem?,Ancestral voices prophesying war!,It represents the discordant note and turmoil that are part of an emperor’s life.
How does Coleridge mix real and imaginary elements in 'Kubla Khan'?,,"He juxtaposes real geographical references with fantastical, dream-like imagery."
What lasting impact does the fragment 'Kubla Khan' have as a literary piece?,,"Its vivid imagery, surreal quality, and the mystery of its unfinished state make it enduring."
What is Emily Dickinson regarded as in American literature?,,One of America’s quintessential poets of the nineteenth century.
How many poems did Emily Dickinson publish in her lifetime?,,Very few.
What characterizes Emily Dickinson's poetry?,,"Unconventional capitalization, extensive use of dashes, unusual imagery, and lyric style."
What does the phrase 'Psalteries of Summer' suggest in the poem?,,It suggests a musical and enchanting quality of summer.
In which lines are creatures attributed with human qualities?,There seemed to rise a Tune From Miniature Creatures Accompanying the Sun,In the lines 'There seemed to rise a Tune From Miniature Creatures Accompanying the Sun'.
What is the significance of the capitalization of pronouns referring to the Sun?,,It emphasizes the Sun's importance and grandeur.
What does the image of the 'Hindered Flags' represent?,Bright Flowers slit a Calyx And soared upon a Stem Like Hindered Flags,It represents the bright flowers that seem to be waving like flags.
How does Emily Dickinson's poetry reflect close observation of natural phenomena?,Bright Flowers slit a Calyx And soared upon a Stem Like Hindered Flags – Sweet hoisted – With Spices – in the Hem,Through detailed and vivid descriptions of natural elements like flowers and the sun.
What is suggested for further reading to explore Emily Dickinson's work?,,The Complete Poems of Emily Dickinson.
"What are 'dulcimer' and 'Psaltery', and how do they differ?",,Both are musical instruments. Look up illustrations in an illustrated dictionary to find out their differences.
Who was W.B. Yeats and what significant contributions did he make to literature?,,"W.B. Yeats was an Irish poet, dramatist, and mystic. He was a driving force behind the Irish Literary Revival and co-founder of the Abbey Theatre. He was awarded the Nobel Prize for Literature in 1923."
What imagery does the poem 'The Wild Swans at Coole' use to describe the setting?,"The trees are in their autumn beauty,  A The woodland paths are dry,   B Under the October twilight the water  C Mirrors a still sky;","The poem uses imagery such as 'trees in their autumn beauty,' 'dry woodland paths,' 'October twilight,' and 'still sky' to describe the setting."
"How many swans are mentioned in the poem, and what significance might their number have?",Upon the brimming water among the stones  D Are nine-and-fifty swans.,"The poem mentions 'nine-and-fifty swans,' which may symbolize consistency and continuity over the years the poet has been observing them."
What emotional response does the poet have when he sees the swans?,"I have looked upon those brilliant creatures, And now my heart is sore.","The poet feels sorrow in his heart when he looks upon the swans, indicating a sense of loss or change over time."
What contrast is presented between the swans and human life in the poem?,"Their hearts have not grown old; Passion or conquest, wander where they will, Attend upon them still. But now they drift on the still water , Mysterious, beautiful;","The contrast is that the swans remain unchanged and full of passion, while human life seems to have grown old and changed."
What elements contribute to the beauty and mystery of the swans’ lives?,"Mysterious, beautiful; Among what rushes will they build, By what lake’s edge or pool Delight men’s eyes when I awake some day To find they have flown away?","The beauty and mystery of the swans’ lives are contributed to by their graceful movements, their choice of secluded nesting places, and the uncertainty of their future locations."
What does the 'light tread' of the swans signify in the poem?,"The bell-beat of their wings above my head, Trod with a lighter tread.","The 'light tread' signifies the graceful and gentle manner in which the swans move, contrasting with the heavier, more burdensome steps of human life."
How does the poet’s heart feel after observing the swans over the years?,And now my heart is sore.,"The poet’s heart feels sore, indicating a sense of melancholy or sadness after observing the unchanged beauty of the swans over the years."
What is suggested for further reading to understand W.B. Yeats’ work better?,Suggested Reading The Green Helmet by W.B. Yeats The Celtic Twilight by W.B. Yeats.,"For further reading, 'The Green Helmet' and 'The Celtic Twilight' by W.B. Yeats are suggested to gain a deeper understanding of his work."
Identify the rhyme scheme for the first stanza of the poem.,"The trees are in their autumn beauty,  A The woodland paths are dry,   B Under the October twilight the water  C Mirrors a still sky;    B Upon the brimming water among the stones  D Are nine-and-fifty swans.  E",The rhyme scheme for the first stanza is ABCBD.
Who is A.K. Ramanujan and what is he known for?,,"A.K. Ramanujan is one of India’s finest English-language poets, best known for his pioneering translations of ancient Tamil poetry into modern English."
What was A.K. Ramanujan's academic position at the time of his death?,,"At the time of his death, A.K. Ramanujan was a professor of linguistics at the University of Chicago."
What recognition did A.K. Ramanujan receive in his field?,,A.K. Ramanujan was recognized as the world’s most profound scholar of South Indian languages and culture.
What influenced A.K. Ramanujan's work as a poet?,,A.K. Ramanujan's interests in anthropology and folklore influenced his work as a craftsman of English.
What does the poem 'Time and Time Again' represent?,,The poem represents the complex distillation of a lifetime of unusual thought and feeling.
What causes the differences in timekeeping between various clocks in the poem?,"each slightly off the others’ time, deeper or lighter in its bronze, beating out a different sequence each half-hour , out of the accidents of alloy, a maker’s shaking hand in Switzerland, or the mutual distances commemorating a donor’s whim","The differences in timekeeping are caused by the accidents of alloy, a maker’s shaking hand in Switzerland, or the mutual distances commemorating a donor’s whim."
Why is the act of nature described as ‘precise’ in the poem?,a precise act Of nature in a night of lightnings,"The act of nature is described as ‘precise’ to emphasize the exact and inevitable impact it has, similar to human actions like riots or time bombs."
Which attitude towards communal disharmony is reflected in the poem?,Which of the following reflects the poet’s attitude towards communal disharmony (i) Critical condemnation (ii) Helpless acceptance (iii) Wistful lament,The poet’s attitude towards communal disharmony is reflected as (ii) Helpless acceptance.
Does the poet’s attitude represent the average Indian's feelings towards human violence and nature’s fury?,Is the poet’s attitude a representation of how the average Indian feels both towards human violence and nature’s fury?,"Yes, the poet’s attitude is suggested to be a representation of how the average Indian feels both towards human violence and nature’s fury."
What are two suggested readings by A.K. Ramanujan?,Suggested Reading The Interior Landscape by A.K. Ramanujan Poems of Love and W ar by A.K. Ramanujan.,Two suggested readings by A.K. Ramanujan are 'The Interior Landscape' and 'Poems of Love and War'.
What makes the depiction of a crumbling village house so authentic in the poem?,,"The authentic depiction of the crumbling village house is achieved through vivid imagery and detailed descriptions of its decay, such as 'The walls are cracked and torn,' 'The tiles have fallen here and there,' and 'The windows whine and groan.'"
Is this a common feature of most village houses in the context of rapid urbanisation?,,"Yes, the decay of village houses is a common feature in the context of rapid urbanisation, as traditional structures are often neglected in favor of modern developments."
Is the poet speaking from actual experience?,,"Yes, the poet appears to be speaking from actual experience, as the detailed and emotional descriptions suggest a personal connection to the house and its decay."
What aspects of Indian society and history get highlighted in the poem?,,"The poem highlights aspects of Indian society and history such as the importance of ancestral homes, the impact of urbanisation, class distinctions, and the contrast between tradition and modernity."
Does the poem bring out the contrast between tradition and modernity? Illustrate your answer with examples from the poem.,,"Yes, the poem brings out the contrast between tradition and modernity through the decaying ancestral home representing tradition and the poet's inability to rebuild it representing modernity. Examples include 'The house was crouching,' and 'I have let you down, Old house.'"
"While the poet respected her grandmother’s sentiments of royal grandeur, we can also see that she revolts against it. Identify the lines which bring this out.",,"The lines that bring out the poet's revolt against her grandmother’s sentiments of royal grandeur include 'I have plucked your soul, Like a pip from a fruit,' and 'And have flung it into your pyre.'"
Which lines reveal the poet’s criticism of class distinctions?,,"The lines that reveal the poet’s criticism of class distinctions include 'A blood thin and clear and fine,' 'While in the veins of the always poor,' and 'And in the veins Of the new-rich men Flowed a blood thick as gruel And muddy as a ditch.'"
Is it ‘selfishness’ and ‘callousness’ that makes the poet break her childhood promise to her grandmother of renovating the house? Why does she do nothing about rebuilding the house?,,"Yes, the poet attributes her inaction to 'selfishness' and 'callousness,' as seen in the lines 'Call me callous, Call me selfish.' She does nothing about rebuilding the house because she has learned 'Most lessons of defeat,' and found out that 'to grow rich Was a difficult feat.'"
What do you understand of the conflict in the poet’s conscience?,,"The conflict in the poet’s conscience is between her love for the ancestral home and her practical understanding of the difficulties in rebuilding it, as well as her critique of the social and class distinctions associated with it."
"Comment on the changes in poetic expression in English from the time of Donne to that of Kamala Das with reference to prosodic features (rhyme, rhythm and metre), vocabulary, language, and themes.",,"From the time of Donne to Kamala Das, poetic expression in English has evolved significantly. Donne's poetry is characterized by complex rhyme schemes, intricate metaphors, and a formal vocabulary, often exploring themes of love and religion. In contrast, Kamala Das's poetry features free verse, simpler language, and a more personal and feminist vocabulary, reflecting themes of identity, womanhood, and social issues."
What is the definition of a perfectly free person according to George Bernard Shaw?,,"A person who can do what he likes, when he likes, and where he likes, or do nothing at all if he prefers it."
Why does Shaw argue that there can never be a perfectly free person?,,"Because we must all sleep for one third of our lifetime, wash and dress, eat and drink, and spend time getting about, which are necessities we cannot shirk."
What does Shaw mean by 'natural slavery' and 'unnatural slavery'?,,"'Natural slavery' refers to the necessary tasks we must perform to survive, like eating and sleeping, which we find pleasant. 'Unnatural slavery' refers to the exploitation of one person by another, which is hateful and cruel."
How does Shaw describe the role of government in relation to freedom?,,"Shaw argues that the object of most actual governments is to enforce slavery under the guise of freedom, regulating it to keep the greed of masters within certain bounds."
What does Shaw say about the difference between the slavery of man to Nature and the slavery of man to man?,,"Nature is kind to her slaves, making necessary tasks pleasant, whereas the slavery of man to man is hateful to the body and spirit, producing continual civil war."
"According to Shaw, what is the purpose of laws like the Factory Acts and Wages Boards?",,"To regulate the slavery enforced by governments, keeping the greed of masters within certain bounds."
What does Shaw suggest is the solution to end the class war between slaves and their masters?,,The abolition of slavery altogether and the compulsion of everyone to do their share of the world’s work with their own hands and brains.
How does Shaw criticize the notion that voting gives people freedom?,,"He argues that voting between two rich friends does not reduce labor hours or make people freer, yet people are fooled into believing it constitutes them as free citizens."
What historical events does Shaw mention as being falsely attributed to the winning of freedom for the people?,,"Magna Charta, the defeat of the Spanish Armada, the beheading of King Charles, the Bill of Rights, the American Declaration of Independence, and the battles of Waterloo and Trafalgar."
Why does Shaw believe that the master class makes desperate efforts to prevent people from realizing their slavery?,,"Because the master class benefits from maintaining the status quo where they can exploit others, and they use parliaments, schools, and newspapers to perpetuate the illusion of freedom."
Who was Virginia Woolf?,,Virginia Woolf was a novelist and essayist.
In what kind of environment did Virginia Woolf grow up?,,She grew up in a literary atmosphere.
What was the origin of the Bloomsbury Group?,,The Bloomsbury Group originated in gatherings of Cambridge University graduates and their friends in Virginia’s home.
What did Virginia Woolf and her husband start?,,They started the Hogarth Press.
What was Virginia Woolf's belief about imaginative literature?,,"She believed that much imaginative literature is false to life because it relates episodes in a straight line, whereas our experiences actually flow together like a stream."
What did Virginia Woolf see that prompted her to write about fleeting impressions?,,She saw a mark on the wall.
What objects did Virginia Woolf remember seeing when she first noticed the mark on the wall?,,"She remembered the fire, the steady film of yellow light upon the page of her book, and the three chrysanthemums in the round glass bowl on the mantelpiece."
What did Virginia Woolf compare life to in her writing?,,"She compared life to being blown through the Tube at fifty miles an hour, landing at the other end without a single hairpin in one’s hair."
What does Virginia Woolf suggest about the nature of thought and humanity?,,"She suggests that thought is inaccurate and humanity is ignorant, highlighting the mystery of life and the inaccuracy of thought."
What does Virginia Woolf wish for in terms of her thinking process?,,"She wishes to think quietly, calmly, and spaciously, without interruptions or obstacles, slipping easily from one thought to another."
What is Ingmar Bergman known for in the world of film-making?,,"Ingmar Bergman is known for his stark, subtle use of black and white, the ambiguity of his film content, and a brooding presence in his works."
Name one of Ingmar Bergman's best-known films.,,One of Ingmar Bergman's best-known films is 'The Seventh Seal' (1957).
Describe the setting during the shooting of 'The Virgin Spring'.,,"During the shooting of 'The Virgin Spring', the setting was in the northern province of Dalarna in May, with a rugged landscape, a little lake in the forest, and cold weather with occasional snowflakes."
What unexpected event occurred during the filming of 'The Virgin Spring'?,,An unexpected event during the filming of 'The Virgin Spring' was the sighting of several cranes floating majestically in a circle above the crew.
How did Ingmar Bergman's childhood experiences influence his involvement with film-making?,,"Ingmar Bergman's childhood experiences, such as listening to the sunshine under the dining-room table and using a magic lantern, influenced his fascination with visual and auditory experiences, which later translated into his film-making."
What connection does Bergman draw between film-making and conjuring?,,Bergman draws a connection between film-making and conjuring by stating that both involve deception of the human eye and the use of apparatus to create emotional responses in the audience.
What does Bergman mean when he says a film begins with 'split second impressions'?,,"Bergman means that a film often starts with vague, fleeting impressions such as a chance remark, a bit of conversation, or a shaft of light, which leave behind a mood and inspire the creation of a film."
What challenges does Bergman face when transforming his initial film ideas into a screenplay?,,"Bergman faces the challenge of transforming rhythms, moods, atmosphere, and other intangible elements into words and sentences in an understandable screenplay, with dialogue being the only element that can be satisfactorily transferred."
How does Bergman describe the process of writing dialogue for his films?,,"Bergman describes written dialogue as a musical score, almost incomprehensible to the average person, requiring a technical knack, imagination, and feeling for proper interpretation, qualities often lacking even among actors."
What does Bergman consider essential in the rhythm of a film?,,"Bergman considers the transformation of rhythms, moods, atmosphere, tensions, sequences, tones, and scents into a coherent screenplay as essential in the rhythm of a film."
What is D.H. Lawrence's view on the relationship between the body and the mind?,,"D.H. Lawrence believes there is no huge difference between the hand and the brain or mind. He argues that every part of the body, including the hand, is alive and integral to one's being."
How does D.H. Lawrence describe the concept of 'man alive'?,,"D.H. Lawrence describes 'man alive' as the complete, living human being, greater than any individual part such as the soul, body, mind, or spirit."
What does D.H. Lawrence criticize about philosophers and scientists?,,"D.H. Lawrence criticizes philosophers for focusing on thoughts and spirits detached from the living body, and scientists for reducing humans to mere parts under a microscope."
Why does D.H. Lawrence consider the novel superior to other forms of literature and knowledge?,,"D.H. Lawrence considers the novel superior because it can make the whole 'man alive' tremble, capturing the essence of life in a way that other forms of literature and knowledge cannot."
What is D.H. Lawrence's opinion on the idea of paradise as described by parsons?,,"D.H. Lawrence dismisses the idea of paradise as described by parsons, arguing that true paradise is found in the alive and tangible experiences of the body, not in an afterlife."
How does D.H. Lawrence view the role of the hand in human experience?,,"D.H. Lawrence views the hand as an incredibly alive and integral part of human experience, capable of touch, learning, and even rudimentary thought."
What does D.H. Lawrence mean by 'tremulations on the ether'?,,"D.H. Lawrence uses 'tremulations on the ether' to describe the intangible messages and ideas communicated through words and thoughts, which can influence but are not alive in the same way as the body."
Why does D.H. Lawrence believe that 'nothing is important but life'?,,"D.H. Lawrence believes that 'nothing is important but life' because life, in its tangible and alive form, is the only true and important aspect of existence."
How does D.H. Lawrence contrast the novel with other forms of literature?,,"D.H. Lawrence contrasts the novel with other forms of literature by asserting that the novel is the 'one bright book of life' that can make the whole 'man alive' tremble, unlike poetry, philosophy, or science."
What is D.H. Lawrence's perspective on the importance of the living body compared to abstract concepts like the spirit or soul?,,"D.H. Lawrence emphasizes that the living body is paramount, and abstract concepts like the spirit or soul are secondary and less important than the tangible, alive experience of the body."
What award did Amartya Sen receive in 1998?,,The Nobel Prize in Economics
What is Amartya Sen's position at Harvard?,,Lamont Professor
What is the sub-title of Amartya Sen's book 'The Argumentative Indian'?,,"Writings on Indian Culture, History and Identity"
Who holds the record for the longest speech ever delivered at the United Nations?,,Krishna Menon
How many times longer is the Mahabharata compared to the combined length of the Iliad and the Odyssey?,,About seven times
What moral position does Krishna emphasize in the Bhagavad Gita?,,Doing one’s duty
What are Arjuna's concerns in the Bhagavad Gita?,,Avoiding bad consequences and generating good ones
Who translated the Bhagavad Gita into English?,,Christopher Isherwood
What did J. Robert Oppenheimer quote from the Bhagavad Gita after witnessing the first nuclear explosion?,,"'I am become death, the destroyer of worlds'"
What does Sen argue should be considered in addition to Krishna’s arguments for doing one’s duty?,,Arjuna’s consequential analysis
Who was Isaac Asimov?,,"Isaac Asimov was a Russian-born American author and biochemist, best known for his works on science fiction and popular science books."
What is Isaac Asimov best known for?,,Isaac Asimov is best known for his works on science fiction and his popular science books.
How did Asimov explain science concepts in his books?,,"Asimov explained science concepts in a historical way, going back to when the science was at its simplest stage."
What magazine did Asimov lend his name to?,,Asimov lent his name to the magazine 'Asimov’s Science Fiction'.
When did true science fiction begin to exist according to the text?,,"True science fiction began to exist as a creature of the last two centuries, particularly after the Industrial Revolution around 1800."
What emotional needs did ancient myths and legends fulfill?,,Ancient myths and legends fulfilled the emotional need for wonder and the depiction of life as we don’t know it.
How did people in prescientific times attempt to control the Universe?,,"In prescientific times, people attempted to control the Universe through magical formulas, enchantments, and prayers to gods and demons."
"What role did priests, magicians, and shamans play in prescientific times?",,"Priests, magicians, and shamans played the role of scientists in prescientific times, perceived as having the secret of controlling the Universe through magical knowledge."
How does science fiction differ from ancient myths in terms of controlling the Universe?,,"Science fiction differs from ancient myths by depicting the Universe as controlled by impersonal and unswervable laws of nature, rather than by gods and demons."
Why shouldn’t we be too narrow in our definitions of literature?,,"We shouldn’t be too narrow in our definitions because a style of literature that has tickled the human fancy for thousands of years, like ancient myths, still holds value and can thrill us, even if it is not in accord with modern reality."
Who is the author of the drama 'Chandalika'?,,Rabindranath Tagore
What award did Rabindranath Tagore receive in 1913?,,Nobel Prize for Literature
What is the central theme of Rabindranath Tagore's plays?,,The unfolding of character and the opening up of the soul to enlightenment.
Who is Ananda in the drama 'Chandalika'?,,Ananda is the famous disciple of the Buddha.
What caste does the chandalika belong to in the drama?,,The lowest untouchable caste.
What does the chandalika offer to Ananda?,,Water
What transformation does the chandalika experience after meeting Ananda?,,She is awakened to a consciousness of her full rights as a woman and rises up as a full human being.
What does the chandalika force her mother to do to Ananda?,,Exercise her art of magic on Ananda.
How is Ananda saved from the magic spell?,,The Buddha hears his prayer and breaks the magic spell.
What is the ultimate redemption of the chandalika in the drama?,,"She is purged of the pride and egoism that made her forget that love does not claim possession, but gives freedom."
Who is Girish Karnad?,,"Girish Karnad is a contemporary writer, playwright, actor, and movie director."
What awards has Girish Karnad received?,,"Girish Karnad is a recipient of the Padma Shri (1974), Padma Bhushan (1992), and the Jnanpith Award (1998)."
In which languages does Girish Karnad write?,,Girish Karnad writes in both Kannada and English.
What themes does Girish Karnad's plays often explore?,,Girish Karnad's plays generally use history and mythology to focus on contemporary issues.
What is Manjula Nayak's profession?,MANJULA: Namaskara. I am Manjula Nayak.,Manjula Nayak is a renowned Kannada short-story writer and a former lecturer in English.
What was Manjula Nayak's first novel written in?,ANNOUNCER: ...by writing a novel. Her first novel. In English! The River Has No Memories.,Manjula Nayak's first novel was written in English.
Why did Manjula Nayak choose to write her novel in English?,MANJULA: ...I wrote the novel in English because it burst out in English. It surprised even me.,"Manjula Nayak wrote her novel in English because it came out naturally in English, surprising even her."
How did Manjula Nayak's British publishers react to her novel?,MANJULA: ‘We like your book because it’s so Indian. We receive any number of manuscripts from India but they are all written with the western reader in view. Your novel has the genuine Indian feel!’,"Manjula Nayak's British publishers liked her book because it had a genuine Indian feel, unlike other manuscripts they received from India."
What accusation did Manjula Nayak face regarding her choice to write in English?,MANJULA: I have been accused of writing for foreign readers. Accused! As though I had committed a crime.,"Manjula Nayak was accused of writing for foreign readers, as though it were a crime."
What did the President of the Central Sahitya Akademi say about Indian writers who write in English?,MANJULA: ...declared that Indians who write in English do so in order to make money.,The President of the Central Sahitya Akademi declared that Indians who write in English do so to make money.
What is the title of the textbook mentioned in the text?,,KALEIDOSCOPE Textbook in English (Elective) for Class XII
Who is the Chief Editor of the textbook?,,Shveta Uppal
What is the ISBN number of the textbook?,,81-7450-663-2
What is the price of the textbook as printed on the page?,,` 145.00
Which organization published the textbook?,,National Council of Educational Research and Training (NCERT)
"What is the main principle recommended by the National Curriculum Framework, 2005?",,Linking children's life at school to their life outside the school
Name one of the contemporary writers included in the fiction section of the textbook.,,Gabriel Garcia Marquez
Which essay by George Bernard Shaw is included in the non-fiction section?,,Freedom
How many poems from the classical tradition are included in the textbook?,,Four
What is the theme of the play 'Chandalika' by Tagore?,,The intense conflict in the mind of a sensitive untouchable girl.
What does the protagonist claim to have discovered at Grand Central Station?,,The protagonist claims to have discovered a third level at Grand Central Station.
How did the psychiatrist explain the protagonist's experience at Grand Central Station?,,The psychiatrist explained it as a 'waking-dream wish fulfillment' due to the protagonist's desire to escape from the modern world's insecurities and fears.
What did the protagonist notice about the people and the environment on the third level?,,"The protagonist noticed that everyone was dressed in 1890s fashion, there were gaslights, brass spittoons, and a small, old-fashioned locomotive."
What was the protagonist's reaction when the ticket clerk rejected his money?,,"The protagonist turned away and left quickly to avoid any trouble, realizing the money he had was old-style currency."
Why did the protagonist buy old-style currency after his experience?,,"The protagonist bought old-style currency in preparation for another visit to the third level, hoping to buy tickets to 1894."
What proof did the protagonist and his wife have that the third level still exists?,,The protagonist and his wife had proof that the third level still exists because their friend Sam Weiner disappeared and they suspected he went to 1894.
What did the protagonist want to do with the tickets to 1894?,,"The protagonist wanted to buy tickets to Galesburg, Illinois in 1894 to experience a peaceful world without the looming threats of future wars."
How did the protagonist's wife react when he told her about the third level?,,"The protagonist's wife, Louisa, was worried and didn't want him to look for the third level anymore."
What is a first-day cover in the context of stamp collecting?,,"A first-day cover is an envelope mailed on the first day a new stamp is issued, using that stamp, with the postmark proving the date."
Why did the protagonist suspect that Sam Weiner went to 1894?,,"The protagonist suspected that Sam Weiner went to 1894 because he had often talked about Galesburg, a place the protagonist described fondly, and Sam suddenly disappeared."
What is the general attitude of human beings towards wild animals as mentioned in the text?,,The text does not explicitly state the general attitude of human beings towards wild animals.
Who is the hero of the story and what is he often called?,,"The hero of the story is the Maharaja of Pratibandapuram, often called the Tiger King."
What did the astrologers predict about the Tiger King's death?,,The astrologers predicted that the Tiger King would die due to a tiger.
What was the Tiger King's reaction to the astrologers' prediction about his death?,,"The Tiger King growled and said, 'Let tigers beware!'"
How did the Tiger King ensure that he would be the only one to hunt tigers in his state?,,The Tiger King banned tiger hunting by anyone except himself and issued a proclamation that anyone harming a tiger would have their wealth and property confiscated.
What challenge did the Tiger King face from a high-ranking British officer?,,"The British officer wanted to hunt tigers in Pratibandapuram, but the Tiger King refused permission."
How did the Tiger King resolve the conflict with the British officer over tiger hunting?,,"The Tiger King sent expensive diamond rings to the British officer's wife, resulting in a bill of three lakh rupees, which he paid to retain his kingdom."
How many tigers did the Tiger King manage to kill within ten years?,,The Tiger King killed seventy tigers within ten years.
What unforeseen hurdle stopped the Tiger King's mission to kill a hundred tigers?,,The tiger population became extinct in the forests of Pratibandapuram.
What did the Tiger King vow to do after killing the hundred tigers?,,The Tiger King vowed he would attend to all other matters only after killing the hundred tigers.
What was the name of the Russian research vessel the author traveled on?,,Akademik Shokalskiy
How many time zones did the author cross on their journey to Antarctica?,,Nine
What was the author's first emotion upon setting foot on the Antarctic continent?,,Relief
What supercontinent existed 650 million years ago centered around present-day Antarctica?,,Gondwana
What program takes high school students to Antarctica for educational opportunities?,,Students on Ice
What microscopic organism is crucial for the Southern Ocean’s food chain?,,Phytoplankton
What threat does the depletion of the ozone layer pose to phytoplankton?,,It will affect their activities and the global carbon cycle
What did the author experience just short of the Antarctic Circle at 65.55 degrees south?,,Walking on the ocean
What animals did the author see stretching and sunning themselves on ice floes?,,Crabeater seals
What is the thickness of the ice pack the author walked on?,,One metre
Who is Dr. Sadao?,,Dr. Sadao Hoki is a famous Japanese surgeon and scientist.
Where is Dr. Sadao's house located?,,"Dr. Sadao's house is built on a spot of the Japanese coast where he often played as a boy, above a narrow beach outlined with bent pines."
Why was Dr. Sadao not sent abroad with the troops?,,"Dr. Sadao was not sent abroad because he was perfecting a discovery to render wounds entirely clean, and there was a possibility that the old General might need an operation."
"How did Dr. Sadao meet his wife, Hana?",,Dr. Sadao met Hana at an American professor’s house where they were both foreign students.
What did Dr. Sadao's father emphasize about Japan's future?,,"Dr. Sadao's father emphasized that Japan's future depends on what they make it, using the islands of the South Seas as a metaphor for stepping stones to the future."
What did Dr. Sadao and Hana see coming out of the mists?,,"Dr. Sadao and Hana saw a man, a white sailor from an American warship, washed ashore and wounded."
What was the immediate reaction of Dr. Sadao and Hana upon seeing the wounded man?,,"Their immediate reaction was to run down to help him, despite the potential danger and repercussions."
What dilemma did Dr. Sadao face upon finding the wounded American sailor?,,"Dr. Sadao faced the dilemma of whether to save the sailor as a doctor or hand him over to the Army as a patriot, knowing that sheltering him could lead to arrest."
What did Dr. Sadao discover about the wounded man's identity?,,"Dr. Sadao discovered that the wounded man was a sailor from the U.S. Navy, indicating he was an escaped prisoner of war."
What was Hana's resolution regarding the wounded American sailor?,,"Hana resolved that they could not put the wounded American sailor back into the sea, despite the risks."
Who is Mr. Lamb?,Mr Lamb: Lamb’s my name.,Mr. Lamb is an elderly man with a tin leg who lives in a garden.
How does Derry get into Mr. Lamb's garden?,"Derry: [Angry] You were watching me.\nMr LaMb: I saw you. But the gate’s open. All welcome. You’re welcome. I sit here. I like sitting.\nDerry: I’d not come to steal anything.\nMr LaMb: No, no. The young lads steal....scrump the apples. You’re not so young.\nDerry: I just....wanted to come in. Into the garden.\nMr LaMb: So you did. Here we are, then.",Derry climbs over the garden wall to enter Mr. Lamb's garden.
What does Mr. Lamb do in his garden?,"Mr LaMb: Later on, when it’s a bit cooler, I’ll get the ladder and a stick, and pull down those crab apples. They’re ripe for it. I make jelly.",Mr. Lamb picks crab apples to make jelly in his garden.
What happened to Derry's face?,Derry: I got acid all down that side of my face and it burned it all away. It ate my face up. It ate me up. And now it’s like this and it won’t ever be any different.,"Derry's face was burned by acid, leaving it severely scarred."
What is Mr. Lamb's opinion on weeds?,"Mr LaMb: Some call them weeds. If you like, then....a weed garden, that. There’s fruit and there are flowers, and trees and herbs. All sorts. But over there....weeds. I grow weeds there. Why is one green, growing plant called a weed and another ‘flower’? Where’s the difference. It’s all life.... growing. Same as you and me.","Mr. Lamb believes that weeds are just another form of life, similar to flowers and other plants."
What is the reason behind Mr. Lamb having a tin leg?,"Mr LaMb: Real one got blown off, years back. Lamey-Lamb, some kids say. Haven’t you heard them? You will. Lamey-Lamb. It fits. Doesn’t trouble me.","Mr. Lamb's real leg was blown off years ago, and he now has a tin leg."
How does Derry feel about his appearance?,"Derry: When I look in the mirror, and see it, I’m afraid of me.",Derry is afraid of his own reflection due to his scarred face.
What does Mr. Lamb mean by 'It’s all relative. Beauty and the beast.'?,Mr LaMb: It’s all relative. Beauty and the beast.\nDerry: What’s that supposed to mean?\nMr LaMb: You tell me.,Mr. Lamb suggests that perceptions of beauty and ugliness are subjective and relative.
What does Derry overhear a woman say about him?,"Derry: .... she said, “Look at that, that’s a terrible thing. That’s a face only a mother could love.”",Derry overhears a woman saying his face is so terrible that only a mother could love it.
How does Mr. Lamb react to Derry's anger and defensiveness?,Mr LaMb: I like to,"Mr. Lamb reacts with understanding and patience, asking questions and engaging Derry in conversation."
What was the first day in the land of apples like for Zitkala-Sa?,,It was a bitter-cold day with snow covering the ground and bare trees.
,,She felt extreme anguish and lost her spirit.
What did Bama experience on her way home from school?,,She experienced and was humiliated by untouchability.
What did Bama see on her way home from school that fascinated her?,,"She saw various street performances, shops, and novelties that fascinated her."
How did Zitkala-Sa react when she overheard the plan to cut her hair?,,She rebelled and tried to hide to avoid having her hair cut.
What cultural significance did long hair have for Zitkala-Sa's people?,,"Long hair was a sign of pride and honor, while short or shingled hair was worn by mourners or cowards."
What did Zitkala-Sa feel when she was stripped of her blanket and forced to wear stiff shoes and a closely clinging dress?,,She felt like sinking to the floor and was uncomfortable with the immodest dress.
What did Bama observe about the social dynamics in her community?,,She observed and experienced the humiliation and discrimination associated with untouchability.
How did Zitkala-Sa feel when she was the only one seated at the table during breakfast?,,"She felt shy and afraid to venture anything more, eventually beginning to cry."
What did Bama's long walks home from school allow her to experience?,,"They allowed her to experience various street performances, shops, and novelties, though they also exposed her to the realities of untouchability."
What is the main objective of the book 'Vistas'?,,"To make extensive reading an enjoyable experience, lead students to appreciate some of the best examples of writing and understand the social milieu they live in."
Which class is the book 'Vistas' designed for?,,Class XII
What is the genre of Jack Finney’s ‘The Third Level’?,,Scientific fantasy
What is the ISBN number of the book 'Vistas'?,,81-7450-723-X12075
Who is the Chief Editor of the book 'Vistas'?,,Bijnan Sutar
What is the price of the book 'Vistas'?,,` 40.00
What is the paper specification on which the book 'Vistas' is printed?,,80 GSM paper with NCERT watermark
What is the name of the publication division of NCERT located in New Delhi?,,NCERT Campus
What is the phone number of the NCERT office in Bengaluru?,,080-26725740
What is the rationale behind the rationalisation of content in the textbooks?,,"To reduce content load on students, provide opportunities for experiential learning, and align with the National Education Policy 2020."
